# Data file for U(x)
# mu = 29.688181576728365
# omB = 12.32
# Columns:
# 1) x
# 2) U(x)
# 
-5.99940000e+03 2.29222737e+05
-5.99789996e+03 2.15623812e+05
-5.99639992e+03 2.06454564e+05
-5.99489989e+03 1.98964849e+05
-5.99339985e+03 1.92427850e+05
-5.99189981e+03 1.86520436e+05
-5.99039977e+03 1.81064744e+05
-5.98889974e+03 1.75950137e+05
-5.98739970e+03 1.71102017e+05
-5.98589966e+03 1.66467089e+05
-5.98439962e+03 1.62005545e+05
-5.98289959e+03 1.57686566e+05
-5.98139955e+03 1.53485560e+05
-5.97989951e+03 1.49382374e+05
-5.97839947e+03 1.45360097e+05
-5.97689944e+03 1.41404213e+05
-5.97539940e+03 1.37501997e+05
-5.97389936e+03 1.33642058e+05
-5.97239932e+03 1.29813987e+05
-5.97089929e+03 1.26008074e+05
-5.96939925e+03 1.22215072e+05
-5.96789921e+03 1.18425986e+05
-5.96639917e+03 1.14631885e+05
-5.96489914e+03 1.10823716e+05
-5.96339910e+03 1.06992109e+05
-5.96189906e+03 1.03127182e+05
-5.96039902e+03 9.92183215e+04
-5.95889899e+03 9.52539605e+04
-5.95739895e+03 9.12213689e+04
-5.95589891e+03 8.71065368e+04
-5.95439887e+03 8.28943362e+04
-5.95289884e+03 7.85694062e+04
-5.95139880e+03 7.41187749e+04
-5.94989876e+03 6.95384873e+04
-5.94839872e+03 6.48492062e+04
-5.94689869e+03 6.01313564e+04
-5.94539865e+03 5.56010076e+04
-5.94389861e+03 5.17631692e+04
-5.94239857e+03 4.96754432e+04
-5.94089854e+03 5.11614361e+04
-5.93939850e+03 5.77201548e+04
-5.93789846e+03 6.62456992e+04
-5.93639842e+03 7.06633903e+04
-5.93489839e+03 6.96193456e+04
-5.93339835e+03 6.48128826e+04
-5.93189831e+03 5.81840543e+04
-5.93039827e+03 5.11373740e+04
-5.92889824e+03 4.45214836e+04
-5.92739820e+03 3.87640854e+04
-5.92589816e+03 3.40104474e+04
-5.92439812e+03 3.02343518e+04
-5.92289809e+03 2.73186832e+04
-5.92139805e+03 2.51097419e+04
-5.91989801e+03 2.34509396e+04
-5.91839797e+03 2.22014115e+04
-5.91689794e+03 2.12443117e+04
-5.91539790e+03 2.04885735e+04
-5.91389786e+03 1.98669401e+04
-5.91239782e+03 1.93322084e+04
-5.91089779e+03 1.88529446e+04
-5.90939775e+03 1.84094087e+04
-5.90789771e+03 1.79900579e+04
-5.90639767e+03 1.75887641e+04
-5.90489764e+03 1.72027320e+04
-5.90339760e+03 1.68310304e+04
-5.90189756e+03 1.64736195e+04
-5.90039752e+03 1.61307520e+04
-5.89889749e+03 1.58026417e+04
-5.89739745e+03 1.54893098e+04
-5.89589741e+03 1.51905422e+04
-5.89439737e+03 1.49059085e+04
-5.89289734e+03 1.46348096e+04
-5.89139730e+03 1.43765340e+04
-5.88989726e+03 1.41303097e+04
-5.88839722e+03 1.38953474e+04
-5.88689719e+03 1.36708727e+04
-5.88539715e+03 1.34561476e+04
-5.88389711e+03 1.32504831e+04
-5.88239707e+03 1.30532453e+04
-5.88089704e+03 1.28638565e+04
-5.87939700e+03 1.26817926e+04
-5.87789696e+03 1.25065797e+04
-5.87639692e+03 1.23377886e+04
-5.87489689e+03 1.21750304e+04
-5.87339685e+03 1.20179512e+04
-5.87189681e+03 1.18662279e+04
-5.87039677e+03 1.17195642e+04
-5.86889674e+03 1.15776876e+04
-5.86739670e+03 1.14403464e+04
-5.86589666e+03 1.13073074e+04
-5.86439662e+03 1.11783539e+04
-5.86289659e+03 1.10532841e+04
-5.86139655e+03 1.09319099e+04
-5.85989651e+03 1.08140553e+04
-5.85839647e+03 1.06995559e+04
-5.85689644e+03 1.05882573e+04
-5.85539640e+03 1.04800148e+04
-5.85389636e+03 1.03746927e+04
-5.85239632e+03 1.02721631e+04
-5.85089629e+03 1.01723061e+04
-5.84939625e+03 1.00750083e+04
-5.84789621e+03 9.98016323e+03
-5.84639617e+03 9.88767022e+03
-5.84489614e+03 9.79743426e+03
-5.84339610e+03 9.70936555e+03
-5.84189606e+03 9.62337916e+03
-5.84039602e+03 9.53939470e+03
-5.83889599e+03 9.45733596e+03
-5.83739595e+03 9.37713071e+03
-5.83589591e+03 9.29871041e+03
-5.83439587e+03 9.22200993e+03
-5.83289584e+03 9.14696742e+03
-5.83139580e+03 9.07352401e+03
-5.82989576e+03 9.00162371e+03
-5.82839572e+03 8.93121319e+03
-5.82689569e+03 8.86224160e+03
-5.82539565e+03 8.79466048e+03
-5.82389561e+03 8.72842359e+03
-5.82239557e+03 8.66348676e+03
-5.82089554e+03 8.59980782e+03
-5.81939550e+03 8.53734644e+03
-5.81789546e+03 8.47606407e+03
-5.81639542e+03 8.41592381e+03
-5.81489539e+03 8.35689032e+03
-5.81339535e+03 8.29892978e+03
-5.81189531e+03 8.24200975e+03
-5.81039527e+03 8.18609913e+03
-5.80889524e+03 8.13116809e+03
-5.80739520e+03 8.07718802e+03
-5.80589516e+03 8.02413140e+03
-5.80439512e+03 7.97197185e+03
-5.80289509e+03 7.92068397e+03
-5.80139505e+03 7.87024338e+03
-5.79989501e+03 7.82062660e+03
-5.79839497e+03 7.77181104e+03
-5.79689494e+03 7.72377497e+03
-5.79539490e+03 7.67649746e+03
-5.79389486e+03 7.62995833e+03
-5.79239482e+03 7.58413815e+03
-5.79089479e+03 7.53901818e+03
-5.78939475e+03 7.49458034e+03
-5.78789471e+03 7.45080720e+03
-5.78639467e+03 7.40768194e+03
-5.78489464e+03 7.36518829e+03
-5.78339460e+03 7.32331059e+03
-5.78189456e+03 7.28203365e+03
-5.78039452e+03 7.24134284e+03
-5.77889449e+03 7.20122400e+03
-5.77739445e+03 7.16166343e+03
-5.77589441e+03 7.12264789e+03
-5.77439437e+03 7.08416455e+03
-5.77289434e+03 7.04620102e+03
-5.77139430e+03 7.00874528e+03
-5.76989426e+03 6.97178571e+03
-5.76839422e+03 6.93531103e+03
-5.76689419e+03 6.89931035e+03
-5.76539415e+03 6.86377306e+03
-5.76389411e+03 6.82868893e+03
-5.76239407e+03 6.79404799e+03
-5.76089404e+03 6.75984061e+03
-5.75939400e+03 6.72605743e+03
-5.75789396e+03 6.69268936e+03
-5.75639392e+03 6.65972758e+03
-5.75489389e+03 6.62716355e+03
-5.75339385e+03 6.59498893e+03
-5.75189381e+03 6.56319567e+03
-5.75039377e+03 6.53177591e+03
-5.74889374e+03 6.50072203e+03
-5.74739370e+03 6.47002662e+03
-5.74589366e+03 6.43968248e+03
-5.74439362e+03 6.40968260e+03
-5.74289359e+03 6.38002016e+03
-5.74139355e+03 6.35068854e+03
-5.73989351e+03 6.32168129e+03
-5.73839347e+03 6.29299213e+03
-5.73689344e+03 6.26461495e+03
-5.73539340e+03 6.23654381e+03
-5.73389336e+03 6.20877290e+03
-5.73239332e+03 6.18129658e+03
-5.73089329e+03 6.15410937e+03
-5.72939325e+03 6.12720590e+03
-5.72789321e+03 6.10058096e+03
-5.72639317e+03 6.07422945e+03
-5.72489314e+03 6.04814642e+03
-5.72339310e+03 6.02232704e+03
-5.72189306e+03 5.99676659e+03
-5.72039302e+03 5.97146047e+03
-5.71889299e+03 5.94640419e+03
-5.71739295e+03 5.92159338e+03
-5.71589291e+03 5.89702376e+03
-5.71439287e+03 5.87269117e+03
-5.71289284e+03 5.84859153e+03
-5.71139280e+03 5.82472088e+03
-5.70989276e+03 5.80107534e+03
-5.70839272e+03 5.77765111e+03
-5.70689269e+03 5.75444449e+03
-5.70539265e+03 5.73145187e+03
-5.70389261e+03 5.70866971e+03
-5.70239257e+03 5.68609458e+03
-5.70089254e+03 5.66372308e+03
-5.69939250e+03 5.64155193e+03
-5.69789246e+03 5.61957789e+03
-5.69639242e+03 5.59779783e+03
-5.69489239e+03 5.57620865e+03
-5.69339235e+03 5.55480734e+03
-5.69189231e+03 5.53359096e+03
-5.69039227e+03 5.51255662e+03
-5.68889224e+03 5.49170149e+03
-5.68739220e+03 5.47102283e+03
-5.68589216e+03 5.45051791e+03
-5.68439212e+03 5.43018411e+03
-5.68289209e+03 5.41001883e+03
-5.68139205e+03 5.39001953e+03
-5.67989201e+03 5.37018374e+03
-5.67839197e+03 5.35050902e+03
-5.67689194e+03 5.33099300e+03
-5.67539190e+03 5.31163334e+03
-5.67389186e+03 5.29242776e+03
-5.67239182e+03 5.27337402e+03
-5.67089179e+03 5.25446994e+03
-5.66939175e+03 5.23571336e+03
-5.66789171e+03 5.21710217e+03
-5.66639167e+03 5.19863432e+03
-5.66489164e+03 5.18030779e+03
-5.66339160e+03 5.16212058e+03
-5.66189156e+03 5.14407076e+03
-5.66039152e+03 5.12615642e+03
-5.65889149e+03 5.10837569e+03
-5.65739145e+03 5.09072674e+03
-5.65589141e+03 5.07320777e+03
-5.65439137e+03 5.05581701e+03
-5.65289134e+03 5.03855274e+03
-5.65139130e+03 5.02141326e+03
-5.64989126e+03 5.00439689e+03
-5.64839122e+03 4.98750202e+03
-5.64689119e+03 4.97072703e+03
-5.64539115e+03 4.95407034e+03
-5.64389111e+03 4.93753042e+03
-5.64239107e+03 4.92110574e+03
-5.64089104e+03 4.90479481e+03
-5.63939100e+03 4.88859617e+03
-5.63789096e+03 4.87250839e+03
-5.63639092e+03 4.85653005e+03
-5.63489089e+03 4.84065977e+03
-5.63339085e+03 4.82489618e+03
-5.63189081e+03 4.80923796e+03
-5.63039077e+03 4.79368378e+03
-5.62889074e+03 4.77823235e+03
-5.62739070e+03 4.76288241e+03
-5.62589066e+03 4.74763271e+03
-5.62439062e+03 4.73248203e+03
-5.62289059e+03 4.71742916e+03
-5.62139055e+03 4.70247292e+03
-5.61989051e+03 4.68761215e+03
-5.61839047e+03 4.67284569e+03
-5.61689044e+03 4.65817244e+03
-5.61539040e+03 4.64359129e+03
-5.61389036e+03 4.62910114e+03
-5.61239032e+03 4.61470093e+03
-5.61089029e+03 4.60038961e+03
-5.60939025e+03 4.58616615e+03
-5.60789021e+03 4.57202952e+03
-5.60639017e+03 4.55797874e+03
-5.60489014e+03 4.54401280e+03
-5.60339010e+03 4.53013076e+03
-5.60189006e+03 4.51633165e+03
-5.60039002e+03 4.50261454e+03
-5.59888999e+03 4.48897850e+03
-5.59738995e+03 4.47542264e+03
-5.59588991e+03 4.46194605e+03
-5.59438987e+03 4.44854785e+03
-5.59288984e+03 4.43522719e+03
-5.59138980e+03 4.42198321e+03
-5.58988976e+03 4.40881508e+03
-5.58838972e+03 4.39572196e+03
-5.58688969e+03 4.38270304e+03
-5.58538965e+03 4.36975753e+03
-5.58388961e+03 4.35688464e+03
-5.58238957e+03 4.34408359e+03
-5.58088954e+03 4.33135361e+03
-5.57938950e+03 4.31869396e+03
-5.57788946e+03 4.30610389e+03
-5.57638942e+03 4.29358268e+03
-5.57488939e+03 4.28112960e+03
-5.57338935e+03 4.26874395e+03
-5.57188931e+03 4.25642502e+03
-5.57038927e+03 4.24417214e+03
-5.56888924e+03 4.23198462e+03
-5.56738920e+03 4.21986179e+03
-5.56588916e+03 4.20780300e+03
-5.56438912e+03 4.19580760e+03
-5.56288909e+03 4.18387494e+03
-5.56138905e+03 4.17200441e+03
-5.55988901e+03 4.16019538e+03
-5.55838897e+03 4.14844723e+03
-5.55688894e+03 4.13675937e+03
-5.55538890e+03 4.12513119e+03
-5.55388886e+03 4.11356212e+03
-5.55238882e+03 4.10205158e+03
-5.55088879e+03 4.09059899e+03
-5.54938875e+03 4.07920379e+03
-5.54788871e+03 4.06786543e+03
-5.54638867e+03 4.05658336e+03
-5.54488864e+03 4.04535704e+03
-5.54338860e+03 4.03418595e+03
-5.54188856e+03 4.02306955e+03
-5.54038852e+03 4.01200733e+03
-5.53888849e+03 4.00099878e+03
-5.53738845e+03 3.99004340e+03
-5.53588841e+03 3.97914069e+03
-5.53438837e+03 3.96829016e+03
-5.53288834e+03 3.95749133e+03
-5.53138830e+03 3.94674371e+03
-5.52988826e+03 3.93604684e+03
-5.52838822e+03 3.92540026e+03
-5.52688819e+03 3.91480351e+03
-5.52538815e+03 3.90425613e+03
-5.52388811e+03 3.89375768e+03
-5.52238807e+03 3.88330772e+03
-5.52088804e+03 3.87290582e+03
-5.51938800e+03 3.86255153e+03
-5.51788796e+03 3.85224445e+03
-5.51638792e+03 3.84198415e+03
-5.51488789e+03 3.83177022e+03
-5.51338785e+03 3.82160226e+03
-5.51188781e+03 3.81147985e+03
-5.51038777e+03 3.80140261e+03
-5.50888774e+03 3.79137014e+03
-5.50738770e+03 3.78138205e+03
-5.50588766e+03 3.77143797e+03
-5.50438762e+03 3.76153751e+03
-5.50288759e+03 3.75168030e+03
-5.50138755e+03 3.74186597e+03
-5.49988751e+03 3.73209416e+03
-5.49838747e+03 3.72236451e+03
-5.49688744e+03 3.71267667e+03
-5.49538740e+03 3.70303028e+03
-5.49388736e+03 3.69342500e+03
-5.49238732e+03 3.68386048e+03
-5.49088729e+03 3.67433639e+03
-5.48938725e+03 3.66485240e+03
-5.48788721e+03 3.65540817e+03
-5.48638717e+03 3.64600339e+03
-5.48488714e+03 3.63663771e+03
-5.48338710e+03 3.62731084e+03
-5.48188706e+03 3.61802245e+03
-5.48038702e+03 3.60877224e+03
-5.47888699e+03 3.59955989e+03
-5.47738695e+03 3.59038511e+03
-5.47588691e+03 3.58124759e+03
-5.47438687e+03 3.57214704e+03
-5.47288684e+03 3.56308316e+03
-5.47138680e+03 3.55405567e+03
-5.46988676e+03 3.54506427e+03
-5.46838672e+03 3.53610870e+03
-5.46688669e+03 3.52718865e+03
-5.46538665e+03 3.51830387e+03
-5.46388661e+03 3.50945408e+03
-5.46238657e+03 3.50063901e+03
-5.46088654e+03 3.49185838e+03
-5.45938650e+03 3.48311194e+03
-5.45788646e+03 3.47439943e+03
-5.45638642e+03 3.46572058e+03
-5.45488639e+03 3.45707514e+03
-5.45338635e+03 3.44846286e+03
-5.45188631e+03 3.43988350e+03
-5.45038627e+03 3.43133679e+03
-5.44888624e+03 3.42282250e+03
-5.44738620e+03 3.41434040e+03
-5.44588616e+03 3.40589022e+03
-5.44438612e+03 3.39747176e+03
-5.44288609e+03 3.38908476e+03
-5.44138605e+03 3.38072900e+03
-5.43988601e+03 3.37240424e+03
-5.43838597e+03 3.36411028e+03
-5.43688594e+03 3.35584687e+03
-5.43538590e+03 3.34761380e+03
-5.43388586e+03 3.33941085e+03
-5.43238582e+03 3.33123780e+03
-5.43088579e+03 3.32309444e+03
-5.42938575e+03 3.31498056e+03
-5.42788571e+03 3.30689594e+03
-5.42638567e+03 3.29884039e+03
-5.42488564e+03 3.29081369e+03
-5.42338560e+03 3.28281564e+03
-5.42188556e+03 3.27484605e+03
-5.42038552e+03 3.26690470e+03
-5.41888549e+03 3.25899141e+03
-5.41738545e+03 3.25110598e+03
-5.41588541e+03 3.24324822e+03
-5.41438537e+03 3.23541793e+03
-5.41288534e+03 3.22761493e+03
-5.41138530e+03 3.21983904e+03
-5.40988526e+03 3.21209005e+03
-5.40838522e+03 3.20436780e+03
-5.40688519e+03 3.19667211e+03
-5.40538515e+03 3.18900278e+03
-5.40388511e+03 3.18135965e+03
-5.40238507e+03 3.17374254e+03
-5.40088504e+03 3.16615127e+03
-5.39938500e+03 3.15858567e+03
-5.39788496e+03 3.15104558e+03
-5.39638492e+03 3.14353082e+03
-5.39488489e+03 3.13604122e+03
-5.39338485e+03 3.12857663e+03
-5.39188481e+03 3.12113687e+03
-5.39038477e+03 3.11372179e+03
-5.38888474e+03 3.10633121e+03
-5.38738470e+03 3.09896500e+03
-5.38588466e+03 3.09162298e+03
-5.38438462e+03 3.08430499e+03
-5.38288459e+03 3.07701090e+03
-5.38138455e+03 3.06974054e+03
-5.37988451e+03 3.06249376e+03
-5.37838447e+03 3.05527041e+03
-5.37688444e+03 3.04807034e+03
-5.37538440e+03 3.04089341e+03
-5.37388436e+03 3.03373947e+03
-5.37238432e+03 3.02660837e+03
-5.37088429e+03 3.01949998e+03
-5.36938425e+03 3.01241414e+03
-5.36788421e+03 3.00535073e+03
-5.36638417e+03 2.99830959e+03
-5.36488414e+03 2.99129060e+03
-5.36338410e+03 2.98429361e+03
-5.36188406e+03 2.97731850e+03
-5.36038402e+03 2.97036512e+03
-5.35888399e+03 2.96343335e+03
-5.35738395e+03 2.95652305e+03
-5.35588391e+03 2.94963410e+03
-5.35438387e+03 2.94276636e+03
-5.35288384e+03 2.93591970e+03
-5.35138380e+03 2.92909401e+03
-5.34988376e+03 2.92228914e+03
-5.34838372e+03 2.91550499e+03
-5.34688369e+03 2.90874142e+03
-5.34538365e+03 2.90199832e+03
-5.34388361e+03 2.89527556e+03
-5.34238357e+03 2.88857302e+03
-5.34088354e+03 2.88189059e+03
-5.33938350e+03 2.87522815e+03
-5.33788346e+03 2.86858557e+03
-5.33638342e+03 2.86196275e+03
-5.33488339e+03 2.85535956e+03
-5.33338335e+03 2.84877591e+03
-5.33188331e+03 2.84221166e+03
-5.33038327e+03 2.83566672e+03
-5.32888324e+03 2.82914097e+03
-5.32738320e+03 2.82263429e+03
-5.32588316e+03 2.81614660e+03
-5.32438312e+03 2.80967776e+03
-5.32288309e+03 2.80322768e+03
-5.32138305e+03 2.79679626e+03
-5.31988301e+03 2.79038338e+03
-5.31838297e+03 2.78398894e+03
-5.31688294e+03 2.77761285e+03
-5.31538290e+03 2.77125499e+03
-5.31388286e+03 2.76491526e+03
-5.31238282e+03 2.75859357e+03
-5.31088279e+03 2.75228982e+03
-5.30938275e+03 2.74600391e+03
-5.30788271e+03 2.73973573e+03
-5.30638267e+03 2.73348519e+03
-5.30488264e+03 2.72725220e+03
-5.30338260e+03 2.72103666e+03
-5.30188256e+03 2.71483847e+03
-5.30038252e+03 2.70865755e+03
-5.29888249e+03 2.70249379e+03
-5.29738245e+03 2.69634711e+03
-5.29588241e+03 2.69021741e+03
-5.29438237e+03 2.68410461e+03
-5.29288234e+03 2.67800860e+03
-5.29138230e+03 2.67192931e+03
-5.28988226e+03 2.66586665e+03
-5.28838222e+03 2.65982053e+03
-5.28688219e+03 2.65379085e+03
-5.28538215e+03 2.64777754e+03
-5.28388211e+03 2.64178050e+03
-5.28238207e+03 2.63579966e+03
-5.28088204e+03 2.62983493e+03
-5.27938200e+03 2.62388622e+03
-5.27788196e+03 2.61795346e+03
-5.27638192e+03 2.61203655e+03
-5.27488189e+03 2.60613542e+03
-5.27338185e+03 2.60024999e+03
-5.27188181e+03 2.59438018e+03
-5.27038177e+03 2.58852590e+03
-5.26888174e+03 2.58268708e+03
-5.26738170e+03 2.57686364e+03
-5.26588166e+03 2.57105551e+03
-5.26438162e+03 2.56526259e+03
-5.26288159e+03 2.55948483e+03
-5.26138155e+03 2.55372214e+03
-5.25988151e+03 2.54797444e+03
-5.25838147e+03 2.54224167e+03
-5.25688144e+03 2.53652375e+03
-5.25538140e+03 2.53082059e+03
-5.25388136e+03 2.52513215e+03
-5.25238132e+03 2.51945833e+03
-5.25088129e+03 2.51379906e+03
-5.24938125e+03 2.50815428e+03
-5.24788121e+03 2.50252392e+03
-5.24638117e+03 2.49690790e+03
-5.24488114e+03 2.49130616e+03
-5.24338110e+03 2.48571862e+03
-5.24188106e+03 2.48014522e+03
-5.24038102e+03 2.47458589e+03
-5.23888099e+03 2.46904056e+03
-5.23738095e+03 2.46350917e+03
-5.23588091e+03 2.45799164e+03
-5.23438087e+03 2.45248792e+03
-5.23288084e+03 2.44699793e+03
-5.23138080e+03 2.44152161e+03
-5.22988076e+03 2.43605890e+03
-5.22838072e+03 2.43060973e+03
-5.22688069e+03 2.42517404e+03
-5.22538065e+03 2.41975177e+03
-5.22388061e+03 2.41434285e+03
-5.22238057e+03 2.40894722e+03
-5.22088054e+03 2.40356482e+03
-5.21938050e+03 2.39819558e+03
-5.21788046e+03 2.39283946e+03
-5.21638042e+03 2.38749638e+03
-5.21488039e+03 2.38216629e+03
-5.21338035e+03 2.37684913e+03
-5.21188031e+03 2.37154483e+03
-5.21038027e+03 2.36625335e+03
-5.20888024e+03 2.36097461e+03
-5.20738020e+03 2.35570857e+03
-5.20588016e+03 2.35045517e+03
-5.20438012e+03 2.34521435e+03
-5.20288009e+03 2.33998604e+03
-5.20138005e+03 2.33477021e+03
-5.19988001e+03 2.32956679e+03
-5.19837997e+03 2.32437572e+03
-5.19687993e+03 2.31919696e+03
-5.19537990e+03 2.31403044e+03
-5.19387986e+03 2.30887611e+03
-5.19237982e+03 2.30373393e+03
-5.19087978e+03 2.29860382e+03
-5.18937975e+03 2.29348575e+03
-5.18787971e+03 2.28837967e+03
-5.18637967e+03 2.28328550e+03
-5.18487963e+03 2.27820322e+03
-5.18337960e+03 2.27313276e+03
-5.18187956e+03 2.26807407e+03
-5.18037952e+03 2.26302710e+03
-5.17887948e+03 2.25799181e+03
-5.17737945e+03 2.25296814e+03
-5.17587941e+03 2.24795604e+03
-5.17437937e+03 2.24295546e+03
-5.17287933e+03 2.23796636e+03
-5.17137930e+03 2.23298868e+03
-5.16987926e+03 2.22802238e+03
-5.16837922e+03 2.22306740e+03
-5.16687918e+03 2.21812371e+03
-5.16537915e+03 2.21319126e+03
-5.16387911e+03 2.20826999e+03
-5.16237907e+03 2.20335986e+03
-5.16087903e+03 2.19846082e+03
-5.15937900e+03 2.19357283e+03
-5.15787896e+03 2.18869584e+03
-5.15637892e+03 2.18382981e+03
-5.15487888e+03 2.17897470e+03
-5.15337885e+03 2.17413044e+03
-5.15187881e+03 2.16929701e+03
-5.15037877e+03 2.16447436e+03
-5.14887873e+03 2.15966244e+03
-5.14737870e+03 2.15486121e+03
-5.14587866e+03 2.15007063e+03
-5.14437862e+03 2.14529065e+03
-5.14287858e+03 2.14052124e+03
-5.14137855e+03 2.13576234e+03
-5.13987851e+03 2.13101392e+03
-5.13837847e+03 2.12627593e+03
-5.13687843e+03 2.12154833e+03
-5.13537840e+03 2.11683109e+03
-5.13387836e+03 2.11212416e+03
-5.13237832e+03 2.10742749e+03
-5.13087828e+03 2.10274106e+03
-5.12937825e+03 2.09806481e+03
-5.12787821e+03 2.09339872e+03
-5.12637817e+03 2.08874273e+03
-5.12487813e+03 2.08409681e+03
-5.12337810e+03 2.07946092e+03
-5.12187806e+03 2.07483503e+03
-5.12037802e+03 2.07021908e+03
-5.11887798e+03 2.06561305e+03
-5.11737795e+03 2.06101690e+03
-5.11587791e+03 2.05643058e+03
-5.11437787e+03 2.05185406e+03
-5.11287783e+03 2.04728731e+03
-5.11137780e+03 2.04273028e+03
-5.10987776e+03 2.03818294e+03
-5.10837772e+03 2.03364525e+03
-5.10687768e+03 2.02911717e+03
-5.10537765e+03 2.02459868e+03
-5.10387761e+03 2.02008972e+03
-5.10237757e+03 2.01559028e+03
-5.10087753e+03 2.01110030e+03
-5.09937750e+03 2.00661976e+03
-5.09787746e+03 2.00214862e+03
-5.09637742e+03 1.99768685e+03
-5.09487738e+03 1.99323440e+03
-5.09337735e+03 1.98879126e+03
-5.09187731e+03 1.98435737e+03
-5.09037727e+03 1.97993271e+03
-5.08887723e+03 1.97551725e+03
-5.08737720e+03 1.97111095e+03
-5.08587716e+03 1.96671377e+03
-5.08437712e+03 1.96232569e+03
-5.08287708e+03 1.95794666e+03
-5.08137705e+03 1.95357667e+03
-5.07987701e+03 1.94921567e+03
-5.07837697e+03 1.94486363e+03
-5.07687693e+03 1.94052052e+03
-5.07537690e+03 1.93618631e+03
-5.07387686e+03 1.93186097e+03
-5.07237682e+03 1.92754446e+03
-5.07087678e+03 1.92323676e+03
-5.06937675e+03 1.91893782e+03
-5.06787671e+03 1.91464763e+03
-5.06637667e+03 1.91036615e+03
-5.06487663e+03 1.90609335e+03
-5.06337660e+03 1.90182919e+03
-5.06187656e+03 1.89757366e+03
-5.06037652e+03 1.89332671e+03
-5.05887648e+03 1.88908832e+03
-5.05737645e+03 1.88485846e+03
-5.05587641e+03 1.88063710e+03
-5.05437637e+03 1.87642421e+03
-5.05287633e+03 1.87221976e+03
-5.05137630e+03 1.86802372e+03
-5.04987626e+03 1.86383606e+03
-5.04837622e+03 1.85965676e+03
-5.04687618e+03 1.85548578e+03
-5.04537615e+03 1.85132309e+03
-5.04387611e+03 1.84716868e+03
-5.04237607e+03 1.84302251e+03
-5.04087603e+03 1.83888455e+03
-5.03937600e+03 1.83475477e+03
-5.03787596e+03 1.83063315e+03
-5.03637592e+03 1.82651966e+03
-5.03487588e+03 1.82241427e+03
-5.03337585e+03 1.81831696e+03
-5.03187581e+03 1.81422770e+03
-5.03037577e+03 1.81014646e+03
-5.02887573e+03 1.80607321e+03
-5.02737570e+03 1.80200793e+03
-5.02587566e+03 1.79795060e+03
-5.02437562e+03 1.79390118e+03
-5.02287558e+03 1.78985965e+03
-5.02137555e+03 1.78582598e+03
-5.01987551e+03 1.78180016e+03
-5.01837547e+03 1.77778214e+03
-5.01687543e+03 1.77377192e+03
-5.01537540e+03 1.76976945e+03
-5.01387536e+03 1.76577473e+03
-5.01237532e+03 1.76178771e+03
-5.01087528e+03 1.75780839e+03
-5.00937525e+03 1.75383673e+03
-5.00787521e+03 1.74987270e+03
-5.00637517e+03 1.74591629e+03
-5.00487513e+03 1.74196747e+03
-5.00337510e+03 1.73802621e+03
-5.00187506e+03 1.73409249e+03
-5.00037502e+03 1.73016630e+03
-4.99887498e+03 1.72624759e+03
-4.99737495e+03 1.72233636e+03
-4.99587491e+03 1.71843257e+03
-4.99437487e+03 1.71453621e+03
-4.99287483e+03 1.71064725e+03
-4.99137480e+03 1.70676566e+03
-4.98987476e+03 1.70289143e+03
-4.98837472e+03 1.69902453e+03
-4.98687468e+03 1.69516493e+03
-4.98537465e+03 1.69131263e+03
-4.98387461e+03 1.68746759e+03
-4.98237457e+03 1.68362978e+03
-4.98087453e+03 1.67979920e+03
-4.97937450e+03 1.67597582e+03
-4.97787446e+03 1.67215961e+03
-4.97637442e+03 1.66835055e+03
-4.97487438e+03 1.66454863e+03
-4.97337435e+03 1.66075381e+03
-4.97187431e+03 1.65696609e+03
-4.97037427e+03 1.65318543e+03
-4.96887423e+03 1.64941182e+03
-4.96737420e+03 1.64564523e+03
-4.96587416e+03 1.64188565e+03
-4.96437412e+03 1.63813304e+03
-4.96287408e+03 1.63438741e+03
-4.96137405e+03 1.63064871e+03
-4.95987401e+03 1.62691693e+03
-4.95837397e+03 1.62319206e+03
-4.95687393e+03 1.61947406e+03
-4.95537390e+03 1.61576293e+03
-4.95387386e+03 1.61205863e+03
-4.95237382e+03 1.60836116e+03
-4.95087378e+03 1.60467048e+03
-4.94937375e+03 1.60098658e+03
-4.94787371e+03 1.59730945e+03
-4.94637367e+03 1.59363906e+03
-4.94487363e+03 1.58997538e+03
-4.94337360e+03 1.58631841e+03
-4.94187356e+03 1.58266813e+03
-4.94037352e+03 1.57902450e+03
-4.93887348e+03 1.57538752e+03
-4.93737345e+03 1.57175717e+03
-4.93587341e+03 1.56813342e+03
-4.93437337e+03 1.56451627e+03
-4.93287333e+03 1.56090568e+03
-4.93137330e+03 1.55730164e+03
-4.92987326e+03 1.55370413e+03
-4.92837322e+03 1.55011314e+03
-4.92687318e+03 1.54652865e+03
-4.92537315e+03 1.54295063e+03
-4.92387311e+03 1.53937907e+03
-4.92237307e+03 1.53581395e+03
-4.92087303e+03 1.53225526e+03
-4.91937300e+03 1.52870297e+03
-4.91787296e+03 1.52515707e+03
-4.91637292e+03 1.52161754e+03
-4.91487288e+03 1.51808436e+03
-4.91337285e+03 1.51455752e+03
-4.91187281e+03 1.51103700e+03
-4.91037277e+03 1.50752278e+03
-4.90887273e+03 1.50401484e+03
-4.90737270e+03 1.50051317e+03
-4.90587266e+03 1.49701775e+03
-4.90437262e+03 1.49352856e+03
-4.90287258e+03 1.49004559e+03
-4.90137255e+03 1.48656881e+03
-4.89987251e+03 1.48309822e+03
-4.89837247e+03 1.47963380e+03
-4.89687243e+03 1.47617552e+03
-4.89537240e+03 1.47272338e+03
-4.89387236e+03 1.46927735e+03
-4.89237232e+03 1.46583743e+03
-4.89087228e+03 1.46240359e+03
-4.88937225e+03 1.45897582e+03
-4.88787221e+03 1.45555410e+03
-4.88637217e+03 1.45213842e+03
-4.88487213e+03 1.44872876e+03
-4.88337210e+03 1.44532510e+03
-4.88187206e+03 1.44192743e+03
-4.88037202e+03 1.43853574e+03
-4.87887198e+03 1.43515001e+03
-4.87737195e+03 1.43177021e+03
-4.87587191e+03 1.42839635e+03
-4.87437187e+03 1.42502840e+03
-4.87287183e+03 1.42166634e+03
-4.87137180e+03 1.41831017e+03
-4.86987176e+03 1.41495987e+03
-4.86837172e+03 1.41161541e+03
-4.86687168e+03 1.40827680e+03
-4.86537165e+03 1.40494400e+03
-4.86387161e+03 1.40161702e+03
-4.86237157e+03 1.39829582e+03
-4.86087153e+03 1.39498041e+03
-4.85937150e+03 1.39167076e+03
-4.85787146e+03 1.38836686e+03
-4.85637142e+03 1.38506869e+03
-4.85487138e+03 1.38177624e+03
-4.85337135e+03 1.37848951e+03
-4.85187131e+03 1.37520846e+03
-4.85037127e+03 1.37193309e+03
-4.84887123e+03 1.36866339e+03
-4.84737120e+03 1.36539933e+03
-4.84587116e+03 1.36214091e+03
-4.84437112e+03 1.35888812e+03
-4.84287108e+03 1.35564093e+03
-4.84137105e+03 1.35239934e+03
-4.83987101e+03 1.34916333e+03
-4.83837097e+03 1.34593289e+03
-4.83687093e+03 1.34270800e+03
-4.83537090e+03 1.33948865e+03
-4.83387086e+03 1.33627483e+03
-4.83237082e+03 1.33306653e+03
-4.83087078e+03 1.32986372e+03
-4.82937075e+03 1.32666641e+03
-4.82787071e+03 1.32347457e+03
-4.82637067e+03 1.32028819e+03
-4.82487063e+03 1.31710726e+03
-4.82337060e+03 1.31393177e+03
-4.82187056e+03 1.31076169e+03
-4.82037052e+03 1.30759703e+03
-4.81887048e+03 1.30443777e+03
-4.81737045e+03 1.30128389e+03
-4.81587041e+03 1.29813539e+03
-4.81437037e+03 1.29499224e+03
-4.81287033e+03 1.29185444e+03
-4.81137030e+03 1.28872198e+03
-4.80987026e+03 1.28559484e+03
-4.80837022e+03 1.28247301e+03
-4.80687018e+03 1.27935647e+03
-4.80537015e+03 1.27624523e+03
-4.80387011e+03 1.27313925e+03
-4.80237007e+03 1.27003854e+03
-4.80087003e+03 1.26694308e+03
-4.79937000e+03 1.26385286e+03
-4.79786996e+03 1.26076786e+03
-4.79636992e+03 1.25768807e+03
-4.79486988e+03 1.25461349e+03
-4.79336985e+03 1.25154410e+03
-4.79186981e+03 1.24847988e+03
-4.79036977e+03 1.24542084e+03
-4.78886973e+03 1.24236695e+03
-4.78736970e+03 1.23931820e+03
-4.78586966e+03 1.23627459e+03
-4.78436962e+03 1.23323609e+03
-4.78286958e+03 1.23020271e+03
-4.78136955e+03 1.22717442e+03
-4.77986951e+03 1.22415123e+03
-4.77836947e+03 1.22113311e+03
-4.77686943e+03 1.21812005e+03
-4.77536940e+03 1.21511205e+03
-4.77386936e+03 1.21210909e+03
-4.77236932e+03 1.20911116e+03
-4.77086928e+03 1.20611825e+03
-4.76936925e+03 1.20313035e+03
-4.76786921e+03 1.20014746e+03
-4.76636917e+03 1.19716955e+03
-4.76486913e+03 1.19419662e+03
-4.76336910e+03 1.19122865e+03
-4.76186906e+03 1.18826564e+03
-4.76036902e+03 1.18530758e+03
-4.75886898e+03 1.18235445e+03
-4.75736895e+03 1.17940625e+03
-4.75586891e+03 1.17646296e+03
-4.75436887e+03 1.17352458e+03
-4.75286883e+03 1.17059109e+03
-4.75136880e+03 1.16766248e+03
-4.74986876e+03 1.16473875e+03
-4.74836872e+03 1.16181988e+03
-4.74686868e+03 1.15890586e+03
-4.74536865e+03 1.15599668e+03
-4.74386861e+03 1.15309234e+03
-4.74236857e+03 1.15019282e+03
-4.74086853e+03 1.14729811e+03
-4.73936850e+03 1.14440821e+03
-4.73786846e+03 1.14152310e+03
-4.73636842e+03 1.13864277e+03
-4.73486838e+03 1.13576721e+03
-4.73336835e+03 1.13289642e+03
-4.73186831e+03 1.13003038e+03
-4.73036827e+03 1.12716909e+03
-4.72886823e+03 1.12431253e+03
-4.72736820e+03 1.12146069e+03
-4.72586816e+03 1.11861357e+03
-4.72436812e+03 1.11577116e+03
-4.72286808e+03 1.11293345e+03
-4.72136805e+03 1.11010042e+03
-4.71986801e+03 1.10727207e+03
-4.71836797e+03 1.10444838e+03
-4.71686793e+03 1.10162936e+03
-4.71536790e+03 1.09881499e+03
-4.71386786e+03 1.09600525e+03
-4.71236782e+03 1.09320015e+03
-4.71086778e+03 1.09039968e+03
-4.70936775e+03 1.08760381e+03
-4.70786771e+03 1.08481255e+03
-4.70636767e+03 1.08202589e+03
-4.70486763e+03 1.07924381e+03
-4.70336760e+03 1.07646632e+03
-4.70186756e+03 1.07369339e+03
-4.70036752e+03 1.07092502e+03
-4.69886748e+03 1.06816120e+03
-4.69736745e+03 1.06540192e+03
-4.69586741e+03 1.06264718e+03
-4.69436737e+03 1.05989697e+03
-4.69286733e+03 1.05715127e+03
-4.69136730e+03 1.05441008e+03
-4.68986726e+03 1.05167339e+03
-4.68836722e+03 1.04894119e+03
-4.68686718e+03 1.04621347e+03
-4.68536715e+03 1.04349023e+03
-4.68386711e+03 1.04077145e+03
-4.68236707e+03 1.03805713e+03
-4.68086703e+03 1.03534726e+03
-4.67936700e+03 1.03264183e+03
-4.67786696e+03 1.02994084e+03
-4.67636692e+03 1.02724427e+03
-4.67486688e+03 1.02455211e+03
-4.67336685e+03 1.02186437e+03
-4.67186681e+03 1.01918102e+03
-4.67036677e+03 1.01650207e+03
-4.66886673e+03 1.01382750e+03
-4.66736670e+03 1.01115730e+03
-4.66586666e+03 1.00849148e+03
-4.66436662e+03 1.00583002e+03
-4.66286658e+03 1.00317290e+03
-4.66136655e+03 1.00052014e+03
-4.65986651e+03 9.97871706e+02
-4.65836647e+03 9.95227605e+02
-4.65686643e+03 9.92587826e+02
-4.65536640e+03 9.89952360e+02
-4.65386636e+03 9.87321200e+02
-4.65236632e+03 9.84694339e+02
-4.65086628e+03 9.82071768e+02
-4.64936625e+03 9.79453481e+02
-4.64786621e+03 9.76839470e+02
-4.64636617e+03 9.74229727e+02
-4.64486613e+03 9.71624244e+02
-4.64336610e+03 9.69023016e+02
-4.64186606e+03 9.66426033e+02
-4.64036602e+03 9.63833289e+02
-4.63886598e+03 9.61244776e+02
-4.63736595e+03 9.58660488e+02
-4.63586591e+03 9.56080416e+02
-4.63436587e+03 9.53504554e+02
-4.63286583e+03 9.50932894e+02
-4.63136580e+03 9.48365429e+02
-4.62986576e+03 9.45802153e+02
-4.62836572e+03 9.43243057e+02
-4.62686568e+03 9.40688136e+02
-4.62536565e+03 9.38137381e+02
-4.62386561e+03 9.35590787e+02
-4.62236557e+03 9.33048345e+02
-4.62086553e+03 9.30510049e+02
-4.61936550e+03 9.27975893e+02
-4.61786546e+03 9.25445868e+02
-4.61636542e+03 9.22919969e+02
-4.61486538e+03 9.20398189e+02
-4.61336535e+03 9.17880520e+02
-4.61186531e+03 9.15366956e+02
-4.61036527e+03 9.12857491e+02
-4.60886523e+03 9.10352117e+02
-4.60736520e+03 9.07850828e+02
-4.60586516e+03 9.05353617e+02
-4.60436512e+03 9.02860479e+02
-4.60286508e+03 9.00371405e+02
-4.60136505e+03 8.97886389e+02
-4.59986501e+03 8.95405426e+02
-4.59836497e+03 8.92928508e+02
-4.59686493e+03 8.90455630e+02
-4.59536490e+03 8.87986784e+02
-4.59386486e+03 8.85521964e+02
-4.59236482e+03 8.83061164e+02
-4.59086478e+03 8.80604378e+02
-4.58936475e+03 8.78151599e+02
-4.58786471e+03 8.75702821e+02
-4.58636467e+03 8.73258038e+02
-4.58486463e+03 8.70817243e+02
-4.58336460e+03 8.68380430e+02
-4.58186456e+03 8.65947593e+02
-4.58036452e+03 8.63518726e+02
-4.57886448e+03 8.61093823e+02
-4.57736445e+03 8.58672878e+02
-4.57586441e+03 8.56255884e+02
-4.57436437e+03 8.53842836e+02
-4.57286433e+03 8.51433728e+02
-4.57136430e+03 8.49028553e+02
-4.56986426e+03 8.46627305e+02
-4.56836422e+03 8.44229980e+02
-4.56686418e+03 8.41836570e+02
-4.56536415e+03 8.39447070e+02
-4.56386411e+03 8.37061474e+02
-4.56236407e+03 8.34679777e+02
-4.56086403e+03 8.32301972e+02
-4.55936400e+03 8.29928053e+02
-4.55786396e+03 8.27558016e+02
-4.55636392e+03 8.25191854e+02
-4.55486388e+03 8.22829561e+02
-4.55336385e+03 8.20471132e+02
-4.55186381e+03 8.18116561e+02
-4.55036377e+03 8.15765843e+02
-4.54886373e+03 8.13418972e+02
-4.54736370e+03 8.11075942e+02
-4.54586366e+03 8.08736749e+02
-4.54436362e+03 8.06401385e+02
-4.54286358e+03 8.04069847e+02
-4.54136355e+03 8.01742127e+02
-4.53986351e+03 7.99418222e+02
-4.53836347e+03 7.97098126e+02
-4.53686343e+03 7.94781832e+02
-4.53536340e+03 7.92469337e+02
-4.53386336e+03 7.90160634e+02
-4.53236332e+03 7.87855717e+02
-4.53086328e+03 7.85554583e+02
-4.52936325e+03 7.83257226e+02
-4.52786321e+03 7.80963640e+02
-4.52636317e+03 7.78673819e+02
-4.52486313e+03 7.76387760e+02
-4.52336310e+03 7.74105457e+02
-4.52186306e+03 7.71826904e+02
-4.52036302e+03 7.69552096e+02
-4.51886298e+03 7.67281029e+02
-4.51736295e+03 7.65013697e+02
-4.51586291e+03 7.62750096e+02
-4.51436287e+03 7.60490220e+02
-4.51286283e+03 7.58234064e+02
-4.51136280e+03 7.55981623e+02
-4.50986276e+03 7.53732892e+02
-4.50836272e+03 7.51487867e+02
-4.50686268e+03 7.49246542e+02
-4.50536265e+03 7.47008912e+02
-4.50386261e+03 7.44774974e+02
-4.50236257e+03 7.42544720e+02
-4.50086253e+03 7.40318148e+02
-4.49936250e+03 7.38095252e+02
-4.49786246e+03 7.35876028e+02
-4.49636242e+03 7.33660470e+02
-4.49486238e+03 7.31448574e+02
-4.49336235e+03 7.29240335e+02
-4.49186231e+03 7.27035749e+02
-4.49036227e+03 7.24834811e+02
-4.48886223e+03 7.22637515e+02
-4.48736220e+03 7.20443859e+02
-4.48586216e+03 7.18253836e+02
-4.48436212e+03 7.16067442e+02
-4.48286208e+03 7.13884674e+02
-4.48136205e+03 7.11705525e+02
-4.47986201e+03 7.09529993e+02
-4.47836197e+03 7.07358072e+02
-4.47686193e+03 7.05189757e+02
-4.47536190e+03 7.03025045e+02
-4.47386186e+03 7.00863931e+02
-4.47236182e+03 6.98706411e+02
-4.47086178e+03 6.96552479e+02
-4.46936175e+03 6.94402132e+02
-4.46786171e+03 6.92255366e+02
-4.46636167e+03 6.90112176e+02
-4.46486163e+03 6.87972558e+02
-4.46336160e+03 6.85836507e+02
-4.46186156e+03 6.83704019e+02
-4.46036152e+03 6.81575091e+02
-4.45886148e+03 6.79449717e+02
-4.45736145e+03 6.77327894e+02
-4.45586141e+03 6.75209617e+02
-4.45436137e+03 6.73094883e+02
-4.45286133e+03 6.70983687e+02
-4.45136130e+03 6.68876025e+02
-4.44986126e+03 6.66771893e+02
-4.44836122e+03 6.64671286e+02
-4.44686118e+03 6.62574202e+02
-4.44536115e+03 6.60480635e+02
-4.44386111e+03 6.58390582e+02
-4.44236107e+03 6.56304039e+02
-4.44086103e+03 6.54221002e+02
-4.43936100e+03 6.52141466e+02
-4.43786096e+03 6.50065429e+02
-4.43636092e+03 6.47992885e+02
-4.43486088e+03 6.45923832e+02
-4.43336085e+03 6.43858264e+02
-4.43186081e+03 6.41796180e+02
-4.43036077e+03 6.39737574e+02
-4.42886073e+03 6.37682442e+02
-4.42736070e+03 6.35630782e+02
-4.42586066e+03 6.33582588e+02
-4.42436062e+03 6.31537858e+02
-4.42286058e+03 6.29496588e+02
-4.42136055e+03 6.27458774e+02
-4.41986051e+03 6.25424412e+02
-4.41836047e+03 6.23393499e+02
-4.41686043e+03 6.21366030e+02
-4.41536040e+03 6.19342003e+02
-4.41386036e+03 6.17321414e+02
-4.41236032e+03 6.15304258e+02
-4.41086028e+03 6.13290533e+02
-4.40936025e+03 6.11280236e+02
-4.40786021e+03 6.09273361e+02
-4.40636017e+03 6.07269906e+02
-4.40486013e+03 6.05269868e+02
-4.40336010e+03 6.03273243e+02
-4.40186006e+03 6.01280027e+02
-4.40036002e+03 5.99290217e+02
-4.39885998e+03 5.97303809e+02
-4.39735994e+03 5.95320801e+02
-4.39585991e+03 5.93341188e+02
-4.39435987e+03 5.91364968e+02
-4.39285983e+03 5.89392137e+02
-4.39135979e+03 5.87422691e+02
-4.38985976e+03 5.85456628e+02
-4.38835972e+03 5.83493944e+02
-4.38685968e+03 5.81534635e+02
-4.38535964e+03 5.79578699e+02
-4.38385961e+03 5.77626133e+02
-4.38235957e+03 5.75676932e+02
-4.38085953e+03 5.73731094e+02
-4.37935949e+03 5.71788616e+02
-4.37785946e+03 5.69849495e+02
-4.37635942e+03 5.67913726e+02
-4.37485938e+03 5.65981308e+02
-4.37335934e+03 5.64052237e+02
-4.37185931e+03 5.62126510e+02
-4.37035927e+03 5.60204124e+02
-4.36885923e+03 5.58285075e+02
-4.36735919e+03 5.56369362e+02
-4.36585916e+03 5.54456980e+02
-4.36435912e+03 5.52547926e+02
-4.36285908e+03 5.50642199e+02
-4.36135904e+03 5.48739795e+02
-4.35985901e+03 5.46840710e+02
-4.35835897e+03 5.44944942e+02
-4.35685893e+03 5.43052488e+02
-4.35535889e+03 5.41163345e+02
-4.35385886e+03 5.39277510e+02
-4.35235882e+03 5.37394981e+02
-4.35085878e+03 5.35515754e+02
-4.34935874e+03 5.33639827e+02
-4.34785871e+03 5.31767197e+02
-4.34635867e+03 5.29897861e+02
-4.34485863e+03 5.28031816e+02
-4.34335859e+03 5.26169059e+02
-4.34185856e+03 5.24309588e+02
-4.34035852e+03 5.22453401e+02
-4.33885848e+03 5.20600494e+02
-4.33735844e+03 5.18750864e+02
-4.33585841e+03 5.16904509e+02
-4.33435837e+03 5.15061427e+02
-4.33285833e+03 5.13221614e+02
-4.33135829e+03 5.11385069e+02
-4.32985826e+03 5.09551788e+02
-4.32835822e+03 5.07721768e+02
-4.32685818e+03 5.05895008e+02
-4.32535814e+03 5.04071505e+02
-4.32385811e+03 5.02251256e+02
-4.32235807e+03 5.00434259e+02
-4.32085803e+03 4.98620511e+02
-4.31935799e+03 4.96810010e+02
-4.31785796e+03 4.95002753e+02
-4.31635792e+03 4.93198739e+02
-4.31485788e+03 4.91397963e+02
-4.31335784e+03 4.89600424e+02
-4.31185781e+03 4.87806120e+02
-4.31035777e+03 4.86015049e+02
-4.30885773e+03 4.84227207e+02
-4.30735769e+03 4.82442593e+02
-4.30585766e+03 4.80661203e+02
-4.30435762e+03 4.78883037e+02
-4.30285758e+03 4.77108092e+02
-4.30135754e+03 4.75336365e+02
-4.29985751e+03 4.73567854e+02
-4.29835747e+03 4.71802556e+02
-4.29685743e+03 4.70040471e+02
-4.29535739e+03 4.68281595e+02
-4.29385736e+03 4.66525926e+02
-4.29235732e+03 4.64773462e+02
-4.29085728e+03 4.63024202e+02
-4.28935724e+03 4.61278142e+02
-4.28785721e+03 4.59535280e+02
-4.28635717e+03 4.57795616e+02
-4.28485713e+03 4.56059145e+02
-4.28335709e+03 4.54325868e+02
-4.28185706e+03 4.52595780e+02
-4.28035702e+03 4.50868881e+02
-4.27885698e+03 4.49145169e+02
-4.27735694e+03 4.47424640e+02
-4.27585691e+03 4.45707294e+02
-4.27435687e+03 4.43993128e+02
-4.27285683e+03 4.42282141e+02
-4.27135679e+03 4.40574331e+02
-4.26985676e+03 4.38869695e+02
-4.26835672e+03 4.37168232e+02
-4.26685668e+03 4.35469939e+02
-4.26535664e+03 4.33774816e+02
-4.26385661e+03 4.32082860e+02
-4.26235657e+03 4.30394069e+02
-4.26085653e+03 4.28708442e+02
-4.25935649e+03 4.27025976e+02
-4.25785646e+03 4.25346671e+02
-4.25635642e+03 4.23670523e+02
-4.25485638e+03 4.21997532e+02
-4.25335634e+03 4.20327696e+02
-4.25185631e+03 4.18661013e+02
-4.25035627e+03 4.16997481e+02
-4.24885623e+03 4.15337099e+02
-4.24735619e+03 4.13679865e+02
-4.24585616e+03 4.12025777e+02
-4.24435612e+03 4.10374835e+02
-4.24285608e+03 4.08727035e+02
-4.24135604e+03 4.07082377e+02
-4.23985601e+03 4.05440859e+02
-4.23835597e+03 4.03802479e+02
-4.23685593e+03 4.02167237e+02
-4.23535589e+03 4.00535129e+02
-4.23385586e+03 3.98906156e+02
-4.23235582e+03 3.97280316e+02
-4.23085578e+03 3.95657606e+02
-4.22935574e+03 3.94038026e+02
-4.22785571e+03 3.92421574e+02
-4.22635567e+03 3.90808249e+02
-4.22485563e+03 3.89198049e+02
-4.22335559e+03 3.87590973e+02
-4.22185556e+03 3.85987020e+02
-4.22035552e+03 3.84386188e+02
-4.21885548e+03 3.82788476e+02
-4.21735544e+03 3.81193883e+02
-4.21585541e+03 3.79602407e+02
-4.21435537e+03 3.78014048e+02
-4.21285533e+03 3.76428803e+02
-4.21135529e+03 3.74846672e+02
-4.20985526e+03 3.73267653e+02
-4.20835522e+03 3.71691745e+02
-4.20685518e+03 3.70118948e+02
-4.20535514e+03 3.68549260e+02
-4.20385511e+03 3.66982679e+02
-4.20235507e+03 3.65419205e+02
-4.20085503e+03 3.63858836e+02
-4.19935499e+03 3.62301572e+02
-4.19785496e+03 3.60747412e+02
-4.19635492e+03 3.59196353e+02
-4.19485488e+03 3.57648396e+02
-4.19335484e+03 3.56103540e+02
-4.19185481e+03 3.54561782e+02
-4.19035477e+03 3.53023123e+02
-4.18885473e+03 3.51487562e+02
-4.18735469e+03 3.49955097e+02
-4.18585466e+03 3.48425727e+02
-4.18435462e+03 3.46899452e+02
-4.18285458e+03 3.45376271e+02
-4.18135454e+03 3.43856182e+02
-4.17985451e+03 3.42339186e+02
-4.17835447e+03 3.40825281e+02
-4.17685443e+03 3.39314466e+02
-4.17535439e+03 3.37806741e+02
-4.17385436e+03 3.36302105e+02
-4.17235432e+03 3.34800557e+02
-4.17085428e+03 3.33302096e+02
-4.16935424e+03 3.31806721e+02
-4.16785421e+03 3.30314433e+02
-4.16635417e+03 3.28825230e+02
-4.16485413e+03 3.27339112e+02
-4.16335409e+03 3.25856077e+02
-4.16185406e+03 3.24376126e+02
-4.16035402e+03 3.22899258e+02
-4.15885398e+03 3.21425472e+02
-4.15735394e+03 3.19954768e+02
-4.15585391e+03 3.18487144e+02
-4.15435387e+03 3.17022601e+02
-4.15285383e+03 3.15561139e+02
-4.15135379e+03 3.14102756e+02
-4.14985376e+03 3.12647452e+02
-4.14835372e+03 3.11195227e+02
-4.14685368e+03 3.09746080e+02
-4.14535364e+03 3.08300011e+02
-4.14385361e+03 3.06857019e+02
-4.14235357e+03 3.05417105e+02
-4.14085353e+03 3.03980267e+02
-4.13935349e+03 3.02546506e+02
-4.13785346e+03 3.01115821e+02
-4.13635342e+03 2.99688212e+02
-4.13485338e+03 2.98263678e+02
-4.13335334e+03 2.96842220e+02
-4.13185331e+03 2.95423838e+02
-4.13035327e+03 2.94008530e+02
-4.12885323e+03 2.92596297e+02
-4.12735319e+03 2.91187139e+02
-4.12585316e+03 2.89781056e+02
-4.12435312e+03 2.88378047e+02
-4.12285308e+03 2.86978112e+02
-4.12135304e+03 2.85581251e+02
-4.11985301e+03 2.84187465e+02
-4.11835297e+03 2.82796753e+02
-4.11685293e+03 2.81409115e+02
-4.11535289e+03 2.80024552e+02
-4.11385286e+03 2.78643063e+02
-4.11235282e+03 2.77264648e+02
-4.11085278e+03 2.75889308e+02
-4.10935274e+03 2.74517042e+02
-4.10785271e+03 2.73147851e+02
-4.10635267e+03 2.71781735e+02
-4.10485263e+03 2.70418694e+02
-4.10335259e+03 2.69058728e+02
-4.10185256e+03 2.67701838e+02
-4.10035252e+03 2.66348023e+02
-4.09885248e+03 2.64997284e+02
-4.09735244e+03 2.63649621e+02
-4.09585241e+03 2.62305036e+02
-4.09435237e+03 2.60963527e+02
-4.09285233e+03 2.59625095e+02
-4.09135229e+03 2.58289741e+02
-4.08985226e+03 2.56957465e+02
-4.08835222e+03 2.55628267e+02
-4.08685218e+03 2.54302149e+02
-4.08535214e+03 2.52979110e+02
-4.08385211e+03 2.51659151e+02
-4.08235207e+03 2.50342273e+02
-4.08085203e+03 2.49028475e+02
-4.07935199e+03 2.47717760e+02
-4.07785196e+03 2.46410126e+02
-4.07635192e+03 2.45105575e+02
-4.07485188e+03 2.43804108e+02
-4.07335184e+03 2.42505726e+02
-4.07185181e+03 2.41210428e+02
-4.07035177e+03 2.39918216e+02
-4.06885173e+03 2.38629090e+02
-4.06735169e+03 2.37343051e+02
-4.06585166e+03 2.36060101e+02
-4.06435162e+03 2.34780239e+02
-4.06285158e+03 2.33503468e+02
-4.06135154e+03 2.32229787e+02
-4.05985151e+03 2.30959197e+02
-4.05835147e+03 2.29691700e+02
-4.05685143e+03 2.28427296e+02
-4.05535139e+03 2.27165987e+02
-4.05385136e+03 2.25907774e+02
-4.05235132e+03 2.24652657e+02
-4.05085128e+03 2.23400637e+02
-4.04935124e+03 2.22151717e+02
-4.04785121e+03 2.20905897e+02
-4.04635117e+03 2.19663177e+02
-4.04485113e+03 2.18423560e+02
-4.04335109e+03 2.17187047e+02
-4.04185106e+03 2.15953638e+02
-4.04035102e+03 2.14723335e+02
-4.03885098e+03 2.13496140e+02
-4.03735094e+03 2.12272054e+02
-4.03585091e+03 2.11051077e+02
-4.03435087e+03 2.09833213e+02
-4.03285083e+03 2.08618461e+02
-4.03135079e+03 2.07406825e+02
-4.02985076e+03 2.06198304e+02
-4.02835072e+03 2.04992900e+02
-4.02685068e+03 2.03790616e+02
-4.02535064e+03 2.02591452e+02
-4.02385061e+03 2.01395411e+02
-4.02235057e+03 2.00202494e+02
-4.02085053e+03 1.99012702e+02
-4.01935049e+03 1.97826038e+02
-4.01785046e+03 1.96642503e+02
-4.01635042e+03 1.95462100e+02
-4.01485038e+03 1.94284829e+02
-4.01335034e+03 1.93110693e+02
-4.01185031e+03 1.91939693e+02
-4.01035027e+03 1.90771833e+02
-4.00885023e+03 1.89607112e+02
-4.00735019e+03 1.88445535e+02
-4.00585016e+03 1.87287102e+02
-4.00435012e+03 1.86131815e+02
-4.00285008e+03 1.84979678e+02
-4.00135004e+03 1.83830692e+02
-3.99985001e+03 1.82684858e+02
-3.99834997e+03 1.81542181e+02
-3.99684993e+03 1.80402661e+02
-3.99534989e+03 1.79266301e+02
-3.99384986e+03 1.78133103e+02
-3.99234982e+03 1.77003070e+02
-3.99084978e+03 1.75876204e+02
-3.98934974e+03 1.74752508e+02
-3.98784971e+03 1.73631985e+02
-3.98634967e+03 1.72514635e+02
-3.98484963e+03 1.71400464e+02
-3.98334959e+03 1.70289472e+02
-3.98184956e+03 1.69181662e+02
-3.98034952e+03 1.68077038e+02
-3.97884948e+03 1.66975603e+02
-3.97734944e+03 1.65877358e+02
-3.97584941e+03 1.64782307e+02
-3.97434937e+03 1.63690453e+02
-3.97284933e+03 1.62601798e+02
-3.97134929e+03 1.61516346e+02
-3.96984926e+03 1.60434099e+02
-3.96834922e+03 1.59355061e+02
-3.96684918e+03 1.58279235e+02
-3.96534914e+03 1.57206624e+02
-3.96384911e+03 1.56137231e+02
-3.96234907e+03 1.55071060e+02
-3.96084903e+03 1.54008113e+02
-3.95934899e+03 1.52948395e+02
-3.95784896e+03 1.51891908e+02
-3.95634892e+03 1.50838656e+02
-3.95484888e+03 1.49788643e+02
-3.95334884e+03 1.48741872e+02
-3.95184881e+03 1.47698347e+02
-3.95034877e+03 1.46658071e+02
-3.94884873e+03 1.45621049e+02
-3.94734869e+03 1.44587283e+02
-3.94584866e+03 1.43556778e+02
-3.94434862e+03 1.42529538e+02
-3.94284858e+03 1.41505567e+02
-3.94134854e+03 1.40484868e+02
-3.93984851e+03 1.39467446e+02
-3.93834847e+03 1.38453305e+02
-3.93684843e+03 1.37442450e+02
-3.93534839e+03 1.36434883e+02
-3.93384836e+03 1.35430610e+02
-3.93234832e+03 1.34429635e+02
-3.93084828e+03 1.33431963e+02
-3.92934824e+03 1.32437598e+02
-3.92784821e+03 1.31446544e+02
-3.92634817e+03 1.30458807e+02
-3.92484813e+03 1.29474390e+02
-3.92334809e+03 1.28493299e+02
-3.92184806e+03 1.27515538e+02
-3.92034802e+03 1.26541113e+02
-3.91884798e+03 1.25570028e+02
-3.91734794e+03 1.24602289e+02
-3.91584791e+03 1.23637900e+02
-3.91434787e+03 1.22676867e+02
-3.91284783e+03 1.21719195e+02
-3.91134779e+03 1.20764889e+02
-3.90984776e+03 1.19813955e+02
-3.90834772e+03 1.18866399e+02
-3.90684768e+03 1.17922225e+02
-3.90534764e+03 1.16981440e+02
-3.90384761e+03 1.16044049e+02
-3.90234757e+03 1.15110058e+02
-3.90084753e+03 1.14179473e+02
-3.89934749e+03 1.13252300e+02
-3.89784746e+03 1.12328545e+02
-3.89634742e+03 1.11408214e+02
-3.89484738e+03 1.10491314e+02
-3.89334734e+03 1.09577851e+02
-3.89184731e+03 1.08667831e+02
-3.89034727e+03 1.07761261e+02
-3.88884723e+03 1.06858147e+02
-3.88734719e+03 1.05958497e+02
-3.88584716e+03 1.05062316e+02
-3.88434712e+03 1.04169613e+02
-3.88284708e+03 1.03280394e+02
-3.88134704e+03 1.02394665e+02
-3.87984701e+03 1.01512435e+02
-3.87834697e+03 1.00633711e+02
-3.87684693e+03 9.97584998e+01
-3.87534689e+03 9.88868096e+01
-3.87384686e+03 9.80186479e+01
-3.87234682e+03 9.71540223e+01
-3.87084678e+03 9.62929410e+01
-3.86934674e+03 9.54354120e+01
-3.86784671e+03 9.45814433e+01
-3.86634667e+03 9.37310433e+01
-3.86484663e+03 9.28842207e+01
-3.86334659e+03 9.20409835e+01
-3.86184656e+03 9.12013406e+01
-3.86034652e+03 9.03653011e+01
-3.85884648e+03 8.95328736e+01
-3.85734644e+03 8.87040674e+01
-3.85584641e+03 8.78788916e+01
-3.85434637e+03 8.70573558e+01
-3.85284633e+03 8.62394694e+01
-3.85134629e+03 8.54252420e+01
-3.84984626e+03 8.46146835e+01
-3.84834622e+03 8.38078038e+01
-3.84684618e+03 8.30046135e+01
-3.84534614e+03 8.22051226e+01
-3.84384611e+03 8.14093418e+01
-3.84234607e+03 8.06172815e+01
-3.84084603e+03 7.98289529e+01
-3.83934599e+03 7.90443665e+01
-3.83784596e+03 7.82635340e+01
-3.83634592e+03 7.74864667e+01
-3.83484588e+03 7.67131762e+01
-3.83334584e+03 7.59436742e+01
-3.83184581e+03 7.51779728e+01
-3.83034577e+03 7.44160843e+01
-3.82884573e+03 7.36580210e+01
-3.82734569e+03 7.29037958e+01
-3.82584566e+03 7.21534214e+01
-3.82434562e+03 7.14069107e+01
-3.82284558e+03 7.06642773e+01
-3.82134554e+03 6.99255346e+01
-3.81984551e+03 6.91906966e+01
-3.81834547e+03 6.84597775e+01
-3.81684543e+03 6.77327912e+01
-3.81534539e+03 6.70097528e+01
-3.81384536e+03 6.62906771e+01
-3.81234532e+03 6.55755794e+01
-3.81084528e+03 6.48644747e+01
-3.80934524e+03 6.41573790e+01
-3.80784521e+03 6.34543087e+01
-3.80634517e+03 6.27552795e+01
-3.80484513e+03 6.20603089e+01
-3.80334509e+03 6.13694135e+01
-3.80184506e+03 6.06826108e+01
-3.80034502e+03 5.99999184e+01
-3.79884498e+03 5.93213549e+01
-3.79734494e+03 5.86469385e+01
-3.79584491e+03 5.79766882e+01
-3.79434487e+03 5.73106232e+01
-3.79284483e+03 5.66487631e+01
-3.79134479e+03 5.59911285e+01
-3.78984476e+03 5.53377396e+01
-3.78834472e+03 5.46886175e+01
-3.78684468e+03 5.40437841e+01
-3.78534464e+03 5.34032613e+01
-3.78384461e+03 5.27670717e+01
-3.78234457e+03 5.21352379e+01
-3.78084453e+03 5.15077841e+01
-3.77934449e+03 5.08847343e+01
-3.77784446e+03 5.02661134e+01
-3.77634442e+03 4.96519468e+01
-3.77484438e+03 4.90422606e+01
-3.77334434e+03 4.84370817e+01
-3.77184431e+03 4.78364369e+01
-3.77034427e+03 4.72403551e+01
-3.76884423e+03 4.66488649e+01
-3.76734419e+03 4.60619960e+01
-3.76584416e+03 4.54797791e+01
-3.76434412e+03 4.49022452e+01
-3.76284408e+03 4.43294270e+01
-3.76134404e+03 4.37613578e+01
-3.75984401e+03 4.31980715e+01
-3.75834397e+03 4.26396037e+01
-3.75684393e+03 4.20859905e+01
-3.75534389e+03 4.15372697e+01
-3.75384386e+03 4.09934798e+01
-3.75234382e+03 4.04546610e+01
-3.75084378e+03 3.99208547e+01
-3.74934374e+03 3.93921037e+01
-3.74784371e+03 3.88684522e+01
-3.74634367e+03 3.83499463e+01
-3.74484363e+03 3.78366335e+01
-3.74334359e+03 3.73285636e+01
-3.74184356e+03 3.68257879e+01
-3.74034352e+03 3.63283597e+01
-3.73884348e+03 3.58363349e+01
-3.73734344e+03 3.53497719e+01
-3.73584341e+03 3.48687305e+01
-3.73434337e+03 3.43932753e+01
-3.73284333e+03 3.39234717e+01
-3.73134329e+03 3.34593898e+01
-3.72984326e+03 3.30011019e+01
-3.72834322e+03 3.25486852e+01
-3.72684318e+03 3.21022196e+01
-3.72534314e+03 3.16617895e+01
-3.72384311e+03 3.12274830e+01
-3.72234307e+03 3.07993930e+01
-3.72084303e+03 3.03776156e+01
-3.71934299e+03 2.99622510e+01
-3.71784296e+03 2.95534023e+01
-3.71634292e+03 2.91511734e+01
-3.71484288e+03 2.87556692e+01
-3.71334284e+03 2.83669914e+01
-3.71184281e+03 2.79852350e+01
-3.71034277e+03 2.76104837e+01
-3.70884273e+03 2.72428048e+01
-3.70734269e+03 2.68822414e+01
-3.70584266e+03 2.65288053e+01
-3.70434262e+03 2.61824705e+01
-3.70284258e+03 2.58431688e+01
-3.70134254e+03 2.55107888e+01
-3.69984251e+03 2.51851820e+01
-3.69834247e+03 2.48661748e+01
-3.69684243e+03 2.45535889e+01
-3.69534239e+03 2.42472656e+01
-3.69384236e+03 2.39470910e+01
-3.69234232e+03 2.36530141e+01
-3.69084228e+03 2.33650549e+01
-3.68934224e+03 2.30832994e+01
-3.68784221e+03 2.28078800e+01
-3.68634217e+03 2.25389496e+01
-3.68484213e+03 2.22766541e+01
-3.68334209e+03 2.20211067e+01
-3.68184206e+03 2.17723716e+01
-3.68034202e+03 2.15304561e+01
-3.67884198e+03 2.12953110e+01
-3.67734194e+03 2.10668349e+01
-3.67584191e+03 2.08448851e+01
-3.67434187e+03 2.06292893e+01
-3.67284183e+03 2.04198571e+01
-3.67134179e+03 2.02163922e+01
-3.66984176e+03 2.00187015e+01
-3.66834172e+03 1.98266023e+01
-3.66684168e+03 1.96399246e+01
-3.66534164e+03 1.94585124e+01
-3.66384161e+03 1.92822226e+01
-3.66234157e+03 1.91109231e+01
-3.66084153e+03 1.89444907e+01
-3.65934149e+03 1.87828093e+01
-3.65784146e+03 1.86257677e+01
-3.65634142e+03 1.84732568e+01
-3.65484138e+03 1.83251656e+01
-3.65334134e+03 1.81813790e+01
-3.65184131e+03 1.80417750e+01
-3.65034127e+03 1.79062240e+01
-3.64884123e+03 1.77745887e+01
-3.64734119e+03 1.76467269e+01
-3.64584116e+03 1.75224947e+01
-3.64434112e+03 1.74017483e+01
-3.64284108e+03 1.72843470e+01
-3.64134104e+03 1.71701545e+01
-3.63984101e+03 1.70590390e+01
-3.63834097e+03 1.69508722e+01
-3.63684093e+03 1.68455284e+01
-3.63534089e+03 1.67428843e+01
-3.63384086e+03 1.66428178e+01
-3.63234082e+03 1.65452083e+01
-3.63084078e+03 1.64499379e+01
-3.62934074e+03 1.63568918e+01
-3.62784071e+03 1.62659605e+01
-3.62634067e+03 1.61770404e+01
-3.62484063e+03 1.60900363e+01
-3.62334059e+03 1.60048606e+01
-3.62184056e+03 1.59214345e+01
-3.62034052e+03 1.58396865e+01
-3.61884048e+03 1.57595532e+01
-3.61734044e+03 1.56809768e+01
-3.61584041e+03 1.56039046e+01
-3.61434037e+03 1.55282871e+01
-3.61284033e+03 1.54540784e+01
-3.61134029e+03 1.53812343e+01
-3.60984026e+03 1.53097111e+01
-3.60834022e+03 1.52394663e+01
-3.60684018e+03 1.51704574e+01
-3.60534014e+03 1.51026421e+01
-3.60384011e+03 1.50359803e+01
-3.60234007e+03 1.49704320e+01
-3.60084003e+03 1.49059607e+01
-3.59933999e+03 1.48425327e+01
-3.59783995e+03 1.47801179e+01
-3.59633992e+03 1.47186916e+01
-3.59483988e+03 1.46582332e+01
-3.59333984e+03 1.45987265e+01
-3.59183980e+03 1.45401589e+01
-3.59033977e+03 1.44825217e+01
-3.58883973e+03 1.44258084e+01
-3.58733969e+03 1.43700133e+01
-3.58583965e+03 1.43151321e+01
-3.58433962e+03 1.42611601e+01
-3.58283958e+03 1.42080928e+01
-3.58133954e+03 1.41559242e+01
-3.57983950e+03 1.41046481e+01
-3.57833947e+03 1.40542573e+01
-3.57683943e+03 1.40047438e+01
-3.57533939e+03 1.39560990e+01
-3.57383935e+03 1.39083138e+01
-3.57233932e+03 1.38613794e+01
-3.57083928e+03 1.38152868e+01
-3.56933924e+03 1.37700276e+01
-3.56783920e+03 1.37255939e+01
-3.56633917e+03 1.36819784e+01
-3.56483913e+03 1.36391749e+01
-3.56333909e+03 1.35971780e+01
-3.56183905e+03 1.35559828e+01
-3.56033902e+03 1.35155844e+01
-3.55883898e+03 1.34759790e+01
-3.55733894e+03 1.34371630e+01
-3.55583890e+03 1.33991323e+01
-3.55433887e+03 1.33618834e+01
-3.55283883e+03 1.33254124e+01
-3.55133879e+03 1.32897144e+01
-3.54983875e+03 1.32547854e+01
-3.54833872e+03 1.32206203e+01
-3.54683868e+03 1.31872138e+01
-3.54533864e+03 1.31545595e+01
-3.54383860e+03 1.31226517e+01
-3.54233857e+03 1.30914835e+01
-3.54083853e+03 1.30610477e+01
-3.53933849e+03 1.30313368e+01
-3.53783845e+03 1.30023425e+01
-3.53633842e+03 1.29740561e+01
-3.53483838e+03 1.29464685e+01
-3.53333834e+03 1.29195697e+01
-3.53183830e+03 1.28933495e+01
-3.53033827e+03 1.28677972e+01
-3.52883823e+03 1.28429015e+01
-3.52733819e+03 1.28186506e+01
-3.52583815e+03 1.27950326e+01
-3.52433812e+03 1.27720356e+01
-3.52283808e+03 1.27496473e+01
-3.52133804e+03 1.27278554e+01
-3.51983800e+03 1.27066475e+01
-3.51833797e+03 1.26860116e+01
-3.51683793e+03 1.26659353e+01
-3.51533789e+03 1.26464063e+01
-3.51383785e+03 1.26274127e+01
-3.51233782e+03 1.26089421e+01
-3.51083778e+03 1.25909823e+01
-3.50933774e+03 1.25735205e+01
-3.50783770e+03 1.25565443e+01
-3.50633767e+03 1.25400412e+01
-3.50483763e+03 1.25239976e+01
-3.50333759e+03 1.25084012e+01
-3.50183755e+03 1.24932387e+01
-3.50033752e+03 1.24784968e+01
-3.49883748e+03 1.24641623e+01
-3.49733744e+03 1.24502216e+01
-3.49583740e+03 1.24366610e+01
-3.49433737e+03 1.24234673e+01
-3.49283733e+03 1.24106270e+01
-3.49133729e+03 1.23981259e+01
-3.48983725e+03 1.23859509e+01
-3.48833722e+03 1.23740881e+01
-3.48683718e+03 1.23625237e+01
-3.48533714e+03 1.23512441e+01
-3.48383710e+03 1.23402360e+01
-3.48233707e+03 1.23294863e+01
-3.48083703e+03 1.23189814e+01
-3.47933699e+03 1.23087087e+01
-3.47783695e+03 1.22986558e+01
-3.47633692e+03 1.22888107e+01
-3.47483688e+03 1.22791622e+01
-3.47333684e+03 1.22696992e+01
-3.47183680e+03 1.22604112e+01
-3.47033677e+03 1.22512883e+01
-3.46883673e+03 1.22423211e+01
-3.46733669e+03 1.22335002e+01
-3.46583665e+03 1.22248168e+01
-3.46433662e+03 1.22162621e+01
-3.46283658e+03 1.22078280e+01
-3.46133654e+03 1.21995057e+01
-3.45983650e+03 1.21912874e+01
-3.45833647e+03 1.21831642e+01
-3.45683643e+03 1.21751277e+01
-3.45533639e+03 1.21671697e+01
-3.45383635e+03 1.21592817e+01
-3.45233632e+03 1.21514554e+01
-3.45083628e+03 1.21436827e+01
-3.44933624e+03 1.21359555e+01
-3.44783620e+03 1.21282660e+01
-3.44633617e+03 1.21206068e+01
-3.44483613e+03 1.21129709e+01
-3.44333609e+03 1.21053517e+01
-3.44183605e+03 1.20977428e+01
-3.44033602e+03 1.20901386e+01
-3.43883598e+03 1.20825342e+01
-3.43733594e+03 1.20749245e+01
-3.43583590e+03 1.20673049e+01
-3.43433587e+03 1.20596723e+01
-3.43283583e+03 1.20520224e+01
-3.43133579e+03 1.20443520e+01
-3.42983575e+03 1.20366581e+01
-3.42833572e+03 1.20289378e+01
-3.42683568e+03 1.20211883e+01
-3.42533564e+03 1.20134074e+01
-3.42383560e+03 1.20055922e+01
-3.42233557e+03 1.19977401e+01
-3.42083553e+03 1.19898495e+01
-3.41933549e+03 1.19819176e+01
-3.41783545e+03 1.19739423e+01
-3.41633542e+03 1.19659216e+01
-3.41483538e+03 1.19578529e+01
-3.41333534e+03 1.19497345e+01
-3.41183530e+03 1.19415641e+01
-3.41033527e+03 1.19333401e+01
-3.40883523e+03 1.19250607e+01
-3.40733519e+03 1.19167245e+01
-3.40583515e+03 1.19083298e+01
-3.40433512e+03 1.18998753e+01
-3.40283508e+03 1.18913600e+01
-3.40133504e+03 1.18827833e+01
-3.39983500e+03 1.18741442e+01
-3.39833497e+03 1.18654422e+01
-3.39683493e+03 1.18566768e+01
-3.39533489e+03 1.18478479e+01
-3.39383485e+03 1.18389560e+01
-3.39233482e+03 1.18300005e+01
-3.39083478e+03 1.18209820e+01
-3.38933474e+03 1.18119011e+01
-3.38783470e+03 1.18027581e+01
-3.38633467e+03 1.17935542e+01
-3.38483463e+03 1.17842897e+01
-3.38333459e+03 1.17749659e+01
-3.38183455e+03 1.17655836e+01
-3.38033452e+03 1.17561436e+01
-3.37883448e+03 1.17466470e+01
-3.37733444e+03 1.17370947e+01
-3.37583440e+03 1.17274874e+01
-3.37433437e+03 1.17178261e+01
-3.37283433e+03 1.17081115e+01
-3.37133429e+03 1.16983443e+01
-3.36983425e+03 1.16885253e+01
-3.36833422e+03 1.16786549e+01
-3.36683418e+03 1.16687341e+01
-3.36533414e+03 1.16587638e+01
-3.36383410e+03 1.16487441e+01
-3.36233407e+03 1.16386759e+01
-3.36083403e+03 1.16285601e+01
-3.35933399e+03 1.16183975e+01
-3.35783395e+03 1.16081888e+01
-3.35633392e+03 1.15979354e+01
-3.35483388e+03 1.15876381e+01
-3.35333384e+03 1.15772979e+01
-3.35183380e+03 1.15669161e+01
-3.35033377e+03 1.15564939e+01
-3.34883373e+03 1.15460327e+01
-3.34733369e+03 1.15355333e+01
-3.34583365e+03 1.15249977e+01
-3.34433362e+03 1.15144269e+01
-3.34283358e+03 1.15038227e+01
-3.34133354e+03 1.14931864e+01
-3.33983350e+03 1.14825194e+01
-3.33833347e+03 1.14718228e+01
-3.33683343e+03 1.14610985e+01
-3.33533339e+03 1.14503474e+01
-3.33383335e+03 1.14395709e+01
-3.33233332e+03 1.14287702e+01
-3.33083328e+03 1.14179466e+01
-3.32933324e+03 1.14071010e+01
-3.32783320e+03 1.13962347e+01
-3.32633317e+03 1.13853485e+01
-3.32483313e+03 1.13744435e+01
-3.32333309e+03 1.13635203e+01
-3.32183305e+03 1.13525802e+01
-3.32033302e+03 1.13416240e+01
-3.31883298e+03 1.13306523e+01
-3.31733294e+03 1.13196663e+01
-3.31583290e+03 1.13086668e+01
-3.31433287e+03 1.12976550e+01
-3.31283283e+03 1.12866321e+01
-3.31133279e+03 1.12755984e+01
-3.30983275e+03 1.12645553e+01
-3.30833272e+03 1.12535039e+01
-3.30683268e+03 1.12424454e+01
-3.30533264e+03 1.12313804e+01
-3.30383260e+03 1.12203099e+01
-3.30233257e+03 1.12092348e+01
-3.30083253e+03 1.11981559e+01
-3.29933249e+03 1.11870739e+01
-3.29783245e+03 1.11759898e+01
-3.29633242e+03 1.11649035e+01
-3.29483238e+03 1.11538162e+01
-3.29333234e+03 1.11427282e+01
-3.29183230e+03 1.11316399e+01
-3.29033227e+03 1.11205515e+01
-3.28883223e+03 1.11094638e+01
-3.28733219e+03 1.10983769e+01
-3.28583215e+03 1.10872907e+01
-3.28433212e+03 1.10762059e+01
-3.28283208e+03 1.10651225e+01
-3.28133204e+03 1.10540410e+01
-3.27983200e+03 1.10429613e+01
-3.27833197e+03 1.10318843e+01
-3.27683193e+03 1.10208095e+01
-3.27533189e+03 1.10097377e+01
-3.27383185e+03 1.09986687e+01
-3.27233182e+03 1.09876031e+01
-3.27083178e+03 1.09765408e+01
-3.26933174e+03 1.09654822e+01
-3.26783170e+03 1.09544271e+01
-3.26633167e+03 1.09433761e+01
-3.26483163e+03 1.09323291e+01
-3.26333159e+03 1.09212863e+01
-3.26183155e+03 1.09102481e+01
-3.26033152e+03 1.08992141e+01
-3.25883148e+03 1.08881844e+01
-3.25733144e+03 1.08771593e+01
-3.25583140e+03 1.08661388e+01
-3.25433137e+03 1.08551226e+01
-3.25283133e+03 1.08441111e+01
-3.25133129e+03 1.08331037e+01
-3.24983125e+03 1.08221006e+01
-3.24833122e+03 1.08111012e+01
-3.24683118e+03 1.08001053e+01
-3.24533114e+03 1.07891130e+01
-3.24383110e+03 1.07781242e+01
-3.24233107e+03 1.07671384e+01
-3.24083103e+03 1.07561556e+01
-3.23933099e+03 1.07451756e+01
-3.23783095e+03 1.07341978e+01
-3.23633092e+03 1.07232224e+01
-3.23483088e+03 1.07122491e+01
-3.23333084e+03 1.07012778e+01
-3.23183080e+03 1.06903083e+01
-3.23033077e+03 1.06793408e+01
-3.22883073e+03 1.06683749e+01
-3.22733069e+03 1.06574104e+01
-3.22583065e+03 1.06464477e+01
-3.22433062e+03 1.06354863e+01
-3.22283058e+03 1.06245266e+01
-3.22133054e+03 1.06135684e+01
-3.21983050e+03 1.06026117e+01
-3.21833047e+03 1.05916568e+01
-3.21683043e+03 1.05807030e+01
-3.21533039e+03 1.05697512e+01
-3.21383035e+03 1.05588008e+01
-3.21233032e+03 1.05478523e+01
-3.21083028e+03 1.05369054e+01
-3.20933024e+03 1.05259602e+01
-3.20783020e+03 1.05150171e+01
-3.20633017e+03 1.05040758e+01
-3.20483013e+03 1.04931364e+01
-3.20333009e+03 1.04821994e+01
-3.20183005e+03 1.04712644e+01
-3.20033002e+03 1.04603316e+01
-3.19882998e+03 1.04494010e+01
-3.19732994e+03 1.04384727e+01
-3.19582990e+03 1.04275472e+01
-3.19432987e+03 1.04166243e+01
-3.19282983e+03 1.04057042e+01
-3.19132979e+03 1.03947868e+01
-3.18982975e+03 1.03838727e+01
-3.18832972e+03 1.03729616e+01
-3.18682968e+03 1.03620537e+01
-3.18532964e+03 1.03511494e+01
-3.18382960e+03 1.03402488e+01
-3.18232957e+03 1.03293518e+01
-3.18082953e+03 1.03184589e+01
-3.17932949e+03 1.03075698e+01
-3.17782945e+03 1.02966851e+01
-3.17632942e+03 1.02858047e+01
-3.17482938e+03 1.02749287e+01
-3.17332934e+03 1.02640577e+01
-3.17182930e+03 1.02531911e+01
-3.17032927e+03 1.02423295e+01
-3.16882923e+03 1.02314731e+01
-3.16732919e+03 1.02206219e+01
-3.16582915e+03 1.02097762e+01
-3.16432912e+03 1.01989356e+01
-3.16282908e+03 1.01881007e+01
-3.16132904e+03 1.01772715e+01
-3.15982900e+03 1.01664478e+01
-3.15832897e+03 1.01556302e+01
-3.15682893e+03 1.01448185e+01
-3.15532889e+03 1.01340126e+01
-3.15382885e+03 1.01232130e+01
-3.15232882e+03 1.01124194e+01
-3.15082878e+03 1.01016322e+01
-3.14932874e+03 1.00908514e+01
-3.14782870e+03 1.00800770e+01
-3.14632867e+03 1.00693088e+01
-3.14482863e+03 1.00585474e+01
-3.14332859e+03 1.00477926e+01
-3.14182855e+03 1.00370441e+01
-3.14032852e+03 1.00263023e+01
-3.13882848e+03 1.00155673e+01
-3.13732844e+03 1.00048387e+01
-3.13582840e+03 9.99411707e+00
-3.13432837e+03 9.98340237e+00
-3.13282833e+03 9.97269411e+00
-3.13132829e+03 9.96199270e+00
-3.12982825e+03 9.95129835e+00
-3.12832822e+03 9.94061056e+00
-3.12682818e+03 9.92992984e+00
-3.12532814e+03 9.91925594e+00
-3.12382810e+03 9.90858891e+00
-3.12232807e+03 9.89792864e+00
-3.12082803e+03 9.88727519e+00
-3.11932799e+03 9.87662863e+00
-3.11782795e+03 9.86598876e+00
-3.11632792e+03 9.85535582e+00
-3.11482788e+03 9.84472970e+00
-3.11332784e+03 9.83411051e+00
-3.11182780e+03 9.82349813e+00
-3.11032777e+03 9.81289261e+00
-3.10882773e+03 9.80229413e+00
-3.10732769e+03 9.79170234e+00
-3.10582765e+03 9.78111727e+00
-3.10432762e+03 9.77053937e+00
-3.10282758e+03 9.75996863e+00
-3.10132754e+03 9.74940461e+00
-3.09982750e+03 9.73884809e+00
-3.09832747e+03 9.72829850e+00
-3.09682743e+03 9.71775597e+00
-3.09532739e+03 9.70722088e+00
-3.09382735e+03 9.69669320e+00
-3.09232732e+03 9.68617304e+00
-3.09082728e+03 9.67566024e+00
-3.08932724e+03 9.66515532e+00
-3.08782720e+03 9.65465792e+00
-3.08632717e+03 9.64416848e+00
-3.08482713e+03 9.63368707e+00
-3.08332709e+03 9.62321358e+00
-3.08182705e+03 9.61274851e+00
-3.08032702e+03 9.60229186e+00
-3.07882698e+03 9.59184377e+00
-3.07732694e+03 9.58140425e+00
-3.07582690e+03 9.57097343e+00
-3.07432687e+03 9.56055176e+00
-3.07282683e+03 9.55013925e+00
-3.07132679e+03 9.53973585e+00
-3.06982675e+03 9.52934183e+00
-3.06832672e+03 9.51895749e+00
-3.06682668e+03 9.50858288e+00
-3.06532664e+03 9.49821855e+00
-3.06382660e+03 9.48786413e+00
-3.06232657e+03 9.47752011e+00
-3.06082653e+03 9.46718654e+00
-3.05932649e+03 9.45686350e+00
-3.05782645e+03 9.44655164e+00
-3.05632642e+03 9.43625093e+00
-3.05482638e+03 9.42596159e+00
-3.05332634e+03 9.41568378e+00
-3.05182630e+03 9.40541774e+00
-3.05032627e+03 9.39516361e+00
-3.04882623e+03 9.38492166e+00
-3.04732619e+03 9.37469207e+00
-3.04582615e+03 9.36447518e+00
-3.04432612e+03 9.35427095e+00
-3.04282608e+03 9.34407987e+00
-3.04132604e+03 9.33390238e+00
-3.03982600e+03 9.32373846e+00
-3.03832597e+03 9.31358811e+00
-3.03682593e+03 9.30345196e+00
-3.03532589e+03 9.29333010e+00
-3.03382585e+03 9.28322295e+00
-3.03232582e+03 9.27313053e+00
-3.03082578e+03 9.26305304e+00
-3.02932574e+03 9.25299088e+00
-3.02782570e+03 9.24294410e+00
-3.02632567e+03 9.23291326e+00
-3.02482563e+03 9.22289867e+00
-3.02332559e+03 9.21290013e+00
-3.02182555e+03 9.20291835e+00
-3.02032552e+03 9.19295375e+00
-3.01882548e+03 9.18300617e+00
-3.01732544e+03 9.17307554e+00
-3.01582540e+03 9.16316275e+00
-3.01432537e+03 9.15326775e+00
-3.01282533e+03 9.14339083e+00
-3.01132529e+03 9.13353257e+00
-3.00982525e+03 9.12369290e+00
-3.00832522e+03 9.11387176e+00
-3.00682518e+03 9.10407014e+00
-3.00532514e+03 9.09428757e+00
-3.00382510e+03 9.08452484e+00
-3.00232507e+03 9.07478186e+00
-3.00082503e+03 9.06505896e+00
-2.99932499e+03 9.05535622e+00
-2.99782495e+03 9.04567430e+00
-2.99632492e+03 9.03601330e+00
-2.99482488e+03 9.02637315e+00
-2.99332484e+03 9.01675399e+00
-2.99182480e+03 9.00715644e+00
-2.99032477e+03 8.99758047e+00
-2.98882473e+03 8.98802666e+00
-2.98732469e+03 8.97849500e+00
-2.98582465e+03 8.96898552e+00
-2.98432462e+03 8.95949875e+00
-2.98282458e+03 8.95003455e+00
-2.98132454e+03 8.94059357e+00
-2.97982450e+03 8.93117544e+00
-2.97832447e+03 8.92178078e+00
-2.97682443e+03 8.91240982e+00
-2.97532439e+03 8.90306250e+00
-2.97382435e+03 8.89373902e+00
-2.97232432e+03 8.88443980e+00
-2.97082428e+03 8.87516500e+00
-2.96932424e+03 8.86591430e+00
-2.96782420e+03 8.85668870e+00
-2.96632417e+03 8.84748768e+00
-2.96482413e+03 8.83831137e+00
-2.96332409e+03 8.82916053e+00
-2.96182405e+03 8.82003501e+00
-2.96032402e+03 8.81093475e+00
-2.95882398e+03 8.80186007e+00
-2.95732394e+03 8.79281102e+00
-2.95582390e+03 8.78378799e+00
-2.95432387e+03 8.77479087e+00
-2.95282383e+03 8.76581968e+00
-2.95132379e+03 8.75687486e+00
-2.94982375e+03 8.74795622e+00
-2.94832372e+03 8.73906406e+00
-2.94682368e+03 8.73019812e+00
-2.94532364e+03 8.72135877e+00
-2.94382360e+03 8.71254641e+00
-2.94232357e+03 8.70376039e+00
-2.94082353e+03 8.69500112e+00
-2.93932349e+03 8.68626890e+00
-2.93782345e+03 8.67756357e+00
-2.93632342e+03 8.66888521e+00
-2.93482338e+03 8.66023393e+00
-2.93332334e+03 8.65160943e+00
-2.93182330e+03 8.64301199e+00
-2.93032327e+03 8.63444169e+00
-2.92882323e+03 8.62589862e+00
-2.92732319e+03 8.61738276e+00
-2.92582315e+03 8.60889407e+00
-2.92432312e+03 8.60043274e+00
-2.92282308e+03 8.59199850e+00
-2.92132304e+03 8.58359127e+00
-2.91982300e+03 8.57521171e+00
-2.91832297e+03 8.56685952e+00
-2.91682293e+03 8.55853443e+00
-2.91532289e+03 8.55023669e+00
-2.91382285e+03 8.54196640e+00
-2.91232282e+03 8.53372324e+00
-2.91082278e+03 8.52550740e+00
-2.90932274e+03 8.51731852e+00
-2.90782270e+03 8.50915685e+00
-2.90632267e+03 8.50102243e+00
-2.90482263e+03 8.49291517e+00
-2.90332259e+03 8.48483503e+00
-2.90182255e+03 8.47678194e+00
-2.90032252e+03 8.46875562e+00
-2.89882248e+03 8.46075647e+00
-2.89732244e+03 8.45278384e+00
-2.89582240e+03 8.44483841e+00
-2.89432237e+03 8.43691941e+00
-2.89282233e+03 8.42902738e+00
-2.89132229e+03 8.42116185e+00
-2.88982225e+03 8.41332286e+00
-2.88832222e+03 8.40551039e+00
-2.88682218e+03 8.39772426e+00
-2.88532214e+03 8.38996454e+00
-2.88382210e+03 8.38223084e+00
-2.88232207e+03 8.37452353e+00
-2.88082203e+03 8.36684183e+00
-2.87932199e+03 8.35918613e+00
-2.87782195e+03 8.35155635e+00
-2.87632192e+03 8.34395197e+00
-2.87482188e+03 8.33637350e+00
-2.87332184e+03 8.32882063e+00
-2.87182180e+03 8.32129318e+00
-2.87032177e+03 8.31379093e+00
-2.86882173e+03 8.30631411e+00
-2.86732169e+03 8.29886193e+00
-2.86582165e+03 8.29143510e+00
-2.86432162e+03 8.28403309e+00
-2.86282158e+03 8.27665586e+00
-2.86132154e+03 8.26930329e+00
-2.85982150e+03 8.26197502e+00
-2.85832147e+03 8.25467177e+00
-2.85682143e+03 8.24739232e+00
-2.85532139e+03 8.24013749e+00
-2.85382135e+03 8.23290638e+00
-2.85232132e+03 8.22569949e+00
-2.85082128e+03 8.21851646e+00
-2.84932124e+03 8.21135700e+00
-2.84782120e+03 8.20422161e+00
-2.84632117e+03 8.19710945e+00
-2.84482113e+03 8.19002055e+00
-2.84332109e+03 8.18295509e+00
-2.84182105e+03 8.17591276e+00
-2.84032102e+03 8.16889349e+00
-2.83882098e+03 8.16189745e+00
-2.83732094e+03 8.15492395e+00
-2.83582090e+03 8.14797294e+00
-2.83432087e+03 8.14104460e+00
-2.83282083e+03 8.13413861e+00
-2.83132079e+03 8.12725495e+00
-2.82982075e+03 8.12039323e+00
-2.82832072e+03 8.11355362e+00
-2.82682068e+03 8.10673606e+00
-2.82532064e+03 8.09994019e+00
-2.82382060e+03 8.09316588e+00
-2.82232057e+03 8.08641309e+00
-2.82082053e+03 8.07968184e+00
-2.81932049e+03 8.07297169e+00
-2.81782045e+03 8.06628246e+00
-2.81632042e+03 8.05961445e+00
-2.81482038e+03 8.05296726e+00
-2.81332034e+03 8.04634089e+00
-2.81182030e+03 8.03973498e+00
-2.81032027e+03 8.03314971e+00
-2.80882023e+03 8.02658456e+00
-2.80732019e+03 8.02004005e+00
-2.80582015e+03 8.01351551e+00
-2.80432012e+03 8.00701067e+00
-2.80282008e+03 8.00052567e+00
-2.80132004e+03 7.99406055e+00
-2.79982000e+03 7.98761515e+00
-2.79831996e+03 7.98118915e+00
-2.79681993e+03 7.97478214e+00
-2.79531989e+03 7.96839453e+00
-2.79381985e+03 7.96202596e+00
-2.79231981e+03 7.95567637e+00
-2.79081978e+03 7.94934548e+00
-2.78931974e+03 7.94303339e+00
-2.78781970e+03 7.93673984e+00
-2.78631966e+03 7.93046482e+00
-2.78481963e+03 7.92420789e+00
-2.78331959e+03 7.91796922e+00
-2.78181955e+03 7.91174874e+00
-2.78031951e+03 7.90554614e+00
-2.77881948e+03 7.89936132e+00
-2.77731944e+03 7.89319399e+00
-2.77581940e+03 7.88704419e+00
-2.77431936e+03 7.88091185e+00
-2.77281933e+03 7.87479678e+00
-2.77131929e+03 7.86869877e+00
-2.76981925e+03 7.86261778e+00
-2.76831921e+03 7.85655383e+00
-2.76681918e+03 7.85050675e+00
-2.76531914e+03 7.84447591e+00
-2.76381910e+03 7.83846166e+00
-2.76231906e+03 7.83246357e+00
-2.76081903e+03 7.82648178e+00
-2.75931899e+03 7.82051611e+00
-2.75781895e+03 7.81456624e+00
-2.75631891e+03 7.80863238e+00
-2.75481888e+03 7.80271423e+00
-2.75331884e+03 7.79681169e+00
-2.75181880e+03 7.79092441e+00
-2.75031876e+03 7.78505229e+00
-2.74881873e+03 7.77919554e+00
-2.74731869e+03 7.77335356e+00
-2.74581865e+03 7.76752677e+00
-2.74431861e+03 7.76171454e+00
-2.74281858e+03 7.75591683e+00
-2.74131854e+03 7.75013388e+00
-2.73981850e+03 7.74436521e+00
-2.73831846e+03 7.73861054e+00
-2.73681843e+03 7.73287027e+00
-2.73531839e+03 7.72714388e+00
-2.73381835e+03 7.72143119e+00
-2.73231831e+03 7.71573240e+00
-2.73081828e+03 7.71004728e+00
-2.72931824e+03 7.70437564e+00
-2.72781820e+03 7.69871727e+00
-2.72631816e+03 7.69307203e+00
-2.72481813e+03 7.68744012e+00
-2.72331809e+03 7.68182092e+00
-2.72181805e+03 7.67621476e+00
-2.72031801e+03 7.67062138e+00
-2.71881798e+03 7.66504057e+00
-2.71731794e+03 7.65947212e+00
-2.71581790e+03 7.65391604e+00
-2.71431786e+03 7.64837230e+00
-2.71281783e+03 7.64284043e+00
-2.71131779e+03 7.63732066e+00
-2.70981775e+03 7.63181278e+00
-2.70831771e+03 7.62631687e+00
-2.70681768e+03 7.62083264e+00
-2.70531764e+03 7.61535978e+00
-2.70381760e+03 7.60989857e+00
-2.70231756e+03 7.60444855e+00
-2.70081753e+03 7.59900977e+00
-2.69931749e+03 7.59358175e+00
-2.69781745e+03 7.58816503e+00
-2.69631741e+03 7.58275901e+00
-2.69481738e+03 7.57736374e+00
-2.69331734e+03 7.57197913e+00
-2.69181730e+03 7.56660507e+00
-2.69031726e+03 7.56124165e+00
-2.68881723e+03 7.55588841e+00
-2.68731719e+03 7.55054552e+00
-2.68581715e+03 7.54521289e+00
-2.68431711e+03 7.53988994e+00
-2.68281708e+03 7.53457694e+00
-2.68131704e+03 7.52927390e+00
-2.67981700e+03 7.52398047e+00
-2.67831696e+03 7.51869693e+00
-2.67681693e+03 7.51342267e+00
-2.67531689e+03 7.50815795e+00
-2.67381685e+03 7.50290257e+00
-2.67231681e+03 7.49765655e+00
-2.67081678e+03 7.49241973e+00
-2.66931674e+03 7.48719182e+00
-2.66781670e+03 7.48197302e+00
-2.66631666e+03 7.47676321e+00
-2.66481663e+03 7.47156233e+00
-2.66331659e+03 7.46636976e+00
-2.66181655e+03 7.46118620e+00
-2.66031651e+03 7.45601109e+00
-2.65881648e+03 7.45084438e+00
-2.65731644e+03 7.44568611e+00
-2.65581640e+03 7.44053607e+00
-2.65431636e+03 7.43539456e+00
-2.65281633e+03 7.43026104e+00
-2.65131629e+03 7.42513576e+00
-2.64981625e+03 7.42001828e+00
-2.64831621e+03 7.41490872e+00
-2.64681618e+03 7.40980721e+00
-2.64531614e+03 7.40471314e+00
-2.64381610e+03 7.39962694e+00
-2.64231606e+03 7.39454828e+00
-2.64081603e+03 7.38947720e+00
-2.63931599e+03 7.38441370e+00
-2.63781595e+03 7.37935738e+00
-2.63631591e+03 7.37430878e+00
-2.63481588e+03 7.36926708e+00
-2.63331584e+03 7.36423254e+00
-2.63181580e+03 7.35920511e+00
-2.63031576e+03 7.35418481e+00
-2.62881573e+03 7.34917177e+00
-2.62731569e+03 7.34416523e+00
-2.62581565e+03 7.33916572e+00
-2.62431561e+03 7.33417286e+00
-2.62281558e+03 7.32918665e+00
-2.62131554e+03 7.32420725e+00
-2.61981550e+03 7.31923437e+00
-2.61831546e+03 7.31426796e+00
-2.61681543e+03 7.30930792e+00
-2.61531539e+03 7.30435426e+00
-2.61381535e+03 7.29940698e+00
-2.61231531e+03 7.29446566e+00
-2.61081528e+03 7.28953052e+00
-2.60931524e+03 7.28460180e+00
-2.60781520e+03 7.27967913e+00
-2.60631516e+03 7.27476258e+00
-2.60481513e+03 7.26985202e+00
-2.60331509e+03 7.26494748e+00
-2.60181505e+03 7.26004841e+00
-2.60031501e+03 7.25515525e+00
-2.59881498e+03 7.25026757e+00
-2.59731494e+03 7.24538590e+00
-2.59581490e+03 7.24050991e+00
-2.59431486e+03 7.23563938e+00
-2.59281483e+03 7.23077426e+00
-2.59131479e+03 7.22591502e+00
-2.58981475e+03 7.22106120e+00
-2.58831471e+03 7.21621254e+00
-2.58681468e+03 7.21136942e+00
-2.58531464e+03 7.20653143e+00
-2.58381460e+03 7.20169885e+00
-2.58231456e+03 7.19687145e+00
-2.58081453e+03 7.19204930e+00
-2.57931449e+03 7.18723217e+00
-2.57781445e+03 7.18242029e+00
-2.57631441e+03 7.17761312e+00
-2.57481438e+03 7.17281126e+00
-2.57331434e+03 7.16801435e+00
-2.57181430e+03 7.16322232e+00
-2.57031426e+03 7.15843509e+00
-2.56881423e+03 7.15365295e+00
-2.56731419e+03 7.14887545e+00
-2.56581415e+03 7.14410297e+00
-2.56431411e+03 7.13933526e+00
-2.56281408e+03 7.13457212e+00
-2.56131404e+03 7.12981370e+00
-2.55981400e+03 7.12506003e+00
-2.55831396e+03 7.12031082e+00
-2.55681393e+03 7.11556624e+00
-2.55531389e+03 7.11082621e+00
-2.55381385e+03 7.10609068e+00
-2.55231381e+03 7.10135983e+00
-2.55081378e+03 7.09663347e+00
-2.54931374e+03 7.09191139e+00
-2.54781370e+03 7.08719356e+00
-2.54631366e+03 7.08248052e+00
-2.54481363e+03 7.07777119e+00
-2.54331359e+03 7.07306667e+00
-2.54181355e+03 7.06836628e+00
-2.54031351e+03 7.06367018e+00
-2.53881348e+03 7.05897843e+00
-2.53731344e+03 7.05429083e+00
-2.53581340e+03 7.04960736e+00
-2.53431336e+03 7.04492828e+00
-2.53281333e+03 7.04025327e+00
-2.53131329e+03 7.03558243e+00
-2.52981325e+03 7.03091546e+00
-2.52831321e+03 7.02625253e+00
-2.52681318e+03 7.02159337e+00
-2.52531314e+03 7.01693863e+00
-2.52381310e+03 7.01228754e+00
-2.52231306e+03 7.00764060e+00
-2.52081303e+03 7.00299737e+00
-2.51931299e+03 6.99835813e+00
-2.51781295e+03 6.99372271e+00
-2.51631291e+03 6.98909131e+00
-2.51481288e+03 6.98446330e+00
-2.51331284e+03 6.97983941e+00
-2.51181280e+03 6.97521921e+00
-2.51031276e+03 6.97060253e+00
-2.50881273e+03 6.96598952e+00
-2.50731269e+03 6.96138015e+00
-2.50581265e+03 6.95677432e+00
-2.50431261e+03 6.95217208e+00
-2.50281258e+03 6.94757346e+00
-2.50131254e+03 6.94297825e+00
-2.49981250e+03 6.93838638e+00
-2.49831246e+03 6.93379817e+00
-2.49681243e+03 6.92921319e+00
-2.49531239e+03 6.92463180e+00
-2.49381235e+03 6.92005349e+00
-2.49231231e+03 6.91547865e+00
-2.49081228e+03 6.91090708e+00
-2.48931224e+03 6.90633860e+00
-2.48781220e+03 6.90177334e+00
-2.48631216e+03 6.89721136e+00
-2.48481213e+03 6.89265234e+00
-2.48331209e+03 6.88809651e+00
-2.48181205e+03 6.88354375e+00
-2.48031201e+03 6.87899412e+00
-2.47881198e+03 6.87444721e+00
-2.47731194e+03 6.86990342e+00
-2.47581190e+03 6.86536254e+00
-2.47431186e+03 6.86082433e+00
-2.47281183e+03 6.85628908e+00
-2.47131179e+03 6.85175662e+00
-2.46981175e+03 6.84722684e+00
-2.46831171e+03 6.84269989e+00
-2.46681168e+03 6.83817527e+00
-2.46531164e+03 6.83365380e+00
-2.46381160e+03 6.82913507e+00
-2.46231156e+03 6.82461880e+00
-2.46081153e+03 6.82010478e+00
-2.45931149e+03 6.81559334e+00
-2.45781145e+03 6.81108441e+00
-2.45631141e+03 6.80657813e+00
-2.45481138e+03 6.80207400e+00
-2.45331134e+03 6.79757240e+00
-2.45181130e+03 6.79307323e+00
-2.45031126e+03 6.78857629e+00
-2.44881123e+03 6.78408144e+00
-2.44731119e+03 6.77958906e+00
-2.44581115e+03 6.77509885e+00
-2.44431111e+03 6.77061111e+00
-2.44281108e+03 6.76612522e+00
-2.44131104e+03 6.76164184e+00
-2.43981100e+03 6.75716006e+00
-2.43831096e+03 6.75268078e+00
-2.43681093e+03 6.74820354e+00
-2.43531089e+03 6.74372809e+00
-2.43381085e+03 6.73925474e+00
-2.43231081e+03 6.73478353e+00
-2.43081078e+03 6.73031420e+00
-2.42931074e+03 6.72584678e+00
-2.42781070e+03 6.72138165e+00
-2.42631066e+03 6.71691813e+00
-2.42481063e+03 6.71245653e+00
-2.42331059e+03 6.70799684e+00
-2.42181055e+03 6.70353895e+00
-2.42031051e+03 6.69908314e+00
-2.41881048e+03 6.69462920e+00
-2.41731044e+03 6.69017673e+00
-2.41581040e+03 6.68572617e+00
-2.41431036e+03 6.68127736e+00
-2.41281033e+03 6.67683056e+00
-2.41131029e+03 6.67238562e+00
-2.40981025e+03 6.66794212e+00
-2.40831021e+03 6.66350051e+00
-2.40681018e+03 6.65906051e+00
-2.40531014e+03 6.65462226e+00
-2.40381010e+03 6.65018596e+00
-2.40231006e+03 6.64575097e+00
-2.40081003e+03 6.64131815e+00
-2.39930999e+03 6.63688685e+00
-2.39780995e+03 6.63245709e+00
-2.39630991e+03 6.62802925e+00
-2.39480988e+03 6.62360283e+00
-2.39330984e+03 6.61917800e+00
-2.39180980e+03 6.61475479e+00
-2.39030976e+03 6.61033370e+00
-2.38880973e+03 6.60591384e+00
-2.38730969e+03 6.60149584e+00
-2.38580965e+03 6.59707911e+00
-2.38430961e+03 6.59266449e+00
-2.38280958e+03 6.58825093e+00
-2.38130954e+03 6.58383948e+00
-2.37980950e+03 6.57942925e+00
-2.37830946e+03 6.57502082e+00
-2.37680943e+03 6.57061384e+00
-2.37530939e+03 6.56620819e+00
-2.37380935e+03 6.56180407e+00
-2.37230931e+03 6.55740166e+00
-2.37080928e+03 6.55300064e+00
-2.36930924e+03 6.54860142e+00
-2.36780920e+03 6.54420363e+00
-2.36630916e+03 6.53980699e+00
-2.36480913e+03 6.53541181e+00
-2.36330909e+03 6.53101812e+00
-2.36180905e+03 6.52662557e+00
-2.36030901e+03 6.52223465e+00
-2.35880898e+03 6.51784482e+00
-2.35730894e+03 6.51345663e+00
-2.35580890e+03 6.50906945e+00
-2.35430886e+03 6.50468342e+00
-2.35280883e+03 6.50029854e+00
-2.35130879e+03 6.49591476e+00
-2.34980875e+03 6.49153215e+00
-2.34830871e+03 6.48715053e+00
-2.34680868e+03 6.48277021e+00
-2.34530864e+03 6.47839077e+00
-2.34380860e+03 6.47401234e+00
-2.34230856e+03 6.46963467e+00
-2.34080853e+03 6.46525801e+00
-2.33930849e+03 6.46088199e+00
-2.33780845e+03 6.45650656e+00
-2.33630841e+03 6.45213200e+00
-2.33480838e+03 6.44775804e+00
-2.33330834e+03 6.44338455e+00
-2.33180830e+03 6.43901163e+00
-2.33030826e+03 6.43463947e+00
-2.32880823e+03 6.43026743e+00
-2.32730819e+03 6.42589571e+00
-2.32580815e+03 6.42152447e+00
-2.32430811e+03 6.41715350e+00
-2.32280808e+03 6.41278262e+00
-2.32130804e+03 6.40841196e+00
-2.31980800e+03 6.40404121e+00
-2.31830796e+03 6.39967065e+00
-2.31680793e+03 6.39529996e+00
-2.31530789e+03 6.39092944e+00
-2.31380785e+03 6.38655842e+00
-2.31230781e+03 6.38218748e+00
-2.31080778e+03 6.37781605e+00
-2.30930774e+03 6.37344420e+00
-2.30780770e+03 6.36907224e+00
-2.30630766e+03 6.36469979e+00
-2.30480763e+03 6.36032699e+00
-2.30330759e+03 6.35595355e+00
-2.30180755e+03 6.35157967e+00
-2.30030751e+03 6.34720494e+00
-2.29880748e+03 6.34282980e+00
-2.29730744e+03 6.33845400e+00
-2.29580740e+03 6.33407752e+00
-2.29430736e+03 6.32970002e+00
-2.29280733e+03 6.32532159e+00
-2.29130729e+03 6.32094245e+00
-2.28980725e+03 6.31656202e+00
-2.28830721e+03 6.31218087e+00
-2.28680718e+03 6.30779866e+00
-2.28530714e+03 6.30341548e+00
-2.28380710e+03 6.29903097e+00
-2.28230706e+03 6.29464540e+00
-2.28080703e+03 6.29025871e+00
-2.27930699e+03 6.28587076e+00
-2.27780695e+03 6.28148119e+00
-2.27630691e+03 6.27709039e+00
-2.27480688e+03 6.27269824e+00
-2.27330684e+03 6.26830464e+00
-2.27180680e+03 6.26390963e+00
-2.27030676e+03 6.25951301e+00
-2.26880673e+03 6.25511489e+00
-2.26730669e+03 6.25071510e+00
-2.26580665e+03 6.24631362e+00
-2.26430661e+03 6.24191031e+00
-2.26280658e+03 6.23750541e+00
-2.26130654e+03 6.23309856e+00
-2.25980650e+03 6.22868980e+00
-2.25830646e+03 6.22427908e+00
-2.25680643e+03 6.21986661e+00
-2.25530639e+03 6.21545191e+00
-2.25380635e+03 6.21103519e+00
-2.25230631e+03 6.20661650e+00
-2.25080628e+03 6.20219550e+00
-2.24930624e+03 6.19777222e+00
-2.24780620e+03 6.19334641e+00
-2.24630616e+03 6.18891842e+00
-2.24480613e+03 6.18448798e+00
-2.24330609e+03 6.18005484e+00
-2.24180605e+03 6.17561933e+00
-2.24030601e+03 6.17118088e+00
-2.23880598e+03 6.16673993e+00
-2.23730594e+03 6.16229607e+00
-2.23580590e+03 6.15784931e+00
-2.23430586e+03 6.15339970e+00
-2.23280583e+03 6.14894671e+00
-2.23130579e+03 6.14449087e+00
-2.22980575e+03 6.14003175e+00
-2.22830571e+03 6.13556957e+00
-2.22680568e+03 6.13110404e+00
-2.22530564e+03 6.12663494e+00
-2.22380560e+03 6.12216254e+00
-2.22230556e+03 6.11768654e+00
-2.22080553e+03 6.11320673e+00
-2.21930549e+03 6.10872306e+00
-2.21780545e+03 6.10423579e+00
-2.21630541e+03 6.09974486e+00
-2.21480538e+03 6.09524960e+00
-2.21330534e+03 6.09075050e+00
-2.21180530e+03 6.08624732e+00
-2.21030526e+03 6.08173988e+00
-2.20880523e+03 6.07722808e+00
-2.20730519e+03 6.07271190e+00
-2.20580515e+03 6.06819154e+00
-2.20430511e+03 6.06366679e+00
-2.20280508e+03 6.05913734e+00
-2.20130504e+03 6.05460325e+00
-2.19980500e+03 6.05006444e+00
-2.19830496e+03 6.04552101e+00
-2.19680493e+03 6.04097256e+00
-2.19530489e+03 6.03641940e+00
-2.19380485e+03 6.03186115e+00
-2.19230481e+03 6.02729803e+00
-2.19080478e+03 6.02272961e+00
-2.18930474e+03 6.01815635e+00
-2.18780470e+03 6.01357763e+00
-2.18630466e+03 6.00899363e+00
-2.18480463e+03 6.00440464e+00
-2.18330459e+03 5.99980997e+00
-2.18180455e+03 5.99520993e+00
-2.18030451e+03 5.99060435e+00
-2.17880448e+03 5.98599351e+00
-2.17730444e+03 5.98137672e+00
-2.17580440e+03 5.97675439e+00
-2.17430436e+03 5.97212644e+00
-2.17280433e+03 5.96749275e+00
-2.17130429e+03 5.96285314e+00
-2.16980425e+03 5.95820765e+00
-2.16830421e+03 5.95355596e+00
-2.16680418e+03 5.94889871e+00
-2.16530414e+03 5.94423537e+00
-2.16380410e+03 5.93956580e+00
-2.16230406e+03 5.93489010e+00
-2.16080403e+03 5.93020805e+00
-2.15930399e+03 5.92551984e+00
-2.15780395e+03 5.92082519e+00
-2.15630391e+03 5.91612421e+00
-2.15480388e+03 5.91141666e+00
-2.15330384e+03 5.90670270e+00
-2.15180380e+03 5.90198194e+00
-2.15030376e+03 5.89725458e+00
-2.14880373e+03 5.89252067e+00
-2.14730369e+03 5.88777974e+00
-2.14580365e+03 5.88303170e+00
-2.14430361e+03 5.87827661e+00
-2.14280358e+03 5.87351451e+00
-2.14130354e+03 5.86874530e+00
-2.13980350e+03 5.86396876e+00
-2.13830346e+03 5.85918475e+00
-2.13680343e+03 5.85439321e+00
-2.13530339e+03 5.84959405e+00
-2.13380335e+03 5.84478738e+00
-2.13230331e+03 5.83997296e+00
-2.13080328e+03 5.83515056e+00
-2.12930324e+03 5.83032007e+00
-2.12780320e+03 5.82548158e+00
-2.12630316e+03 5.82063469e+00
-2.12480313e+03 5.81577981e+00
-2.12330309e+03 5.81091610e+00
-2.12180305e+03 5.80604385e+00
-2.12030301e+03 5.80116272e+00
-2.11880298e+03 5.79627265e+00
-2.11730294e+03 5.79137367e+00
-2.11580290e+03 5.78646559e+00
-2.11430286e+03 5.78154823e+00
-2.11280283e+03 5.77662145e+00
-2.11130279e+03 5.77168482e+00
-2.10980275e+03 5.76673864e+00
-2.10830271e+03 5.76178236e+00
-2.10680268e+03 5.75681595e+00
-2.10530264e+03 5.75183920e+00
-2.10380260e+03 5.74685205e+00
-2.10230256e+03 5.74185445e+00
-2.10080253e+03 5.73684618e+00
-2.09930249e+03 5.73182677e+00
-2.09780245e+03 5.72679620e+00
-2.09630241e+03 5.72175478e+00
-2.09480238e+03 5.71670098e+00
-2.09330234e+03 5.71163589e+00
-2.09180230e+03 5.70655900e+00
-2.09030226e+03 5.70146991e+00
-2.08880223e+03 5.69636864e+00
-2.08730219e+03 5.69125471e+00
-2.08580215e+03 5.68612796e+00
-2.08430211e+03 5.68098817e+00
-2.08280208e+03 5.67583535e+00
-2.08130204e+03 5.67066905e+00
-2.07980200e+03 5.66548927e+00
-2.07830196e+03 5.66029569e+00
-2.07680193e+03 5.65508788e+00
-2.07530189e+03 5.64986570e+00
-2.07380185e+03 5.64462891e+00
-2.07230181e+03 5.63937737e+00
-2.07080178e+03 5.63411067e+00
-2.06930174e+03 5.62882887e+00
-2.06780170e+03 5.62353131e+00
-2.06630166e+03 5.61821802e+00
-2.06480163e+03 5.61288875e+00
-2.06330159e+03 5.60754310e+00
-2.06180155e+03 5.60218072e+00
-2.06030151e+03 5.59680157e+00
-2.05880148e+03 5.59140522e+00
-2.05730144e+03 5.58599116e+00
-2.05580140e+03 5.58055940e+00
-2.05430136e+03 5.57510991e+00
-2.05280133e+03 5.56964202e+00
-2.05130129e+03 5.56415553e+00
-2.04980125e+03 5.55865002e+00
-2.04830121e+03 5.55312551e+00
-2.04680118e+03 5.54758163e+00
-2.04530114e+03 5.54201775e+00
-2.04380110e+03 5.53643437e+00
-2.04230106e+03 5.53083007e+00
-2.04080103e+03 5.52520544e+00
-2.03930099e+03 5.51955972e+00
-2.03780095e+03 5.51389273e+00
-2.03630091e+03 5.50820421e+00
-2.03480088e+03 5.50249421e+00
-2.03330084e+03 5.49676189e+00
-2.03180080e+03 5.49100725e+00
-2.03030076e+03 5.48522979e+00
-2.02880073e+03 5.47942926e+00
-2.02730069e+03 5.47360539e+00
-2.02580065e+03 5.46775784e+00
-2.02430061e+03 5.46188624e+00
-2.02280058e+03 5.45599077e+00
-2.02130054e+03 5.45007045e+00
-2.01980050e+03 5.44412553e+00
-2.01830046e+03 5.43815539e+00
-2.01680043e+03 5.43215995e+00
-2.01530039e+03 5.42613846e+00
-2.01380035e+03 5.42009095e+00
-2.01230031e+03 5.41401737e+00
-2.01080028e+03 5.40791716e+00
-2.00930024e+03 5.40179000e+00
-2.00780020e+03 5.39563589e+00
-2.00630016e+03 5.38945402e+00
-2.00480013e+03 5.38324471e+00
-2.00330009e+03 5.37700692e+00
-2.00180005e+03 5.37074097e+00
-2.00030001e+03 5.36444655e+00
-1.99879997e+03 5.35812321e+00
-1.99729994e+03 5.35177086e+00
-1.99579990e+03 5.34538888e+00
-1.99429986e+03 5.33897705e+00
-1.99279982e+03 5.33253523e+00
-1.99129979e+03 5.32606319e+00
-1.98979975e+03 5.31956057e+00
-1.98829971e+03 5.31302700e+00
-1.98679967e+03 5.30646261e+00
-1.98529964e+03 5.29986672e+00
-1.98379960e+03 5.29323939e+00
-1.98229956e+03 5.28657993e+00
-1.98079952e+03 5.27988862e+00
-1.97929949e+03 5.27316436e+00
-1.97779945e+03 5.26640739e+00
-1.97629941e+03 5.25961803e+00
-1.97479937e+03 5.25279498e+00
-1.97329934e+03 5.24593830e+00
-1.97179930e+03 5.23904811e+00
-1.97029926e+03 5.23212398e+00
-1.96879922e+03 5.22516523e+00
-1.96729919e+03 5.21817215e+00
-1.96579915e+03 5.21114425e+00
-1.96429911e+03 5.20408124e+00
-1.96279907e+03 5.19698280e+00
-1.96129904e+03 5.18984884e+00
-1.95979900e+03 5.18267878e+00
-1.95829896e+03 5.17547275e+00
-1.95679892e+03 5.16823019e+00
-1.95529889e+03 5.16095116e+00
-1.95379885e+03 5.15363499e+00
-1.95229881e+03 5.14628158e+00
-1.95079877e+03 5.13889064e+00
-1.94929874e+03 5.13146231e+00
-1.94779870e+03 5.12399557e+00
-1.94629866e+03 5.11649091e+00
-1.94479862e+03 5.10894767e+00
-1.94329859e+03 5.10136562e+00
-1.94179855e+03 5.09374430e+00
-1.94029851e+03 5.08608372e+00
-1.93879847e+03 5.07838353e+00
-1.93729844e+03 5.07064377e+00
-1.93579840e+03 5.06286356e+00
-1.93429836e+03 5.05504319e+00
-1.93279832e+03 5.04718219e+00
-1.93129829e+03 5.03928042e+00
-1.92979825e+03 5.03133732e+00
-1.92829821e+03 5.02335303e+00
-1.92679817e+03 5.01532725e+00
-1.92529814e+03 5.00725936e+00
-1.92379810e+03 4.99914951e+00
-1.92229806e+03 4.99099738e+00
-1.92079802e+03 4.98280262e+00
-1.91929799e+03 4.97456519e+00
-1.91779795e+03 4.96628467e+00
-1.91629791e+03 4.95796115e+00
-1.91479787e+03 4.94959393e+00
-1.91329784e+03 4.94118306e+00
-1.91179780e+03 4.93272847e+00
-1.91029776e+03 4.92422996e+00
-1.90879772e+03 4.91568706e+00
-1.90729769e+03 4.90709989e+00
-1.90579765e+03 4.89846798e+00
-1.90429761e+03 4.88979150e+00
-1.90279757e+03 4.88106985e+00
-1.90129754e+03 4.87230324e+00
-1.89979750e+03 4.86349163e+00
-1.89829746e+03 4.85463431e+00
-1.89679742e+03 4.84573186e+00
-1.89529739e+03 4.83678350e+00
-1.89379735e+03 4.82778948e+00
-1.89229731e+03 4.81874969e+00
-1.89079727e+03 4.80966371e+00
-1.88929724e+03 4.80053182e+00
-1.88779720e+03 4.79135382e+00
-1.88629716e+03 4.78212956e+00
-1.88479712e+03 4.77285920e+00
-1.88329709e+03 4.76354253e+00
-1.88179705e+03 4.75417930e+00
-1.88029701e+03 4.74476963e+00
-1.87879697e+03 4.73531372e+00
-1.87729694e+03 4.72581120e+00
-1.87579690e+03 4.71626231e+00
-1.87429686e+03 4.70666695e+00
-1.87279682e+03 4.69702537e+00
-1.87129679e+03 4.68733714e+00
-1.86979675e+03 4.67760248e+00
-1.86829671e+03 4.66782157e+00
-1.86679667e+03 4.65799442e+00
-1.86529664e+03 4.64812104e+00
-1.86379660e+03 4.63820149e+00
-1.86229656e+03 4.62823594e+00
-1.86079652e+03 4.61822458e+00
-1.85929649e+03 4.60816718e+00
-1.85779645e+03 4.59806430e+00
-1.85629641e+03 4.58791532e+00
-1.85479637e+03 4.57772121e+00
-1.85329634e+03 4.56748163e+00
-1.85179630e+03 4.55719673e+00
-1.85029626e+03 4.54686679e+00
-1.84879622e+03 4.53649228e+00
-1.84729619e+03 4.52607302e+00
-1.84579615e+03 4.51560925e+00
-1.84429611e+03 4.50510090e+00
-1.84279607e+03 4.49454884e+00
-1.84129604e+03 4.48395279e+00
-1.83979600e+03 4.47331320e+00
-1.83829596e+03 4.46263029e+00
-1.83679592e+03 4.45190416e+00
-1.83529589e+03 4.44113528e+00
-1.83379585e+03 4.43032355e+00
-1.83229581e+03 4.41946955e+00
-1.83079577e+03 4.40857351e+00
-1.82929574e+03 4.39763572e+00
-1.82779570e+03 4.38665633e+00
-1.82629566e+03 4.37563594e+00
-1.82479562e+03 4.36457461e+00
-1.82329559e+03 4.35347290e+00
-1.82179555e+03 4.34233069e+00
-1.82029551e+03 4.33114910e+00
-1.81879547e+03 4.31992750e+00
-1.81729544e+03 4.30866707e+00
-1.81579540e+03 4.29736774e+00
-1.81429536e+03 4.28603015e+00
-1.81279532e+03 4.27465428e+00
-1.81129529e+03 4.26324112e+00
-1.80979525e+03 4.25179036e+00
-1.80829521e+03 4.24030287e+00
-1.80679517e+03 4.22877895e+00
-1.80529514e+03 4.21721901e+00
-1.80379510e+03 4.20562343e+00
-1.80229506e+03 4.19399276e+00
-1.80079502e+03 4.18232736e+00
-1.79929499e+03 4.17062751e+00
-1.79779495e+03 4.15889387e+00
-1.79629491e+03 4.14712676e+00
-1.79479487e+03 4.13532677e+00
-1.79329484e+03 4.12349431e+00
-1.79179480e+03 4.11163022e+00
-1.79029476e+03 4.09973424e+00
-1.78879472e+03 4.08780740e+00
-1.78729469e+03 4.07584994e+00
-1.78579465e+03 4.06386254e+00
-1.78429461e+03 4.05184580e+00
-1.78279457e+03 4.03979989e+00
-1.78129454e+03 4.02772551e+00
-1.77979450e+03 4.01562328e+00
-1.77829446e+03 4.00349359e+00
-1.77679442e+03 3.99133713e+00
-1.77529439e+03 3.97915428e+00
-1.77379435e+03 3.96694562e+00
-1.77229431e+03 3.95471160e+00
-1.77079427e+03 3.94245296e+00
-1.76929424e+03 3.93017029e+00
-1.76779420e+03 3.91786392e+00
-1.76629416e+03 3.90553439e+00
-1.76479412e+03 3.89318269e+00
-1.76329409e+03 3.88080903e+00
-1.76179405e+03 3.86841408e+00
-1.76029401e+03 3.85599858e+00
-1.75879397e+03 3.84356293e+00
-1.75729394e+03 3.83110768e+00
-1.75579390e+03 3.81863336e+00
-1.75429386e+03 3.80614087e+00
-1.75279382e+03 3.79363057e+00
-1.75129379e+03 3.78110321e+00
-1.74979375e+03 3.76855926e+00
-1.74829371e+03 3.75599957e+00
-1.74679367e+03 3.74342440e+00
-1.74529364e+03 3.73083474e+00
-1.74379360e+03 3.71823089e+00
-1.74229356e+03 3.70561357e+00
-1.74079352e+03 3.69298317e+00
-1.73929349e+03 3.68034070e+00
-1.73779345e+03 3.66768667e+00
-1.73629341e+03 3.65502129e+00
-1.73479337e+03 3.64234583e+00
-1.73329334e+03 3.62966036e+00
-1.73179330e+03 3.61696590e+00
-1.73029326e+03 3.60426288e+00
-1.72879322e+03 3.59155206e+00
-1.72729319e+03 3.57883382e+00
-1.72579315e+03 3.56610902e+00
-1.72429311e+03 3.55337806e+00
-1.72279307e+03 3.54064164e+00
-1.72129304e+03 3.52790022e+00
-1.71979300e+03 3.51515487e+00
-1.71829296e+03 3.50240575e+00
-1.71679292e+03 3.48965381e+00
-1.71529289e+03 3.47689945e+00
-1.71379285e+03 3.46414325e+00
-1.71229281e+03 3.45138616e+00
-1.71079277e+03 3.43862825e+00
-1.70929274e+03 3.42587052e+00
-1.70779270e+03 3.41311366e+00
-1.70629266e+03 3.40035783e+00
-1.70479262e+03 3.38760379e+00
-1.70329259e+03 3.37485228e+00
-1.70179255e+03 3.36210375e+00
-1.70029251e+03 3.34935900e+00
-1.69879247e+03 3.33661852e+00
-1.69729244e+03 3.32388292e+00
-1.69579240e+03 3.31115273e+00
-1.69429236e+03 3.29842840e+00
-1.69279232e+03 3.28571053e+00
-1.69129229e+03 3.27300001e+00
-1.68979225e+03 3.26029710e+00
-1.68829221e+03 3.24760241e+00
-1.68679217e+03 3.23491652e+00
-1.68529214e+03 3.22224025e+00
-1.68379210e+03 3.20957384e+00
-1.68229206e+03 3.19691799e+00
-1.68079202e+03 3.18427340e+00
-1.67929199e+03 3.17164000e+00
-1.67779195e+03 3.15901916e+00
-1.67629191e+03 3.14641094e+00
-1.67479187e+03 3.13381607e+00
-1.67329184e+03 3.12123474e+00
-1.67179180e+03 3.10866794e+00
-1.67029176e+03 3.09611577e+00
-1.66879172e+03 3.08357912e+00
-1.66729169e+03 3.07105841e+00
-1.66579165e+03 3.05855404e+00
-1.66429161e+03 3.04606669e+00
-1.66279157e+03 3.03359676e+00
-1.66129154e+03 3.02114479e+00
-1.65979150e+03 3.00871133e+00
-1.65829146e+03 2.99629696e+00
-1.65679142e+03 2.98390201e+00
-1.65529139e+03 2.97152726e+00
-1.65379135e+03 2.95917268e+00
-1.65229131e+03 2.94683930e+00
-1.65079127e+03 2.93452731e+00
-1.64929124e+03 2.92223711e+00
-1.64779120e+03 2.90996972e+00
-1.64629116e+03 2.89772494e+00
-1.64479112e+03 2.88550386e+00
-1.64329109e+03 2.87330666e+00
-1.64179105e+03 2.86113397e+00
-1.64029101e+03 2.84898594e+00
-1.63879097e+03 2.83686300e+00
-1.63729094e+03 2.82476612e+00
-1.63579090e+03 2.81269542e+00
-1.63429086e+03 2.80065151e+00
-1.63279082e+03 2.78863465e+00
-1.63129079e+03 2.77664552e+00
-1.62979075e+03 2.76468438e+00
-1.62829071e+03 2.75275188e+00
-1.62679067e+03 2.74084821e+00
-1.62529064e+03 2.72897408e+00
-1.62379060e+03 2.71712967e+00
-1.62229056e+03 2.70531553e+00
-1.62079052e+03 2.69353213e+00
-1.61929049e+03 2.68177985e+00
-1.61779045e+03 2.67005928e+00
-1.61629041e+03 2.65837063e+00
-1.61479037e+03 2.64671426e+00
-1.61329034e+03 2.63509075e+00
-1.61179030e+03 2.62350035e+00
-1.61029026e+03 2.61194370e+00
-1.60879022e+03 2.60042112e+00
-1.60729019e+03 2.58893286e+00
-1.60579015e+03 2.57747930e+00
-1.60429011e+03 2.56606089e+00
-1.60279007e+03 2.55467821e+00
-1.60129004e+03 2.54333116e+00
-1.59979000e+03 2.53202061e+00
-1.59828996e+03 2.52074685e+00
-1.59678992e+03 2.50950995e+00
-1.59528989e+03 2.49831049e+00
-1.59378985e+03 2.48714866e+00
-1.59228981e+03 2.47602474e+00
-1.59078977e+03 2.46493912e+00
-1.58928974e+03 2.45389227e+00
-1.58778970e+03 2.44288442e+00
-1.58628966e+03 2.43191593e+00
-1.58478962e+03 2.42098675e+00
-1.58328959e+03 2.41009793e+00
-1.58178955e+03 2.39924907e+00
-1.58028951e+03 2.38844062e+00
-1.57878947e+03 2.37767290e+00
-1.57728944e+03 2.36694614e+00
-1.57578940e+03 2.35626071e+00
-1.57428936e+03 2.34561663e+00
-1.57278932e+03 2.33501416e+00
-1.57128929e+03 2.32445405e+00
-1.56978925e+03 2.31393594e+00
-1.56828921e+03 2.30346033e+00
-1.56678917e+03 2.29302708e+00
-1.56528914e+03 2.28263676e+00
-1.56378910e+03 2.27228927e+00
-1.56228906e+03 2.26198517e+00
-1.56078902e+03 2.25172419e+00
-1.55928899e+03 2.24150666e+00
-1.55778895e+03 2.23133288e+00
-1.55628891e+03 2.22120275e+00
-1.55478887e+03 2.21111655e+00
-1.55328884e+03 2.20107451e+00
-1.55178880e+03 2.19107653e+00
-1.55028876e+03 2.18112293e+00
-1.54878872e+03 2.17121351e+00
-1.54728869e+03 2.16134867e+00
-1.54578865e+03 2.15152817e+00
-1.54428861e+03 2.14175213e+00
-1.54278857e+03 2.13202069e+00
-1.54128854e+03 2.12233409e+00
-1.53978850e+03 2.11269244e+00
-1.53828846e+03 2.10309523e+00
-1.53678842e+03 2.09354310e+00
-1.53528839e+03 2.08403550e+00
-1.53378835e+03 2.07457270e+00
-1.53228831e+03 2.06515491e+00
-1.53078827e+03 2.05578194e+00
-1.52928824e+03 2.04645368e+00
-1.52778820e+03 2.03717006e+00
-1.52628816e+03 2.02793132e+00
-1.52478812e+03 2.01873738e+00
-1.52328809e+03 2.00958815e+00
-1.52178805e+03 2.00048320e+00
-1.52028801e+03 1.99142299e+00
-1.51878797e+03 1.98240706e+00
-1.51728794e+03 1.97343582e+00
-1.51578790e+03 1.96450900e+00
-1.51428786e+03 1.95562632e+00
-1.51278782e+03 1.94678774e+00
-1.51128779e+03 1.93799345e+00
-1.50978775e+03 1.92924300e+00
-1.50828771e+03 1.92053634e+00
-1.50678767e+03 1.91187346e+00
-1.50528764e+03 1.90325431e+00
-1.50378760e+03 1.89467872e+00
-1.50228756e+03 1.88614639e+00
-1.50078752e+03 1.87765757e+00
-1.49928749e+03 1.86921176e+00
-1.49778745e+03 1.86080914e+00
-1.49628741e+03 1.85244929e+00
-1.49478737e+03 1.84413232e+00
-1.49328734e+03 1.83585778e+00
-1.49178730e+03 1.82762559e+00
-1.49028726e+03 1.81943584e+00
-1.48878722e+03 1.81128825e+00
-1.48728719e+03 1.80318268e+00
-1.48578715e+03 1.79511890e+00
-1.48428711e+03 1.78709680e+00
-1.48278707e+03 1.77911623e+00
-1.48128704e+03 1.77117703e+00
-1.47978700e+03 1.76327922e+00
-1.47828696e+03 1.75542218e+00
-1.47678692e+03 1.74760619e+00
-1.47528689e+03 1.73983117e+00
-1.47378685e+03 1.73209635e+00
-1.47228681e+03 1.72440225e+00
-1.47078677e+03 1.71674817e+00
-1.46928674e+03 1.70913425e+00
-1.46778670e+03 1.70156000e+00
-1.46628666e+03 1.69402573e+00
-1.46478662e+03 1.68653085e+00
-1.46328659e+03 1.67907538e+00
-1.46178655e+03 1.67165923e+00
-1.46028651e+03 1.66428225e+00
-1.45878647e+03 1.65694413e+00
-1.45728644e+03 1.64964478e+00
-1.45578640e+03 1.64238395e+00
-1.45428636e+03 1.63516169e+00
-1.45278632e+03 1.62797760e+00
-1.45128629e+03 1.62083169e+00
-1.44978625e+03 1.61372358e+00
-1.44828621e+03 1.60665338e+00
-1.44678617e+03 1.59962067e+00
-1.44528614e+03 1.59262560e+00
-1.44378610e+03 1.58566796e+00
-1.44228606e+03 1.57874714e+00
-1.44078602e+03 1.57186358e+00
-1.43928599e+03 1.56501660e+00
-1.43778595e+03 1.55820656e+00
-1.43628591e+03 1.55143312e+00
-1.43478587e+03 1.54469590e+00
-1.43328584e+03 1.53799511e+00
-1.43178580e+03 1.53133029e+00
-1.43028576e+03 1.52470152e+00
-1.42878572e+03 1.51810820e+00
-1.42728569e+03 1.51155093e+00
-1.42578565e+03 1.50502917e+00
-1.42428561e+03 1.49854256e+00
-1.42278557e+03 1.49209134e+00
-1.42128554e+03 1.48567515e+00
-1.41978550e+03 1.47929402e+00
-1.41828546e+03 1.47294732e+00
-1.41678542e+03 1.46663526e+00
-1.41528539e+03 1.46035780e+00
-1.41378535e+03 1.45411478e+00
-1.41228531e+03 1.44790596e+00
-1.41078527e+03 1.44173111e+00
-1.40928524e+03 1.43559018e+00
-1.40778520e+03 1.42948325e+00
-1.40628516e+03 1.42340952e+00
-1.40478512e+03 1.41736942e+00
-1.40328509e+03 1.41136274e+00
-1.40178505e+03 1.40538900e+00
-1.40028501e+03 1.39944854e+00
-1.39878497e+03 1.39354086e+00
-1.39728494e+03 1.38766590e+00
-1.39578490e+03 1.38182359e+00
-1.39428486e+03 1.37601374e+00
-1.39278482e+03 1.37023635e+00
-1.39128479e+03 1.36449075e+00
-1.38978475e+03 1.35877729e+00
-1.38828471e+03 1.35309580e+00
-1.38678467e+03 1.34744608e+00
-1.38528464e+03 1.34182780e+00
-1.38378460e+03 1.33624088e+00
-1.38228456e+03 1.33068526e+00
-1.38078452e+03 1.32516081e+00
-1.37928449e+03 1.31966703e+00
-1.37778445e+03 1.31420418e+00
-1.37628441e+03 1.30877220e+00
-1.37478437e+03 1.30337045e+00
-1.37328434e+03 1.29799909e+00
-1.37178430e+03 1.29265797e+00
-1.37028426e+03 1.28734687e+00
-1.36878422e+03 1.28206548e+00
-1.36728419e+03 1.27681391e+00
-1.36578415e+03 1.27159179e+00
-1.36428411e+03 1.26639920e+00
-1.36278407e+03 1.26123553e+00
-1.36128404e+03 1.25610133e+00
-1.35978400e+03 1.25099556e+00
-1.35828396e+03 1.24591870e+00
-1.35678392e+03 1.24087039e+00
-1.35528389e+03 1.23585049e+00
-1.35378385e+03 1.23085891e+00
-1.35228381e+03 1.22589510e+00
-1.35078377e+03 1.22095959e+00
-1.34928374e+03 1.21605152e+00
-1.34778370e+03 1.21117146e+00
-1.34628366e+03 1.20631823e+00
-1.34478362e+03 1.20149246e+00
-1.34328359e+03 1.19669354e+00
-1.34178355e+03 1.19192178e+00
-1.34028351e+03 1.18717666e+00
-1.33878347e+03 1.18245812e+00
-1.33728344e+03 1.17776574e+00
-1.33578340e+03 1.17309969e+00
-1.33428336e+03 1.16845979e+00
-1.33278332e+03 1.16384587e+00
-1.33128329e+03 1.15925760e+00
-1.32978325e+03 1.15469445e+00
-1.32828321e+03 1.15015684e+00
-1.32678317e+03 1.14564454e+00
-1.32528314e+03 1.14115701e+00
-1.32378310e+03 1.13669438e+00
-1.32228306e+03 1.13225652e+00
-1.32078302e+03 1.12784300e+00
-1.31928299e+03 1.12345389e+00
-1.31778295e+03 1.11908904e+00
-1.31628291e+03 1.11474779e+00
-1.31478287e+03 1.11043069e+00
-1.31328284e+03 1.10613683e+00
-1.31178280e+03 1.10186670e+00
-1.31028276e+03 1.09761965e+00
-1.30878272e+03 1.09339599e+00
-1.30728269e+03 1.08919496e+00
-1.30578265e+03 1.08501691e+00
-1.30428261e+03 1.08086139e+00
-1.30278257e+03 1.07672820e+00
-1.30128254e+03 1.07261750e+00
-1.29978250e+03 1.06852865e+00
-1.29828246e+03 1.06446180e+00
-1.29678242e+03 1.06041646e+00
-1.29528239e+03 1.05639292e+00
-1.29378235e+03 1.05239063e+00
-1.29228231e+03 1.04840997e+00
-1.29078227e+03 1.04445002e+00
-1.28928224e+03 1.04051110e+00
-1.28778220e+03 1.03659288e+00
-1.28628216e+03 1.03269521e+00
-1.28478212e+03 1.02881805e+00
-1.28328209e+03 1.02496115e+00
-1.28178205e+03 1.02112426e+00
-1.28028201e+03 1.01730721e+00
-1.27878197e+03 1.01350994e+00
-1.27728194e+03 1.00973233e+00
-1.27578190e+03 1.00597433e+00
-1.27428186e+03 1.00223560e+00
-1.27278182e+03 9.98515838e-01
-1.27128179e+03 9.94815375e-01
-1.26978175e+03 9.91133606e-01
-1.26828171e+03 9.87470293e-01
-1.26678167e+03 9.83825615e-01
-1.26528164e+03 9.80199179e-01
-1.26378160e+03 9.76591201e-01
-1.26228156e+03 9.73001094e-01
-1.26078152e+03 9.69429138e-01
-1.25928149e+03 9.65874885e-01
-1.25778145e+03 9.62337969e-01
-1.25628141e+03 9.58818768e-01
-1.25478137e+03 9.55317025e-01
-1.25328134e+03 9.51832360e-01
-1.25178130e+03 9.48364532e-01
-1.25028126e+03 9.44913635e-01
-1.24878122e+03 9.41479730e-01
-1.24728119e+03 9.38062556e-01
-1.24578115e+03 9.34661601e-01
-1.24428111e+03 9.31277206e-01
-1.24278107e+03 9.27909006e-01
-1.24128104e+03 9.24556733e-01
-1.23978100e+03 9.21220527e-01
-1.23828096e+03 9.17900000e-01
-1.23678092e+03 9.14595147e-01
-1.23528089e+03 9.11305841e-01
-1.23378085e+03 9.08031889e-01
-1.23228081e+03 9.04773427e-01
-1.23078077e+03 9.01530203e-01
-1.22928074e+03 8.98301824e-01
-1.22778070e+03 8.95088602e-01
-1.22628066e+03 8.91889905e-01
-1.22478062e+03 8.88705928e-01
-1.22328059e+03 8.85536775e-01
-1.22178055e+03 8.82381760e-01
-1.22028051e+03 8.79240948e-01
-1.21878047e+03 8.76114546e-01
-1.21728044e+03 8.73002425e-01
-1.21578040e+03 8.69904062e-01
-1.21428036e+03 8.66819397e-01
-1.21278032e+03 8.63748478e-01
-1.21128029e+03 8.60691272e-01
-1.20978025e+03 8.57647660e-01
-1.20828021e+03 8.54617182e-01
-1.20678017e+03 8.51600197e-01
-1.20528014e+03 8.48596412e-01
-1.20378010e+03 8.45605566e-01
-1.20228006e+03 8.42628054e-01
-1.20078002e+03 8.39663093e-01
-1.19927998e+03 8.36710984e-01
-1.19777995e+03 8.33771503e-01
-1.19627991e+03 8.30844713e-01
-1.19477987e+03 8.27930117e-01
-1.19327983e+03 8.25027962e-01
-1.19177980e+03 8.22138117e-01
-1.19027976e+03 8.19260358e-01
-1.18877972e+03 8.16394940e-01
-1.18727968e+03 8.13541275e-01
-1.18577965e+03 8.10699491e-01
-1.18427961e+03 8.07869375e-01
-1.18277957e+03 8.05051029e-01
-1.18127953e+03 8.02244276e-01
-1.17977950e+03 7.99449116e-01
-1.17827946e+03 7.96665320e-01
-1.17677942e+03 7.93892743e-01
-1.17527938e+03 7.91131540e-01
-1.17377935e+03 7.88381420e-01
-1.17227931e+03 7.85642302e-01
-1.17077927e+03 7.82914170e-01
-1.16927923e+03 7.80196903e-01
-1.16777920e+03 7.77490734e-01
-1.16627916e+03 7.74794982e-01
-1.16477912e+03 7.72109679e-01
-1.16327908e+03 7.69435115e-01
-1.16177905e+03 7.66771003e-01
-1.16027901e+03 7.64117380e-01
-1.15877897e+03 7.61473842e-01
-1.15727893e+03 7.58840691e-01
-1.15577890e+03 7.56217776e-01
-1.15427886e+03 7.53604691e-01
-1.15277882e+03 7.51001834e-01
-1.15127878e+03 7.48408927e-01
-1.14977875e+03 7.45825624e-01
-1.14827871e+03 7.43251977e-01
-1.14677867e+03 7.40688053e-01
-1.14527863e+03 7.38133955e-01
-1.14377860e+03 7.35589189e-01
-1.14227856e+03 7.33053904e-01
-1.14077852e+03 7.30528083e-01
-1.13927848e+03 7.28011558e-01
-1.13777845e+03 7.25504343e-01
-1.13627841e+03 7.23006094e-01
-1.13477837e+03 7.20516970e-01
-1.13327833e+03 7.18036908e-01
-1.13177830e+03 7.15565725e-01
-1.13027826e+03 7.13103553e-01
-1.12877822e+03 7.10650144e-01
-1.12727818e+03 7.08205757e-01
-1.12577815e+03 7.05769791e-01
-1.12427811e+03 7.03342714e-01
-1.12277807e+03 7.00923825e-01
-1.12127803e+03 6.98513288e-01
-1.11977800e+03 6.96111490e-01
-1.11827796e+03 6.93717853e-01
-1.11677792e+03 6.91332694e-01
-1.11527788e+03 6.88955647e-01
-1.11377785e+03 6.86586683e-01
-1.11227781e+03 6.84225805e-01
-1.11077777e+03 6.81873063e-01
-1.10927773e+03 6.79528457e-01
-1.10777770e+03 6.77191397e-01
-1.10627766e+03 6.74862388e-01
-1.10477762e+03 6.72541241e-01
-1.10327758e+03 6.70227740e-01
-1.10177755e+03 6.67921965e-01
-1.10027751e+03 6.65623614e-01
-1.09877747e+03 6.63332833e-01
-1.09727743e+03 6.61049388e-01
-1.09577740e+03 6.58773877e-01
-1.09427736e+03 6.56505616e-01
-1.09277732e+03 6.54244485e-01
-1.09127728e+03 6.51990852e-01
-1.08977725e+03 6.49744239e-01
-1.08827721e+03 6.47504934e-01
-1.08677717e+03 6.45272572e-01
-1.08527713e+03 6.43047297e-01
-1.08377710e+03 6.40829000e-01
-1.08227706e+03 6.38618009e-01
-1.08077702e+03 6.36413687e-01
-1.07927698e+03 6.34216066e-01
-1.07777695e+03 6.32025124e-01
-1.07627691e+03 6.29841329e-01
-1.07477687e+03 6.27664001e-01
-1.07327683e+03 6.25493473e-01
-1.07177680e+03 6.23329506e-01
-1.07027676e+03 6.21172000e-01
-1.06877672e+03 6.19021041e-01
-1.06727668e+03 6.16876590e-01
-1.06577665e+03 6.14738590e-01
-1.06427661e+03 6.12606735e-01
-1.06277657e+03 6.10481592e-01
-1.06127653e+03 6.08362497e-01
-1.05977650e+03 6.06249629e-01
-1.05827646e+03 6.04143122e-01
-1.05677642e+03 6.02042557e-01
-1.05527638e+03 5.99948317e-01
-1.05377635e+03 5.97860052e-01
-1.05227631e+03 5.95777851e-01
-1.05077627e+03 5.93701866e-01
-1.04927623e+03 5.91631817e-01
-1.04777620e+03 5.89567397e-01
-1.04627616e+03 5.87509108e-01
-1.04477612e+03 5.85456533e-01
-1.04327608e+03 5.83409958e-01
-1.04177605e+03 5.81368905e-01
-1.04027601e+03 5.79333443e-01
-1.03877597e+03 5.77304228e-01
-1.03727593e+03 5.75280455e-01
-1.03577590e+03 5.73262412e-01
-1.03427586e+03 5.71249920e-01
-1.03277582e+03 5.69242917e-01
-1.03127578e+03 5.67241677e-01
-1.02977575e+03 5.65245632e-01
-1.02827571e+03 5.63255411e-01
-1.02677567e+03 5.61270431e-01
-1.02527563e+03 5.59291035e-01
-1.02377560e+03 5.57317133e-01
-1.02227556e+03 5.55348601e-01
-1.02077552e+03 5.53385429e-01
-1.01927548e+03 5.51427323e-01
-1.01777545e+03 5.49474709e-01
-1.01627541e+03 5.47527106e-01
-1.01477537e+03 5.45585005e-01
-1.01327533e+03 5.43648134e-01
-1.01177530e+03 5.41716447e-01
-1.01027526e+03 5.39789871e-01
-1.00877522e+03 5.37868555e-01
-1.00727518e+03 5.35952526e-01
-1.00577515e+03 5.34041401e-01
-1.00427511e+03 5.32135287e-01
-1.00277507e+03 5.30234447e-01
-1.00127503e+03 5.28338499e-01
-9.99774997e+02 5.26447679e-01
-9.98274959e+02 5.24561892e-01
-9.96774922e+02 5.22680856e-01
-9.95274884e+02 5.20805256e-01
-9.93774847e+02 5.18934233e-01
-9.92274809e+02 5.17068294e-01
-9.90774772e+02 5.15207217e-01
-9.89274734e+02 5.13350994e-01
-9.87774697e+02 5.11499773e-01
-9.86274659e+02 5.09653358e-01
-9.84774622e+02 5.07811846e-01
-9.83274584e+02 5.05975061e-01
-9.81774547e+02 5.04143089e-01
-9.80274509e+02 5.02315986e-01
-9.78774472e+02 5.00493679e-01
-9.77274434e+02 4.98676302e-01
-9.75774397e+02 4.96863453e-01
-9.74274359e+02 4.95055630e-01
-9.72774322e+02 4.93252443e-01
-9.71274284e+02 4.91453903e-01
-9.69774247e+02 4.89660006e-01
-9.68274209e+02 4.87870842e-01
-9.66774172e+02 4.86086398e-01
-9.65274134e+02 4.84306613e-01
-9.63774097e+02 4.82531663e-01
-9.62274059e+02 4.80760999e-01
-9.60774022e+02 4.78995373e-01
-9.59273984e+02 4.77234194e-01
-9.57773947e+02 4.75477649e-01
-9.56273909e+02 4.73725667e-01
-9.54773872e+02 4.71978256e-01
-9.53273834e+02 4.70235554e-01
-9.51773797e+02 4.68497186e-01
-9.50273759e+02 4.66763445e-01
-9.48773722e+02 4.65034591e-01
-9.47273684e+02 4.63310007e-01
-9.45773647e+02 4.61590091e-01
-9.44273609e+02 4.59874506e-01
-9.42773572e+02 4.58163572e-01
-9.41273534e+02 4.56457017e-01
-9.39773497e+02 4.54755080e-01
-9.38273459e+02 4.53057672e-01
-9.36773422e+02 4.51364581e-01
-9.35273384e+02 4.49675984e-01
-9.33773347e+02 4.47991792e-01
-9.32273309e+02 4.46312317e-01
-9.30773272e+02 4.44637057e-01
-9.29273234e+02 4.42966263e-01
-9.27773197e+02 4.41299983e-01
-9.26273159e+02 4.39637941e-01
-9.24773122e+02 4.37980463e-01
-9.23273084e+02 4.36327430e-01
-9.21773047e+02 4.34678653e-01
-9.20273009e+02 4.33034479e-01
-9.18772972e+02 4.31394505e-01
-9.17272934e+02 4.29758941e-01
-9.15772897e+02 4.28127707e-01
-9.14272859e+02 4.26500782e-01
-9.12772822e+02 4.24878060e-01
-9.11272784e+02 4.23260020e-01
-9.09772747e+02 4.21646038e-01
-9.08272709e+02 4.20036530e-01
-9.06772672e+02 4.18431222e-01
-9.05272634e+02 4.16830253e-01
-9.03772597e+02 4.15233567e-01
-9.02272559e+02 4.13641315e-01
-9.00772522e+02 4.12053079e-01
-8.99272484e+02 4.10469051e-01
-8.97772447e+02 4.08889483e-01
-8.96272409e+02 4.07314104e-01
-8.94772372e+02 4.05743089e-01
-8.93272334e+02 4.04176374e-01
-8.91772297e+02 4.02613683e-01
-8.90272259e+02 4.01055251e-01
-8.88772222e+02 3.99501190e-01
-8.87272184e+02 3.97951196e-01
-8.85772147e+02 3.96405608e-01
-8.84272109e+02 3.94863849e-01
-8.82772072e+02 3.93326167e-01
-8.81272034e+02 3.91792982e-01
-8.79771996e+02 3.90263921e-01
-8.78271959e+02 3.88738722e-01
-8.76771921e+02 3.87218027e-01
-8.75271884e+02 3.85701341e-01
-8.73771846e+02 3.84188867e-01
-8.72271809e+02 3.82680549e-01
-8.70771771e+02 3.81176263e-01
-8.69271734e+02 3.79676077e-01
-8.67771696e+02 3.78179768e-01
-8.66271659e+02 3.76687642e-01
-8.64771621e+02 3.75199674e-01
-8.63271584e+02 3.73715771e-01
-8.61771546e+02 3.72236052e-01
-8.60271509e+02 3.70760390e-01
-8.58771471e+02 3.69288576e-01
-8.57271434e+02 3.67820927e-01
-8.55771396e+02 3.66357207e-01
-8.54271359e+02 3.64897341e-01
-8.52771321e+02 3.63441738e-01
-8.51271284e+02 3.61990177e-01
-8.49771246e+02 3.60542471e-01
-8.48271209e+02 3.59098845e-01
-8.46771171e+02 3.57659188e-01
-8.45271134e+02 3.56223197e-01
-8.43771096e+02 3.54791299e-01
-8.42271059e+02 3.53363516e-01
-8.40771021e+02 3.51939671e-01
-8.39270984e+02 3.50519664e-01
-8.37770946e+02 3.49103571e-01
-8.36270909e+02 3.47691410e-01
-8.34770871e+02 3.46283241e-01
-8.33270834e+02 3.44878621e-01
-8.31770796e+02 3.43477910e-01
-8.30270759e+02 3.42081269e-01
-8.28770721e+02 3.40688633e-01
-8.27270684e+02 3.39299781e-01
-8.25770646e+02 3.37914536e-01
-8.24270609e+02 3.36533459e-01
-8.22770571e+02 3.35155958e-01
-8.21270534e+02 3.33782165e-01
-8.19770496e+02 3.32412412e-01
-8.18270459e+02 3.31046348e-01
-8.16770421e+02 3.29684204e-01
-8.15270384e+02 3.28325967e-01
-8.13770346e+02 3.26971178e-01
-8.12270309e+02 3.25620248e-01
-8.10770271e+02 3.24272965e-01
-8.09270234e+02 3.22929653e-01
-8.07770196e+02 3.21589836e-01
-8.06270159e+02 3.20253953e-01
-8.04770121e+02 3.18921784e-01
-8.03270084e+02 3.17593165e-01
-8.01770046e+02 3.16268381e-01
-8.00270009e+02 3.14947244e-01
-7.98769971e+02 3.13629634e-01
-7.97269934e+02 3.12315760e-01
-7.95769896e+02 3.11005646e-01
-7.94269859e+02 3.09699274e-01
-7.92769821e+02 3.08396496e-01
-7.91269784e+02 3.07097140e-01
-7.89769746e+02 3.05801561e-01
-7.88269709e+02 3.04509535e-01
-7.86769671e+02 3.03221217e-01
-7.85269634e+02 3.01936621e-01
-7.83769596e+02 3.00655389e-01
-7.82269559e+02 2.99377845e-01
-7.80769521e+02 2.98103656e-01
-7.79269484e+02 2.96833533e-01
-7.77769446e+02 2.95566644e-01
-7.76269409e+02 2.94303156e-01
-7.74769371e+02 2.93043373e-01
-7.73269334e+02 2.91787050e-01
-7.71769296e+02 2.90534427e-01
-7.70269259e+02 2.89285127e-01
-7.68769221e+02 2.88039381e-01
-7.67269184e+02 2.86797149e-01
-7.65769146e+02 2.85558463e-01
-7.64269109e+02 2.84323252e-01
-7.62769071e+02 2.83091481e-01
-7.61269034e+02 2.81862924e-01
-7.59768996e+02 2.80638249e-01
-7.58268959e+02 2.79416657e-01
-7.56768921e+02 2.78198732e-01
-7.55268884e+02 2.76984177e-01
-7.53768846e+02 2.75773031e-01
-7.52268809e+02 2.74565515e-01
-7.50768771e+02 2.73361185e-01
-7.49268734e+02 2.72160189e-01
-7.47768696e+02 2.70962854e-01
-7.46268659e+02 2.69768521e-01
-7.44768621e+02 2.68577899e-01
-7.43268584e+02 2.67390573e-01
-7.41768546e+02 2.66206545e-01
-7.40268509e+02 2.65025935e-01
-7.38768471e+02 2.63848446e-01
-7.37268434e+02 2.62674264e-01
-7.35768396e+02 2.61503786e-01
-7.34268359e+02 2.60336533e-01
-7.32768321e+02 2.59172688e-01
-7.31268284e+02 2.58011917e-01
-7.29768246e+02 2.56854482e-01
-7.28268209e+02 2.55700486e-01
-7.26768171e+02 2.54549575e-01
-7.25268134e+02 2.53402151e-01
-7.23768096e+02 2.52257825e-01
-7.22268059e+02 2.51116767e-01
-7.20768021e+02 2.49979279e-01
-7.19267983e+02 2.48844635e-01
-7.17767946e+02 2.47713449e-01
-7.16267908e+02 2.46585480e-01
-7.14767871e+02 2.45460577e-01
-7.13267833e+02 2.44338996e-01
-7.11767796e+02 2.43220791e-01
-7.10267758e+02 2.42105826e-01
-7.08767721e+02 2.40993937e-01
-7.07267683e+02 2.39885189e-01
-7.05767646e+02 2.38779612e-01
-7.04267608e+02 2.37677241e-01
-7.02767571e+02 2.36578128e-01
-7.01267533e+02 2.35482040e-01
-6.99767496e+02 2.34389090e-01
-6.98267458e+02 2.33299698e-01
-6.96767421e+02 2.32213010e-01
-6.95267383e+02 2.31129765e-01
-6.93767346e+02 2.30049504e-01
-6.92267308e+02 2.28972422e-01
-6.90767271e+02 2.27898631e-01
-6.89267233e+02 2.26827731e-01
-6.87767196e+02 2.25759995e-01
-6.86267158e+02 2.24695422e-01
-6.84767121e+02 2.23633869e-01
-6.83267083e+02 2.22575304e-01
-6.81767046e+02 2.21520145e-01
-6.80267008e+02 2.20467723e-01
-6.78766971e+02 2.19418740e-01
-6.77266933e+02 2.18372421e-01
-6.75766896e+02 2.17329381e-01
-6.74266858e+02 2.16289431e-01
-6.72766821e+02 2.15252477e-01
-6.71266783e+02 2.14218564e-01
-6.69766746e+02 2.13187682e-01
-6.68266708e+02 2.12159977e-01
-6.66766671e+02 2.11135048e-01
-6.65266633e+02 2.10113305e-01
-6.63766596e+02 2.09094592e-01
-6.62266558e+02 2.08078951e-01
-6.60766521e+02 2.07066348e-01
-6.59266483e+02 2.06056561e-01
-6.57766446e+02 2.05049954e-01
-6.56266408e+02 2.04046214e-01
-6.54766371e+02 2.03045561e-01
-6.53266333e+02 2.02047833e-01
-6.51766296e+02 2.01053052e-01
-6.50266258e+02 2.00061130e-01
-6.48766221e+02 1.99072216e-01
-6.47266183e+02 1.98086494e-01
-6.45766146e+02 1.97103509e-01
-6.44266108e+02 1.96123311e-01
-6.42766071e+02 1.95146457e-01
-6.41266033e+02 1.94172273e-01
-6.39765996e+02 1.93201076e-01
-6.38265958e+02 1.92232901e-01
-6.36765921e+02 1.91267473e-01
-6.35265883e+02 1.90305006e-01
-6.33765846e+02 1.89345543e-01
-6.32265808e+02 1.88388837e-01
-6.30765771e+02 1.87435023e-01
-6.29265733e+02 1.86484153e-01
-6.27765696e+02 1.85536456e-01
-6.26265658e+02 1.84591460e-01
-6.24765621e+02 1.83649316e-01
-6.23265583e+02 1.82709988e-01
-6.21765546e+02 1.81773453e-01
-6.20265508e+02 1.80839984e-01
-6.18765471e+02 1.79909377e-01
-6.17265433e+02 1.78981455e-01
-6.15765396e+02 1.78056752e-01
-6.14265358e+02 1.77134498e-01
-6.12765321e+02 1.76215086e-01
-6.11265283e+02 1.75298813e-01
-6.09765246e+02 1.74385018e-01
-6.08265208e+02 1.73474005e-01
-6.06765171e+02 1.72566141e-01
-6.05265133e+02 1.71660777e-01
-6.03765096e+02 1.70758389e-01
-6.02265058e+02 1.69858763e-01
-6.00765021e+02 1.68961883e-01
-5.99264983e+02 1.68068023e-01
-5.97764946e+02 1.67176783e-01
-5.96264908e+02 1.66288472e-01
-5.94764871e+02 1.65402996e-01
-5.93264833e+02 1.64520178e-01
-5.91764796e+02 1.63640243e-01
-5.90264758e+02 1.62762944e-01
-5.88764721e+02 1.61888238e-01
-5.87264683e+02 1.61016537e-01
-5.85764646e+02 1.60147322e-01
-5.84264608e+02 1.59281153e-01
-5.82764571e+02 1.58417700e-01
-5.81264533e+02 1.57556740e-01
-5.79764496e+02 1.56698592e-01
-5.78264458e+02 1.55843435e-01
-5.76764421e+02 1.54990848e-01
-5.75264383e+02 1.54140978e-01
-5.73764346e+02 1.53293771e-01
-5.72264308e+02 1.52449186e-01
-5.70764271e+02 1.51607258e-01
-5.69264233e+02 1.50768344e-01
-5.67764196e+02 1.49932133e-01
-5.66264158e+02 1.49098312e-01
-5.64764121e+02 1.48267415e-01
-5.63264083e+02 1.47439329e-01
-5.61764046e+02 1.46613689e-01
-5.60264008e+02 1.45790757e-01
-5.58763970e+02 1.44970726e-01
-5.57263933e+02 1.44153011e-01
-5.55763895e+02 1.43338081e-01
-5.54263858e+02 1.42525945e-01
-5.52763820e+02 1.41716255e-01
-5.51263783e+02 1.40909269e-01
-5.49763745e+02 1.40105125e-01
-5.48263708e+02 1.39303336e-01
-5.46763670e+02 1.38504375e-01
-5.45263633e+02 1.37708021e-01
-5.43763595e+02 1.36914247e-01
-5.42263558e+02 1.36123164e-01
-5.40763520e+02 1.35334706e-01
-5.39263483e+02 1.34548877e-01
-5.37763445e+02 1.33765548e-01
-5.36263408e+02 1.32984948e-01
-5.34763370e+02 1.32206952e-01
-5.33263333e+02 1.31431393e-01
-5.31763295e+02 1.30658499e-01
-5.30263258e+02 1.29888175e-01
-5.28763220e+02 1.29120558e-01
-5.27263183e+02 1.28355519e-01
-5.25763145e+02 1.27593137e-01
-5.24263108e+02 1.26833279e-01
-5.22763070e+02 1.26075842e-01
-5.21263033e+02 1.25321265e-01
-5.19762995e+02 1.24569032e-01
-5.18262958e+02 1.23819613e-01
-5.16762920e+02 1.23072640e-01
-5.15262883e+02 1.22328010e-01
-5.13762845e+02 1.21585986e-01
-5.12262808e+02 1.20846531e-01
-5.10762770e+02 1.20109621e-01
-5.09262733e+02 1.19374954e-01
-5.07762695e+02 1.18643309e-01
-5.06262658e+02 1.17914098e-01
-5.04762620e+02 1.17187564e-01
-5.03262583e+02 1.16463272e-01
-5.01762545e+02 1.15741692e-01
-5.00262508e+02 1.15022360e-01
-4.98762470e+02 1.14306004e-01
-4.97262433e+02 1.13591812e-01
-4.95762395e+02 1.12880036e-01
-4.94262358e+02 1.12171034e-01
-4.92762320e+02 1.11464275e-01
-4.91262283e+02 1.10760247e-01
-4.89762245e+02 1.10058566e-01
-4.88262208e+02 1.09359482e-01
-4.86762170e+02 1.08662727e-01
-4.85262133e+02 1.07968447e-01
-4.83762095e+02 1.07276847e-01
-4.82262058e+02 1.06587583e-01
-4.80762020e+02 1.05900894e-01
-4.79261983e+02 1.05216607e-01
-4.77761945e+02 1.04534727e-01
-4.76261908e+02 1.03855287e-01
-4.74761870e+02 1.03178347e-01
-4.73261833e+02 1.02503877e-01
-4.71761795e+02 1.01831932e-01
-4.70261758e+02 1.01162536e-01
-4.68761720e+02 1.00495473e-01
-4.67261683e+02 9.98309903e-02
-4.65761645e+02 9.91687120e-02
-4.64261608e+02 9.85087737e-02
-4.62761570e+02 9.78513334e-02
-4.61261533e+02 9.71963914e-02
-4.59761495e+02 9.65438170e-02
-4.58261458e+02 9.58937309e-02
-4.56761420e+02 9.52461290e-02
-4.55261383e+02 9.46009237e-02
-4.53761345e+02 9.39582398e-02
-4.52261308e+02 9.33176574e-02
-4.50761270e+02 9.26796194e-02
-4.49261233e+02 9.20437882e-02
-4.47761195e+02 9.14106706e-02
-4.46261158e+02 9.07799435e-02
-4.44761120e+02 9.01515614e-02
-4.43261083e+02 8.95256295e-02
-4.41761045e+02 8.89016773e-02
-4.40261008e+02 8.82804657e-02
-4.38760970e+02 8.76615360e-02
-4.37260933e+02 8.70449270e-02
-4.35760895e+02 8.64307486e-02
-4.34260858e+02 8.58191426e-02
-4.32760820e+02 8.52097287e-02
-4.31260783e+02 8.46026636e-02
-4.29760745e+02 8.39980531e-02
-4.28260708e+02 8.33957482e-02
-4.26760670e+02 8.27957191e-02
-4.25260633e+02 8.21981969e-02
-4.23760595e+02 8.16028639e-02
-4.22260558e+02 8.10097560e-02
-4.20760520e+02 8.04192878e-02
-4.19260483e+02 7.98310702e-02
-4.17760445e+02 7.92452713e-02
-4.16260408e+02 7.86615836e-02
-4.14760370e+02 7.80803852e-02
-4.13260333e+02 7.75014400e-02
-4.11760295e+02 7.69249668e-02
-4.10260258e+02 7.63506018e-02
-4.08760220e+02 7.57788428e-02
-4.07260183e+02 7.52091577e-02
-4.05760145e+02 7.46420097e-02
-4.04260108e+02 7.40770604e-02
-4.02760070e+02 7.35144196e-02
-4.01260033e+02 7.29540346e-02
-3.99759995e+02 7.23961756e-02
-3.98259957e+02 7.18404099e-02
-3.96759920e+02 7.12871286e-02
-3.95259882e+02 7.07358047e-02
-3.93759845e+02 7.01871913e-02
-3.92259807e+02 6.96406160e-02
-3.90759770e+02 6.90962207e-02
-3.89259732e+02 6.85540803e-02
-3.87759695e+02 6.80143548e-02
-3.86259657e+02 6.74769799e-02
-3.84759620e+02 6.69419395e-02
-3.83259582e+02 6.64090035e-02
-3.81759545e+02 6.58785810e-02
-3.80259507e+02 6.53502242e-02
-3.78759470e+02 6.48242479e-02
-3.77259432e+02 6.43005686e-02
-3.75759395e+02 6.37791988e-02
-3.74259357e+02 6.32600555e-02
-3.72759320e+02 6.27428747e-02
-3.71259282e+02 6.22282748e-02
-3.69759245e+02 6.17158376e-02
-3.68259207e+02 6.12055798e-02
-3.66759170e+02 6.06975633e-02
-3.65259132e+02 6.01919035e-02
-3.63759095e+02 5.96884768e-02
-3.62259057e+02 5.91871934e-02
-3.60759020e+02 5.86882198e-02
-3.59258982e+02 5.81916875e-02
-3.57758945e+02 5.76972301e-02
-3.56258907e+02 5.72048421e-02
-3.54758870e+02 5.67150239e-02
-3.53258832e+02 5.62272166e-02
-3.51758795e+02 5.57414762e-02
-3.50258757e+02 5.52582739e-02
-3.48758720e+02 5.47770939e-02
-3.47258682e+02 5.42980609e-02
-3.45758645e+02 5.38214988e-02
-3.44258607e+02 5.33472172e-02
-3.42758570e+02 5.28749772e-02
-3.41258532e+02 5.24050724e-02
-3.39758495e+02 5.19372945e-02
-3.38258457e+02 5.14715872e-02
-3.36758420e+02 5.10080193e-02
-3.35258382e+02 5.05468268e-02
-3.33758345e+02 5.00878346e-02
-3.32258307e+02 4.96310161e-02
-3.30758270e+02 4.91765941e-02
-3.29258232e+02 4.87243186e-02
-3.27758195e+02 4.82742912e-02
-3.26258157e+02 4.78261544e-02
-3.24758120e+02 4.73803258e-02
-3.23258082e+02 4.69365945e-02
-3.21758045e+02 4.64951153e-02
-3.20258007e+02 4.60558955e-02
-3.18757970e+02 4.56188174e-02
-3.17257932e+02 4.51836979e-02
-3.15757895e+02 4.47511459e-02
-3.14257857e+02 4.43205613e-02
-3.12757820e+02 4.38921066e-02
-3.11257782e+02 4.34660732e-02
-3.09757745e+02 4.30422107e-02
-3.08257707e+02 4.26203961e-02
-3.06757670e+02 4.22005926e-02
-3.05257632e+02 4.17831945e-02
-3.03757595e+02 4.13678341e-02
-3.02257557e+02 4.09547756e-02
-3.00757520e+02 4.05435323e-02
-2.99257482e+02 4.01346082e-02
-2.97757445e+02 3.97279182e-02
-2.96257407e+02 3.93234358e-02
-2.94757370e+02 3.89209209e-02
-2.93257332e+02 3.85204778e-02
-2.91757295e+02 3.81225368e-02
-2.90257257e+02 3.77266040e-02
-2.88757220e+02 3.73328516e-02
-2.87257182e+02 3.69413418e-02
-2.85757145e+02 3.65517468e-02
-2.84257107e+02 3.61643444e-02
-2.82757070e+02 3.57791489e-02
-2.81257032e+02 3.53960797e-02
-2.79756995e+02 3.50150521e-02
-2.78256957e+02 3.46363894e-02
-2.76756920e+02 3.42595950e-02
-2.75256882e+02 3.38845700e-02
-2.73756845e+02 3.35122207e-02
-2.72256807e+02 3.31419693e-02
-2.70756770e+02 3.27736557e-02
-2.69256732e+02 3.24077174e-02
-2.67756695e+02 3.20438993e-02
-2.66256657e+02 3.16820395e-02
-2.64756620e+02 3.13222558e-02
-2.63256582e+02 3.09646220e-02
-2.61756545e+02 3.06091786e-02
-2.60256507e+02 3.02560324e-02
-2.58756470e+02 2.99048066e-02
-2.57256432e+02 2.95556238e-02
-2.55756395e+02 2.92085412e-02
-2.54256357e+02 2.88635800e-02
-2.52756320e+02 2.85207933e-02
-2.51256282e+02 2.81800379e-02
-2.49756245e+02 2.78415017e-02
-2.48256207e+02 2.75050413e-02
-2.46756170e+02 2.71707592e-02
-2.45256132e+02 2.68386324e-02
-2.43756095e+02 2.65083794e-02
-2.42256057e+02 2.61800747e-02
-2.40756020e+02 2.58540650e-02
-2.39255982e+02 2.55302855e-02
-2.37755944e+02 2.52082724e-02
-2.36255907e+02 2.48886510e-02
-2.34755869e+02 2.45708705e-02
-2.33255832e+02 2.42556447e-02
-2.31755794e+02 2.39420185e-02
-2.30255757e+02 2.36305830e-02
-2.28755719e+02 2.33214658e-02
-2.27255682e+02 2.30143308e-02
-2.25755644e+02 2.27090726e-02
-2.24255607e+02 2.24059922e-02
-2.22755569e+02 2.21051168e-02
-2.21255532e+02 2.18063590e-02
-2.19755494e+02 2.15096747e-02
-2.18255457e+02 2.12148390e-02
-2.16755419e+02 2.09221032e-02
-2.15255382e+02 2.06314849e-02
-2.13755344e+02 2.03433017e-02
-2.12255307e+02 2.00570326e-02
-2.10755269e+02 1.97726446e-02
-2.09255232e+02 1.94904361e-02
-2.07755194e+02 1.92100770e-02
-2.06255157e+02 1.89319405e-02
-2.04755119e+02 1.86557341e-02
-2.03255082e+02 1.83817832e-02
-2.01755044e+02 1.81097835e-02
-2.00255007e+02 1.78397895e-02
-1.98754969e+02 1.75720513e-02
-1.97254932e+02 1.73062655e-02
-1.95754894e+02 1.70427816e-02
-1.94254857e+02 1.67810305e-02
-1.92754819e+02 1.65216116e-02
-1.91254782e+02 1.62639461e-02
-1.89754744e+02 1.60083933e-02
-1.88254707e+02 1.57550067e-02
-1.86754669e+02 1.55037688e-02
-1.85254632e+02 1.52544082e-02
-1.83754594e+02 1.50071808e-02
-1.82254557e+02 1.47618184e-02
-1.80754519e+02 1.45186609e-02
-1.79254482e+02 1.42777276e-02
-1.77754444e+02 1.40385172e-02
-1.76254407e+02 1.38015473e-02
-1.74754369e+02 1.35666904e-02
-1.73254332e+02 1.33337312e-02
-1.71754294e+02 1.31029119e-02
-1.70254257e+02 1.28741969e-02
-1.68754219e+02 1.26471717e-02
-1.67254182e+02 1.24224082e-02
-1.65754144e+02 1.21997397e-02
-1.64254107e+02 1.19790611e-02
-1.62754069e+02 1.17602969e-02
-1.61254032e+02 1.15437249e-02
-1.59753994e+02 1.13292080e-02
-1.58253957e+02 1.11168147e-02
-1.56753919e+02 1.09060752e-02
-1.55253882e+02 1.06977353e-02
-1.53753844e+02 1.04912965e-02
-1.52253807e+02 1.02870420e-02
-1.50753769e+02 1.00845506e-02
-1.49253732e+02 9.88426436e-03
-1.47753694e+02 9.68582624e-03
-1.46253657e+02 9.48948702e-03
-1.44753619e+02 9.29512115e-03
-1.43253582e+02 9.10292367e-03
-1.41753544e+02 8.91261643e-03
-1.40253507e+02 8.72451800e-03
-1.38753469e+02 8.53857990e-03
-1.37253432e+02 8.35461388e-03
-1.35753394e+02 8.17254596e-03
-1.34253357e+02 7.99225815e-03
-1.32753319e+02 7.81417504e-03
-1.31253282e+02 7.63816280e-03
-1.29753244e+02 7.46410316e-03
-1.28253207e+02 7.29219000e-03
-1.26753169e+02 7.12210031e-03
-1.25253132e+02 6.95407178e-03
-1.23753094e+02 6.78832125e-03
-1.22253057e+02 6.62428128e-03
-1.20753019e+02 6.46222500e-03
-1.19252982e+02 6.30232233e-03
-1.17752944e+02 6.14443351e-03
-1.16252907e+02 5.98867222e-03
-1.14752869e+02 5.83495919e-03
-1.13252832e+02 5.68339971e-03
-1.11752794e+02 5.53351934e-03
-1.10252757e+02 5.38554565e-03
-1.08752719e+02 5.23980641e-03
-1.07252682e+02 5.09601879e-03
-1.05752644e+02 4.95420424e-03
-1.04252607e+02 4.81419920e-03
-1.02752569e+02 4.67652496e-03
-1.01252532e+02 4.54077807e-03
-9.97524941e+01 4.40692159e-03
-9.82524566e+01 4.27515849e-03
-9.67524191e+01 4.14545171e-03
-9.52523815e+01 4.01782268e-03
-9.37523440e+01 3.89208118e-03
-9.22523065e+01 3.76841791e-03
-9.07522690e+01 3.64673901e-03
-8.92522315e+01 3.52697043e-03
-8.77521940e+01 3.40935022e-03
-8.62521565e+01 3.29359347e-03
-8.47521190e+01 3.17998089e-03
-8.32520815e+01 3.06839962e-03
-8.17520440e+01 2.95856921e-03
-8.02520065e+01 2.85084606e-03
-7.87519690e+01 2.74505166e-03
-7.72519315e+01 2.64138608e-03
-7.57518940e+01 2.53978368e-03
-7.42518565e+01 2.44019319e-03
-7.27518190e+01 2.34255712e-03
-7.12517815e+01 2.24683738e-03
-6.97517440e+01 2.15306409e-03
-6.82517065e+01 2.06162892e-03
-6.67516690e+01 1.97189352e-03
-6.52516315e+01 1.88422493e-03
-6.37515939e+01 1.79854313e-03
-6.22515564e+01 1.71466162e-03
-6.07515189e+01 1.63281307e-03
-5.92514814e+01 1.55317276e-03
-5.77514439e+01 1.47555237e-03
-5.62514064e+01 1.39994121e-03
-5.47513689e+01 1.32629207e-03
-5.32513314e+01 1.25423110e-03
-5.17512939e+01 1.18472007e-03
-5.02512564e+01 1.11706720e-03
-4.87512189e+01 1.05148661e-03
-4.72511814e+01 9.87493785e-04
-4.57511439e+01 9.25780490e-04
-4.42511064e+01 8.65951974e-04
-4.27510689e+01 8.08213855e-04
-4.12510314e+01 7.52586809e-04
-3.97509939e+01 6.98921230e-04
-3.82509564e+01 6.47116107e-04
-3.67509189e+01 5.97386953e-04
-3.52508814e+01 5.49437547e-04
-3.37508439e+01 5.03743816e-04
-3.22508064e+01 4.59905792e-04
-3.07507688e+01 4.18105082e-04
-2.92507313e+01 3.78286333e-04
-2.77506938e+01 3.40293071e-04
-2.62506563e+01 3.04591316e-04
-2.47506188e+01 2.70823014e-04
-2.32505813e+01 2.39126981e-04
-2.17505438e+01 2.09017808e-04
-2.02505063e+01 1.81114949e-04
-1.87504688e+01 1.55151447e-04
-1.72504313e+01 1.31260429e-04
-1.57503938e+01 1.09426471e-04
-1.42503563e+01 8.95060176e-05
-1.27503188e+01 7.16710473e-05
-1.12502813e+01 5.56623145e-05
-9.75024378e+00 4.17498845e-05
-8.25020628e+00 2.99113046e-05
-6.75016877e+00 2.01134766e-05
-5.25013127e+00 1.19496395e-05
-3.75009376e+00 6.10464869e-06
-2.25005626e+00 1.92448865e-06
-7.50018752e-01 0.00000000e+00
7.50018752e-01 1.09617335e-07
2.25005626e+00 2.14419074e-06
3.75009376e+00 6.23234534e-06
5.25013127e+00 1.20720291e-05
6.75016877e+00 1.99928421e-05
8.25020628e+00 2.99622304e-05
9.75024378e+00 4.19294197e-05
1.12502813e+01 5.57851367e-05
1.27503188e+01 7.17191354e-05
1.42503563e+01 8.95843805e-05
1.57503938e+01 1.09509509e-04
1.72504313e+01 1.31339339e-04
1.87504688e+01 1.55313309e-04
2.02505063e+01 1.81077012e-04
2.17505438e+01 2.09001965e-04
2.32505813e+01 2.38740943e-04
2.47506188e+01 2.70720345e-04
2.62506563e+01 3.04494337e-04
2.77506938e+01 3.40432871e-04
2.92507313e+01 3.78157784e-04
3.07507688e+01 4.18077484e-04
3.22508064e+01 4.59903281e-04
3.37508439e+01 5.03732072e-04
3.52508814e+01 5.49603234e-04
3.67509189e+01 5.97301071e-04
3.82509564e+01 6.47114023e-04
3.97509939e+01 6.98821191e-04
4.12510314e+01 7.52711947e-04
4.27510689e+01 8.08273653e-04
4.42511064e+01 8.66115661e-04
4.57511439e+01 9.25960647e-04
4.72511814e+01 9.87585937e-04
4.87512189e+01 1.05113595e-03
5.02512564e+01 1.11690704e-03
5.17512939e+01 1.18472159e-03
5.32513314e+01 1.25436834e-03
5.47513689e+01 1.32635829e-03
5.62514064e+01 1.39992054e-03
5.77514439e+01 1.47552492e-03
5.92514814e+01 1.55320925e-03
6.07515189e+01 1.63277632e-03
6.22515564e+01 1.71469634e-03
6.37515939e+01 1.79830857e-03
6.52516315e+01 1.88393248e-03
6.67516690e+01 1.97168210e-03
6.82517065e+01 2.06144837e-03
6.97517440e+01 2.15316277e-03
7.12517815e+01 2.24687100e-03
7.27518190e+01 2.34266556e-03
7.42518565e+01 2.44021263e-03
7.57518940e+01 2.53994633e-03
7.72519315e+01 2.64167104e-03
7.87519690e+01 2.74516840e-03
8.02520065e+01 2.85101334e-03
8.17520440e+01 2.95848561e-03
8.32520815e+01 3.06826442e-03
8.47521190e+01 3.17989033e-03
8.62521565e+01 3.29358398e-03
8.77521940e+01 3.40931620e-03
8.92522315e+01 3.52712891e-03
9.07522690e+01 3.64673984e-03
9.22523065e+01 3.76848530e-03
9.37523440e+01 3.89220315e-03
9.52523815e+01 4.01796806e-03
9.67524191e+01 4.14568932e-03
9.82524566e+01 4.27523194e-03
9.97524941e+01 4.40699663e-03
1.01252532e+02 4.54065195e-03
1.02752569e+02 4.67645447e-03
1.04252607e+02 4.81419064e-03
1.05752644e+02 4.95406226e-03
1.07252682e+02 5.09584020e-03
1.08752719e+02 5.23957357e-03
1.10252757e+02 5.38539334e-03
1.11752794e+02 5.53314232e-03
1.13252832e+02 5.68299716e-03
1.14752869e+02 5.83496443e-03
1.16252907e+02 5.98902757e-03
1.17752944e+02 6.14487276e-03
1.19252982e+02 6.30249661e-03
1.20753019e+02 6.46246060e-03
1.22253057e+02 6.62432903e-03
1.23753094e+02 6.78817412e-03
1.25253132e+02 6.95415609e-03
1.26753169e+02 7.12213075e-03
1.28253207e+02 7.29200046e-03
1.29753244e+02 7.46395039e-03
1.31253282e+02 7.63806445e-03
1.32753319e+02 7.81414548e-03
1.34253357e+02 7.99228357e-03
1.35753394e+02 8.17245140e-03
1.37253432e+02 8.35449257e-03
1.38753469e+02 8.53851699e-03
1.40253507e+02 8.72454794e-03
1.41753544e+02 8.91292421e-03
1.43253582e+02 9.10293921e-03
1.44753619e+02 9.29528056e-03
1.46253657e+02 9.48952772e-03
1.47753694e+02 9.68592724e-03
1.49253732e+02 9.88428515e-03
1.50753769e+02 1.00846108e-02
1.52253807e+02 1.02868799e-02
1.53753844e+02 1.04913966e-02
1.55253882e+02 1.06976547e-02
1.56753919e+02 1.09061696e-02
1.58253957e+02 1.11167448e-02
1.59753994e+02 1.13292346e-02
1.61254032e+02 1.15437579e-02
1.62754069e+02 1.17602732e-02
1.64254107e+02 1.19788406e-02
1.65754144e+02 1.21997623e-02
1.67254182e+02 1.24224103e-02
1.68754219e+02 1.26471438e-02
1.70254257e+02 1.28739758e-02
1.71754294e+02 1.31028332e-02
1.73254332e+02 1.33336994e-02
1.74754369e+02 1.35666962e-02
1.76254407e+02 1.38016265e-02
1.77754444e+02 1.40385035e-02
1.79254482e+02 1.42774870e-02
1.80754519e+02 1.45188503e-02
1.82254557e+02 1.47620521e-02
1.83754594e+02 1.50071661e-02
1.85254632e+02 1.52542973e-02
1.86754669e+02 1.55038386e-02
1.88254707e+02 1.57551567e-02
1.89754744e+02 1.60085072e-02
1.91254782e+02 1.62638880e-02
1.92754819e+02 1.65214930e-02
1.94254857e+02 1.67810035e-02
1.95754894e+02 1.70427668e-02
1.97254932e+02 1.73063223e-02
1.98754969e+02 1.75722398e-02
2.00255007e+02 1.78400801e-02
2.01755044e+02 1.81098172e-02
2.03255082e+02 1.83817478e-02
2.04755119e+02 1.86557787e-02
2.06255157e+02 1.89318088e-02
2.07755194e+02 1.92099083e-02
2.09255232e+02 1.94901558e-02
2.10755269e+02 1.97725183e-02
2.12255307e+02 2.00568108e-02
2.13755344e+02 2.03431400e-02
2.15255382e+02 2.06317241e-02
2.16755419e+02 2.09222924e-02
2.18255457e+02 2.12149547e-02
2.19755494e+02 2.15095908e-02
2.21255532e+02 2.18062446e-02
2.22755569e+02 2.21051268e-02
2.24255607e+02 2.24061779e-02
2.25755644e+02 2.27091774e-02
2.27255682e+02 2.30143436e-02
2.28755719e+02 2.33215072e-02
2.30255757e+02 2.36307117e-02
2.31755794e+02 2.39420302e-02
2.33255832e+02 2.42556204e-02
2.34755869e+02 2.45711574e-02
2.36255907e+02 2.48886134e-02
2.37755944e+02 2.52082366e-02
2.39255982e+02 2.55301232e-02
2.40756020e+02 2.58541403e-02
2.42256057e+02 2.61801508e-02
2.43756095e+02 2.65081973e-02
2.45256132e+02 2.68384081e-02
2.46756170e+02 2.71707732e-02
2.48256207e+02 2.75049660e-02
2.49756245e+02 2.78414086e-02
2.51256282e+02 2.81800793e-02
2.52756320e+02 2.85206747e-02
2.54256357e+02 2.88635272e-02
2.55756395e+02 2.92084839e-02
2.57256432e+02 2.95555453e-02
2.58756470e+02 2.99046262e-02
2.60256507e+02 3.02560064e-02
2.61756545e+02 3.06093233e-02
2.63256582e+02 3.09648649e-02
2.64756620e+02 3.13225544e-02
2.66256657e+02 3.16821847e-02
2.67756695e+02 3.20439307e-02
2.69256732e+02 3.24076238e-02
2.70756770e+02 3.27737163e-02
2.72256807e+02 3.31420415e-02
2.73756845e+02 3.35123977e-02
2.75256882e+02 3.38847940e-02
2.76756920e+02 3.42593451e-02
2.78256957e+02 3.46361365e-02
2.79756995e+02 3.50150306e-02
2.81257032e+02 3.53960782e-02
2.82757070e+02 3.57790367e-02
2.84257107e+02 3.61641527e-02
2.85757145e+02 3.65517863e-02
2.87257182e+02 3.69412307e-02
2.88757220e+02 3.73328541e-02
2.90257257e+02 3.77267326e-02
2.91757295e+02 3.81226559e-02
2.93257332e+02 3.85207083e-02
2.94757370e+02 3.89208684e-02
2.96257407e+02 3.93233251e-02
2.97757445e+02 3.97278144e-02
2.99257482e+02 4.01344370e-02
3.00757520e+02 4.05435158e-02
3.02257557e+02 4.09545105e-02
3.03757595e+02 4.13676887e-02
3.05257632e+02 4.17831527e-02
3.06757670e+02 4.22005908e-02
3.08257707e+02 4.26205058e-02
3.09757745e+02 4.30422739e-02
3.11257782e+02 4.34662771e-02
3.12757820e+02 4.38924887e-02
3.14257857e+02 4.43206500e-02
3.15757895e+02 4.47511604e-02
3.17257932e+02 4.51839663e-02
3.18757970e+02 4.56188676e-02
3.20258007e+02 4.60558703e-02
3.21758045e+02 4.64951855e-02
3.23258082e+02 4.69365726e-02
3.24758120e+02 4.73803015e-02
3.26258157e+02 4.78260201e-02
3.27758195e+02 4.82739699e-02
3.29258232e+02 4.87241220e-02
3.30758270e+02 4.91765411e-02
3.32258307e+02 4.96310568e-02
3.33758345e+02 5.00877624e-02
3.35258382e+02 5.05469123e-02
3.36758420e+02 5.10082640e-02
3.38258457e+02 5.14715869e-02
3.39758495e+02 5.19371555e-02
3.41258532e+02 5.24047941e-02
3.42758570e+02 5.28748903e-02
3.44258607e+02 5.33472919e-02
3.45758645e+02 5.38217440e-02
3.47258682e+02 5.42984300e-02
3.48758720e+02 5.47771427e-02
3.50258757e+02 5.52582077e-02
3.51758795e+02 5.57416069e-02
3.53258832e+02 5.62271587e-02
3.54758870e+02 5.67148606e-02
3.56258907e+02 5.72047972e-02
3.57758945e+02 5.76970754e-02
3.59258982e+02 5.81913724e-02
3.60759020e+02 5.86881671e-02
3.62259057e+02 5.91872114e-02
3.63759095e+02 5.96883814e-02
3.65259132e+02 6.01920189e-02
3.66759170e+02 6.06978060e-02
3.68259207e+02 6.12057606e-02
3.69759245e+02 6.17158614e-02
3.71259282e+02 6.22283681e-02
3.72759320e+02 6.27430419e-02
3.74259357e+02 6.32600314e-02
3.75759395e+02 6.37791021e-02
3.77259432e+02 6.43004633e-02
3.78759470e+02 6.48242337e-02
3.80259507e+02 6.53502745e-02
3.81759545e+02 6.58785236e-02
3.83259582e+02 6.64091283e-02
3.84759620e+02 6.69418480e-02
3.86259657e+02 6.74769912e-02
3.87759695e+02 6.80144074e-02
3.89259732e+02 6.85540366e-02
3.90759770e+02 6.90960623e-02
3.92259807e+02 6.96404732e-02
3.93759845e+02 7.01870492e-02
3.95259882e+02 7.07358413e-02
3.96759920e+02 7.12869801e-02
3.98259957e+02 7.18403263e-02
3.99759995e+02 7.23961891e-02
4.01260033e+02 7.29540316e-02
4.02760070e+02 7.35143704e-02
4.04260108e+02 7.40769090e-02
4.05760145e+02 7.46419689e-02
4.07260183e+02 7.52093851e-02
4.08760220e+02 7.57787913e-02
4.10260258e+02 7.63507304e-02
4.11760295e+02 7.69250601e-02
4.13260333e+02 7.75016364e-02
4.14760370e+02 7.80804384e-02
4.16260408e+02 7.86617136e-02
4.17760445e+02 7.92452819e-02
4.19260483e+02 7.98311402e-02
4.20760520e+02 8.04194099e-02
4.22260558e+02 8.10100282e-02
4.23760595e+02 8.16028986e-02
4.25260633e+02 8.21979276e-02
4.26760670e+02 8.27955921e-02
4.28260708e+02 8.33956720e-02
4.29760745e+02 8.39980125e-02
4.31260783e+02 8.46025734e-02
4.32760820e+02 8.52096117e-02
4.34260858e+02 8.58190830e-02
4.35760895e+02 8.64307591e-02
4.37260933e+02 8.70450102e-02
4.38760970e+02 8.76615836e-02
4.40261008e+02 8.82803710e-02
4.41761045e+02 8.89016217e-02
4.43261083e+02 8.95252486e-02
4.44761120e+02 9.01514999e-02
4.46261158e+02 9.07800423e-02
4.47761195e+02 9.14110477e-02
4.49261233e+02 9.20441802e-02
4.50761270e+02 9.26797230e-02
4.52261308e+02 9.33177442e-02
4.53761345e+02 9.39581016e-02
4.55261383e+02 9.46009810e-02
4.56761420e+02 9.52460725e-02
4.58261458e+02 9.58936851e-02
4.59761495e+02 9.65437197e-02
4.61261533e+02 9.71962594e-02
4.62761570e+02 9.78514060e-02
4.64261608e+02 9.85085934e-02
4.65761645e+02 9.91684354e-02
4.67261683e+02 9.98307027e-02
4.68761720e+02 1.00495412e-01
4.70261758e+02 1.01162462e-01
4.71761795e+02 1.01832148e-01
4.73261833e+02 1.02504202e-01
4.74761870e+02 1.03178600e-01
4.76261908e+02 1.03855464e-01
4.77761945e+02 1.04534808e-01
4.79261983e+02 1.05216611e-01
4.80762020e+02 1.05900893e-01
4.82262058e+02 1.06587690e-01
4.83762095e+02 1.07276795e-01
4.85262133e+02 1.07968384e-01
4.86762170e+02 1.08662681e-01
4.88262208e+02 1.09359367e-01
4.89762245e+02 1.10058518e-01
4.91262283e+02 1.10760274e-01
4.92762320e+02 1.11464523e-01
4.94262358e+02 1.12171031e-01
4.95762395e+02 1.12880036e-01
4.97262433e+02 1.13591705e-01
4.98762470e+02 1.14305754e-01
5.00262508e+02 1.15022483e-01
5.01762545e+02 1.15741565e-01
5.03262583e+02 1.16463258e-01
5.04762620e+02 1.17187483e-01
5.06262658e+02 1.17913922e-01
5.07762695e+02 1.18643390e-01
5.09262733e+02 1.19375192e-01
5.10762770e+02 1.20109687e-01
5.12262808e+02 1.20846541e-01
5.13762845e+02 1.21586031e-01
5.15262883e+02 1.22327913e-01
5.16762920e+02 1.23072548e-01
5.18262958e+02 1.23819478e-01
5.19762995e+02 1.24569111e-01
5.21263033e+02 1.25321157e-01
5.22763070e+02 1.26075923e-01
5.24263108e+02 1.26833142e-01
5.25763145e+02 1.27593107e-01
5.27263183e+02 1.28355563e-01
5.28763220e+02 1.29120802e-01
5.30263258e+02 1.29888297e-01
5.31763295e+02 1.30658684e-01
5.33263333e+02 1.31431481e-01
5.34763370e+02 1.32206754e-01
5.36263408e+02 1.32984876e-01
5.37763445e+02 1.33765561e-01
5.39263483e+02 1.34548749e-01
5.40763520e+02 1.35334781e-01
5.42263558e+02 1.36123159e-01
5.43763595e+02 1.36914249e-01
5.45263633e+02 1.37708101e-01
5.46763670e+02 1.38504444e-01
5.48263708e+02 1.39303485e-01
5.49763745e+02 1.40105122e-01
5.51263783e+02 1.40909221e-01
5.52763820e+02 1.41715998e-01
5.54263858e+02 1.42525752e-01
5.55763895e+02 1.43338117e-01
5.57263933e+02 1.44152841e-01
5.58763970e+02 1.44970319e-01
5.60264008e+02 1.45790750e-01
5.61764046e+02 1.46613833e-01
5.63264083e+02 1.47439311e-01
5.64764121e+02 1.48267574e-01
5.66264158e+02 1.49098487e-01
5.67764196e+02 1.49932146e-01
5.69264233e+02 1.50768564e-01
5.70764271e+02 1.51607505e-01
5.72264308e+02 1.52449407e-01
5.73764346e+02 1.53293800e-01
5.75264383e+02 1.54140937e-01
5.76764421e+02 1.54990805e-01
5.78264458e+02 1.55843438e-01
5.79764496e+02 1.56698751e-01
5.81264533e+02 1.57556720e-01
5.82764571e+02 1.58417480e-01
5.84264608e+02 1.59281026e-01
5.85764646e+02 1.60147443e-01
5.87264683e+02 1.61016273e-01
5.88764721e+02 1.61888122e-01
5.90264758e+02 1.62762734e-01
5.91764796e+02 1.63640097e-01
5.93264833e+02 1.64520004e-01
5.94764871e+02 1.65403020e-01
5.96264908e+02 1.66288620e-01
5.97764946e+02 1.67176951e-01
5.99264983e+02 1.68068207e-01
6.00765021e+02 1.68962055e-01
6.02265058e+02 1.69858940e-01
6.03765096e+02 1.70758423e-01
6.05265133e+02 1.71660924e-01
6.06765171e+02 1.72565977e-01
6.08265208e+02 1.73474084e-01
6.09765246e+02 1.74384966e-01
6.11265283e+02 1.75298619e-01
6.12765321e+02 1.76215105e-01
6.14265358e+02 1.77134300e-01
6.15765396e+02 1.78056489e-01
6.17265433e+02 1.78981346e-01
6.18765471e+02 1.79909266e-01
6.20265508e+02 1.80840056e-01
6.21765546e+02 1.81773503e-01
6.23265583e+02 1.82710095e-01
6.24765621e+02 1.83649383e-01
6.26265658e+02 1.84591566e-01
6.27765696e+02 1.85536729e-01
6.29265733e+02 1.86484374e-01
6.30765771e+02 1.87435162e-01
6.32265808e+02 1.88388840e-01
6.33765846e+02 1.89345422e-01
6.35265883e+02 1.90304993e-01
6.36765921e+02 1.91267485e-01
6.38265958e+02 1.92232806e-01
6.39765996e+02 1.93201010e-01
6.41266033e+02 1.94172163e-01
6.42766071e+02 1.95146218e-01
6.44266108e+02 1.96123417e-01
6.45766146e+02 1.97103567e-01
6.47266183e+02 1.98086499e-01
6.48766221e+02 1.99072350e-01
6.50266258e+02 2.00061174e-01
6.51766296e+02 2.01052864e-01
6.53266333e+02 2.02047600e-01
6.54766371e+02 2.03045275e-01
6.56266408e+02 2.04046133e-01
6.57766446e+02 2.05049941e-01
6.59266483e+02 2.06056612e-01
6.60766521e+02 2.07066247e-01
6.62266558e+02 2.08078928e-01
6.63766596e+02 2.09094801e-01
6.65266633e+02 2.10113527e-01
6.66766671e+02 2.11135145e-01
6.68266708e+02 2.12160025e-01
6.69766746e+02 2.13187898e-01
6.71266783e+02 2.14218801e-01
6.72766821e+02 2.15252658e-01
6.74266858e+02 2.16289499e-01
6.75766896e+02 2.17329474e-01
6.77266933e+02 2.18372460e-01
6.78766971e+02 2.19418579e-01
6.80267008e+02 2.20467671e-01
6.81767046e+02 2.21519925e-01
6.83267083e+02 2.22575212e-01
6.84767121e+02 2.23633606e-01
6.86267158e+02 2.24695287e-01
6.87767196e+02 2.25759803e-01
6.89267233e+02 2.26827775e-01
6.90767271e+02 2.27898453e-01
6.92267308e+02 2.28972590e-01
6.93767346e+02 2.30049579e-01
6.95267383e+02 2.31129733e-01
6.96767421e+02 2.32213219e-01
6.98267458e+02 2.33299563e-01
6.99767496e+02 2.34389180e-01
7.01267533e+02 2.35482040e-01
7.02767571e+02 2.36578060e-01
7.04267608e+02 2.37677308e-01
7.05767646e+02 2.38779544e-01
7.07267683e+02 2.39885295e-01
7.08767721e+02 2.40993672e-01
7.10267758e+02 2.42105825e-01
7.11767796e+02 2.43220756e-01
7.13267833e+02 2.44339154e-01
7.14767871e+02 2.45460740e-01
7.16267908e+02 2.46585457e-01
7.17767946e+02 2.47713394e-01
7.19267983e+02 2.48844560e-01
7.20768021e+02 2.49979114e-01
7.22268059e+02 2.51117061e-01
7.23768096e+02 2.52257824e-01
7.25268134e+02 2.53402112e-01
7.26768171e+02 2.54549412e-01
7.28268209e+02 2.55700190e-01
7.29768246e+02 2.56854588e-01
7.31268284e+02 2.58011884e-01
7.32768321e+02 2.59172708e-01
7.34268359e+02 2.60336614e-01
7.35768396e+02 2.61504059e-01
7.37268434e+02 2.62674667e-01
7.38768471e+02 2.63848703e-01
7.40268509e+02 2.65025990e-01
7.41768546e+02 2.66206433e-01
7.43268584e+02 2.67390325e-01
7.44768621e+02 2.68577867e-01
7.46268659e+02 2.69768661e-01
7.47768696e+02 2.70962667e-01
7.49268734e+02 2.72160093e-01
7.50768771e+02 2.73361071e-01
7.52268809e+02 2.74565403e-01
7.53768846e+02 2.75773099e-01
7.55268884e+02 2.76984171e-01
7.56768921e+02 2.78198757e-01
7.58268959e+02 2.79416838e-01
7.59768996e+02 2.80638271e-01
7.61269034e+02 2.81863124e-01
7.62769071e+02 2.83091459e-01
7.64269109e+02 2.84323194e-01
7.65769146e+02 2.85558345e-01
7.67269184e+02 2.86797129e-01
7.68769221e+02 2.88039382e-01
7.70269259e+02 2.89285050e-01
7.71769296e+02 2.90534446e-01
7.73269334e+02 2.91787081e-01
7.74769371e+02 2.93043339e-01
7.76269409e+02 2.94303256e-01
7.77769446e+02 2.95566462e-01
7.79269484e+02 2.96833334e-01
7.80769521e+02 2.98103789e-01
7.82269559e+02 2.99377804e-01
7.83769596e+02 3.00655332e-01
7.85269634e+02 3.01936550e-01
7.86769671e+02 3.03221341e-01
7.88269709e+02 3.04509745e-01
7.89769746e+02 3.05801697e-01
7.91269784e+02 3.07097212e-01
7.92769821e+02 3.08396309e-01
7.94269859e+02 3.09699169e-01
7.95769896e+02 3.11005689e-01
7.97269934e+02 3.12315718e-01
7.98769971e+02 3.13629634e-01
8.00270009e+02 3.14947206e-01
8.01770046e+02 3.16268500e-01
8.03270084e+02 3.17593329e-01
8.04770121e+02 3.18921772e-01
8.06270159e+02 3.20254129e-01
8.07770196e+02 3.21590028e-01
8.09270234e+02 3.22929707e-01
8.10770271e+02 3.24272914e-01
8.12270309e+02 3.25620110e-01
8.13770346e+02 3.26970907e-01
8.15270384e+02 3.28325606e-01
8.16770421e+02 3.29683892e-01
8.18270459e+02 3.31046347e-01
8.19770496e+02 3.32412221e-01
8.21270534e+02 3.33782374e-01
8.22770571e+02 3.35155991e-01
8.24270609e+02 3.36533419e-01
8.25770646e+02 3.37914787e-01
8.27270684e+02 3.39299730e-01
8.28770721e+02 3.40688838e-01
8.30270759e+02 3.42081568e-01
8.31770796e+02 3.43478041e-01
8.33270834e+02 3.44878530e-01
8.34770871e+02 3.46283022e-01
8.36270909e+02 3.47691293e-01
8.37770946e+02 3.49103595e-01
8.39270984e+02 3.50519518e-01
8.40771021e+02 3.51939657e-01
8.42271059e+02 3.53363594e-01
8.43771096e+02 3.54791564e-01
8.45271134e+02 3.56223284e-01
8.46771171e+02 3.57659199e-01
8.48271209e+02 3.59098873e-01
8.49771246e+02 3.60542549e-01
8.51271284e+02 3.61990121e-01
8.52771321e+02 3.63441758e-01
8.54271359e+02 3.64897247e-01
8.55771396e+02 3.66357110e-01
8.57271434e+02 3.67820816e-01
8.58771471e+02 3.69288528e-01
8.60271509e+02 3.70760301e-01
8.61771546e+02 3.72235943e-01
8.63271584e+02 3.73715808e-01
8.64771621e+02 3.75199736e-01
8.66271659e+02 3.76687643e-01
8.67771696e+02 3.78179833e-01
8.69271734e+02 3.79675847e-01
8.70771771e+02 3.81176340e-01
8.72271809e+02 3.82680546e-01
8.73771846e+02 3.84189002e-01
8.75271884e+02 3.85701502e-01
8.76771921e+02 3.87218151e-01
8.78271959e+02 3.88739043e-01
8.79771996e+02 3.90263905e-01
8.81272034e+02 3.91792966e-01
8.82772072e+02 3.93326094e-01
8.84272109e+02 3.94863572e-01
8.85772147e+02 3.96405396e-01
8.87272184e+02 3.97951302e-01
8.88772222e+02 3.99501224e-01
8.90272259e+02 4.01055373e-01
8.91772297e+02 4.02613663e-01
8.93272334e+02 4.04176288e-01
8.94772372e+02 4.05742974e-01
8.96272409e+02 4.07314156e-01
8.97772447e+02 4.08889463e-01
8.99272484e+02 4.10469111e-01
9.00772522e+02 4.12052986e-01
9.02272559e+02 4.13641339e-01
9.03772597e+02 4.15233590e-01
9.05272634e+02 4.16830336e-01
9.06772672e+02 4.18431297e-01
9.08272709e+02 4.20036409e-01
9.09772747e+02 4.21645937e-01
9.11272784e+02 4.23259975e-01
9.12772822e+02 4.24878073e-01
9.14272859e+02 4.26500593e-01
9.15772897e+02 4.28127605e-01
9.17272934e+02 4.29759007e-01
9.18772972e+02 4.31394520e-01
9.20273009e+02 4.33034380e-01
9.21773047e+02 4.34678731e-01
9.23273084e+02 4.36327491e-01
9.24773122e+02 4.37980508e-01
9.26273159e+02 4.39638072e-01
9.27773197e+02 4.41300044e-01
9.29273234e+02 4.42966236e-01
9.30773272e+02 4.44637139e-01
9.32273309e+02 4.46312481e-01
9.33773347e+02 4.47992002e-01
9.35273384e+02 4.49676145e-01
9.36773422e+02 4.51364541e-01
9.38273459e+02 4.53057497e-01
9.39773497e+02 4.54755029e-01
9.41273534e+02 4.56456965e-01
9.42773572e+02 4.58163604e-01
9.44273609e+02 4.59874441e-01
9.45773647e+02 4.61590056e-01
9.47273684e+02 4.63309908e-01
9.48773722e+02 4.65034565e-01
9.50273759e+02 4.66763568e-01
9.51773797e+02 4.68497141e-01
9.53273834e+02 4.70235487e-01
9.54773872e+02 4.71978281e-01
9.56273909e+02 4.73725542e-01
9.57773947e+02 4.75477538e-01
9.59273984e+02 4.77234125e-01
9.60774022e+02 4.78995285e-01
9.62274059e+02 4.80761227e-01
9.63774097e+02 4.82531602e-01
9.65274134e+02 4.84306767e-01
9.66774172e+02 4.86086410e-01
9.68274209e+02 4.87870883e-01
9.69774247e+02 4.89659926e-01
9.71274284e+02 4.91453863e-01
9.72774322e+02 4.93252452e-01
9.74274359e+02 4.95055724e-01
9.75774397e+02 4.96863578e-01
9.77274434e+02 4.98676287e-01
9.78774472e+02 5.00493673e-01
9.80274509e+02 5.02316022e-01
9.81774547e+02 5.04143115e-01
9.83274584e+02 5.05975112e-01
9.84774622e+02 5.07811765e-01
9.86274659e+02 5.09653225e-01
9.87774697e+02 5.11499724e-01
9.89274734e+02 5.13351171e-01
9.90774772e+02 5.15207036e-01
9.92274809e+02 5.17068170e-01
9.93774847e+02 5.18934252e-01
9.95274884e+02 5.20805035e-01
9.96774922e+02 5.22681046e-01
9.98274959e+02 5.24561760e-01
9.99774997e+02 5.26447778e-01
1.00127503e+03 5.28338461e-01
1.00277507e+03 5.30234366e-01
1.00427511e+03 5.32135271e-01
1.00577515e+03 5.34041454e-01
1.00727518e+03 5.35952487e-01
1.00877522e+03 5.37868722e-01
1.01027526e+03 5.39789971e-01
1.01177530e+03 5.41716492e-01
1.01327533e+03 5.43648092e-01
1.01477537e+03 5.45585259e-01
1.01627541e+03 5.47527166e-01
1.01777545e+03 5.49474748e-01
1.01927548e+03 5.51427240e-01
1.02077552e+03 5.53385286e-01
1.02227556e+03 5.55348388e-01
1.02377560e+03 5.57317079e-01
1.02527563e+03 5.59291112e-01
1.02677567e+03 5.61270548e-01
1.02827571e+03 5.63255282e-01
1.02977575e+03 5.65245837e-01
1.03127578e+03 5.67241625e-01
1.03277582e+03 5.69242958e-01
1.03427586e+03 5.71249914e-01
1.03577590e+03 5.73262399e-01
1.03727593e+03 5.75280470e-01
1.03877597e+03 5.77304193e-01
1.04027601e+03 5.79333696e-01
1.04177605e+03 5.81368773e-01
1.04327608e+03 5.83409798e-01
1.04477612e+03 5.85456380e-01
1.04627616e+03 5.87508956e-01
1.04777620e+03 5.89567329e-01
1.04927623e+03 5.91631633e-01
1.05077627e+03 5.93701869e-01
1.05227631e+03 5.95778106e-01
1.05377635e+03 5.97860174e-01
1.05527638e+03 5.99948472e-01
1.05677642e+03 6.02042630e-01
1.05827646e+03 6.04143070e-01
1.05977650e+03 6.06249827e-01
1.06127653e+03 6.08362551e-01
1.06277657e+03 6.10481520e-01
1.06427661e+03 6.12606935e-01
1.06577665e+03 6.14738587e-01
1.06727668e+03 6.16876589e-01
1.06877672e+03 6.19021059e-01
1.07027676e+03 6.21172041e-01
1.07177680e+03 6.23329416e-01
1.07327683e+03 6.25493370e-01
1.07477687e+03 6.27663975e-01
1.07627691e+03 6.29841123e-01
1.07777695e+03 6.32025241e-01
1.07927698e+03 6.34216004e-01
1.08077702e+03 6.36413687e-01
1.08227706e+03 6.38617878e-01
1.08377710e+03 6.40829072e-01
1.08527713e+03 6.43047411e-01
1.08677717e+03 6.45272629e-01
1.08827721e+03 6.47504705e-01
1.08977725e+03 6.49744133e-01
1.09127728e+03 6.51990560e-01
1.09277732e+03 6.54244507e-01
1.09427736e+03 6.56505628e-01
1.09577740e+03 6.58774059e-01
1.09727743e+03 6.61049848e-01
1.09877747e+03 6.63333019e-01
1.10027751e+03 6.65623547e-01
1.10177755e+03 6.67921841e-01
1.10327758e+03 6.70227688e-01
1.10477762e+03 6.72541072e-01
1.10627766e+03 6.74862203e-01
1.10777770e+03 6.77191497e-01
1.10927773e+03 6.79528221e-01
1.11077777e+03 6.81872826e-01
1.11227781e+03 6.84225920e-01
1.11377785e+03 6.86586762e-01
1.11527788e+03 6.88955789e-01
1.11677792e+03 6.91332722e-01
1.11827796e+03 6.93717758e-01
1.11977800e+03 6.96111562e-01
1.12127803e+03 6.98513419e-01
1.12277807e+03 7.00923802e-01
1.12427811e+03 7.03342599e-01
1.12577815e+03 7.05769788e-01
1.12727818e+03 7.08205674e-01
1.12877822e+03 7.10650333e-01
1.13027826e+03 7.13103695e-01
1.13177830e+03 7.15565820e-01
1.13327833e+03 7.18037142e-01
1.13477837e+03 7.20517037e-01
1.13627841e+03 7.23006097e-01
1.13777845e+03 7.25504190e-01
1.13927848e+03 7.28011539e-01
1.14077852e+03 7.30528127e-01
1.14227856e+03 7.33053976e-01
1.14377860e+03 7.35589150e-01
1.14527863e+03 7.38133813e-01
1.14677867e+03 7.40688129e-01
1.14827871e+03 7.43252123e-01
1.14977875e+03 7.45825521e-01
1.15127878e+03 7.48408706e-01
1.15277882e+03 7.51001868e-01
1.15427886e+03 7.53604801e-01
1.15577890e+03 7.56217719e-01
1.15727893e+03 7.58840748e-01
1.15877897e+03 7.61473838e-01
1.16027901e+03 7.64117178e-01
1.16177905e+03 7.66771043e-01
1.16327908e+03 7.69435088e-01
1.16477912e+03 7.72109664e-01
1.16627916e+03 7.74794734e-01
1.16777920e+03 7.77490526e-01
1.16927923e+03 7.80196885e-01
1.17077927e+03 7.82914166e-01
1.17227931e+03 7.85642440e-01
1.17377935e+03 7.88381330e-01
1.17527938e+03 7.91131621e-01
1.17677942e+03 7.93892908e-01
1.17827946e+03 7.96665378e-01
1.17977950e+03 7.99449229e-01
1.18127953e+03 8.02244350e-01
1.18277957e+03 8.05051071e-01
1.18427961e+03 8.07869414e-01
1.18577965e+03 8.10699430e-01
1.18727968e+03 8.13541135e-01
1.18877972e+03 8.16394763e-01
1.19027976e+03 8.19260393e-01
1.19177980e+03 8.22138157e-01
1.19327983e+03 8.25028004e-01
1.19477987e+03 8.27930060e-01
1.19627991e+03 8.30844627e-01
1.19777995e+03 8.33771552e-01
1.19927998e+03 8.36711122e-01
1.20078002e+03 8.39663140e-01
1.20228006e+03 8.42627910e-01
1.20378010e+03 8.45605663e-01
1.20528014e+03 8.48596463e-01
1.20678017e+03 8.51600366e-01
1.20828021e+03 8.54617314e-01
1.20978025e+03 8.57647481e-01
1.21128029e+03 8.60691321e-01
1.21278032e+03 8.63748514e-01
1.21428036e+03 8.66819352e-01
1.21578040e+03 8.69904067e-01
1.21728044e+03 8.73002314e-01
1.21878047e+03 8.76114617e-01
1.22028051e+03 8.79241106e-01
1.22178055e+03 8.82381668e-01
1.22328059e+03 8.85536553e-01
1.22478062e+03 8.88705874e-01
1.22628066e+03 8.91889846e-01
1.22778070e+03 8.95088335e-01
1.22928074e+03 8.98301741e-01
1.23078077e+03 9.01530196e-01
1.23228081e+03 9.04773555e-01
1.23378085e+03 9.08032194e-01
1.23528089e+03 9.11306027e-01
1.23678092e+03 9.14595316e-01
1.23828096e+03 9.17900038e-01
1.23978100e+03 9.21220394e-01
1.24128104e+03 9.24556611e-01
1.24278107e+03 9.27908888e-01
1.24428111e+03 9.31277168e-01
1.24578115e+03 9.34661601e-01
1.24728119e+03 9.38062472e-01
1.24878122e+03 9.41479896e-01
1.25028126e+03 9.44913860e-01
1.25178130e+03 9.48364496e-01
1.25328134e+03 9.51832208e-01
1.25478137e+03 9.55316964e-01
1.25628141e+03 9.58818812e-01
1.25778145e+03 9.62338113e-01
1.25928149e+03 9.65874807e-01
1.26078152e+03 9.69429172e-01
1.26228156e+03 9.73001300e-01
1.26378160e+03 9.76591254e-01
1.26528164e+03 9.80199177e-01
1.26678167e+03 9.83825589e-01
1.26828171e+03 9.87470337e-01
1.26978175e+03 9.91133329e-01
1.27128179e+03 9.94815232e-01
1.27278182e+03 9.98516126e-01
1.27428186e+03 1.00223565e+00
1.27578190e+03 1.00597441e+00
1.27728194e+03 1.00973239e+00
1.27878197e+03 1.01350988e+00
1.28028201e+03 1.01730718e+00
1.28178205e+03 1.02112413e+00
1.28328209e+03 1.02496106e+00
1.28478212e+03 1.02881796e+00
1.28628216e+03 1.03269519e+00
1.28778220e+03 1.03659282e+00
1.28928224e+03 1.04051104e+00
1.29078227e+03 1.04445000e+00
1.29228231e+03 1.04840991e+00
1.29378235e+03 1.05239075e+00
1.29528239e+03 1.05639295e+00
1.29678242e+03 1.06041655e+00
1.29828246e+03 1.06446179e+00
1.29978250e+03 1.06852855e+00
1.30128254e+03 1.07261725e+00
1.30278257e+03 1.07672811e+00
1.30428261e+03 1.08086134e+00
1.30578265e+03 1.08501696e+00
1.30728269e+03 1.08919498e+00
1.30878272e+03 1.09339597e+00
1.31028276e+03 1.09761984e+00
1.31178280e+03 1.10186661e+00
1.31328284e+03 1.10613682e+00
1.31478287e+03 1.11043052e+00
1.31628291e+03 1.11474790e+00
1.31778295e+03 1.11908895e+00
1.31928299e+03 1.12345392e+00
1.32078302e+03 1.12784306e+00
1.32228306e+03 1.13225659e+00
1.32378310e+03 1.13669457e+00
1.32528314e+03 1.14115697e+00
1.32678317e+03 1.14564431e+00
1.32828321e+03 1.15015696e+00
1.32978325e+03 1.15469448e+00
1.33128329e+03 1.15925741e+00
1.33278332e+03 1.16384573e+00
1.33428336e+03 1.16845975e+00
1.33578340e+03 1.17309983e+00
1.33728344e+03 1.17776580e+00
1.33878347e+03 1.18245825e+00
1.34028351e+03 1.18717685e+00
1.34178355e+03 1.19192199e+00
1.34328359e+03 1.19669389e+00
1.34478362e+03 1.20149242e+00
1.34628366e+03 1.20631816e+00
1.34778370e+03 1.21117117e+00
1.34928374e+03 1.21605155e+00
1.35078377e+03 1.22095958e+00
1.35228381e+03 1.22589519e+00
1.35378385e+03 1.23085887e+00
1.35528389e+03 1.23585057e+00
1.35678392e+03 1.24087048e+00
1.35828396e+03 1.24591874e+00
1.35978400e+03 1.25099563e+00
1.36128404e+03 1.25610118e+00
1.36278407e+03 1.26123573e+00
1.36428411e+03 1.26639915e+00
1.36578415e+03 1.27159175e+00
1.36728419e+03 1.27681379e+00
1.36878422e+03 1.28206546e+00
1.37028426e+03 1.28734677e+00
1.37178430e+03 1.29265796e+00
1.37328434e+03 1.29799916e+00
1.37478437e+03 1.30337060e+00
1.37628441e+03 1.30877216e+00
1.37778445e+03 1.31420427e+00
1.37928449e+03 1.31966702e+00
1.38078452e+03 1.32516050e+00
1.38228456e+03 1.33068517e+00
1.38378460e+03 1.33624083e+00
1.38528464e+03 1.34182784e+00
1.38678467e+03 1.34744617e+00
1.38828471e+03 1.35309593e+00
1.38978475e+03 1.35877734e+00
1.39128479e+03 1.36449086e+00
1.39278482e+03 1.37023624e+00
1.39428486e+03 1.37601381e+00
1.39578490e+03 1.38182370e+00
1.39728494e+03 1.38766591e+00
1.39878497e+03 1.39354098e+00
1.40028501e+03 1.39944848e+00
1.40178505e+03 1.40538893e+00
1.40328509e+03 1.41136236e+00
1.40478512e+03 1.41736925e+00
1.40628516e+03 1.42340947e+00
1.40778520e+03 1.42948299e+00
1.40928524e+03 1.43559004e+00
1.41078527e+03 1.44173111e+00
1.41228531e+03 1.44790607e+00
1.41378535e+03 1.45411483e+00
1.41528539e+03 1.46035803e+00
1.41678542e+03 1.46663534e+00
1.41828546e+03 1.47294734e+00
1.41978550e+03 1.47929378e+00
1.42128554e+03 1.48567513e+00
1.42278557e+03 1.49209123e+00
1.42428561e+03 1.49854258e+00
1.42578565e+03 1.50502923e+00
1.42728569e+03 1.51155108e+00
1.42878572e+03 1.51810846e+00
1.43028576e+03 1.52470143e+00
1.43178580e+03 1.53133037e+00
1.43328584e+03 1.53799516e+00
1.43478587e+03 1.54469604e+00
1.43628591e+03 1.55143303e+00
1.43778595e+03 1.55820659e+00
1.43928599e+03 1.56501673e+00
1.44078602e+03 1.57186350e+00
1.44228606e+03 1.57874710e+00
1.44378610e+03 1.58566768e+00
1.44528614e+03 1.59262553e+00
1.44678617e+03 1.59962074e+00
1.44828621e+03 1.60665329e+00
1.44978625e+03 1.61372365e+00
1.45128629e+03 1.62083155e+00
1.45278632e+03 1.62797749e+00
1.45428636e+03 1.63516161e+00
1.45578640e+03 1.64238404e+00
1.45728644e+03 1.64964476e+00
1.45878647e+03 1.65694425e+00
1.46028651e+03 1.66428233e+00
1.46178655e+03 1.67165942e+00
1.46328659e+03 1.67907560e+00
1.46478662e+03 1.68653090e+00
1.46628666e+03 1.69402574e+00
1.46778670e+03 1.70156001e+00
1.46928674e+03 1.70913411e+00
1.47078677e+03 1.71674804e+00
1.47228681e+03 1.72440220e+00
1.47378685e+03 1.73209645e+00
1.47528689e+03 1.73983111e+00
1.47678692e+03 1.74760641e+00
1.47828696e+03 1.75542236e+00
1.47978700e+03 1.76327930e+00
1.48128704e+03 1.77117725e+00
1.48278707e+03 1.77911630e+00
1.48428711e+03 1.78709678e+00
1.48578715e+03 1.79511870e+00
1.48728719e+03 1.80318256e+00
1.48878722e+03 1.81128812e+00
1.49028726e+03 1.81943557e+00
1.49178730e+03 1.82762546e+00
1.49328734e+03 1.83585767e+00
1.49478737e+03 1.84413221e+00
1.49628741e+03 1.85244922e+00
1.49778745e+03 1.86080918e+00
1.49928749e+03 1.86921185e+00
1.50078752e+03 1.87765761e+00
1.50228756e+03 1.88614657e+00
1.50378760e+03 1.89467869e+00
1.50528764e+03 1.90325435e+00
1.50678767e+03 1.91187348e+00
1.50828771e+03 1.92053622e+00
1.50978775e+03 1.92924302e+00
1.51128779e+03 1.93799343e+00
1.51278782e+03 1.94678774e+00
1.51428786e+03 1.95562643e+00
1.51578790e+03 1.96450897e+00
1.51728794e+03 1.97343595e+00
1.51878797e+03 1.98240725e+00
1.52028801e+03 1.99142295e+00
1.52178805e+03 2.00048314e+00
1.52328809e+03 2.00958796e+00
1.52478812e+03 2.01873723e+00
1.52628816e+03 2.02793139e+00
1.52778820e+03 2.03717014e+00
1.52928824e+03 2.04645359e+00
1.53078827e+03 2.05578198e+00
1.53228831e+03 2.06515484e+00
1.53378835e+03 2.07457268e+00
1.53528839e+03 2.08403526e+00
1.53678842e+03 2.09354295e+00
1.53828846e+03 2.10309526e+00
1.53978850e+03 2.11269257e+00
1.54128854e+03 2.12233430e+00
1.54278857e+03 2.13202095e+00
1.54428861e+03 2.14175209e+00
1.54578865e+03 2.15152798e+00
1.54728869e+03 2.16134854e+00
1.54878872e+03 2.17121349e+00
1.55028876e+03 2.18112299e+00
1.55178880e+03 2.19107666e+00
1.55328884e+03 2.20107465e+00
1.55478887e+03 2.21111673e+00
1.55628891e+03 2.22120281e+00
1.55778895e+03 2.23133266e+00
1.55928899e+03 2.24150667e+00
1.56078902e+03 2.25172397e+00
1.56228906e+03 2.26198509e+00
1.56378910e+03 2.27228939e+00
1.56528914e+03 2.28263668e+00
1.56678917e+03 2.29302707e+00
1.56828921e+03 2.30346026e+00
1.56978925e+03 2.31393602e+00
1.57128929e+03 2.32445416e+00
1.57278932e+03 2.33501451e+00
1.57428936e+03 2.34561673e+00
1.57578940e+03 2.35626088e+00
1.57728944e+03 2.36694606e+00
1.57878947e+03 2.37767287e+00
1.58028951e+03 2.38844038e+00
1.58178955e+03 2.39924905e+00
1.58328959e+03 2.41009771e+00
1.58478962e+03 2.42098691e+00
1.58628966e+03 2.43191573e+00
1.58778970e+03 2.44288426e+00
1.58928974e+03 2.45389228e+00
1.59078977e+03 2.46493909e+00
1.59228981e+03 2.47602469e+00
1.59378985e+03 2.48714844e+00
1.59528989e+03 2.49831045e+00
1.59678992e+03 2.50950996e+00
1.59828996e+03 2.52074687e+00
1.59979000e+03 2.53202094e+00
1.60129004e+03 2.54333141e+00
1.60279007e+03 2.55467810e+00
1.60429011e+03 2.56606088e+00
1.60579015e+03 2.57747935e+00
1.60729019e+03 2.58893282e+00
1.60879022e+03 2.60042094e+00
1.61029026e+03 2.61194387e+00
1.61179030e+03 2.62350040e+00
1.61329034e+03 2.63509085e+00
1.61479037e+03 2.64671423e+00
1.61629041e+03 2.65837048e+00
1.61779045e+03 2.67005924e+00
1.61929049e+03 2.68177980e+00
1.62079052e+03 2.69353215e+00
1.62229056e+03 2.70531555e+00
1.62379060e+03 2.71712978e+00
1.62529064e+03 2.72897395e+00
1.62679067e+03 2.74084832e+00
1.62829071e+03 2.75275176e+00
1.62979075e+03 2.76468433e+00
1.63129079e+03 2.77664540e+00
1.63279082e+03 2.78863470e+00
1.63429086e+03 2.80065152e+00
1.63579090e+03 2.81269546e+00
1.63729094e+03 2.82476622e+00
1.63879097e+03 2.83686303e+00
1.64029101e+03 2.84898593e+00
1.64179105e+03 2.86113381e+00
1.64329109e+03 2.87330676e+00
1.64479112e+03 2.88550387e+00
1.64629116e+03 2.89772502e+00
1.64779120e+03 2.90996965e+00
1.64929124e+03 2.92223725e+00
1.65079127e+03 2.93452716e+00
1.65229131e+03 2.94683922e+00
1.65379135e+03 2.95917269e+00
1.65529139e+03 2.97152719e+00
1.65679142e+03 2.98390212e+00
1.65829146e+03 2.99629697e+00
1.65979150e+03 3.00871147e+00
1.66129154e+03 3.02114492e+00
1.66279157e+03 3.03359677e+00
1.66429161e+03 3.04606653e+00
1.66579165e+03 3.05855398e+00
1.66729169e+03 3.07105840e+00
1.66879172e+03 3.08357914e+00
1.67029176e+03 3.09611579e+00
1.67179180e+03 3.10866788e+00
1.67329184e+03 3.12123459e+00
1.67479187e+03 3.13381601e+00
1.67629191e+03 3.14641102e+00
1.67779195e+03 3.15901926e+00
1.67929199e+03 3.17164019e+00
1.68079202e+03 3.18427342e+00
1.68229206e+03 3.19691815e+00
1.68379210e+03 3.20957394e+00
1.68529214e+03 3.22224040e+00
1.68679217e+03 3.23491663e+00
1.68829221e+03 3.24760242e+00
1.68979225e+03 3.26029688e+00
1.69129229e+03 3.27299993e+00
1.69279232e+03 3.28571031e+00
1.69429236e+03 3.29842819e+00
1.69579240e+03 3.31115250e+00
1.69729244e+03 3.32388274e+00
1.69879247e+03 3.33661849e+00
1.70029251e+03 3.34935916e+00
1.70179255e+03 3.36210395e+00
1.70329259e+03 3.37485226e+00
1.70479262e+03 3.38760376e+00
1.70629266e+03 3.40035771e+00
1.70779270e+03 3.41311366e+00
1.70929274e+03 3.42587069e+00
1.71079277e+03 3.43862833e+00
1.71229281e+03 3.45138599e+00
1.71379285e+03 3.46414335e+00
1.71529289e+03 3.47689945e+00
1.71679292e+03 3.48965386e+00
1.71829296e+03 3.50240593e+00
1.71979300e+03 3.51515495e+00
1.72129304e+03 3.52790039e+00
1.72279307e+03 3.54064156e+00
1.72429311e+03 3.55337808e+00
1.72579315e+03 3.56610897e+00
1.72729319e+03 3.57883391e+00
1.72879322e+03 3.59155198e+00
1.73029326e+03 3.60426277e+00
1.73179330e+03 3.61696594e+00
1.73329334e+03 3.62966041e+00
1.73479337e+03 3.64234577e+00
1.73629341e+03 3.65502133e+00
1.73779345e+03 3.66768653e+00
1.73929349e+03 3.68034064e+00
1.74079352e+03 3.69298324e+00
1.74229356e+03 3.70561338e+00
1.74379360e+03 3.71823090e+00
1.74529364e+03 3.73083471e+00
1.74679367e+03 3.74342446e+00
1.74829371e+03 3.75599952e+00
1.74979375e+03 3.76855945e+00
1.75129379e+03 3.78110330e+00
1.75279382e+03 3.79363064e+00
1.75429386e+03 3.80614092e+00
1.75579390e+03 3.81863327e+00
1.75729394e+03 3.83110753e+00
1.75879397e+03 3.84356296e+00
1.76029401e+03 3.85599854e+00
1.76179405e+03 3.86841428e+00
1.76329409e+03 3.88080907e+00
1.76479412e+03 3.89318263e+00
1.76629416e+03 3.90553439e+00
1.76779420e+03 3.91786378e+00
1.76929424e+03 3.93017016e+00
1.77079427e+03 3.94245310e+00
1.77229431e+03 3.95471161e+00
1.77379435e+03 3.96694559e+00
1.77529439e+03 3.97915436e+00
1.77679442e+03 3.99133718e+00
1.77829446e+03 4.00349368e+00
1.77979450e+03 4.01562333e+00
1.78129454e+03 4.02772556e+00
1.78279457e+03 4.03979983e+00
1.78429461e+03 4.05184568e+00
1.78579465e+03 4.06386241e+00
1.78729469e+03 4.07584999e+00
1.78879472e+03 4.08780733e+00
1.79029476e+03 4.09973419e+00
1.79179480e+03 4.11163008e+00
1.79329484e+03 4.12349432e+00
1.79479487e+03 4.13532685e+00
1.79629491e+03 4.14712675e+00
1.79779495e+03 4.15889391e+00
1.79929499e+03 4.17062739e+00
1.80079502e+03 4.18232715e+00
1.80229506e+03 4.19399265e+00
1.80379510e+03 4.20562346e+00
1.80529514e+03 4.21721910e+00
1.80679517e+03 4.22877900e+00
1.80829521e+03 4.24030291e+00
1.80979525e+03 4.25179022e+00
1.81129529e+03 4.26324090e+00
1.81279532e+03 4.27465444e+00
1.81429536e+03 4.28603017e+00
1.81579540e+03 4.29736782e+00
1.81729544e+03 4.30866712e+00
1.81879547e+03 4.31992765e+00
1.82029551e+03 4.33114910e+00
1.82179555e+03 4.34233088e+00
1.82329559e+03 4.35347304e+00
1.82479562e+03 4.36457464e+00
1.82629566e+03 4.37563604e+00
1.82779570e+03 4.38665644e+00
1.82929574e+03 4.39763575e+00
1.83079577e+03 4.40857334e+00
1.83229581e+03 4.41946952e+00
1.83379585e+03 4.43032346e+00
1.83529589e+03 4.44113521e+00
1.83679592e+03 4.45190414e+00
1.83829596e+03 4.46263026e+00
1.83979600e+03 4.47331322e+00
1.84129604e+03 4.48395290e+00
1.84279607e+03 4.49454902e+00
1.84429611e+03 4.50510114e+00
1.84579615e+03 4.51560918e+00
1.84729619e+03 4.52607286e+00
1.84879622e+03 4.53649230e+00
1.85029626e+03 4.54686686e+00
1.85179630e+03 4.55719671e+00
1.85329634e+03 4.56748159e+00
1.85479637e+03 4.57772100e+00
1.85629641e+03 4.58791530e+00
1.85779645e+03 4.59806400e+00
1.85929649e+03 4.60816712e+00
1.86079652e+03 4.61822445e+00
1.86229656e+03 4.62823597e+00
1.86379660e+03 4.63820151e+00
1.86529664e+03 4.64812123e+00
1.86679667e+03 4.65799458e+00
1.86829671e+03 4.66782177e+00
1.86979675e+03 4.67760241e+00
1.87129679e+03 4.68733706e+00
1.87279682e+03 4.69702534e+00
1.87429686e+03 4.70666706e+00
1.87579690e+03 4.71626241e+00
1.87729694e+03 4.72581125e+00
1.87879697e+03 4.73531367e+00
1.88029701e+03 4.74476947e+00
1.88179705e+03 4.75417904e+00
1.88329709e+03 4.76354237e+00
1.88479712e+03 4.77285918e+00
1.88629716e+03 4.78212952e+00
1.88779720e+03 4.79135389e+00
1.88929724e+03 4.80053188e+00
1.89079727e+03 4.80966391e+00
1.89229731e+03 4.81874966e+00
1.89379735e+03 4.82778956e+00
1.89529739e+03 4.83678350e+00
1.89679742e+03 4.84573183e+00
1.89829746e+03 4.85463439e+00
1.89979750e+03 4.86349151e+00
1.90129754e+03 4.87230335e+00
1.90279757e+03 4.88106986e+00
1.90429761e+03 4.88979136e+00
1.90579765e+03 4.89846811e+00
1.90729769e+03 4.90709991e+00
1.90879772e+03 4.91568706e+00
1.91029776e+03 4.92422997e+00
1.91179780e+03 4.93272867e+00
1.91329784e+03 4.94118312e+00
1.91479787e+03 4.94959392e+00
1.91629791e+03 4.95796096e+00
1.91779795e+03 4.96628471e+00
1.91929799e+03 4.97456515e+00
1.92079802e+03 4.98280258e+00
1.92229806e+03 4.99099738e+00
1.92379810e+03 4.99914955e+00
1.92529814e+03 5.00725935e+00
1.92679817e+03 5.01532718e+00
1.92829821e+03 5.02335303e+00
1.92979825e+03 5.03133728e+00
1.93129829e+03 5.03928029e+00
1.93279832e+03 5.04718232e+00
1.93429836e+03 5.05504323e+00
1.93579840e+03 5.06286358e+00
1.93729844e+03 5.07064362e+00
1.93879847e+03 5.07838373e+00
1.94029851e+03 5.08608376e+00
1.94179855e+03 5.09374433e+00
1.94329859e+03 5.10136545e+00
1.94479862e+03 5.10894747e+00
1.94629866e+03 5.11649087e+00
1.94779870e+03 5.12399568e+00
1.94929874e+03 5.13146219e+00
1.95079877e+03 5.13889070e+00
1.95229881e+03 5.14628171e+00
1.95379885e+03 5.15363496e+00
1.95529889e+03 5.16095112e+00
1.95679892e+03 5.16823032e+00
1.95829896e+03 5.17547277e+00
1.95979900e+03 5.18267878e+00
1.96129904e+03 5.18984876e+00
1.96279907e+03 5.19698280e+00
1.96429911e+03 5.20408122e+00
1.96579915e+03 5.21114420e+00
1.96729919e+03 5.21817225e+00
1.96879922e+03 5.22516551e+00
1.97029926e+03 5.23212401e+00
1.97179930e+03 5.23904808e+00
1.97329934e+03 5.24593831e+00
1.97479937e+03 5.25279481e+00
1.97629941e+03 5.25961779e+00
1.97779945e+03 5.26640748e+00
1.97929949e+03 5.27316436e+00
1.98079952e+03 5.27988836e+00
1.98229956e+03 5.28658004e+00
1.98379960e+03 5.29323940e+00
1.98529964e+03 5.29986692e+00
1.98679967e+03 5.30646271e+00
1.98829971e+03 5.31302709e+00
1.98979975e+03 5.31956045e+00
1.99129979e+03 5.32606311e+00
1.99279982e+03 5.33253500e+00
1.99429986e+03 5.33897689e+00
1.99579990e+03 5.34538865e+00
1.99729994e+03 5.35177081e+00
1.99879997e+03 5.35812319e+00
2.00030001e+03 5.36444661e+00
2.00180005e+03 5.37074132e+00
2.00330009e+03 5.37700714e+00
2.00480013e+03 5.38324459e+00
2.00630016e+03 5.38945404e+00
2.00780020e+03 5.39563590e+00
2.00930024e+03 5.40179031e+00
2.01080028e+03 5.40791730e+00
2.01230031e+03 5.41401754e+00
2.01380035e+03 5.42009114e+00
2.01530039e+03 5.42613844e+00
2.01680043e+03 5.43215971e+00
2.01830046e+03 5.43815545e+00
2.01980050e+03 5.44412548e+00
2.02130054e+03 5.45007035e+00
2.02280058e+03 5.45599061e+00
2.02430061e+03 5.46188625e+00
2.02580065e+03 5.46775772e+00
2.02730069e+03 5.47360537e+00
2.02880073e+03 5.47942916e+00
2.03030076e+03 5.48522963e+00
2.03180080e+03 5.49100711e+00
2.03330084e+03 5.49676188e+00
2.03480088e+03 5.50249448e+00
2.03630091e+03 5.50820453e+00
2.03780095e+03 5.51389282e+00
2.03930099e+03 5.51955978e+00
2.04080103e+03 5.52520544e+00
2.04230106e+03 5.53083024e+00
2.04380110e+03 5.53643415e+00
2.04530114e+03 5.54201792e+00
2.04680118e+03 5.54758168e+00
2.04830121e+03 5.55312555e+00
2.04980125e+03 5.55865007e+00
2.05130129e+03 5.56415534e+00
2.05280133e+03 5.56964192e+00
2.05430136e+03 5.57510973e+00
2.05580140e+03 5.58055932e+00
2.05730144e+03 5.58599095e+00
2.05880148e+03 5.59140492e+00
2.06030151e+03 5.59680152e+00
2.06180155e+03 5.60218058e+00
2.06330159e+03 5.60754299e+00
2.06480163e+03 5.61288875e+00
2.06630166e+03 5.61821824e+00
2.06780170e+03 5.62353150e+00
2.06930174e+03 5.62882914e+00
2.07080178e+03 5.63411100e+00
2.07230181e+03 5.63937752e+00
2.07380185e+03 5.64462900e+00
2.07530189e+03 5.64986577e+00
2.07680193e+03 5.65508770e+00
2.07830196e+03 5.66029561e+00
2.07980200e+03 5.66548917e+00
2.08130204e+03 5.67066911e+00
2.08280208e+03 5.67583527e+00
2.08430211e+03 5.68098818e+00
2.08580215e+03 5.68612776e+00
2.08730219e+03 5.69125431e+00
2.08880223e+03 5.69636849e+00
2.09030226e+03 5.70146997e+00
2.09180230e+03 5.70655918e+00
2.09330234e+03 5.71163614e+00
2.09480238e+03 5.71670110e+00
2.09630241e+03 5.72175440e+00
2.09780245e+03 5.72679636e+00
2.09930249e+03 5.73182688e+00
2.10080253e+03 5.73684614e+00
2.10230256e+03 5.74185449e+00
2.10380260e+03 5.74685210e+00
2.10530264e+03 5.75183932e+00
2.10680268e+03 5.75681610e+00
2.10830271e+03 5.76178236e+00
2.10980275e+03 5.76673859e+00
2.11130279e+03 5.77168478e+00
2.11280283e+03 5.77662136e+00
2.11430286e+03 5.78154819e+00
2.11580290e+03 5.78646563e+00
2.11730294e+03 5.79137377e+00
2.11880298e+03 5.79627266e+00
2.12030301e+03 5.80116265e+00
2.12180305e+03 5.80604394e+00
2.12330309e+03 5.81091603e+00
2.12480313e+03 5.81577971e+00
2.12630316e+03 5.82063466e+00
2.12780320e+03 5.82548160e+00
2.12930324e+03 5.83032022e+00
2.13080328e+03 5.83515065e+00
2.13230331e+03 5.83997306e+00
2.13380335e+03 5.84478750e+00
2.13530339e+03 5.84959419e+00
2.13680343e+03 5.85439310e+00
2.13830346e+03 5.85918450e+00
2.13980350e+03 5.86396853e+00
2.14130354e+03 5.86874516e+00
2.14280358e+03 5.87351443e+00
2.14430361e+03 5.87827655e+00
2.14580365e+03 5.88303141e+00
2.14730369e+03 5.88777949e+00
2.14880373e+03 5.89252059e+00
2.15030376e+03 5.89725472e+00
2.15180380e+03 5.90198216e+00
2.15330384e+03 5.90670288e+00
2.15480388e+03 5.91141695e+00
2.15630391e+03 5.91612446e+00
2.15780395e+03 5.92082528e+00
2.15930399e+03 5.92551965e+00
2.16080403e+03 5.93020814e+00
2.16230406e+03 5.93488990e+00
2.16380410e+03 5.93956578e+00
2.16530414e+03 5.94423537e+00
2.16680418e+03 5.94889884e+00
2.16830421e+03 5.95355614e+00
2.16980425e+03 5.95820751e+00
2.17130429e+03 5.96285293e+00
2.17280433e+03 5.96749265e+00
2.17430436e+03 5.97212650e+00
2.17580440e+03 5.97675434e+00
2.17730444e+03 5.98137675e+00
2.17880448e+03 5.98599337e+00
2.18030451e+03 5.99060447e+00
2.18180455e+03 5.99521009e+00
2.18330459e+03 5.99980998e+00
2.18480463e+03 6.00440453e+00
2.18630466e+03 6.00899382e+00
2.18780470e+03 6.01357773e+00
2.18930474e+03 6.01815640e+00
2.19080478e+03 6.02272956e+00
2.19230481e+03 6.02729795e+00
2.19380485e+03 6.03186112e+00
2.19530489e+03 6.03641940e+00
2.19680493e+03 6.04097262e+00
2.19830496e+03 6.04552106e+00
2.19980500e+03 6.05006452e+00
2.20130504e+03 6.05460323e+00
2.20280508e+03 6.05913726e+00
2.20430511e+03 6.06366649e+00
2.20580515e+03 6.06819146e+00
2.20730519e+03 6.07271196e+00
2.20880523e+03 6.07722804e+00
2.21030526e+03 6.08173975e+00
2.21180530e+03 6.08624727e+00
2.21330534e+03 6.09075051e+00
2.21480538e+03 6.09524973e+00
2.21630541e+03 6.09974478e+00
2.21780545e+03 6.10423589e+00
2.21930549e+03 6.10872313e+00
2.22080553e+03 6.11320666e+00
2.22230556e+03 6.11768635e+00
2.22380560e+03 6.12216253e+00
2.22530564e+03 6.12663500e+00
2.22680568e+03 6.13110412e+00
2.22830571e+03 6.13556964e+00
2.22980575e+03 6.14003195e+00
2.23130579e+03 6.14449106e+00
2.23280583e+03 6.14894696e+00
2.23430586e+03 6.15339967e+00
2.23580590e+03 6.15784938e+00
2.23730594e+03 6.16229598e+00
2.23880598e+03 6.16673979e+00
2.24030601e+03 6.17118092e+00
2.24180605e+03 6.17561912e+00
2.24330609e+03 6.18005468e+00
2.24480613e+03 6.18448790e+00
2.24630616e+03 6.18891839e+00
2.24780620e+03 6.19334657e+00
2.24930624e+03 6.19777215e+00
2.25080628e+03 6.20219546e+00
2.25230631e+03 6.20661663e+00
2.25380635e+03 6.21103530e+00
2.25530639e+03 6.21545206e+00
2.25680643e+03 6.21986664e+00
2.25830646e+03 6.22427912e+00
2.25980650e+03 6.22868981e+00
2.26130654e+03 6.23309848e+00
2.26280658e+03 6.23750528e+00
2.26430661e+03 6.24191032e+00
2.26580665e+03 6.24631357e+00
2.26730669e+03 6.25071509e+00
2.26880673e+03 6.25511502e+00
2.27030676e+03 6.25951306e+00
2.27180680e+03 6.26390964e+00
2.27330684e+03 6.26830467e+00
2.27480688e+03 6.27269804e+00
2.27630691e+03 6.27709028e+00
2.27780695e+03 6.28148099e+00
2.27930699e+03 6.28587055e+00
2.28080703e+03 6.29025873e+00
2.28230706e+03 6.29464557e+00
2.28380710e+03 6.29903114e+00
2.28530714e+03 6.30341547e+00
2.28680718e+03 6.30779870e+00
2.28830721e+03 6.31218105e+00
2.28980725e+03 6.31656212e+00
2.29130729e+03 6.32094229e+00
2.29280733e+03 6.32532169e+00
2.29430736e+03 6.32969990e+00
2.29580740e+03 6.33407731e+00
2.29730744e+03 6.33845404e+00
2.29880748e+03 6.34283010e+00
2.30030751e+03 6.34720523e+00
2.30180755e+03 6.35157963e+00
2.30330759e+03 6.35595355e+00
2.30480763e+03 6.36032686e+00
2.30630766e+03 6.36469976e+00
2.30780770e+03 6.36907216e+00
2.30930774e+03 6.37344421e+00
2.31080778e+03 6.37781599e+00
2.31230781e+03 6.38218732e+00
2.31380785e+03 6.38655829e+00
2.31530789e+03 6.39092920e+00
2.31680793e+03 6.39530006e+00
2.31830796e+03 6.39967064e+00
2.31980800e+03 6.40404128e+00
2.32130804e+03 6.40841192e+00
2.32280808e+03 6.41278270e+00
2.32430811e+03 6.41715338e+00
2.32580815e+03 6.42152459e+00
2.32730819e+03 6.42589572e+00
2.32880823e+03 6.43026754e+00
2.33030826e+03 6.43463949e+00
2.33180830e+03 6.43901181e+00
2.33330834e+03 6.44338452e+00
2.33480838e+03 6.44775797e+00
2.33630841e+03 6.45213181e+00
2.33780845e+03 6.45650649e+00
2.33930849e+03 6.46088191e+00
2.34080853e+03 6.46525800e+00
2.34230856e+03 6.46963474e+00
2.34380860e+03 6.47401234e+00
2.34530864e+03 6.47839090e+00
2.34680868e+03 6.48277020e+00
2.34830871e+03 6.48715066e+00
2.34980875e+03 6.49153223e+00
2.35130879e+03 6.49591475e+00
2.35280883e+03 6.50029850e+00
2.35430886e+03 6.50468342e+00
2.35580890e+03 6.50906925e+00
2.35730894e+03 6.51345648e+00
2.35880898e+03 6.51784490e+00
2.36030901e+03 6.52223455e+00
2.36180905e+03 6.52662583e+00
2.36330909e+03 6.53101810e+00
2.36480913e+03 6.53541183e+00
2.36630916e+03 6.53980688e+00
2.36780920e+03 6.54420351e+00
2.36930924e+03 6.54860153e+00
2.37080928e+03 6.55300085e+00
2.37230931e+03 6.55740174e+00
2.37380935e+03 6.56180421e+00
2.37530939e+03 6.56620824e+00
2.37680943e+03 6.57061369e+00
2.37830946e+03 6.57502077e+00
2.37980950e+03 6.57942923e+00
2.38130954e+03 6.58383938e+00
2.38280958e+03 6.58825103e+00
2.38430961e+03 6.59266442e+00
2.38580965e+03 6.59707919e+00
2.38730969e+03 6.60149569e+00
2.38880973e+03 6.60591389e+00
2.39030976e+03 6.61033360e+00
2.39180980e+03 6.61475485e+00
2.39330984e+03 6.61917804e+00
2.39480988e+03 6.62360272e+00
2.39630991e+03 6.62802916e+00
2.39780995e+03 6.63245722e+00
2.39930999e+03 6.63688672e+00
2.40081003e+03 6.64131814e+00
2.40231006e+03 6.64575116e+00
2.40381010e+03 6.65018586e+00
2.40531014e+03 6.65462236e+00
2.40681018e+03 6.65906062e+00
2.40831021e+03 6.66350046e+00
2.40981025e+03 6.66794218e+00
2.41131029e+03 6.67238547e+00
2.41281033e+03 6.67683061e+00
2.41431036e+03 6.68127751e+00
2.41581040e+03 6.68572611e+00
2.41731044e+03 6.69017669e+00
2.41881048e+03 6.69462907e+00
2.42031051e+03 6.69908331e+00
2.42181055e+03 6.70353915e+00
2.42331059e+03 6.70799690e+00
2.42481063e+03 6.71245661e+00
2.42631066e+03 6.71691809e+00
2.42781070e+03 6.72138145e+00
2.42931074e+03 6.72584688e+00
2.43081078e+03 6.73031431e+00
2.43231081e+03 6.73478356e+00
2.43381085e+03 6.73925477e+00
2.43531089e+03 6.74372802e+00
2.43681093e+03 6.74820327e+00
2.43831096e+03 6.75268062e+00
2.43981100e+03 6.75716018e+00
2.44131104e+03 6.76164153e+00
2.44281108e+03 6.76612525e+00
2.44431111e+03 6.77061113e+00
2.44581115e+03 6.77509893e+00
2.44731119e+03 6.77958919e+00
2.44881123e+03 6.78408148e+00
2.45031126e+03 6.78857615e+00
2.45181130e+03 6.79307305e+00
2.45331134e+03 6.79757231e+00
2.45481138e+03 6.80207410e+00
2.45631141e+03 6.80657814e+00
2.45781145e+03 6.81108451e+00
2.45931149e+03 6.81559333e+00
2.46081153e+03 6.82010484e+00
2.46231156e+03 6.82461864e+00
2.46381160e+03 6.82913495e+00
2.46531164e+03 6.83365405e+00
2.46681168e+03 6.83817570e+00
2.46831171e+03 6.84269983e+00
2.46981175e+03 6.84722660e+00
2.47131179e+03 6.85175651e+00
2.47281183e+03 6.85628903e+00
2.47431186e+03 6.86082427e+00
2.47581190e+03 6.86536243e+00
2.47731194e+03 6.86990346e+00
2.47881198e+03 6.87444742e+00
2.48031201e+03 6.87899403e+00
2.48181205e+03 6.88354387e+00
2.48331209e+03 6.88809667e+00
2.48481213e+03 6.89265238e+00
2.48631216e+03 6.89721133e+00
2.48781220e+03 6.90177331e+00
2.48931224e+03 6.90633866e+00
2.49081228e+03 6.91090710e+00
2.49231231e+03 6.91547871e+00
2.49381235e+03 6.92005359e+00
2.49531239e+03 6.92463165e+00
2.49681243e+03 6.92921327e+00
2.49831246e+03 6.93379823e+00
2.49981250e+03 6.93838638e+00
2.50131254e+03 6.94297830e+00
2.50281258e+03 6.94757336e+00
2.50431261e+03 6.95217205e+00
2.50581265e+03 6.95677426e+00
2.50731269e+03 6.96138015e+00
2.50881273e+03 6.96598957e+00
2.51031276e+03 6.97060249e+00
2.51181280e+03 6.97521901e+00
2.51331284e+03 6.97983926e+00
2.51481288e+03 6.98446329e+00
2.51631291e+03 6.98909118e+00
2.51781295e+03 6.99372286e+00
2.51931299e+03 6.99835807e+00
2.52081303e+03 7.00299743e+00
2.52231306e+03 7.00764062e+00
2.52381310e+03 7.01228761e+00
2.52531314e+03 7.01693859e+00
2.52681318e+03 7.02159351e+00
2.52831321e+03 7.02625247e+00
2.52981325e+03 7.03091545e+00
2.53131329e+03 7.03558228e+00
2.53281333e+03 7.04025328e+00
2.53431336e+03 7.04492837e+00
2.53581340e+03 7.04960757e+00
2.53731344e+03 7.05429086e+00
2.53881348e+03 7.05897842e+00
2.54031351e+03 7.06367024e+00
2.54181355e+03 7.06836634e+00
2.54331359e+03 7.07306663e+00
2.54481363e+03 7.07777116e+00
2.54631366e+03 7.08248021e+00
2.54781370e+03 7.08719357e+00
2.54931374e+03 7.09191127e+00
2.55081378e+03 7.09663327e+00
2.55231381e+03 7.10135975e+00
2.55381385e+03 7.10609083e+00
2.55531389e+03 7.11082627e+00
2.55681393e+03 7.11556618e+00
2.55831396e+03 7.12031074e+00
2.55981400e+03 7.12506005e+00
2.56131404e+03 7.12981365e+00
2.56281408e+03 7.13457213e+00
2.56431411e+03 7.13933530e+00
2.56581415e+03 7.14410311e+00
2.56731419e+03 7.14887564e+00
2.56881423e+03 7.15365307e+00
2.57031426e+03 7.15843528e+00
2.57181430e+03 7.16322248e+00
2.57331434e+03 7.16801435e+00
2.57481438e+03 7.17281125e+00
2.57631441e+03 7.17761313e+00
2.57781445e+03 7.18242026e+00
2.57931449e+03 7.18723209e+00
2.58081453e+03 7.19204923e+00
2.58231456e+03 7.19687140e+00
2.58381460e+03 7.20169871e+00
2.58531464e+03 7.20653119e+00
2.58681468e+03 7.21136923e+00
2.58831471e+03 7.21621252e+00
2.58981475e+03 7.22106123e+00
2.59131479e+03 7.22591524e+00
2.59281483e+03 7.23077453e+00
2.59431486e+03 7.23563936e+00
2.59581490e+03 7.24050997e+00
2.59731494e+03 7.24538598e+00
2.59881498e+03 7.25026760e+00
2.60031501e+03 7.25515512e+00
2.60181505e+03 7.26004818e+00
2.60331509e+03 7.26494715e+00
2.60481513e+03 7.26985204e+00
2.60631516e+03 7.27476282e+00
2.60781520e+03 7.27967941e+00
2.60931524e+03 7.28460204e+00
2.61081528e+03 7.28953071e+00
2.61231531e+03 7.29446560e+00
2.61381535e+03 7.29940667e+00
2.61531539e+03 7.30435411e+00
2.61681543e+03 7.30930780e+00
2.61831546e+03 7.31426779e+00
2.61981550e+03 7.31923433e+00
2.62131554e+03 7.32420719e+00
2.62281558e+03 7.32918675e+00
2.62431561e+03 7.33417286e+00
2.62581565e+03 7.33916558e+00
2.62731569e+03 7.34416516e+00
2.62881573e+03 7.34917167e+00
2.63031576e+03 7.35418499e+00
2.63181580e+03 7.35920535e+00
2.63331584e+03 7.36423265e+00
2.63481588e+03 7.36926703e+00
2.63631591e+03 7.37430861e+00
2.63781595e+03 7.37935761e+00
2.63931599e+03 7.38441381e+00
2.64081603e+03 7.38947743e+00
2.64231606e+03 7.39454833e+00
2.64381610e+03 7.39962700e+00
2.64531614e+03 7.40471314e+00
2.64681618e+03 7.40980702e+00
2.64831621e+03 7.41490875e+00
2.64981625e+03 7.42001834e+00
2.65131629e+03 7.42513572e+00
2.65281633e+03 7.43026113e+00
2.65431636e+03 7.43539453e+00
2.65581640e+03 7.44053617e+00
2.65731644e+03 7.44568617e+00
2.65881648e+03 7.45084435e+00
2.66031651e+03 7.45601095e+00
2.66181655e+03 7.46118614e+00
2.66331659e+03 7.46636972e+00
2.66481663e+03 7.47156210e+00
2.66631666e+03 7.47676312e+00
2.66781670e+03 7.48197305e+00
2.66931674e+03 7.48719184e+00
2.67081678e+03 7.49241953e+00
2.67231681e+03 7.49765660e+00
2.67381685e+03 7.50290270e+00
2.67531689e+03 7.50815795e+00
2.67681693e+03 7.51342262e+00
2.67831696e+03 7.51869687e+00
2.67981700e+03 7.52398046e+00
2.68131704e+03 7.52927378e+00
2.68281708e+03 7.53457678e+00
2.68431711e+03 7.53988974e+00
2.68581715e+03 7.54521276e+00
2.68731719e+03 7.55054559e+00
2.68881723e+03 7.55588852e+00
2.69031726e+03 7.56124172e+00
2.69181730e+03 7.56660537e+00
2.69331734e+03 7.57197931e+00
2.69481738e+03 7.57736402e+00
2.69631741e+03 7.58275905e+00
2.69781745e+03 7.58816494e+00
2.69931749e+03 7.59358180e+00
2.70081753e+03 7.59900959e+00
2.70231756e+03 7.60444835e+00
2.70381760e+03 7.60989855e+00
2.70531764e+03 7.61535975e+00
2.70681768e+03 7.62083272e+00
2.70831771e+03 7.62631693e+00
2.70981775e+03 7.63181314e+00
2.71131779e+03 7.63732072e+00
2.71281783e+03 7.64284044e+00
2.71431786e+03 7.64837206e+00
2.71581790e+03 7.65391594e+00
2.71731794e+03 7.65947205e+00
2.71881798e+03 7.66504048e+00
2.72031801e+03 7.67062144e+00
2.72181805e+03 7.67621484e+00
2.72331809e+03 7.68182091e+00
2.72481813e+03 7.68744012e+00
2.72631816e+03 7.69307203e+00
2.72781820e+03 7.69871732e+00
2.72931824e+03 7.70437559e+00
2.73081828e+03 7.71004728e+00
2.73231831e+03 7.71573250e+00
2.73381835e+03 7.72143121e+00
2.73531839e+03 7.72714367e+00
2.73681843e+03 7.73287022e+00
2.73831846e+03 7.73861064e+00
2.73981850e+03 7.74436513e+00
2.74131854e+03 7.75013378e+00
2.74281858e+03 7.75591686e+00
2.74431861e+03 7.76171450e+00
2.74581865e+03 7.76752669e+00
2.74731869e+03 7.77335366e+00
2.74881873e+03 7.77919555e+00
2.75031876e+03 7.78505241e+00
2.75181880e+03 7.79092438e+00
2.75331884e+03 7.79681158e+00
2.75481888e+03 7.80271436e+00
2.75631891e+03 7.80863253e+00
2.75781895e+03 7.81456634e+00
2.75931899e+03 7.82051614e+00
2.76081903e+03 7.82648185e+00
2.76231906e+03 7.83246367e+00
2.76381910e+03 7.83846142e+00
2.76531914e+03 7.84447571e+00
2.76681918e+03 7.85050667e+00
2.76831921e+03 7.85655408e+00
2.76981925e+03 7.86261804e+00
2.77131929e+03 7.86869881e+00
2.77281933e+03 7.87479671e+00
2.77431936e+03 7.88091189e+00
2.77581940e+03 7.88704406e+00
2.77731944e+03 7.89319393e+00
2.77881948e+03 7.89936102e+00
2.78031951e+03 7.90554609e+00
2.78181955e+03 7.91174871e+00
2.78331959e+03 7.91796934e+00
2.78481963e+03 7.92420801e+00
2.78631966e+03 7.93046485e+00
2.78781970e+03 7.93673988e+00
2.78931974e+03 7.94303338e+00
2.79081978e+03 7.94934554e+00
2.79231981e+03 7.95567625e+00
2.79381985e+03 7.96202599e+00
2.79531989e+03 7.96839453e+00
2.79681993e+03 7.97478206e+00
2.79831996e+03 7.98118887e+00
2.79982000e+03 7.98761495e+00
2.80132004e+03 7.99406059e+00
2.80282008e+03 8.00052584e+00
2.80432012e+03 8.00701064e+00
2.80582015e+03 8.01351537e+00
2.80732019e+03 8.02004007e+00
2.80882023e+03 8.02658478e+00
2.81032027e+03 8.03314979e+00
2.81182030e+03 8.03973510e+00
2.81332034e+03 8.04634105e+00
2.81482038e+03 8.05296722e+00
2.81632042e+03 8.05961435e+00
2.81782045e+03 8.06628250e+00
2.81932049e+03 8.07297160e+00
2.82082053e+03 8.07968169e+00
2.82232057e+03 8.08641302e+00
2.82382060e+03 8.09316592e+00
2.82532064e+03 8.09994021e+00
2.82682068e+03 8.10673624e+00
2.82832072e+03 8.11355387e+00
2.82982075e+03 8.12039345e+00
2.83132079e+03 8.12725486e+00
2.83282083e+03 8.13413857e+00
2.83432087e+03 8.14104437e+00
2.83582090e+03 8.14797286e+00
2.83732094e+03 8.15492371e+00
2.83882098e+03 8.16189752e+00
2.84032102e+03 8.16889364e+00
2.84182105e+03 8.17591291e+00
2.84332109e+03 8.18295523e+00
2.84482113e+03 8.19002065e+00
2.84632117e+03 8.19710935e+00
2.84782120e+03 8.20422146e+00
2.84932124e+03 8.21135713e+00
2.85082128e+03 8.21851648e+00
2.85232132e+03 8.22569943e+00
2.85382135e+03 8.23290623e+00
2.85532139e+03 8.24013728e+00
2.85682143e+03 8.24739237e+00
2.85832147e+03 8.25467162e+00
2.85982150e+03 8.26197520e+00
2.86132154e+03 8.26930315e+00
2.86282158e+03 8.27665581e+00
2.86432162e+03 8.28403319e+00
2.86582165e+03 8.29143526e+00
2.86732169e+03 8.29886213e+00
2.86882173e+03 8.30631400e+00
2.87032177e+03 8.31379106e+00
2.87182180e+03 8.32129310e+00
2.87332184e+03 8.32882064e+00
2.87482188e+03 8.33637375e+00
2.87632192e+03 8.34395215e+00
2.87782195e+03 8.35155616e+00
2.87932199e+03 8.35918602e+00
2.88082203e+03 8.36684172e+00
2.88232207e+03 8.37452324e+00
2.88382210e+03 8.38223070e+00
2.88532214e+03 8.38996433e+00
2.88682218e+03 8.39772436e+00
2.88832222e+03 8.40551059e+00
2.88982225e+03 8.41332307e+00
2.89132229e+03 8.42116198e+00
2.89282233e+03 8.42902747e+00
2.89432237e+03 8.43691964e+00
2.89582240e+03 8.44483836e+00
2.89732244e+03 8.45278390e+00
2.89882248e+03 8.46075623e+00
2.90032252e+03 8.46875566e+00
2.90182255e+03 8.47678189e+00
2.90332259e+03 8.48483499e+00
2.90482263e+03 8.49291507e+00
2.90632267e+03 8.50102238e+00
2.90782270e+03 8.50915683e+00
2.90932274e+03 8.51731832e+00
2.91082278e+03 8.52550709e+00
2.91232282e+03 8.53372320e+00
2.91382285e+03 8.54196633e+00
2.91532289e+03 8.55023685e+00
2.91682293e+03 8.55853462e+00
2.91832297e+03 8.56685969e+00
2.91982300e+03 8.57521185e+00
2.92132304e+03 8.58359150e+00
2.92282308e+03 8.59199845e+00
2.92432312e+03 8.60043280e+00
2.92582315e+03 8.60889399e+00
2.92732319e+03 8.61738272e+00
2.92882323e+03 8.62589851e+00
2.93032327e+03 8.63444166e+00
2.93182330e+03 8.64301172e+00
2.93332334e+03 8.65160919e+00
2.93482338e+03 8.66023374e+00
2.93632342e+03 8.66888512e+00
2.93782345e+03 8.67756363e+00
2.93932349e+03 8.68626904e+00
2.94082353e+03 8.69500138e+00
2.94232357e+03 8.70376054e+00
2.94382360e+03 8.71254645e+00
2.94532364e+03 8.72135905e+00
2.94682368e+03 8.73019820e+00
2.94832372e+03 8.73906399e+00
2.94982375e+03 8.74795629e+00
2.95132379e+03 8.75687493e+00
2.95282383e+03 8.76581990e+00
2.95432387e+03 8.77479088e+00
2.95582390e+03 8.78378791e+00
2.95732394e+03 8.79281092e+00
2.95882398e+03 8.80185990e+00
2.96032402e+03 8.81093460e+00
2.96182405e+03 8.82003479e+00
2.96332409e+03 8.82916049e+00
2.96482413e+03 8.83831135e+00
2.96632417e+03 8.84748755e+00
2.96782420e+03 8.85668868e+00
2.96932424e+03 8.86591440e+00
2.97082428e+03 8.87516501e+00
2.97232432e+03 8.88443991e+00
2.97382435e+03 8.89373925e+00
2.97532439e+03 8.90306253e+00
2.97682443e+03 8.91240985e+00
2.97832447e+03 8.92178087e+00
2.97982450e+03 8.93117542e+00
2.98132454e+03 8.94059347e+00
2.98282458e+03 8.95003454e+00
2.98432462e+03 8.95949863e+00
2.98582465e+03 8.96898560e+00
2.98732469e+03 8.97849489e+00
2.98882473e+03 8.98802672e+00
2.99032477e+03 8.99758060e+00
2.99182480e+03 9.00715645e+00
2.99332484e+03 9.01675396e+00
2.99482488e+03 9.02637287e+00
2.99632492e+03 9.03601306e+00
2.99782495e+03 9.04567434e+00
2.99932499e+03 9.05535636e+00
3.00082503e+03 9.06505890e+00
3.00232507e+03 9.07478174e+00
3.00382510e+03 9.08452474e+00
3.00532514e+03 9.09428766e+00
3.00682518e+03 9.10407001e+00
3.00832522e+03 9.11387187e+00
3.00982525e+03 9.12369285e+00
3.01132529e+03 9.13353269e+00
3.01282533e+03 9.14339117e+00
3.01432537e+03 9.15326797e+00
3.01582540e+03 9.16316280e+00
3.01732544e+03 9.17307562e+00
3.01882548e+03 9.18300599e+00
3.02032552e+03 9.19295366e+00
3.02182555e+03 9.20291847e+00
3.02332559e+03 9.21290033e+00
3.02482563e+03 9.22289865e+00
3.02632567e+03 9.23291330e+00
3.02782570e+03 9.24294404e+00
3.02932574e+03 9.25299066e+00
3.03082578e+03 9.26305277e+00
3.03232582e+03 9.27313021e+00
3.03382585e+03 9.28322277e+00
3.03532589e+03 9.29333019e+00
3.03682593e+03 9.30345207e+00
3.03832597e+03 9.31358833e+00
3.03982600e+03 9.32373847e+00
3.04132604e+03 9.33390253e+00
3.04282608e+03 9.34408012e+00
3.04432612e+03 9.35427107e+00
3.04582615e+03 9.36447503e+00
3.04732619e+03 9.37469201e+00
3.04882623e+03 9.38492162e+00
3.05032627e+03 9.39516361e+00
3.05182630e+03 9.40541767e+00
3.05332634e+03 9.41568369e+00
3.05482638e+03 9.42596147e+00
3.05632642e+03 9.43625113e+00
3.05782645e+03 9.44655180e+00
3.05932649e+03 9.45686375e+00
3.06082653e+03 9.46718651e+00
3.06232657e+03 9.47751994e+00
3.06382660e+03 9.48786401e+00
3.06532664e+03 9.49821842e+00
3.06682668e+03 9.50858295e+00
3.06832672e+03 9.51895737e+00
3.06982675e+03 9.52934178e+00
3.07132679e+03 9.53973573e+00
3.07282683e+03 9.55013904e+00
3.07432687e+03 9.56055170e+00
3.07582690e+03 9.57097356e+00
3.07732694e+03 9.58140421e+00
3.07882698e+03 9.59184375e+00
3.08032702e+03 9.60229195e+00
3.08182705e+03 9.61274866e+00
3.08332709e+03 9.62321371e+00
3.08482713e+03 9.63368708e+00
3.08632717e+03 9.64416848e+00
3.08782720e+03 9.65465794e+00
3.08932724e+03 9.66515517e+00
3.09082728e+03 9.67566027e+00
3.09232732e+03 9.68617302e+00
3.09382735e+03 9.69669328e+00
3.09532739e+03 9.70722102e+00
3.09682743e+03 9.71775607e+00
3.09832747e+03 9.72829850e+00
3.09982750e+03 9.73884793e+00
3.10132754e+03 9.74940482e+00
3.10282758e+03 9.75996867e+00
3.10432762e+03 9.77053953e+00
3.10582765e+03 9.78111740e+00
3.10732769e+03 9.79170215e+00
3.10882773e+03 9.80229375e+00
3.11032777e+03 9.81289255e+00
3.11182780e+03 9.82349789e+00
3.11332784e+03 9.83411049e+00
3.11482788e+03 9.84472989e+00
3.11632792e+03 9.85535601e+00
3.11782795e+03 9.86598886e+00
3.11932799e+03 9.87662860e+00
3.12082803e+03 9.88727508e+00
3.12232807e+03 9.89792857e+00
3.12382810e+03 9.90858874e+00
3.12532814e+03 9.91925593e+00
3.12682818e+03 9.92992987e+00
3.12832822e+03 9.94061067e+00
3.12982825e+03 9.95129837e+00
3.13132829e+03 9.96199293e+00
3.13282833e+03 9.97269426e+00
3.13432837e+03 9.98340245e+00
3.13582840e+03 9.99411726e+00
3.13732844e+03 1.00048388e+01
3.13882848e+03 1.00155670e+01
3.14032852e+03 1.00263022e+01
3.14182855e+03 1.00370438e+01
3.14332859e+03 1.00477923e+01
3.14482863e+03 1.00585474e+01
3.14632867e+03 1.00693089e+01
3.14782870e+03 1.00800770e+01
3.14932874e+03 1.00908516e+01
3.15082878e+03 1.01016325e+01
3.15232882e+03 1.01124196e+01
3.15382885e+03 1.01232130e+01
3.15532889e+03 1.01340126e+01
3.15682893e+03 1.01448184e+01
3.15832897e+03 1.01556301e+01
3.15982900e+03 1.01664478e+01
3.16132904e+03 1.01772713e+01
3.16282908e+03 1.01881007e+01
3.16432912e+03 1.01989357e+01
3.16582915e+03 1.02097761e+01
3.16732919e+03 1.02206219e+01
3.16882923e+03 1.02314731e+01
3.17032927e+03 1.02423297e+01
3.17182930e+03 1.02531911e+01
3.17332934e+03 1.02640576e+01
3.17482938e+03 1.02749288e+01
3.17632942e+03 1.02858047e+01
3.17782945e+03 1.02966850e+01
3.17932949e+03 1.03075698e+01
3.18082953e+03 1.03184588e+01
3.18232957e+03 1.03293519e+01
3.18382960e+03 1.03402487e+01
3.18532964e+03 1.03511495e+01
3.18682968e+03 1.03620539e+01
3.18832972e+03 1.03729617e+01
3.18982975e+03 1.03838728e+01
3.19132979e+03 1.03947869e+01
3.19282983e+03 1.04057041e+01
3.19432987e+03 1.04166242e+01
3.19582990e+03 1.04275471e+01
3.19732994e+03 1.04384727e+01
3.19882998e+03 1.04494008e+01
3.20033002e+03 1.04603314e+01
3.20183005e+03 1.04712643e+01
3.20333009e+03 1.04821994e+01
3.20483013e+03 1.04931366e+01
3.20633017e+03 1.05040759e+01
3.20783020e+03 1.05150171e+01
3.20933024e+03 1.05259604e+01
3.21083028e+03 1.05369052e+01
3.21233032e+03 1.05478522e+01
3.21383035e+03 1.05588008e+01
3.21533039e+03 1.05697512e+01
3.21683043e+03 1.05807031e+01
3.21833047e+03 1.05916566e+01
3.21983050e+03 1.06026118e+01
3.22133054e+03 1.06135685e+01
3.22283058e+03 1.06245267e+01
3.22433062e+03 1.06354864e+01
3.22583065e+03 1.06464475e+01
3.22733069e+03 1.06574103e+01
3.22883073e+03 1.06683748e+01
3.23033077e+03 1.06793408e+01
3.23183080e+03 1.06903084e+01
3.23333084e+03 1.07012779e+01
3.23483088e+03 1.07122492e+01
3.23633092e+03 1.07232222e+01
3.23783095e+03 1.07341978e+01
3.23933099e+03 1.07451755e+01
3.24083103e+03 1.07561556e+01
3.24233107e+03 1.07671385e+01
3.24383110e+03 1.07781242e+01
3.24533114e+03 1.07891131e+01
3.24683118e+03 1.08001052e+01
3.24833122e+03 1.08111010e+01
3.24983125e+03 1.08221005e+01
3.25133129e+03 1.08331038e+01
3.25283133e+03 1.08441113e+01
3.25433137e+03 1.08551229e+01
3.25583140e+03 1.08661390e+01
3.25733144e+03 1.08771595e+01
3.25883148e+03 1.08881843e+01
3.26033152e+03 1.08992139e+01
3.26183155e+03 1.09102480e+01
3.26333159e+03 1.09212861e+01
3.26483163e+03 1.09323288e+01
3.26633167e+03 1.09433759e+01
3.26783170e+03 1.09544270e+01
3.26933174e+03 1.09654820e+01
3.27083178e+03 1.09765407e+01
3.27233182e+03 1.09876031e+01
3.27383185e+03 1.09986690e+01
3.27533189e+03 1.10097379e+01
3.27683193e+03 1.10208099e+01
3.27833197e+03 1.10318842e+01
3.27983200e+03 1.10429614e+01
3.28133204e+03 1.10540408e+01
3.28283208e+03 1.10651224e+01
3.28433212e+03 1.10762058e+01
3.28583215e+03 1.10872906e+01
3.28733219e+03 1.10983768e+01
3.28883223e+03 1.11094638e+01
3.29033227e+03 1.11205517e+01
3.29183230e+03 1.11316401e+01
3.29333234e+03 1.11427283e+01
3.29483238e+03 1.11538163e+01
3.29633242e+03 1.11649035e+01
3.29783245e+03 1.11759897e+01
3.29933249e+03 1.11870738e+01
3.30083253e+03 1.11981557e+01
3.30233257e+03 1.12092346e+01
3.30383260e+03 1.12203099e+01
3.30533264e+03 1.12313804e+01
3.30683268e+03 1.12424455e+01
3.30833272e+03 1.12535041e+01
3.30983275e+03 1.12645554e+01
3.31133279e+03 1.12755984e+01
3.31283283e+03 1.12866322e+01
3.31433287e+03 1.12976551e+01
3.31583290e+03 1.13086669e+01
3.31733294e+03 1.13196663e+01
3.31883298e+03 1.13306522e+01
3.32033302e+03 1.13416237e+01
3.32183305e+03 1.13525801e+01
3.32333309e+03 1.13635203e+01
3.32483313e+03 1.13744434e+01
3.32633317e+03 1.13853485e+01
3.32783320e+03 1.13962348e+01
3.32933324e+03 1.14071012e+01
3.33083328e+03 1.14179467e+01
3.33233332e+03 1.14287703e+01
3.33383335e+03 1.14395709e+01
3.33533339e+03 1.14503473e+01
3.33683343e+03 1.14610985e+01
3.33833347e+03 1.14718230e+01
3.33983350e+03 1.14825194e+01
3.34133354e+03 1.14931864e+01
3.34283358e+03 1.15038228e+01
3.34433362e+03 1.15144270e+01
3.34583365e+03 1.15249976e+01
3.34733369e+03 1.15355332e+01
3.34883373e+03 1.15460324e+01
3.35033377e+03 1.15564939e+01
3.35183380e+03 1.15669160e+01
3.35333384e+03 1.15772979e+01
3.35483388e+03 1.15876380e+01
3.35633392e+03 1.15979354e+01
3.35783395e+03 1.16081890e+01
3.35933399e+03 1.16183974e+01
3.36083403e+03 1.16285599e+01
3.36233407e+03 1.16386758e+01
3.36383410e+03 1.16487440e+01
3.36533414e+03 1.16587638e+01
3.36683418e+03 1.16687343e+01
3.36833422e+03 1.16786551e+01
3.36983425e+03 1.16885255e+01
3.37133429e+03 1.16983444e+01
3.37283433e+03 1.17081116e+01
3.37433437e+03 1.17178261e+01
3.37583440e+03 1.17274874e+01
3.37733444e+03 1.17370946e+01
3.37883448e+03 1.17466470e+01
3.38033452e+03 1.17561435e+01
3.38183455e+03 1.17655836e+01
3.38333459e+03 1.17749658e+01
3.38483463e+03 1.17842897e+01
3.38633467e+03 1.17935541e+01
3.38783470e+03 1.18027581e+01
3.38933474e+03 1.18119010e+01
3.39083478e+03 1.18209819e+01
3.39233482e+03 1.18300004e+01
3.39383485e+03 1.18389559e+01
3.39533489e+03 1.18478480e+01
3.39683493e+03 1.18566768e+01
3.39833497e+03 1.18654422e+01
3.39983500e+03 1.18741443e+01
3.40133504e+03 1.18827835e+01
3.40283508e+03 1.18913603e+01
3.40433512e+03 1.18998754e+01
3.40583515e+03 1.19083298e+01
3.40733519e+03 1.19167245e+01
3.40883523e+03 1.19250607e+01
3.41033527e+03 1.19333401e+01
3.41183530e+03 1.19415639e+01
3.41333534e+03 1.19497343e+01
3.41483538e+03 1.19578528e+01
3.41633542e+03 1.19659215e+01
3.41783545e+03 1.19739424e+01
3.41933549e+03 1.19819176e+01
3.42083553e+03 1.19898495e+01
3.42233557e+03 1.19977402e+01
3.42383560e+03 1.20055920e+01
3.42533564e+03 1.20134074e+01
3.42683568e+03 1.20211884e+01
3.42833572e+03 1.20289378e+01
3.42983575e+03 1.20366582e+01
3.43133579e+03 1.20443522e+01
3.43283583e+03 1.20520225e+01
3.43433587e+03 1.20596724e+01
3.43583590e+03 1.20673051e+01
3.43733594e+03 1.20749244e+01
3.43883598e+03 1.20825341e+01
3.44033602e+03 1.20901387e+01
3.44183605e+03 1.20977428e+01
3.44333609e+03 1.21053515e+01
3.44483613e+03 1.21129708e+01
3.44633617e+03 1.21206067e+01
3.44783620e+03 1.21282660e+01
3.44933624e+03 1.21359555e+01
3.45083628e+03 1.21436827e+01
3.45233632e+03 1.21514553e+01
3.45383635e+03 1.21592817e+01
3.45533639e+03 1.21671698e+01
3.45683643e+03 1.21751276e+01
3.45833647e+03 1.21831641e+01
3.45983650e+03 1.21912875e+01
3.46133654e+03 1.21995060e+01
3.46283658e+03 1.22078281e+01
3.46433662e+03 1.22162622e+01
3.46583665e+03 1.22248167e+01
3.46733669e+03 1.22335001e+01
3.46883673e+03 1.22423211e+01
3.47033677e+03 1.22512884e+01
3.47183680e+03 1.22604113e+01
3.47333684e+03 1.22696993e+01
3.47483688e+03 1.22791623e+01
3.47633692e+03 1.22888108e+01
3.47783695e+03 1.22986558e+01
3.47933699e+03 1.23087087e+01
3.48083703e+03 1.23189812e+01
3.48233707e+03 1.23294862e+01
3.48383710e+03 1.23402360e+01
3.48533714e+03 1.23512440e+01
3.48683718e+03 1.23625236e+01
3.48833722e+03 1.23740879e+01
3.48983725e+03 1.23859509e+01
3.49133729e+03 1.23981260e+01
3.49283733e+03 1.24106270e+01
3.49433737e+03 1.24234675e+01
3.49583740e+03 1.24366610e+01
3.49733744e+03 1.24502216e+01
3.49883748e+03 1.24641625e+01
3.50033752e+03 1.24784969e+01
3.50183755e+03 1.24932388e+01
3.50333759e+03 1.25084011e+01
3.50483763e+03 1.25239975e+01
3.50633767e+03 1.25400408e+01
3.50783770e+03 1.25565443e+01
3.50933774e+03 1.25735203e+01
3.51083778e+03 1.25909824e+01
3.51233782e+03 1.26089423e+01
3.51383785e+03 1.26274129e+01
3.51533789e+03 1.26464065e+01
3.51683793e+03 1.26659353e+01
3.51833797e+03 1.26860115e+01
3.51983800e+03 1.27066475e+01
3.52133804e+03 1.27278552e+01
3.52283808e+03 1.27496472e+01
3.52433812e+03 1.27720356e+01
3.52583815e+03 1.27950325e+01
3.52733819e+03 1.28186504e+01
3.52883823e+03 1.28429013e+01
3.53033827e+03 1.28677971e+01
3.53183830e+03 1.28933496e+01
3.53333834e+03 1.29195698e+01
3.53483838e+03 1.29464685e+01
3.53633842e+03 1.29740562e+01
3.53783845e+03 1.30023426e+01
3.53933849e+03 1.30313369e+01
3.54083853e+03 1.30610479e+01
3.54233857e+03 1.30914836e+01
3.54383860e+03 1.31226516e+01
3.54533864e+03 1.31545595e+01
3.54683868e+03 1.31872136e+01
3.54833872e+03 1.32206204e+01
3.54983875e+03 1.32547855e+01
3.55133879e+03 1.32897145e+01
3.55283883e+03 1.33254123e+01
3.55433887e+03 1.33618834e+01
3.55583890e+03 1.33991324e+01
3.55733894e+03 1.34371628e+01
3.55883898e+03 1.34759790e+01
3.56033902e+03 1.35155844e+01
3.56183905e+03 1.35559828e+01
3.56333909e+03 1.35971783e+01
3.56483913e+03 1.36391751e+01
3.56633917e+03 1.36819784e+01
3.56783920e+03 1.37255937e+01
3.56933924e+03 1.37700274e+01
3.57083928e+03 1.38152867e+01
3.57233932e+03 1.38613794e+01
3.57383935e+03 1.39083137e+01
3.57533939e+03 1.39560989e+01
3.57683943e+03 1.40047438e+01
3.57833947e+03 1.40542573e+01
3.57983950e+03 1.41046480e+01
3.58133954e+03 1.41559241e+01
3.58283958e+03 1.42080926e+01
3.58433962e+03 1.42611601e+01
3.58583965e+03 1.43151321e+01
3.58733969e+03 1.43700135e+01
3.58883973e+03 1.44258086e+01
3.59033977e+03 1.44825220e+01
3.59183980e+03 1.45401590e+01
3.59333984e+03 1.45987264e+01
3.59483988e+03 1.46582331e+01
3.59633992e+03 1.47186915e+01
3.59783995e+03 1.47801177e+01
3.59933999e+03 1.48425325e+01
3.60084003e+03 1.49059607e+01
3.60234007e+03 1.49704321e+01
3.60384011e+03 1.50359803e+01
3.60534014e+03 1.51026422e+01
3.60684018e+03 1.51704572e+01
3.60834022e+03 1.52394663e+01
3.60984026e+03 1.53097112e+01
3.61134029e+03 1.53812344e+01
3.61284033e+03 1.54540785e+01
3.61434037e+03 1.55282871e+01
3.61584041e+03 1.56039044e+01
3.61734044e+03 1.56809769e+01
3.61884048e+03 1.57595534e+01
3.62034052e+03 1.58396867e+01
3.62184056e+03 1.59214345e+01
3.62334059e+03 1.60048606e+01
3.62484063e+03 1.60900362e+01
3.62634067e+03 1.61770404e+01
3.62784071e+03 1.62659603e+01
3.62934074e+03 1.63568918e+01
3.63084078e+03 1.64499379e+01
3.63234082e+03 1.65452083e+01
3.63384086e+03 1.66428177e+01
3.63534089e+03 1.67428841e+01
3.63684093e+03 1.68455282e+01
3.63834097e+03 1.69508719e+01
3.63984101e+03 1.70590389e+01
3.64134104e+03 1.71701545e+01
3.64284108e+03 1.72843470e+01
3.64434112e+03 1.74017483e+01
3.64584116e+03 1.75224949e+01
3.64734119e+03 1.76467271e+01
3.64884123e+03 1.77745887e+01
3.65034127e+03 1.79062241e+01
3.65184131e+03 1.80417752e+01
3.65334134e+03 1.81813790e+01
3.65484138e+03 1.83251654e+01
3.65634142e+03 1.84732567e+01
3.65784146e+03 1.86257678e+01
3.65934149e+03 1.87828092e+01
3.66084153e+03 1.89444906e+01
3.66234157e+03 1.91109230e+01
3.66384161e+03 1.92822227e+01
3.66534164e+03 1.94585125e+01
3.66684168e+03 1.96399246e+01
3.66834172e+03 1.98266025e+01
3.66984176e+03 2.00187017e+01
3.67134179e+03 2.02163922e+01
3.67284183e+03 2.04198571e+01
3.67434187e+03 2.06292892e+01
3.67584191e+03 2.08448850e+01
3.67734194e+03 2.10668348e+01
3.67884198e+03 2.12953110e+01
3.68034202e+03 2.15304562e+01
3.68184206e+03 2.17723716e+01
3.68334209e+03 2.20211068e+01
3.68484213e+03 2.22766542e+01
3.68634217e+03 2.25389497e+01
3.68784221e+03 2.28078799e+01
3.68934224e+03 2.30832994e+01
3.69084228e+03 2.33650549e+01
3.69234232e+03 2.36530139e+01
3.69384236e+03 2.39470908e+01
3.69534239e+03 2.42472656e+01
3.69684243e+03 2.45535888e+01
3.69834247e+03 2.48661747e+01
3.69984251e+03 2.51851822e+01
3.70134254e+03 2.55107890e+01
3.70284258e+03 2.58431688e+01
3.70434262e+03 2.61824705e+01
3.70584266e+03 2.65288055e+01
3.70734269e+03 2.68822415e+01
3.70884273e+03 2.72428050e+01
3.71034277e+03 2.76104837e+01
3.71184281e+03 2.79852348e+01
3.71334284e+03 2.83669914e+01
3.71484288e+03 2.87556692e+01
3.71634292e+03 2.91511733e+01
3.71784296e+03 2.95534020e+01
3.71934299e+03 2.99622510e+01
3.72084303e+03 3.03776155e+01
3.72234307e+03 3.07993930e+01
3.72384311e+03 3.12274830e+01
3.72534314e+03 3.16617894e+01
3.72684318e+03 3.21022196e+01
3.72834322e+03 3.25486852e+01
3.72984326e+03 3.30011020e+01
3.73134329e+03 3.34593896e+01
3.73284333e+03 3.39234717e+01
3.73434337e+03 3.43932752e+01
3.73584341e+03 3.48687307e+01
3.73734344e+03 3.53497718e+01
3.73884348e+03 3.58363350e+01
3.74034352e+03 3.63283598e+01
3.74184356e+03 3.68257879e+01
3.74334359e+03 3.73285638e+01
3.74484363e+03 3.78366336e+01
3.74634367e+03 3.83499463e+01
3.74784371e+03 3.88684522e+01
3.74934374e+03 3.93921036e+01
3.75084378e+03 3.99208547e+01
3.75234382e+03 4.04546610e+01
3.75384386e+03 4.09934798e+01
3.75534389e+03 4.15372696e+01
3.75684393e+03 4.20859905e+01
3.75834397e+03 4.26396036e+01
3.75984401e+03 4.31980715e+01
3.76134404e+03 4.37613577e+01
3.76284408e+03 4.43294270e+01
3.76434412e+03 4.49022452e+01
3.76584416e+03 4.54797790e+01
3.76734419e+03 4.60619959e+01
3.76884423e+03 4.66488649e+01
3.77034427e+03 4.72403552e+01
3.77184431e+03 4.78364370e+01
3.77334434e+03 4.84370815e+01
3.77484438e+03 4.90422605e+01
3.77634442e+03 4.96519469e+01
3.77784446e+03 5.02661135e+01
3.77934449e+03 5.08847343e+01
3.78084453e+03 5.15077842e+01
3.78234457e+03 5.21352378e+01
3.78384461e+03 5.27670715e+01
3.78534464e+03 5.34032612e+01
3.78684468e+03 5.40437842e+01
3.78834472e+03 5.46886177e+01
3.78984476e+03 5.53377395e+01
3.79134479e+03 5.59911284e+01
3.79284483e+03 5.66487631e+01
3.79434487e+03 5.73106231e+01
3.79584491e+03 5.79766881e+01
3.79734494e+03 5.86469385e+01
3.79884498e+03 5.93213549e+01
3.80034502e+03 5.99999185e+01
3.80184506e+03 6.06826107e+01
3.80334509e+03 6.13694135e+01
3.80484513e+03 6.20603088e+01
3.80634517e+03 6.27552796e+01
3.80784521e+03 6.34543086e+01
3.80934524e+03 6.41573792e+01
3.81084528e+03 6.48644747e+01
3.81234532e+03 6.55755794e+01
3.81384536e+03 6.62906773e+01
3.81534539e+03 6.70097530e+01
3.81684543e+03 6.77327913e+01
3.81834547e+03 6.84597774e+01
3.81984551e+03 6.91906966e+01
3.82134554e+03 6.99255346e+01
3.82284558e+03 7.06642771e+01
3.82434562e+03 7.14069105e+01
3.82584566e+03 7.21534213e+01
3.82734569e+03 7.29037958e+01
3.82884573e+03 7.36580211e+01
3.83034577e+03 7.44160844e+01
3.83184581e+03 7.51779729e+01
3.83334584e+03 7.59436743e+01
3.83484588e+03 7.67131761e+01
3.83634592e+03 7.74864667e+01
3.83784596e+03 7.82635339e+01
3.83934599e+03 7.90443665e+01
3.84084603e+03 7.98289528e+01
3.84234607e+03 8.06172815e+01
3.84384611e+03 8.14093418e+01
3.84534614e+03 8.22051227e+01
3.84684618e+03 8.30046137e+01
3.84834622e+03 8.38078040e+01
3.84984626e+03 8.46146835e+01
3.85134629e+03 8.54252418e+01
3.85284633e+03 8.62394692e+01
3.85434637e+03 8.70573557e+01
3.85584641e+03 8.78788916e+01
3.85734644e+03 8.87040674e+01
3.85884648e+03 8.95328736e+01
3.86034652e+03 9.03653011e+01
3.86184656e+03 9.12013406e+01
3.86334659e+03 9.20409834e+01
3.86484663e+03 9.28842206e+01
3.86634667e+03 9.37310433e+01
3.86784671e+03 9.45814433e+01
3.86934674e+03 9.54354120e+01
3.87084678e+03 9.62929410e+01
3.87234682e+03 9.71540223e+01
3.87384686e+03 9.80186479e+01
3.87534689e+03 9.88868097e+01
3.87684693e+03 9.97585000e+01
3.87834697e+03 1.00633711e+02
3.87984701e+03 1.01512435e+02
3.88134704e+03 1.02394665e+02
3.88284708e+03 1.03280393e+02
3.88434712e+03 1.04169613e+02
3.88584716e+03 1.05062316e+02
3.88734719e+03 1.05958497e+02
3.88884723e+03 1.06858147e+02
3.89034727e+03 1.07761261e+02
3.89184731e+03 1.08667831e+02
3.89334734e+03 1.09577851e+02
3.89484738e+03 1.10491314e+02
3.89634742e+03 1.11408214e+02
3.89784746e+03 1.12328545e+02
3.89934749e+03 1.13252300e+02
3.90084753e+03 1.14179473e+02
3.90234757e+03 1.15110058e+02
3.90384761e+03 1.16044049e+02
3.90534764e+03 1.16981440e+02
3.90684768e+03 1.17922225e+02
3.90834772e+03 1.18866399e+02
3.90984776e+03 1.19813955e+02
3.91134779e+03 1.20764889e+02
3.91284783e+03 1.21719195e+02
3.91434787e+03 1.22676867e+02
3.91584791e+03 1.23637900e+02
3.91734794e+03 1.24602289e+02
3.91884798e+03 1.25570028e+02
3.92034802e+03 1.26541113e+02
3.92184806e+03 1.27515538e+02
3.92334809e+03 1.28493299e+02
3.92484813e+03 1.29474390e+02
3.92634817e+03 1.30458806e+02
3.92784821e+03 1.31446544e+02
3.92934824e+03 1.32437598e+02
3.93084828e+03 1.33431963e+02
3.93234832e+03 1.34429635e+02
3.93384836e+03 1.35430610e+02
3.93534839e+03 1.36434883e+02
3.93684843e+03 1.37442450e+02
3.93834847e+03 1.38453305e+02
3.93984851e+03 1.39467447e+02
3.94134854e+03 1.40484868e+02
3.94284858e+03 1.41505567e+02
3.94434862e+03 1.42529538e+02
3.94584866e+03 1.43556778e+02
3.94734869e+03 1.44587283e+02
3.94884873e+03 1.45621049e+02
3.95034877e+03 1.46658071e+02
3.95184881e+03 1.47698347e+02
3.95334884e+03 1.48741872e+02
3.95484888e+03 1.49788643e+02
3.95634892e+03 1.50838656e+02
3.95784896e+03 1.51891908e+02
3.95934899e+03 1.52948395e+02
3.96084903e+03 1.54008113e+02
3.96234907e+03 1.55071060e+02
3.96384911e+03 1.56137231e+02
3.96534914e+03 1.57206624e+02
3.96684918e+03 1.58279235e+02
3.96834922e+03 1.59355061e+02
3.96984926e+03 1.60434099e+02
3.97134929e+03 1.61516346e+02
3.97284933e+03 1.62601798e+02
3.97434937e+03 1.63690453e+02
3.97584941e+03 1.64782307e+02
3.97734944e+03 1.65877358e+02
3.97884948e+03 1.66975603e+02
3.98034952e+03 1.68077039e+02
3.98184956e+03 1.69181662e+02
3.98334959e+03 1.70289472e+02
3.98484963e+03 1.71400464e+02
3.98634967e+03 1.72514635e+02
3.98784971e+03 1.73631985e+02
3.98934974e+03 1.74752508e+02
3.99084978e+03 1.75876204e+02
3.99234982e+03 1.77003070e+02
3.99384986e+03 1.78133103e+02
3.99534989e+03 1.79266300e+02
3.99684993e+03 1.80402661e+02
3.99834997e+03 1.81542181e+02
3.99985001e+03 1.82684858e+02
4.00135004e+03 1.83830692e+02
4.00285008e+03 1.84979678e+02
4.00435012e+03 1.86131815e+02
4.00585016e+03 1.87287102e+02
4.00735019e+03 1.88445535e+02
4.00885023e+03 1.89607112e+02
4.01035027e+03 1.90771833e+02
4.01185031e+03 1.91939693e+02
4.01335034e+03 1.93110693e+02
4.01485038e+03 1.94284829e+02
4.01635042e+03 1.95462100e+02
4.01785046e+03 1.96642503e+02
4.01935049e+03 1.97826038e+02
4.02085053e+03 1.99012702e+02
4.02235057e+03 2.00202494e+02
4.02385061e+03 2.01395411e+02
4.02535064e+03 2.02591452e+02
4.02685068e+03 2.03790616e+02
4.02835072e+03 2.04992900e+02
4.02985076e+03 2.06198303e+02
4.03135079e+03 2.07406824e+02
4.03285083e+03 2.08618461e+02
4.03435087e+03 2.09833213e+02
4.03585091e+03 2.11051078e+02
4.03735094e+03 2.12272054e+02
4.03885098e+03 2.13496140e+02
4.04035102e+03 2.14723335e+02
4.04185106e+03 2.15953638e+02
4.04335109e+03 2.17187046e+02
4.04485113e+03 2.18423560e+02
4.04635117e+03 2.19663177e+02
4.04785121e+03 2.20905897e+02
4.04935124e+03 2.22151717e+02
4.05085128e+03 2.23400637e+02
4.05235132e+03 2.24652657e+02
4.05385136e+03 2.25907774e+02
4.05535139e+03 2.27165987e+02
4.05685143e+03 2.28427296e+02
4.05835147e+03 2.29691700e+02
4.05985151e+03 2.30959197e+02
4.06135154e+03 2.32229786e+02
4.06285158e+03 2.33503467e+02
4.06435162e+03 2.34780239e+02
4.06585166e+03 2.36060101e+02
4.06735169e+03 2.37343051e+02
4.06885173e+03 2.38629090e+02
4.07035177e+03 2.39918216e+02
4.07185181e+03 2.41210428e+02
4.07335184e+03 2.42505726e+02
4.07485188e+03 2.43804108e+02
4.07635192e+03 2.45105576e+02
4.07785196e+03 2.46410126e+02
4.07935199e+03 2.47717760e+02
4.08085203e+03 2.49028475e+02
4.08235207e+03 2.50342273e+02
4.08385211e+03 2.51659151e+02
4.08535214e+03 2.52979110e+02
4.08685218e+03 2.54302149e+02
4.08835222e+03 2.55628268e+02
4.08985226e+03 2.56957465e+02
4.09135229e+03 2.58289741e+02
4.09285233e+03 2.59625095e+02
4.09435237e+03 2.60963527e+02
4.09585241e+03 2.62305036e+02
4.09735244e+03 2.63649621e+02
4.09885248e+03 2.64997284e+02
4.10035252e+03 2.66348023e+02
4.10185256e+03 2.67701837e+02
4.10335259e+03 2.69058728e+02
4.10485263e+03 2.70418694e+02
4.10635267e+03 2.71781735e+02
4.10785271e+03 2.73147851e+02
4.10935274e+03 2.74517042e+02
4.11085278e+03 2.75889308e+02
4.11235282e+03 2.77264648e+02
4.11385286e+03 2.78643063e+02
4.11535289e+03 2.80024552e+02
4.11685293e+03 2.81409115e+02
4.11835297e+03 2.82796753e+02
4.11985301e+03 2.84187465e+02
4.12135304e+03 2.85581251e+02
4.12285308e+03 2.86978112e+02
4.12435312e+03 2.88378046e+02
4.12585316e+03 2.89781056e+02
4.12735319e+03 2.91187139e+02
4.12885323e+03 2.92596297e+02
4.13035327e+03 2.94008530e+02
4.13185331e+03 2.95423838e+02
4.13335334e+03 2.96842221e+02
4.13485338e+03 2.98263678e+02
4.13635342e+03 2.99688212e+02
4.13785346e+03 3.01115821e+02
4.13935349e+03 3.02546506e+02
4.14085353e+03 3.03980267e+02
4.14235357e+03 3.05417105e+02
4.14385361e+03 3.06857019e+02
4.14535364e+03 3.08300011e+02
4.14685368e+03 3.09746079e+02
4.14835372e+03 3.11195226e+02
4.14985376e+03 3.12647452e+02
4.15135379e+03 3.14102756e+02
4.15285383e+03 3.15561139e+02
4.15435387e+03 3.17022601e+02
4.15585391e+03 3.18487144e+02
4.15735394e+03 3.19954768e+02
4.15885398e+03 3.21425472e+02
4.16035402e+03 3.22899258e+02
4.16185406e+03 3.24376126e+02
4.16335409e+03 3.25856077e+02
4.16485413e+03 3.27339112e+02
4.16635417e+03 3.28825230e+02
4.16785421e+03 3.30314433e+02
4.16935424e+03 3.31806721e+02
4.17085428e+03 3.33302096e+02
4.17235432e+03 3.34800557e+02
4.17385436e+03 3.36302105e+02
4.17535439e+03 3.37806741e+02
4.17685443e+03 3.39314466e+02
4.17835447e+03 3.40825281e+02
4.17985451e+03 3.42339186e+02
4.18135454e+03 3.43856182e+02
4.18285458e+03 3.45376271e+02
4.18435462e+03 3.46899452e+02
4.18585466e+03 3.48425727e+02
4.18735469e+03 3.49955097e+02
4.18885473e+03 3.51487562e+02
4.19035477e+03 3.53023124e+02
4.19185481e+03 3.54561782e+02
4.19335484e+03 3.56103540e+02
4.19485488e+03 3.57648396e+02
4.19635492e+03 3.59196353e+02
4.19785496e+03 3.60747412e+02
4.19935499e+03 3.62301572e+02
4.20085503e+03 3.63858836e+02
4.20235507e+03 3.65419205e+02
4.20385511e+03 3.66982679e+02
4.20535514e+03 3.68549260e+02
4.20685518e+03 3.70118948e+02
4.20835522e+03 3.71691745e+02
4.20985526e+03 3.73267653e+02
4.21135529e+03 3.74846672e+02
4.21285533e+03 3.76428803e+02
4.21435537e+03 3.78014048e+02
4.21585541e+03 3.79602407e+02
4.21735544e+03 3.81193883e+02
4.21885548e+03 3.82788476e+02
4.22035552e+03 3.84386188e+02
4.22185556e+03 3.85987020e+02
4.22335559e+03 3.87590973e+02
4.22485563e+03 3.89198049e+02
4.22635567e+03 3.90808249e+02
4.22785571e+03 3.92421574e+02
4.22935574e+03 3.94038026e+02
4.23085578e+03 3.95657606e+02
4.23235582e+03 3.97280316e+02
4.23385586e+03 3.98906156e+02
4.23535589e+03 4.00535130e+02
4.23685593e+03 4.02167237e+02
4.23835597e+03 4.03802479e+02
4.23985601e+03 4.05440859e+02
4.24135604e+03 4.07082377e+02
4.24285608e+03 4.08727035e+02
4.24435612e+03 4.10374835e+02
4.24585616e+03 4.12025777e+02
4.24735619e+03 4.13679865e+02
4.24885623e+03 4.15337099e+02
4.25035627e+03 4.16997481e+02
4.25185631e+03 4.18661013e+02
4.25335634e+03 4.20327696e+02
4.25485638e+03 4.21997532e+02
4.25635642e+03 4.23670523e+02
4.25785646e+03 4.25346671e+02
4.25935649e+03 4.27025976e+02
4.26085653e+03 4.28708442e+02
4.26235657e+03 4.30394069e+02
4.26385661e+03 4.32082860e+02
4.26535664e+03 4.33774816e+02
4.26685668e+03 4.35469940e+02
4.26835672e+03 4.37168232e+02
4.26985676e+03 4.38869695e+02
4.27135679e+03 4.40574331e+02
4.27285683e+03 4.42282141e+02
4.27435687e+03 4.43993129e+02
4.27585691e+03 4.45707294e+02
4.27735694e+03 4.47424640e+02
4.27885698e+03 4.49145168e+02
4.28035702e+03 4.50868881e+02
4.28185706e+03 4.52595780e+02
4.28335709e+03 4.54325868e+02
4.28485713e+03 4.56059145e+02
4.28635717e+03 4.57795615e+02
4.28785721e+03 4.59535280e+02
4.28935724e+03 4.61278142e+02
4.29085728e+03 4.63024202e+02
4.29235732e+03 4.64773462e+02
4.29385736e+03 4.66525926e+02
4.29535739e+03 4.68281595e+02
4.29685743e+03 4.70040471e+02
4.29835747e+03 4.71802557e+02
4.29985751e+03 4.73567854e+02
4.30135754e+03 4.75336365e+02
4.30285758e+03 4.77108092e+02
4.30435762e+03 4.78883037e+02
4.30585766e+03 4.80661204e+02
4.30735769e+03 4.82442593e+02
4.30885773e+03 4.84227207e+02
4.31035777e+03 4.86015049e+02
4.31185781e+03 4.87806120e+02
4.31335784e+03 4.89600424e+02
4.31485788e+03 4.91397963e+02
4.31635792e+03 4.93198738e+02
4.31785796e+03 4.95002753e+02
4.31935799e+03 4.96810010e+02
4.32085803e+03 4.98620511e+02
4.32235807e+03 5.00434259e+02
4.32385811e+03 5.02251256e+02
4.32535814e+03 5.04071505e+02
4.32685818e+03 5.05895008e+02
4.32835822e+03 5.07721768e+02
4.32985826e+03 5.09551788e+02
4.33135829e+03 5.11385069e+02
4.33285833e+03 5.13221614e+02
4.33435837e+03 5.15061427e+02
4.33585841e+03 5.16904509e+02
4.33735844e+03 5.18750864e+02
4.33885848e+03 5.20600494e+02
4.34035852e+03 5.22453401e+02
4.34185856e+03 5.24309589e+02
4.34335859e+03 5.26169059e+02
4.34485863e+03 5.28031816e+02
4.34635867e+03 5.29897861e+02
4.34785871e+03 5.31767197e+02
4.34935874e+03 5.33639827e+02
4.35085878e+03 5.35515755e+02
4.35235882e+03 5.37394981e+02
4.35385886e+03 5.39277511e+02
4.35535889e+03 5.41163345e+02
4.35685893e+03 5.43052488e+02
4.35835897e+03 5.44944942e+02
4.35985901e+03 5.46840710e+02
4.36135904e+03 5.48739794e+02
4.36285908e+03 5.50642199e+02
4.36435912e+03 5.52547927e+02
4.36585916e+03 5.54456980e+02
4.36735919e+03 5.56369362e+02
4.36885923e+03 5.58285075e+02
4.37035927e+03 5.60204124e+02
4.37185931e+03 5.62126510e+02
4.37335934e+03 5.64052237e+02
4.37485938e+03 5.65981308e+02
4.37635942e+03 5.67913726e+02
4.37785946e+03 5.69849495e+02
4.37935949e+03 5.71788616e+02
4.38085953e+03 5.73731094e+02
4.38235957e+03 5.75676932e+02
4.38385961e+03 5.77626133e+02
4.38535964e+03 5.79578699e+02
4.38685968e+03 5.81534635e+02
4.38835972e+03 5.83493944e+02
4.38985976e+03 5.85456628e+02
4.39135979e+03 5.87422691e+02
4.39285983e+03 5.89392137e+02
4.39435987e+03 5.91364968e+02
4.39585991e+03 5.93341188e+02
4.39735994e+03 5.95320801e+02
4.39885998e+03 5.97303809e+02
4.40036002e+03 5.99290217e+02
4.40186006e+03 6.01280027e+02
4.40336010e+03 6.03273243e+02
4.40486013e+03 6.05269868e+02
4.40636017e+03 6.07269906e+02
4.40786021e+03 6.09273361e+02
4.40936025e+03 6.11280236e+02
4.41086028e+03 6.13290534e+02
4.41236032e+03 6.15304258e+02
4.41386036e+03 6.17321414e+02
4.41536040e+03 6.19342003e+02
4.41686043e+03 6.21366030e+02
4.41836047e+03 6.23393499e+02
4.41986051e+03 6.25424412e+02
4.42136055e+03 6.27458774e+02
4.42286058e+03 6.29496588e+02
4.42436062e+03 6.31537858e+02
4.42586066e+03 6.33582588e+02
4.42736070e+03 6.35630782e+02
4.42886073e+03 6.37682442e+02
4.43036077e+03 6.39737574e+02
4.43186081e+03 6.41796180e+02
4.43336085e+03 6.43858265e+02
4.43486088e+03 6.45923832e+02
4.43636092e+03 6.47992885e+02
4.43786096e+03 6.50065429e+02
4.43936100e+03 6.52141466e+02
4.44086103e+03 6.54221002e+02
4.44236107e+03 6.56304039e+02
4.44386111e+03 6.58390582e+02
4.44536115e+03 6.60480635e+02
4.44686118e+03 6.62574202e+02
4.44836122e+03 6.64671286e+02
4.44986126e+03 6.66771893e+02
4.45136130e+03 6.68876025e+02
4.45286133e+03 6.70983687e+02
4.45436137e+03 6.73094883e+02
4.45586141e+03 6.75209617e+02
4.45736145e+03 6.77327894e+02
4.45886148e+03 6.79449717e+02
4.46036152e+03 6.81575091e+02
4.46186156e+03 6.83704019e+02
4.46336160e+03 6.85836507e+02
4.46486163e+03 6.87972558e+02
4.46636167e+03 6.90112176e+02
4.46786171e+03 6.92255366e+02
4.46936175e+03 6.94402132e+02
4.47086178e+03 6.96552479e+02
4.47236182e+03 6.98706410e+02
4.47386186e+03 7.00863931e+02
4.47536190e+03 7.03025045e+02
4.47686193e+03 7.05189757e+02
4.47836197e+03 7.07358072e+02
4.47986201e+03 7.09529993e+02
4.48136205e+03 7.11705525e+02
4.48286208e+03 7.13884674e+02
4.48436212e+03 7.16067442e+02
4.48586216e+03 7.18253836e+02
4.48736220e+03 7.20443858e+02
4.48886223e+03 7.22637515e+02
4.49036227e+03 7.24834811e+02
4.49186231e+03 7.27035749e+02
4.49336235e+03 7.29240335e+02
4.49486238e+03 7.31448574e+02
4.49636242e+03 7.33660470e+02
4.49786246e+03 7.35876028e+02
4.49936250e+03 7.38095252e+02
4.50086253e+03 7.40318148e+02
4.50236257e+03 7.42544720e+02
4.50386261e+03 7.44774973e+02
4.50536265e+03 7.47008912e+02
4.50686268e+03 7.49246542e+02
4.50836272e+03 7.51487867e+02
4.50986276e+03 7.53732892e+02
4.51136280e+03 7.55981623e+02
4.51286283e+03 7.58234064e+02
4.51436287e+03 7.60490220e+02
4.51586291e+03 7.62750096e+02
4.51736295e+03 7.65013697e+02
4.51886298e+03 7.67281029e+02
4.52036302e+03 7.69552096e+02
4.52186306e+03 7.71826904e+02
4.52336310e+03 7.74105457e+02
4.52486313e+03 7.76387760e+02
4.52636317e+03 7.78673819e+02
4.52786321e+03 7.80963640e+02
4.52936325e+03 7.83257226e+02
4.53086328e+03 7.85554583e+02
4.53236332e+03 7.87855717e+02
4.53386336e+03 7.90160634e+02
4.53536340e+03 7.92469337e+02
4.53686343e+03 7.94781832e+02
4.53836347e+03 7.97098126e+02
4.53986351e+03 7.99418222e+02
4.54136355e+03 8.01742128e+02
4.54286358e+03 8.04069847e+02
4.54436362e+03 8.06401385e+02
4.54586366e+03 8.08736749e+02
4.54736370e+03 8.11075942e+02
4.54886373e+03 8.13418972e+02
4.55036377e+03 8.15765843e+02
4.55186381e+03 8.18116561e+02
4.55336385e+03 8.20471132e+02
4.55486388e+03 8.22829561e+02
4.55636392e+03 8.25191854e+02
4.55786396e+03 8.27558016e+02
4.55936400e+03 8.29928053e+02
4.56086403e+03 8.32301972e+02
4.56236407e+03 8.34679777e+02
4.56386411e+03 8.37061474e+02
4.56536415e+03 8.39447070e+02
4.56686418e+03 8.41836570e+02
4.56836422e+03 8.44229980e+02
4.56986426e+03 8.46627305e+02
4.57136430e+03 8.49028553e+02
4.57286433e+03 8.51433728e+02
4.57436437e+03 8.53842836e+02
4.57586441e+03 8.56255884e+02
4.57736445e+03 8.58672878e+02
4.57886448e+03 8.61093823e+02
4.58036452e+03 8.63518726e+02
4.58186456e+03 8.65947593e+02
4.58336460e+03 8.68380430e+02
4.58486463e+03 8.70817242e+02
4.58636467e+03 8.73258038e+02
4.58786471e+03 8.75702821e+02
4.58936475e+03 8.78151599e+02
4.59086478e+03 8.80604378e+02
4.59236482e+03 8.83061164e+02
4.59386486e+03 8.85521964e+02
4.59536490e+03 8.87986784e+02
4.59686493e+03 8.90455630e+02
4.59836497e+03 8.92928509e+02
4.59986501e+03 8.95405426e+02
4.60136505e+03 8.97886389e+02
4.60286508e+03 9.00371405e+02
4.60436512e+03 9.02860479e+02
4.60586516e+03 9.05353617e+02
4.60736520e+03 9.07850828e+02
4.60886523e+03 9.10352117e+02
4.61036527e+03 9.12857491e+02
4.61186531e+03 9.15366956e+02
4.61336535e+03 9.17880520e+02
4.61486538e+03 9.20398189e+02
4.61636542e+03 9.22919969e+02
4.61786546e+03 9.25445868e+02
4.61936550e+03 9.27975893e+02
4.62086553e+03 9.30510049e+02
4.62236557e+03 9.33048345e+02
4.62386561e+03 9.35590787e+02
4.62536565e+03 9.38137381e+02
4.62686568e+03 9.40688136e+02
4.62836572e+03 9.43243057e+02
4.62986576e+03 9.45802153e+02
4.63136580e+03 9.48365429e+02
4.63286583e+03 9.50932894e+02
4.63436587e+03 9.53504554e+02
4.63586591e+03 9.56080416e+02
4.63736595e+03 9.58660488e+02
4.63886598e+03 9.61244776e+02
4.64036602e+03 9.63833289e+02
4.64186606e+03 9.66426033e+02
4.64336610e+03 9.69023016e+02
4.64486613e+03 9.71624244e+02
4.64636617e+03 9.74229727e+02
4.64786621e+03 9.76839470e+02
4.64936625e+03 9.79453481e+02
4.65086628e+03 9.82071768e+02
4.65236632e+03 9.84694339e+02
4.65386636e+03 9.87321200e+02
4.65536640e+03 9.89952360e+02
4.65686643e+03 9.92587826e+02
4.65836647e+03 9.95227605e+02
4.65986651e+03 9.97871706e+02
4.66136655e+03 1.00052014e+03
4.66286658e+03 1.00317290e+03
4.66436662e+03 1.00583002e+03
4.66586666e+03 1.00849148e+03
4.66736670e+03 1.01115730e+03
4.66886673e+03 1.01382750e+03
4.67036677e+03 1.01650207e+03
4.67186681e+03 1.01918102e+03
4.67336685e+03 1.02186437e+03
4.67486688e+03 1.02455211e+03
4.67636692e+03 1.02724427e+03
4.67786696e+03 1.02994084e+03
4.67936700e+03 1.03264183e+03
4.68086703e+03 1.03534726e+03
4.68236707e+03 1.03805713e+03
4.68386711e+03 1.04077145e+03
4.68536715e+03 1.04349023e+03
4.68686718e+03 1.04621347e+03
4.68836722e+03 1.04894119e+03
4.68986726e+03 1.05167339e+03
4.69136730e+03 1.05441008e+03
4.69286733e+03 1.05715127e+03
4.69436737e+03 1.05989697e+03
4.69586741e+03 1.06264718e+03
4.69736745e+03 1.06540192e+03
4.69886748e+03 1.06816120e+03
4.70036752e+03 1.07092502e+03
4.70186756e+03 1.07369339e+03
4.70336760e+03 1.07646632e+03
4.70486763e+03 1.07924381e+03
4.70636767e+03 1.08202589e+03
4.70786771e+03 1.08481255e+03
4.70936775e+03 1.08760381e+03
4.71086778e+03 1.09039968e+03
4.71236782e+03 1.09320015e+03
4.71386786e+03 1.09600525e+03
4.71536790e+03 1.09881499e+03
4.71686793e+03 1.10162936e+03
4.71836797e+03 1.10444838e+03
4.71986801e+03 1.10727207e+03
4.72136805e+03 1.11010042e+03
4.72286808e+03 1.11293345e+03
4.72436812e+03 1.11577116e+03
4.72586816e+03 1.11861357e+03
4.72736820e+03 1.12146069e+03
4.72886823e+03 1.12431253e+03
4.73036827e+03 1.12716909e+03
4.73186831e+03 1.13003038e+03
4.73336835e+03 1.13289642e+03
4.73486838e+03 1.13576721e+03
4.73636842e+03 1.13864277e+03
4.73786846e+03 1.14152310e+03
4.73936850e+03 1.14440821e+03
4.74086853e+03 1.14729811e+03
4.74236857e+03 1.15019282e+03
4.74386861e+03 1.15309234e+03
4.74536865e+03 1.15599668e+03
4.74686868e+03 1.15890586e+03
4.74836872e+03 1.16181988e+03
4.74986876e+03 1.16473875e+03
4.75136880e+03 1.16766248e+03
4.75286883e+03 1.17059109e+03
4.75436887e+03 1.17352458e+03
4.75586891e+03 1.17646296e+03
4.75736895e+03 1.17940625e+03
4.75886898e+03 1.18235445e+03
4.76036902e+03 1.18530758e+03
4.76186906e+03 1.18826564e+03
4.76336910e+03 1.19122865e+03
4.76486913e+03 1.19419662e+03
4.76636917e+03 1.19716955e+03
4.76786921e+03 1.20014746e+03
4.76936925e+03 1.20313035e+03
4.77086928e+03 1.20611825e+03
4.77236932e+03 1.20911116e+03
4.77386936e+03 1.21210909e+03
4.77536940e+03 1.21511205e+03
4.77686943e+03 1.21812005e+03
4.77836947e+03 1.22113311e+03
4.77986951e+03 1.22415123e+03
4.78136955e+03 1.22717442e+03
4.78286958e+03 1.23020271e+03
4.78436962e+03 1.23323609e+03
4.78586966e+03 1.23627459e+03
4.78736970e+03 1.23931820e+03
4.78886973e+03 1.24236695e+03
4.79036977e+03 1.24542084e+03
4.79186981e+03 1.24847988e+03
4.79336985e+03 1.25154410e+03
4.79486988e+03 1.25461349e+03
4.79636992e+03 1.25768807e+03
4.79786996e+03 1.26076786e+03
4.79937000e+03 1.26385286e+03
4.80087003e+03 1.26694308e+03
4.80237007e+03 1.27003854e+03
4.80387011e+03 1.27313925e+03
4.80537015e+03 1.27624523e+03
4.80687018e+03 1.27935647e+03
4.80837022e+03 1.28247301e+03
4.80987026e+03 1.28559484e+03
4.81137030e+03 1.28872198e+03
4.81287033e+03 1.29185444e+03
4.81437037e+03 1.29499224e+03
4.81587041e+03 1.29813539e+03
4.81737045e+03 1.30128389e+03
4.81887048e+03 1.30443777e+03
4.82037052e+03 1.30759703e+03
4.82187056e+03 1.31076169e+03
4.82337060e+03 1.31393177e+03
4.82487063e+03 1.31710726e+03
4.82637067e+03 1.32028819e+03
4.82787071e+03 1.32347457e+03
4.82937075e+03 1.32666641e+03
4.83087078e+03 1.32986372e+03
4.83237082e+03 1.33306653e+03
4.83387086e+03 1.33627483e+03
4.83537090e+03 1.33948865e+03
4.83687093e+03 1.34270800e+03
4.83837097e+03 1.34593289e+03
4.83987101e+03 1.34916333e+03
4.84137105e+03 1.35239934e+03
4.84287108e+03 1.35564093e+03
4.84437112e+03 1.35888812e+03
4.84587116e+03 1.36214091e+03
4.84737120e+03 1.36539933e+03
4.84887123e+03 1.36866338e+03
4.85037127e+03 1.37193309e+03
4.85187131e+03 1.37520846e+03
4.85337135e+03 1.37848951e+03
4.85487138e+03 1.38177624e+03
4.85637142e+03 1.38506869e+03
4.85787146e+03 1.38836686e+03
4.85937150e+03 1.39167076e+03
4.86087153e+03 1.39498041e+03
4.86237157e+03 1.39829582e+03
4.86387161e+03 1.40161702e+03
4.86537165e+03 1.40494400e+03
4.86687168e+03 1.40827680e+03
4.86837172e+03 1.41161541e+03
4.86987176e+03 1.41495987e+03
4.87137180e+03 1.41831017e+03
4.87287183e+03 1.42166634e+03
4.87437187e+03 1.42502840e+03
4.87587191e+03 1.42839635e+03
4.87737195e+03 1.43177021e+03
4.87887198e+03 1.43515001e+03
4.88037202e+03 1.43853574e+03
4.88187206e+03 1.44192743e+03
4.88337210e+03 1.44532510e+03
4.88487213e+03 1.44872876e+03
4.88637217e+03 1.45213842e+03
4.88787221e+03 1.45555410e+03
4.88937225e+03 1.45897582e+03
4.89087228e+03 1.46240359e+03
4.89237232e+03 1.46583743e+03
4.89387236e+03 1.46927735e+03
4.89537240e+03 1.47272338e+03
4.89687243e+03 1.47617552e+03
4.89837247e+03 1.47963380e+03
4.89987251e+03 1.48309822e+03
4.90137255e+03 1.48656881e+03
4.90287258e+03 1.49004559e+03
4.90437262e+03 1.49352856e+03
4.90587266e+03 1.49701775e+03
4.90737270e+03 1.50051317e+03
4.90887273e+03 1.50401484e+03
4.91037277e+03 1.50752278e+03
4.91187281e+03 1.51103700e+03
4.91337285e+03 1.51455752e+03
4.91487288e+03 1.51808436e+03
4.91637292e+03 1.52161754e+03
4.91787296e+03 1.52515707e+03
4.91937300e+03 1.52870297e+03
4.92087303e+03 1.53225526e+03
4.92237307e+03 1.53581395e+03
4.92387311e+03 1.53937907e+03
4.92537315e+03 1.54295063e+03
4.92687318e+03 1.54652865e+03
4.92837322e+03 1.55011314e+03
4.92987326e+03 1.55370413e+03
4.93137330e+03 1.55730164e+03
4.93287333e+03 1.56090568e+03
4.93437337e+03 1.56451627e+03
4.93587341e+03 1.56813342e+03
4.93737345e+03 1.57175717e+03
4.93887348e+03 1.57538752e+03
4.94037352e+03 1.57902450e+03
4.94187356e+03 1.58266813e+03
4.94337360e+03 1.58631841e+03
4.94487363e+03 1.58997538e+03
4.94637367e+03 1.59363906e+03
4.94787371e+03 1.59730945e+03
4.94937375e+03 1.60098658e+03
4.95087378e+03 1.60467048e+03
4.95237382e+03 1.60836116e+03
4.95387386e+03 1.61205863e+03
4.95537390e+03 1.61576293e+03
4.95687393e+03 1.61947406e+03
4.95837397e+03 1.62319206e+03
4.95987401e+03 1.62691693e+03
4.96137405e+03 1.63064871e+03
4.96287408e+03 1.63438741e+03
4.96437412e+03 1.63813304e+03
4.96587416e+03 1.64188565e+03
4.96737420e+03 1.64564523e+03
4.96887423e+03 1.64941182e+03
4.97037427e+03 1.65318543e+03
4.97187431e+03 1.65696609e+03
4.97337435e+03 1.66075381e+03
4.97487438e+03 1.66454863e+03
4.97637442e+03 1.66835055e+03
4.97787446e+03 1.67215961e+03
4.97937450e+03 1.67597582e+03
4.98087453e+03 1.67979920e+03
4.98237457e+03 1.68362978e+03
4.98387461e+03 1.68746759e+03
4.98537465e+03 1.69131263e+03
4.98687468e+03 1.69516493e+03
4.98837472e+03 1.69902453e+03
4.98987476e+03 1.70289143e+03
4.99137480e+03 1.70676566e+03
4.99287483e+03 1.71064725e+03
4.99437487e+03 1.71453621e+03
4.99587491e+03 1.71843257e+03
4.99737495e+03 1.72233636e+03
4.99887498e+03 1.72624759e+03
5.00037502e+03 1.73016630e+03
5.00187506e+03 1.73409249e+03
5.00337510e+03 1.73802621e+03
5.00487513e+03 1.74196747e+03
5.00637517e+03 1.74591629e+03
5.00787521e+03 1.74987270e+03
5.00937525e+03 1.75383673e+03
5.01087528e+03 1.75780839e+03
5.01237532e+03 1.76178771e+03
5.01387536e+03 1.76577473e+03
5.01537540e+03 1.76976945e+03
5.01687543e+03 1.77377192e+03
5.01837547e+03 1.77778214e+03
5.01987551e+03 1.78180016e+03
5.02137555e+03 1.78582598e+03
5.02287558e+03 1.78985965e+03
5.02437562e+03 1.79390118e+03
5.02587566e+03 1.79795060e+03
5.02737570e+03 1.80200793e+03
5.02887573e+03 1.80607321e+03
5.03037577e+03 1.81014646e+03
5.03187581e+03 1.81422770e+03
5.03337585e+03 1.81831696e+03
5.03487588e+03 1.82241427e+03
5.03637592e+03 1.82651966e+03
5.03787596e+03 1.83063315e+03
5.03937600e+03 1.83475477e+03
5.04087603e+03 1.83888455e+03
5.04237607e+03 1.84302251e+03
5.04387611e+03 1.84716868e+03
5.04537615e+03 1.85132309e+03
5.04687618e+03 1.85548578e+03
5.04837622e+03 1.85965676e+03
5.04987626e+03 1.86383606e+03
5.05137630e+03 1.86802372e+03
5.05287633e+03 1.87221976e+03
5.05437637e+03 1.87642421e+03
5.05587641e+03 1.88063710e+03
5.05737645e+03 1.88485846e+03
5.05887648e+03 1.88908832e+03
5.06037652e+03 1.89332671e+03
5.06187656e+03 1.89757366e+03
5.06337660e+03 1.90182919e+03
5.06487663e+03 1.90609335e+03
5.06637667e+03 1.91036615e+03
5.06787671e+03 1.91464763e+03
5.06937675e+03 1.91893782e+03
5.07087678e+03 1.92323676e+03
5.07237682e+03 1.92754446e+03
5.07387686e+03 1.93186097e+03
5.07537690e+03 1.93618631e+03
5.07687693e+03 1.94052052e+03
5.07837697e+03 1.94486363e+03
5.07987701e+03 1.94921567e+03
5.08137705e+03 1.95357667e+03
5.08287708e+03 1.95794666e+03
5.08437712e+03 1.96232569e+03
5.08587716e+03 1.96671377e+03
5.08737720e+03 1.97111095e+03
5.08887723e+03 1.97551725e+03
5.09037727e+03 1.97993271e+03
5.09187731e+03 1.98435737e+03
5.09337735e+03 1.98879126e+03
5.09487738e+03 1.99323440e+03
5.09637742e+03 1.99768685e+03
5.09787746e+03 2.00214862e+03
5.09937750e+03 2.00661976e+03
5.10087753e+03 2.01110030e+03
5.10237757e+03 2.01559028e+03
5.10387761e+03 2.02008972e+03
5.10537765e+03 2.02459868e+03
5.10687768e+03 2.02911717e+03
5.10837772e+03 2.03364525e+03
5.10987776e+03 2.03818294e+03
5.11137780e+03 2.04273028e+03
5.11287783e+03 2.04728731e+03
5.11437787e+03 2.05185406e+03
5.11587791e+03 2.05643058e+03
5.11737795e+03 2.06101690e+03
5.11887798e+03 2.06561305e+03
5.12037802e+03 2.07021908e+03
5.12187806e+03 2.07483503e+03
5.12337810e+03 2.07946092e+03
5.12487813e+03 2.08409681e+03
5.12637817e+03 2.08874273e+03
5.12787821e+03 2.09339872e+03
5.12937825e+03 2.09806481e+03
5.13087828e+03 2.10274106e+03
5.13237832e+03 2.10742749e+03
5.13387836e+03 2.11212416e+03
5.13537840e+03 2.11683109e+03
5.13687843e+03 2.12154833e+03
5.13837847e+03 2.12627593e+03
5.13987851e+03 2.13101392e+03
5.14137855e+03 2.13576234e+03
5.14287858e+03 2.14052124e+03
5.14437862e+03 2.14529065e+03
5.14587866e+03 2.15007063e+03
5.14737870e+03 2.15486121e+03
5.14887873e+03 2.15966244e+03
5.15037877e+03 2.16447436e+03
5.15187881e+03 2.16929701e+03
5.15337885e+03 2.17413044e+03
5.15487888e+03 2.17897470e+03
5.15637892e+03 2.18382981e+03
5.15787896e+03 2.18869584e+03
5.15937900e+03 2.19357283e+03
5.16087903e+03 2.19846082e+03
5.16237907e+03 2.20335986e+03
5.16387911e+03 2.20826999e+03
5.16537915e+03 2.21319126e+03
5.16687918e+03 2.21812371e+03
5.16837922e+03 2.22306740e+03
5.16987926e+03 2.22802238e+03
5.17137930e+03 2.23298868e+03
5.17287933e+03 2.23796636e+03
5.17437937e+03 2.24295546e+03
5.17587941e+03 2.24795604e+03
5.17737945e+03 2.25296814e+03
5.17887948e+03 2.25799181e+03
5.18037952e+03 2.26302710e+03
5.18187956e+03 2.26807407e+03
5.18337960e+03 2.27313276e+03
5.18487963e+03 2.27820322e+03
5.18637967e+03 2.28328550e+03
5.18787971e+03 2.28837967e+03
5.18937975e+03 2.29348575e+03
5.19087978e+03 2.29860382e+03
5.19237982e+03 2.30373393e+03
5.19387986e+03 2.30887611e+03
5.19537990e+03 2.31403044e+03
5.19687993e+03 2.31919696e+03
5.19837997e+03 2.32437572e+03
5.19988001e+03 2.32956679e+03
5.20138005e+03 2.33477021e+03
5.20288009e+03 2.33998604e+03
5.20438012e+03 2.34521435e+03
5.20588016e+03 2.35045517e+03
5.20738020e+03 2.35570857e+03
5.20888024e+03 2.36097461e+03
5.21038027e+03 2.36625335e+03
5.21188031e+03 2.37154483e+03
5.21338035e+03 2.37684913e+03
5.21488039e+03 2.38216629e+03
5.21638042e+03 2.38749638e+03
5.21788046e+03 2.39283946e+03
5.21938050e+03 2.39819558e+03
5.22088054e+03 2.40356482e+03
5.22238057e+03 2.40894722e+03
5.22388061e+03 2.41434285e+03
5.22538065e+03 2.41975177e+03
5.22688069e+03 2.42517404e+03
5.22838072e+03 2.43060973e+03
5.22988076e+03 2.43605890e+03
5.23138080e+03 2.44152161e+03
5.23288084e+03 2.44699793e+03
5.23438087e+03 2.45248792e+03
5.23588091e+03 2.45799164e+03
5.23738095e+03 2.46350917e+03
5.23888099e+03 2.46904056e+03
5.24038102e+03 2.47458589e+03
5.24188106e+03 2.48014522e+03
5.24338110e+03 2.48571862e+03
5.24488114e+03 2.49130616e+03
5.24638117e+03 2.49690790e+03
5.24788121e+03 2.50252392e+03
5.24938125e+03 2.50815428e+03
5.25088129e+03 2.51379906e+03
5.25238132e+03 2.51945833e+03
5.25388136e+03 2.52513215e+03
5.25538140e+03 2.53082059e+03
5.25688144e+03 2.53652375e+03
5.25838147e+03 2.54224167e+03
5.25988151e+03 2.54797444e+03
5.26138155e+03 2.55372214e+03
5.26288159e+03 2.55948483e+03
5.26438162e+03 2.56526259e+03
5.26588166e+03 2.57105551e+03
5.26738170e+03 2.57686364e+03
5.26888174e+03 2.58268708e+03
5.27038177e+03 2.58852590e+03
5.27188181e+03 2.59438018e+03
5.27338185e+03 2.60024999e+03
5.27488189e+03 2.60613542e+03
5.27638192e+03 2.61203655e+03
5.27788196e+03 2.61795346e+03
5.27938200e+03 2.62388622e+03
5.28088204e+03 2.62983493e+03
5.28238207e+03 2.63579966e+03
5.28388211e+03 2.64178050e+03
5.28538215e+03 2.64777754e+03
5.28688219e+03 2.65379085e+03
5.28838222e+03 2.65982053e+03
5.28988226e+03 2.66586665e+03
5.29138230e+03 2.67192931e+03
5.29288234e+03 2.67800860e+03
5.29438237e+03 2.68410461e+03
5.29588241e+03 2.69021741e+03
5.29738245e+03 2.69634711e+03
5.29888249e+03 2.70249379e+03
5.30038252e+03 2.70865755e+03
5.30188256e+03 2.71483847e+03
5.30338260e+03 2.72103666e+03
5.30488264e+03 2.72725220e+03
5.30638267e+03 2.73348519e+03
5.30788271e+03 2.73973573e+03
5.30938275e+03 2.74600391e+03
5.31088279e+03 2.75228982e+03
5.31238282e+03 2.75859358e+03
5.31388286e+03 2.76491526e+03
5.31538290e+03 2.77125499e+03
5.31688294e+03 2.77761285e+03
5.31838297e+03 2.78398894e+03
5.31988301e+03 2.79038338e+03
5.32138305e+03 2.79679626e+03
5.32288309e+03 2.80322768e+03
5.32438312e+03 2.80967776e+03
5.32588316e+03 2.81614660e+03
5.32738320e+03 2.82263429e+03
5.32888324e+03 2.82914097e+03
5.33038327e+03 2.83566672e+03
5.33188331e+03 2.84221166e+03
5.33338335e+03 2.84877591e+03
5.33488339e+03 2.85535956e+03
5.33638342e+03 2.86196275e+03
5.33788346e+03 2.86858557e+03
5.33938350e+03 2.87522815e+03
5.34088354e+03 2.88189059e+03
5.34238357e+03 2.88857302e+03
5.34388361e+03 2.89527556e+03
5.34538365e+03 2.90199832e+03
5.34688369e+03 2.90874142e+03
5.34838372e+03 2.91550499e+03
5.34988376e+03 2.92228914e+03
5.35138380e+03 2.92909401e+03
5.35288384e+03 2.93591970e+03
5.35438387e+03 2.94276636e+03
5.35588391e+03 2.94963410e+03
5.35738395e+03 2.95652305e+03
5.35888399e+03 2.96343335e+03
5.36038402e+03 2.97036512e+03
5.36188406e+03 2.97731850e+03
5.36338410e+03 2.98429361e+03
5.36488414e+03 2.99129060e+03
5.36638417e+03 2.99830959e+03
5.36788421e+03 3.00535073e+03
5.36938425e+03 3.01241414e+03
5.37088429e+03 3.01949998e+03
5.37238432e+03 3.02660837e+03
5.37388436e+03 3.03373947e+03
5.37538440e+03 3.04089341e+03
5.37688444e+03 3.04807034e+03
5.37838447e+03 3.05527041e+03
5.37988451e+03 3.06249376e+03
5.38138455e+03 3.06974054e+03
5.38288459e+03 3.07701090e+03
5.38438462e+03 3.08430499e+03
5.38588466e+03 3.09162298e+03
5.38738470e+03 3.09896500e+03
5.38888474e+03 3.10633121e+03
5.39038477e+03 3.11372179e+03
5.39188481e+03 3.12113687e+03
5.39338485e+03 3.12857663e+03
5.39488489e+03 3.13604122e+03
5.39638492e+03 3.14353082e+03
5.39788496e+03 3.15104558e+03
5.39938500e+03 3.15858567e+03
5.40088504e+03 3.16615127e+03
5.40238507e+03 3.17374254e+03
5.40388511e+03 3.18135965e+03
5.40538515e+03 3.18900278e+03
5.40688519e+03 3.19667211e+03
5.40838522e+03 3.20436780e+03
5.40988526e+03 3.21209005e+03
5.41138530e+03 3.21983904e+03
5.41288534e+03 3.22761493e+03
5.41438537e+03 3.23541793e+03
5.41588541e+03 3.24324822e+03
5.41738545e+03 3.25110598e+03
5.41888549e+03 3.25899141e+03
5.42038552e+03 3.26690470e+03
5.42188556e+03 3.27484605e+03
5.42338560e+03 3.28281564e+03
5.42488564e+03 3.29081369e+03
5.42638567e+03 3.29884039e+03
5.42788571e+03 3.30689594e+03
5.42938575e+03 3.31498056e+03
5.43088579e+03 3.32309444e+03
5.43238582e+03 3.33123780e+03
5.43388586e+03 3.33941085e+03
5.43538590e+03 3.34761380e+03
5.43688594e+03 3.35584687e+03
5.43838597e+03 3.36411028e+03
5.43988601e+03 3.37240424e+03
5.44138605e+03 3.38072900e+03
5.44288609e+03 3.38908476e+03
5.44438612e+03 3.39747176e+03
5.44588616e+03 3.40589022e+03
5.44738620e+03 3.41434040e+03
5.44888624e+03 3.42282250e+03
5.45038627e+03 3.43133679e+03
5.45188631e+03 3.43988350e+03
5.45338635e+03 3.44846286e+03
5.45488639e+03 3.45707514e+03
5.45638642e+03 3.46572058e+03
5.45788646e+03 3.47439943e+03
5.45938650e+03 3.48311194e+03
5.46088654e+03 3.49185838e+03
5.46238657e+03 3.50063901e+03
5.46388661e+03 3.50945408e+03
5.46538665e+03 3.51830387e+03
5.46688669e+03 3.52718865e+03
5.46838672e+03 3.53610870e+03
5.46988676e+03 3.54506427e+03
5.47138680e+03 3.55405567e+03
5.47288684e+03 3.56308316e+03
5.47438687e+03 3.57214704e+03
5.47588691e+03 3.58124759e+03
5.47738695e+03 3.59038511e+03
5.47888699e+03 3.59955989e+03
5.48038702e+03 3.60877224e+03
5.48188706e+03 3.61802245e+03
5.48338710e+03 3.62731084e+03
5.48488714e+03 3.63663771e+03
5.48638717e+03 3.64600339e+03
5.48788721e+03 3.65540817e+03
5.48938725e+03 3.66485240e+03
5.49088729e+03 3.67433639e+03
5.49238732e+03 3.68386048e+03
5.49388736e+03 3.69342500e+03
5.49538740e+03 3.70303028e+03
5.49688744e+03 3.71267667e+03
5.49838747e+03 3.72236451e+03
5.49988751e+03 3.73209416e+03
5.50138755e+03 3.74186597e+03
5.50288759e+03 3.75168030e+03
5.50438762e+03 3.76153751e+03
5.50588766e+03 3.77143797e+03
5.50738770e+03 3.78138205e+03
5.50888774e+03 3.79137014e+03
5.51038777e+03 3.80140261e+03
5.51188781e+03 3.81147985e+03
5.51338785e+03 3.82160226e+03
5.51488789e+03 3.83177022e+03
5.51638792e+03 3.84198415e+03
5.51788796e+03 3.85224445e+03
5.51938800e+03 3.86255153e+03
5.52088804e+03 3.87290582e+03
5.52238807e+03 3.88330772e+03
5.52388811e+03 3.89375768e+03
5.52538815e+03 3.90425613e+03
5.52688819e+03 3.91480351e+03
5.52838822e+03 3.92540026e+03
5.52988826e+03 3.93604684e+03
5.53138830e+03 3.94674371e+03
5.53288834e+03 3.95749133e+03
5.53438837e+03 3.96829016e+03
5.53588841e+03 3.97914069e+03
5.53738845e+03 3.99004340e+03
5.53888849e+03 4.00099878e+03
5.54038852e+03 4.01200733e+03
5.54188856e+03 4.02306955e+03
5.54338860e+03 4.03418595e+03
5.54488864e+03 4.04535704e+03
5.54638867e+03 4.05658336e+03
5.54788871e+03 4.06786543e+03
5.54938875e+03 4.07920379e+03
5.55088879e+03 4.09059899e+03
5.55238882e+03 4.10205158e+03
5.55388886e+03 4.11356212e+03
5.55538890e+03 4.12513119e+03
5.55688894e+03 4.13675937e+03
5.55838897e+03 4.14844723e+03
5.55988901e+03 4.16019538e+03
5.56138905e+03 4.17200441e+03
5.56288909e+03 4.18387494e+03
5.56438912e+03 4.19580760e+03
5.56588916e+03 4.20780300e+03
5.56738920e+03 4.21986179e+03
5.56888924e+03 4.23198462e+03
5.57038927e+03 4.24417214e+03
5.57188931e+03 4.25642502e+03
5.57338935e+03 4.26874395e+03
5.57488939e+03 4.28112960e+03
5.57638942e+03 4.29358268e+03
5.57788946e+03 4.30610389e+03
5.57938950e+03 4.31869396e+03
5.58088954e+03 4.33135361e+03
5.58238957e+03 4.34408359e+03
5.58388961e+03 4.35688464e+03
5.58538965e+03 4.36975753e+03
5.58688969e+03 4.38270304e+03
5.58838972e+03 4.39572196e+03
5.58988976e+03 4.40881508e+03
5.59138980e+03 4.42198321e+03
5.59288984e+03 4.43522719e+03
5.59438987e+03 4.44854785e+03
5.59588991e+03 4.46194605e+03
5.59738995e+03 4.47542264e+03
5.59888999e+03 4.48897850e+03
5.60039002e+03 4.50261454e+03
5.60189006e+03 4.51633165e+03
5.60339010e+03 4.53013076e+03
5.60489014e+03 4.54401280e+03
5.60639017e+03 4.55797874e+03
5.60789021e+03 4.57202952e+03
5.60939025e+03 4.58616615e+03
5.61089029e+03 4.60038961e+03
5.61239032e+03 4.61470093e+03
5.61389036e+03 4.62910114e+03
5.61539040e+03 4.64359129e+03
5.61689044e+03 4.65817244e+03
5.61839047e+03 4.67284569e+03
5.61989051e+03 4.68761215e+03
5.62139055e+03 4.70247292e+03
5.62289059e+03 4.71742916e+03
5.62439062e+03 4.73248203e+03
5.62589066e+03 4.74763271e+03
5.62739070e+03 4.76288241e+03
5.62889074e+03 4.77823235e+03
5.63039077e+03 4.79368378e+03
5.63189081e+03 4.80923796e+03
5.63339085e+03 4.82489618e+03
5.63489089e+03 4.84065977e+03
5.63639092e+03 4.85653005e+03
5.63789096e+03 4.87250839e+03
5.63939100e+03 4.88859617e+03
5.64089104e+03 4.90479481e+03
5.64239107e+03 4.92110574e+03
5.64389111e+03 4.93753042e+03
5.64539115e+03 4.95407034e+03
5.64689119e+03 4.97072703e+03
5.64839122e+03 4.98750202e+03
5.64989126e+03 5.00439689e+03
5.65139130e+03 5.02141326e+03
5.65289134e+03 5.03855274e+03
5.65439137e+03 5.05581701e+03
5.65589141e+03 5.07320777e+03
5.65739145e+03 5.09072674e+03
5.65889149e+03 5.10837569e+03
5.66039152e+03 5.12615642e+03
5.66189156e+03 5.14407076e+03
5.66339160e+03 5.16212058e+03
5.66489164e+03 5.18030779e+03
5.66639167e+03 5.19863432e+03
5.66789171e+03 5.21710217e+03
5.66939175e+03 5.23571336e+03
5.67089179e+03 5.25446994e+03
5.67239182e+03 5.27337402e+03
5.67389186e+03 5.29242776e+03
5.67539190e+03 5.31163334e+03
5.67689194e+03 5.33099300e+03
5.67839197e+03 5.35050902e+03
5.67989201e+03 5.37018374e+03
5.68139205e+03 5.39001953e+03
5.68289209e+03 5.41001883e+03
5.68439212e+03 5.43018411e+03
5.68589216e+03 5.45051791e+03
5.68739220e+03 5.47102283e+03
5.68889224e+03 5.49170149e+03
5.69039227e+03 5.51255662e+03
5.69189231e+03 5.53359096e+03
5.69339235e+03 5.55480734e+03
5.69489239e+03 5.57620865e+03
5.69639242e+03 5.59779783e+03
5.69789246e+03 5.61957789e+03
5.69939250e+03 5.64155193e+03
5.70089254e+03 5.66372308e+03
5.70239257e+03 5.68609458e+03
5.70389261e+03 5.70866971e+03
5.70539265e+03 5.73145187e+03
5.70689269e+03 5.75444449e+03
5.70839272e+03 5.77765111e+03
5.70989276e+03 5.80107534e+03
5.71139280e+03 5.82472088e+03
5.71289284e+03 5.84859153e+03
5.71439287e+03 5.87269117e+03
5.71589291e+03 5.89702376e+03
5.71739295e+03 5.92159338e+03
5.71889299e+03 5.94640419e+03
5.72039302e+03 5.97146047e+03
5.72189306e+03 5.99676659e+03
5.72339310e+03 6.02232704e+03
5.72489314e+03 6.04814642e+03
5.72639317e+03 6.07422945e+03
5.72789321e+03 6.10058096e+03
5.72939325e+03 6.12720590e+03
5.73089329e+03 6.15410937e+03
5.73239332e+03 6.18129658e+03
5.73389336e+03 6.20877290e+03
5.73539340e+03 6.23654381e+03
5.73689344e+03 6.26461495e+03
5.73839347e+03 6.29299213e+03
5.73989351e+03 6.32168129e+03
5.74139355e+03 6.35068854e+03
5.74289359e+03 6.38002016e+03
5.74439362e+03 6.40968260e+03
5.74589366e+03 6.43968248e+03
5.74739370e+03 6.47002662e+03
5.74889374e+03 6.50072203e+03
5.75039377e+03 6.53177591e+03
5.75189381e+03 6.56319567e+03
5.75339385e+03 6.59498893e+03
5.75489389e+03 6.62716355e+03
5.75639392e+03 6.65972758e+03
5.75789396e+03 6.69268936e+03
5.75939400e+03 6.72605743e+03
5.76089404e+03 6.75984061e+03
5.76239407e+03 6.79404799e+03
5.76389411e+03 6.82868893e+03
5.76539415e+03 6.86377306e+03
5.76689419e+03 6.89931035e+03
5.76839422e+03 6.93531103e+03
5.76989426e+03 6.97178571e+03
5.77139430e+03 7.00874528e+03
5.77289434e+03 7.04620102e+03
5.77439437e+03 7.08416455e+03
5.77589441e+03 7.12264789e+03
5.77739445e+03 7.16166343e+03
5.77889449e+03 7.20122400e+03
5.78039452e+03 7.24134284e+03
5.78189456e+03 7.28203365e+03
5.78339460e+03 7.32331059e+03
5.78489464e+03 7.36518829e+03
5.78639467e+03 7.40768194e+03
5.78789471e+03 7.45080720e+03
5.78939475e+03 7.49458034e+03
5.79089479e+03 7.53901818e+03
5.79239482e+03 7.58413815e+03
5.79389486e+03 7.62995833e+03
5.79539490e+03 7.67649746e+03
5.79689494e+03 7.72377497e+03
5.79839497e+03 7.77181104e+03
5.79989501e+03 7.82062660e+03
5.80139505e+03 7.87024338e+03
5.80289509e+03 7.92068397e+03
5.80439512e+03 7.97197185e+03
5.80589516e+03 8.02413140e+03
5.80739520e+03 8.07718802e+03
5.80889524e+03 8.13116809e+03
5.81039527e+03 8.18609913e+03
5.81189531e+03 8.24200975e+03
5.81339535e+03 8.29892978e+03
5.81489539e+03 8.35689032e+03
5.81639542e+03 8.41592381e+03
5.81789546e+03 8.47606407e+03
5.81939550e+03 8.53734644e+03
5.82089554e+03 8.59980782e+03
5.82239557e+03 8.66348676e+03
5.82389561e+03 8.72842359e+03
5.82539565e+03 8.79466048e+03
5.82689569e+03 8.86224160e+03
5.82839572e+03 8.93121319e+03
5.82989576e+03 9.00162371e+03
5.83139580e+03 9.07352401e+03
5.83289584e+03 9.14696742e+03
5.83439587e+03 9.22200993e+03
5.83589591e+03 9.29871041e+03
5.83739595e+03 9.37713071e+03
5.83889599e+03 9.45733596e+03
5.84039602e+03 9.53939470e+03
5.84189606e+03 9.62337916e+03
5.84339610e+03 9.70936555e+03
5.84489614e+03 9.79743426e+03
5.84639617e+03 9.88767022e+03
5.84789621e+03 9.98016323e+03
5.84939625e+03 1.00750083e+04
5.85089629e+03 1.01723061e+04
5.85239632e+03 1.02721631e+04
5.85389636e+03 1.03746927e+04
5.85539640e+03 1.04800148e+04
5.85689644e+03 1.05882573e+04
5.85839647e+03 1.06995559e+04
5.85989651e+03 1.08140553e+04
5.86139655e+03 1.09319099e+04
5.86289659e+03 1.10532841e+04
5.86439662e+03 1.11783539e+04
5.86589666e+03 1.13073074e+04
5.86739670e+03 1.14403464e+04
5.86889674e+03 1.15776876e+04
5.87039677e+03 1.17195642e+04
5.87189681e+03 1.18662279e+04
5.87339685e+03 1.20179512e+04
5.87489689e+03 1.21750304e+04
5.87639692e+03 1.23377886e+04
5.87789696e+03 1.25065797e+04
5.87939700e+03 1.26817926e+04
5.88089704e+03 1.28638565e+04
5.88239707e+03 1.30532453e+04
5.88389711e+03 1.32504831e+04
5.88539715e+03 1.34561476e+04
5.88689719e+03 1.36708727e+04
5.88839722e+03 1.38953474e+04
5.88989726e+03 1.41303097e+04
5.89139730e+03 1.43765340e+04
5.89289734e+03 1.46348096e+04
5.89439737e+03 1.49059085e+04
5.89589741e+03 1.51905422e+04
5.89739745e+03 1.54893098e+04
5.89889749e+03 1.58026417e+04
5.90039752e+03 1.61307520e+04
5.90189756e+03 1.64736195e+04
5.90339760e+03 1.68310304e+04
5.90489764e+03 1.72027320e+04
5.90639767e+03 1.75887641e+04
5.90789771e+03 1.79900579e+04
5.90939775e+03 1.84094087e+04
5.91089779e+03 1.88529446e+04
5.91239782e+03 1.93322084e+04
5.91389786e+03 1.98669401e+04
5.91539790e+03 2.04885735e+04
5.91689794e+03 2.12443117e+04
5.91839797e+03 2.22014115e+04
5.91989801e+03 2.34509396e+04
5.92139805e+03 2.51097419e+04
5.92289809e+03 2.73186832e+04
5.92439812e+03 3.02343518e+04
5.92589816e+03 3.40104474e+04
5.92739820e+03 3.87640854e+04
5.92889824e+03 4.45214836e+04
5.93039827e+03 5.11373740e+04
5.93189831e+03 5.81840543e+04
5.93339835e+03 6.48128826e+04
5.93489839e+03 6.96193456e+04
5.93639842e+03 7.06633903e+04
5.93789846e+03 6.62456992e+04
5.93939850e+03 5.77201548e+04
5.94089854e+03 5.11614361e+04
5.94239857e+03 4.96754432e+04
5.94389861e+03 5.17631692e+04
5.94539865e+03 5.56010076e+04
5.94689869e+03 6.01313564e+04
5.94839872e+03 6.48492062e+04
5.94989876e+03 6.95384873e+04
5.95139880e+03 7.41187749e+04
5.95289884e+03 7.85694062e+04
5.95439887e+03 8.28943362e+04
5.95589891e+03 8.71065368e+04
5.95739895e+03 9.12213689e+04
5.95889899e+03 9.52539605e+04
5.96039902e+03 9.92183215e+04
5.96189906e+03 1.03127182e+05
5.96339910e+03 1.06992109e+05
5.96489914e+03 1.10823716e+05
5.96639917e+03 1.14631885e+05
5.96789921e+03 1.18425986e+05
5.96939925e+03 1.22215072e+05
5.97089929e+03 1.26008074e+05
5.97239932e+03 1.29813987e+05
5.97389936e+03 1.33642058e+05
5.97539940e+03 1.37501997e+05
5.97689944e+03 1.41404213e+05
5.97839947e+03 1.45360097e+05
5.97989951e+03 1.49382374e+05
5.98139955e+03 1.53485560e+05
5.98289959e+03 1.57686566e+05
5.98439962e+03 1.62005545e+05
5.98589966e+03 1.66467089e+05
5.98739970e+03 1.71102017e+05
5.98889974e+03 1.75950137e+05
5.99039977e+03 1.81064744e+05
5.99189981e+03 1.86520436e+05
5.99339985e+03 1.92427850e+05
5.99489989e+03 1.98964849e+05
5.99639992e+03 2.06454564e+05
5.99789996e+03 2.15623812e+05
5.99940000e+03 2.29222737e+05
