# Data file for U(x)
# mu = 30.680116930934485
# omB = 12.32
# Columns:
# 1) x
# 2) U(x)
# 3) local density n_e(x)
# 4) compressibility dn_e(x)
# 
-5.99940000e+03 2.32735669e+05 0.00000000e+00 0.00000000e+00
-5.99789996e+03 2.18748978e+05 0.00000000e+00 0.00000000e+00
-5.99639992e+03 2.09318174e+05 0.00000000e+00 0.00000000e+00
-5.99489989e+03 2.01614640e+05 0.00000000e+00 0.00000000e+00
-5.99339985e+03 1.94890726e+05 0.00000000e+00 0.00000000e+00
-5.99189981e+03 1.88814040e+05 0.00000000e+00 0.00000000e+00
-5.99039977e+03 1.83201643e+05 0.00000000e+00 0.00000000e+00
-5.98889974e+03 1.77939746e+05 0.00000000e+00 0.00000000e+00
-5.98739970e+03 1.72951632e+05 0.00000000e+00 0.00000000e+00
-5.98589966e+03 1.68182494e+05 0.00000000e+00 0.00000000e+00
-5.98439962e+03 1.63591393e+05 0.00000000e+00 0.00000000e+00
-5.98289959e+03 1.59146636e+05 0.00000000e+00 0.00000000e+00
-5.98139955e+03 1.54822928e+05 0.00000000e+00 0.00000000e+00
-5.97989951e+03 1.50599540e+05 0.00000000e+00 0.00000000e+00
-5.97839947e+03 1.46459074e+05 0.00000000e+00 0.00000000e+00
-5.97689944e+03 1.42386594e+05 0.00000000e+00 0.00000000e+00
-5.97539940e+03 1.38369005e+05 0.00000000e+00 0.00000000e+00
-5.97389936e+03 1.34394579e+05 0.00000000e+00 0.00000000e+00
-5.97239932e+03 1.30452598e+05 0.00000000e+00 0.00000000e+00
-5.97089929e+03 1.26533061e+05 0.00000000e+00 0.00000000e+00
-5.96939925e+03 1.22626438e+05 0.00000000e+00 0.00000000e+00
-5.96789921e+03 1.18723458e+05 0.00000000e+00 0.00000000e+00
-5.96639917e+03 1.14814913e+05 0.00000000e+00 0.00000000e+00
-5.96489914e+03 1.10891462e+05 0.00000000e+00 0.00000000e+00
-5.96339910e+03 1.06943437e+05 0.00000000e+00 0.00000000e+00
-5.96189906e+03 1.02960636e+05 0.00000000e+00 0.00000000e+00
-5.96039902e+03 9.89320998e+04 0.00000000e+00 0.00000000e+00
-5.95889899e+03 9.48458808e+04 0.00000000e+00 0.00000000e+00
-5.95739895e+03 9.06888269e+04 0.00000000e+00 0.00000000e+00
-5.95589891e+03 8.64464608e+04 0.00000000e+00 0.00000000e+00
-5.95439887e+03 8.21031478e+04 0.00000000e+00 0.00000000e+00
-5.95289884e+03 7.76430112e+04 0.00000000e+00 0.00000000e+00
-5.95139880e+03 7.30526444e+04 0.00000000e+00 0.00000000e+00
-5.94989876e+03 6.83279663e+04 0.00000000e+00 0.00000000e+00
-5.94839872e+03 6.34903581e+04 0.00000000e+00 0.00000000e+00
-5.94689869e+03 5.86230137e+04 0.00000000e+00 0.00000000e+00
-5.94539865e+03 5.39494274e+04 0.00000000e+00 0.00000000e+00
-5.94389861e+03 4.99919509e+04 0.00000000e+00 0.00000000e+00
-5.94239857e+03 4.78444963e+04 0.00000000e+00 0.00000000e+00
-5.94089854e+03 4.93932739e+04 0.00000000e+00 0.00000000e+00
-5.93939850e+03 5.61887515e+04 0.00000000e+00 0.00000000e+00
-5.93789846e+03 6.50184212e+04 0.00000000e+00 0.00000000e+00
-5.93639842e+03 6.95990889e+04 0.00000000e+00 0.00000000e+00
-5.93489839e+03 6.85304038e+04 0.00000000e+00 0.00000000e+00
-5.93339835e+03 6.35700188e+04 0.00000000e+00 0.00000000e+00
-5.93189831e+03 5.67245858e+04 0.00000000e+00 0.00000000e+00
-5.93039827e+03 4.94468339e+04 0.00000000e+00 0.00000000e+00
-5.92889824e+03 4.26145394e+04 0.00000000e+00 0.00000000e+00
-5.92739820e+03 3.66700897e+04 0.00000000e+00 0.00000000e+00
-5.92589816e+03 3.17637428e+04 0.00000000e+00 0.00000000e+00
-5.92439812e+03 2.78683845e+04 0.00000000e+00 0.00000000e+00
-5.92289809e+03 2.48628823e+04 0.00000000e+00 0.00000000e+00
-5.92139805e+03 2.25882636e+04 0.00000000e+00 0.00000000e+00
-5.91989801e+03 2.08825680e+04 0.00000000e+00 0.00000000e+00
-5.91839797e+03 1.96000982e+04 0.00000000e+00 0.00000000e+00
-5.91689794e+03 1.86199999e+04 0.00000000e+00 0.00000000e+00
-5.91539790e+03 1.78480831e+04 0.00000000e+00 0.00000000e+00
-5.91389786e+03 1.72147846e+04 0.00000000e+00 0.00000000e+00
-5.91239782e+03 1.66712834e+04 0.00000000e+00 0.00000000e+00
-5.91089779e+03 1.61850689e+04 0.00000000e+00 0.00000000e+00
-5.90939775e+03 1.57357256e+04 0.00000000e+00 0.00000000e+00
-5.90789771e+03 1.53113165e+04 0.00000000e+00 0.00000000e+00
-5.90639767e+03 1.49055050e+04 0.00000000e+00 0.00000000e+00
-5.90489764e+03 1.45154019e+04 0.00000000e+00 0.00000000e+00
-5.90339760e+03 1.41400457e+04 0.00000000e+00 0.00000000e+00
-5.90189756e+03 1.37793970e+04 0.00000000e+00 0.00000000e+00
-5.90039752e+03 1.34337189e+04 0.00000000e+00 0.00000000e+00
-5.89889749e+03 1.31032340e+04 0.00000000e+00 0.00000000e+00
-5.89739745e+03 1.27879658e+04 0.00000000e+00 0.00000000e+00
-5.89589741e+03 1.24876944e+04 0.00000000e+00 0.00000000e+00
-5.89439737e+03 1.22019760e+04 0.00000000e+00 0.00000000e+00
-5.89289734e+03 1.19301923e+04 0.00000000e+00 0.00000000e+00
-5.89139730e+03 1.16716088e+04 0.00000000e+00 0.00000000e+00
-5.88989726e+03 1.14254281e+04 0.00000000e+00 0.00000000e+00
-5.88839722e+03 1.11908353e+04 0.00000000e+00 0.00000000e+00
-5.88689719e+03 1.09670305e+04 0.00000000e+00 0.00000000e+00
-5.88539715e+03 1.07532514e+04 0.00000000e+00 0.00000000e+00
-5.88389711e+03 1.05487867e+04 0.00000000e+00 0.00000000e+00
-5.88239707e+03 1.03529817e+04 0.00000000e+00 0.00000000e+00
-5.88089704e+03 1.01652399e+04 0.00000000e+00 0.00000000e+00
-5.87939700e+03 9.98502027e+03 0.00000000e+00 0.00000000e+00
-5.87789696e+03 9.81183355e+03 0.00000000e+00 0.00000000e+00
-5.87639692e+03 9.64523695e+03 0.00000000e+00 0.00000000e+00
-5.87489689e+03 9.48482899e+03 0.00000000e+00 0.00000000e+00
-5.87339685e+03 9.33024458e+03 0.00000000e+00 0.00000000e+00
-5.87189681e+03 9.18115036e+03 0.00000000e+00 0.00000000e+00
-5.87039677e+03 9.03724082e+03 0.00000000e+00 0.00000000e+00
-5.86889674e+03 8.89823486e+03 0.00000000e+00 0.00000000e+00
-5.86739670e+03 8.76387290e+03 0.00000000e+00 0.00000000e+00
-5.86589666e+03 8.63391452e+03 0.00000000e+00 0.00000000e+00
-5.86439662e+03 8.50813636e+03 0.00000000e+00 0.00000000e+00
-5.86289659e+03 8.38633052e+03 0.00000000e+00 0.00000000e+00
-5.86139655e+03 8.26830303e+03 0.00000000e+00 0.00000000e+00
-5.85989651e+03 8.15387267e+03 0.00000000e+00 0.00000000e+00
-5.85839647e+03 8.04286988e+03 0.00000000e+00 0.00000000e+00
-5.85689644e+03 7.93513577e+03 0.00000000e+00 0.00000000e+00
-5.85539640e+03 7.83052137e+03 0.00000000e+00 0.00000000e+00
-5.85389636e+03 7.72888677e+03 0.00000000e+00 0.00000000e+00
-5.85239632e+03 7.63010050e+03 0.00000000e+00 0.00000000e+00
-5.85089629e+03 7.53403889e+03 0.00000000e+00 0.00000000e+00
-5.84939625e+03 7.44058550e+03 0.00000000e+00 0.00000000e+00
-5.84789621e+03 7.34963057e+03 0.00000000e+00 0.00000000e+00
-5.84639617e+03 7.26107059e+03 0.00000000e+00 0.00000000e+00
-5.84489614e+03 7.17480783e+03 0.00000000e+00 0.00000000e+00
-5.84339610e+03 7.09074995e+03 0.00000000e+00 0.00000000e+00
-5.84189606e+03 7.00880960e+03 0.00000000e+00 0.00000000e+00
-5.84039602e+03 6.92890412e+03 0.00000000e+00 0.00000000e+00
-5.83889599e+03 6.85095520e+03 0.00000000e+00 0.00000000e+00
-5.83739595e+03 6.77488860e+03 0.00000000e+00 0.00000000e+00
-5.83589591e+03 6.70063388e+03 0.00000000e+00 0.00000000e+00
-5.83439587e+03 6.62812416e+03 0.00000000e+00 0.00000000e+00
-5.83289584e+03 6.55729589e+03 0.00000000e+00 0.00000000e+00
-5.83139580e+03 6.48808862e+03 0.00000000e+00 0.00000000e+00
-5.82989576e+03 6.42044488e+03 0.00000000e+00 0.00000000e+00
-5.82839572e+03 6.35430990e+03 0.00000000e+00 0.00000000e+00
-5.82689569e+03 6.28963151e+03 0.00000000e+00 0.00000000e+00
-5.82539565e+03 6.22636000e+03 0.00000000e+00 0.00000000e+00
-5.82389561e+03 6.16444790e+03 0.00000000e+00 0.00000000e+00
-5.82239557e+03 6.10384994e+03 0.00000000e+00 0.00000000e+00
-5.82089554e+03 6.04452285e+03 0.00000000e+00 0.00000000e+00
-5.81939550e+03 5.98642530e+03 0.00000000e+00 0.00000000e+00
-5.81789546e+03 5.92951777e+03 0.00000000e+00 0.00000000e+00
-5.81639542e+03 5.87376245e+03 0.00000000e+00 0.00000000e+00
-5.81489539e+03 5.81912313e+03 0.00000000e+00 0.00000000e+00
-5.81339535e+03 5.76556516e+03 0.00000000e+00 0.00000000e+00
-5.81189531e+03 5.71305532e+03 0.00000000e+00 0.00000000e+00
-5.81039527e+03 5.66156178e+03 0.00000000e+00 0.00000000e+00
-5.80889524e+03 5.61105400e+03 0.00000000e+00 0.00000000e+00
-5.80739520e+03 5.56150269e+03 0.00000000e+00 0.00000000e+00
-5.80589516e+03 5.51287970e+03 0.00000000e+00 0.00000000e+00
-5.80439512e+03 5.46515804e+03 0.00000000e+00 0.00000000e+00
-5.80289509e+03 5.41831174e+03 0.00000000e+00 0.00000000e+00
-5.80139505e+03 5.37231586e+03 0.00000000e+00 0.00000000e+00
-5.79989501e+03 5.32714640e+03 0.00000000e+00 0.00000000e+00
-5.79839497e+03 5.28278029e+03 0.00000000e+00 0.00000000e+00
-5.79689494e+03 5.23919531e+03 0.00000000e+00 0.00000000e+00
-5.79539490e+03 5.19637008e+03 0.00000000e+00 0.00000000e+00
-5.79389486e+03 5.15428400e+03 0.00000000e+00 0.00000000e+00
-5.79239482e+03 5.11291722e+03 0.00000000e+00 0.00000000e+00
-5.79089479e+03 5.07225062e+03 0.00000000e+00 0.00000000e+00
-5.78939475e+03 5.03226576e+03 0.00000000e+00 0.00000000e+00
-5.78789471e+03 4.99294483e+03 0.00000000e+00 0.00000000e+00
-5.78639467e+03 4.95427068e+03 0.00000000e+00 0.00000000e+00
-5.78489464e+03 4.91622674e+03 0.00000000e+00 0.00000000e+00
-5.78339460e+03 4.87879701e+03 0.00000000e+00 0.00000000e+00
-5.78189456e+03 4.84196604e+03 0.00000000e+00 0.00000000e+00
-5.78039452e+03 4.80571891e+03 0.00000000e+00 0.00000000e+00
-5.77889449e+03 4.77004118e+03 0.00000000e+00 0.00000000e+00
-5.77739445e+03 4.73491892e+03 0.00000000e+00 0.00000000e+00
-5.77589441e+03 4.70033862e+03 0.00000000e+00 0.00000000e+00
-5.77439437e+03 4.66628726e+03 0.00000000e+00 0.00000000e+00
-5.77289434e+03 4.63275219e+03 0.00000000e+00 0.00000000e+00
-5.77139430e+03 4.59972122e+03 0.00000000e+00 0.00000000e+00
-5.76989426e+03 4.56718249e+03 0.00000000e+00 0.00000000e+00
-5.76839422e+03 4.53512457e+03 0.00000000e+00 0.00000000e+00
-5.76689419e+03 4.50353634e+03 0.00000000e+00 0.00000000e+00
-5.76539415e+03 4.47240707e+03 0.00000000e+00 0.00000000e+00
-5.76389411e+03 4.44172632e+03 0.00000000e+00 0.00000000e+00
-5.76239407e+03 4.41148400e+03 0.00000000e+00 0.00000000e+00
-5.76089404e+03 4.38167031e+03 0.00000000e+00 0.00000000e+00
-5.75939400e+03 4.35227574e+03 0.00000000e+00 0.00000000e+00
-5.75789396e+03 4.32329107e+03 0.00000000e+00 0.00000000e+00
-5.75639392e+03 4.29470737e+03 0.00000000e+00 0.00000000e+00
-5.75489389e+03 4.26651595e+03 0.00000000e+00 0.00000000e+00
-5.75339385e+03 4.23870837e+03 0.00000000e+00 0.00000000e+00
-5.75189381e+03 4.21127646e+03 0.00000000e+00 0.00000000e+00
-5.75039377e+03 4.18421225e+03 0.00000000e+00 0.00000000e+00
-5.74889374e+03 4.15750803e+03 0.00000000e+00 0.00000000e+00
-5.74739370e+03 4.13115628e+03 0.00000000e+00 0.00000000e+00
-5.74589366e+03 4.10514972e+03 0.00000000e+00 0.00000000e+00
-5.74439362e+03 4.07948124e+03 0.00000000e+00 0.00000000e+00
-5.74289359e+03 4.05414396e+03 0.00000000e+00 0.00000000e+00
-5.74139355e+03 4.02913116e+03 0.00000000e+00 0.00000000e+00
-5.73989351e+03 4.00443632e+03 0.00000000e+00 0.00000000e+00
-5.73839347e+03 3.98005310e+03 0.00000000e+00 0.00000000e+00
-5.73689344e+03 3.95597531e+03 0.00000000e+00 0.00000000e+00
-5.73539340e+03 3.93219694e+03 0.00000000e+00 0.00000000e+00
-5.73389336e+03 3.90871214e+03 0.00000000e+00 0.00000000e+00
-5.73239332e+03 3.88551521e+03 0.00000000e+00 0.00000000e+00
-5.73089329e+03 3.86260060e+03 0.00000000e+00 0.00000000e+00
-5.72939325e+03 3.83996290e+03 0.00000000e+00 0.00000000e+00
-5.72789321e+03 3.81759685e+03 0.00000000e+00 0.00000000e+00
-5.72639317e+03 3.79549731e+03 0.00000000e+00 0.00000000e+00
-5.72489314e+03 3.77365928e+03 0.00000000e+00 0.00000000e+00
-5.72339310e+03 3.75207790e+03 0.00000000e+00 0.00000000e+00
-5.72189306e+03 3.73074839e+03 0.00000000e+00 0.00000000e+00
-5.72039302e+03 3.70966614e+03 0.00000000e+00 0.00000000e+00
-5.71889299e+03 3.68882661e+03 0.00000000e+00 0.00000000e+00
-5.71739295e+03 3.66822541e+03 0.00000000e+00 0.00000000e+00
-5.71589291e+03 3.64785823e+03 0.00000000e+00 0.00000000e+00
-5.71439287e+03 3.62772088e+03 0.00000000e+00 0.00000000e+00
-5.71289284e+03 3.60780926e+03 0.00000000e+00 0.00000000e+00
-5.71139280e+03 3.58811937e+03 0.00000000e+00 0.00000000e+00
-5.70989276e+03 3.56864731e+03 0.00000000e+00 0.00000000e+00
-5.70839272e+03 3.54938928e+03 0.00000000e+00 0.00000000e+00
-5.70689269e+03 3.53034156e+03 0.00000000e+00 0.00000000e+00
-5.70539265e+03 3.51150051e+03 0.00000000e+00 0.00000000e+00
-5.70389261e+03 3.49286258e+03 0.00000000e+00 0.00000000e+00
-5.70239257e+03 3.47442432e+03 0.00000000e+00 0.00000000e+00
-5.70089254e+03 3.45618233e+03 0.00000000e+00 0.00000000e+00
-5.69939250e+03 3.43813331e+03 0.00000000e+00 0.00000000e+00
-5.69789246e+03 3.42027402e+03 0.00000000e+00 0.00000000e+00
-5.69639242e+03 3.40260130e+03 0.00000000e+00 0.00000000e+00
-5.69489239e+03 3.38511207e+03 0.00000000e+00 0.00000000e+00
-5.69339235e+03 3.36780330e+03 0.00000000e+00 0.00000000e+00
-5.69189231e+03 3.35067204e+03 0.00000000e+00 0.00000000e+00
-5.69039227e+03 3.33371540e+03 0.00000000e+00 0.00000000e+00
-5.68889224e+03 3.31693056e+03 0.00000000e+00 0.00000000e+00
-5.68739220e+03 3.30031475e+03 0.00000000e+00 0.00000000e+00
-5.68589216e+03 3.28386527e+03 0.00000000e+00 0.00000000e+00
-5.68439212e+03 3.26757947e+03 0.00000000e+00 0.00000000e+00
-5.68289209e+03 3.25145477e+03 0.00000000e+00 0.00000000e+00
-5.68139205e+03 3.23548864e+03 0.00000000e+00 0.00000000e+00
-5.67989201e+03 3.21967859e+03 0.00000000e+00 0.00000000e+00
-5.67839197e+03 3.20402219e+03 0.00000000e+00 0.00000000e+00
-5.67689194e+03 3.18851707e+03 0.00000000e+00 0.00000000e+00
-5.67539190e+03 3.17316091e+03 0.00000000e+00 0.00000000e+00
-5.67389186e+03 3.15795142e+03 0.00000000e+00 0.00000000e+00
-5.67239182e+03 3.14288637e+03 0.00000000e+00 0.00000000e+00
-5.67089179e+03 3.12796358e+03 0.00000000e+00 0.00000000e+00
-5.66939175e+03 3.11318091e+03 0.00000000e+00 0.00000000e+00
-5.66789171e+03 3.09853626e+03 0.00000000e+00 0.00000000e+00
-5.66639167e+03 3.08402757e+03 0.00000000e+00 0.00000000e+00
-5.66489164e+03 3.06965282e+03 0.00000000e+00 0.00000000e+00
-5.66339160e+03 3.05541006e+03 0.00000000e+00 0.00000000e+00
-5.66189156e+03 3.04129733e+03 0.00000000e+00 0.00000000e+00
-5.66039152e+03 3.02731275e+03 0.00000000e+00 0.00000000e+00
-5.65889149e+03 3.01345446e+03 0.00000000e+00 0.00000000e+00
-5.65739145e+03 2.99972063e+03 0.00000000e+00 0.00000000e+00
-5.65589141e+03 2.98610948e+03 0.00000000e+00 0.00000000e+00
-5.65439137e+03 2.97261925e+03 0.00000000e+00 0.00000000e+00
-5.65289134e+03 2.95924823e+03 0.00000000e+00 0.00000000e+00
-5.65139130e+03 2.94599472e+03 0.00000000e+00 0.00000000e+00
-5.64989126e+03 2.93285709e+03 0.00000000e+00 0.00000000e+00
-5.64839122e+03 2.91983370e+03 0.00000000e+00 0.00000000e+00
-5.64689119e+03 2.90692296e+03 0.00000000e+00 0.00000000e+00
-5.64539115e+03 2.89412332e+03 0.00000000e+00 0.00000000e+00
-5.64389111e+03 2.88143323e+03 0.00000000e+00 0.00000000e+00
-5.64239107e+03 2.86885121e+03 0.00000000e+00 0.00000000e+00
-5.64089104e+03 2.85637576e+03 0.00000000e+00 0.00000000e+00
-5.63939100e+03 2.84400545e+03 0.00000000e+00 0.00000000e+00
-5.63789096e+03 2.83173884e+03 0.00000000e+00 0.00000000e+00
-5.63639092e+03 2.81957455e+03 0.00000000e+00 0.00000000e+00
-5.63489089e+03 2.80751121e+03 0.00000000e+00 0.00000000e+00
-5.63339085e+03 2.79554746e+03 0.00000000e+00 0.00000000e+00
-5.63189081e+03 2.78368200e+03 0.00000000e+00 0.00000000e+00
-5.63039077e+03 2.77191351e+03 0.00000000e+00 0.00000000e+00
-5.62889074e+03 2.76024072e+03 0.00000000e+00 0.00000000e+00
-5.62739070e+03 2.74866239e+03 0.00000000e+00 0.00000000e+00
-5.62589066e+03 2.73717729e+03 0.00000000e+00 0.00000000e+00
-5.62439062e+03 2.72578419e+03 0.00000000e+00 0.00000000e+00
-5.62289059e+03 2.71448193e+03 0.00000000e+00 0.00000000e+00
-5.62139055e+03 2.70326933e+03 0.00000000e+00 0.00000000e+00
-5.61989051e+03 2.69214524e+03 0.00000000e+00 0.00000000e+00
-5.61839047e+03 2.68110855e+03 0.00000000e+00 0.00000000e+00
-5.61689044e+03 2.67015814e+03 0.00000000e+00 0.00000000e+00
-5.61539040e+03 2.65929292e+03 0.00000000e+00 0.00000000e+00
-5.61389036e+03 2.64851183e+03 0.00000000e+00 0.00000000e+00
-5.61239032e+03 2.63781381e+03 0.00000000e+00 0.00000000e+00
-5.61089029e+03 2.62719784e+03 0.00000000e+00 0.00000000e+00
-5.60939025e+03 2.61666289e+03 0.00000000e+00 0.00000000e+00
-5.60789021e+03 2.60620797e+03 0.00000000e+00 0.00000000e+00
-5.60639017e+03 2.59583209e+03 0.00000000e+00 0.00000000e+00
-5.60489014e+03 2.58553429e+03 0.00000000e+00 0.00000000e+00
-5.60339010e+03 2.57531363e+03 0.00000000e+00 0.00000000e+00
-5.60189006e+03 2.56516915e+03 0.00000000e+00 0.00000000e+00
-5.60039002e+03 2.55509995e+03 0.00000000e+00 0.00000000e+00
-5.59888999e+03 2.54510513e+03 0.00000000e+00 0.00000000e+00
-5.59738995e+03 2.53518379e+03 0.00000000e+00 0.00000000e+00
-5.59588991e+03 2.52533505e+03 0.00000000e+00 0.00000000e+00
-5.59438987e+03 2.51555806e+03 0.00000000e+00 0.00000000e+00
-5.59288984e+03 2.50585198e+03 0.00000000e+00 0.00000000e+00
-5.59138980e+03 2.49621596e+03 0.00000000e+00 0.00000000e+00
-5.58988976e+03 2.48664919e+03 0.00000000e+00 0.00000000e+00
-5.58838972e+03 2.47715085e+03 0.00000000e+00 0.00000000e+00
-5.58688969e+03 2.46772017e+03 0.00000000e+00 0.00000000e+00
-5.58538965e+03 2.45835635e+03 0.00000000e+00 0.00000000e+00
-5.58388961e+03 2.44905862e+03 0.00000000e+00 0.00000000e+00
-5.58238957e+03 2.43982623e+03 0.00000000e+00 0.00000000e+00
-5.58088954e+03 2.43065843e+03 0.00000000e+00 0.00000000e+00
-5.57938950e+03 2.42155449e+03 0.00000000e+00 0.00000000e+00
-5.57788946e+03 2.41251368e+03 0.00000000e+00 0.00000000e+00
-5.57638942e+03 2.40353529e+03 0.00000000e+00 0.00000000e+00
-5.57488939e+03 2.39461863e+03 0.00000000e+00 0.00000000e+00
-5.57338935e+03 2.38576300e+03 0.00000000e+00 0.00000000e+00
-5.57188931e+03 2.37696772e+03 0.00000000e+00 0.00000000e+00
-5.57038927e+03 2.36823212e+03 0.00000000e+00 0.00000000e+00
-5.56888924e+03 2.35955555e+03 0.00000000e+00 0.00000000e+00
-5.56738920e+03 2.35093735e+03 0.00000000e+00 0.00000000e+00
-5.56588916e+03 2.34237688e+03 0.00000000e+00 0.00000000e+00
-5.56438912e+03 2.33387352e+03 0.00000000e+00 0.00000000e+00
-5.56288909e+03 2.32542664e+03 0.00000000e+00 0.00000000e+00
-5.56138905e+03 2.31703563e+03 0.00000000e+00 0.00000000e+00
-5.55988901e+03 2.30869989e+03 0.00000000e+00 0.00000000e+00
-5.55838897e+03 2.30041882e+03 0.00000000e+00 0.00000000e+00
-5.55688894e+03 2.29219184e+03 0.00000000e+00 0.00000000e+00
-5.55538890e+03 2.28401838e+03 0.00000000e+00 0.00000000e+00
-5.55388886e+03 2.27589786e+03 0.00000000e+00 0.00000000e+00
-5.55238882e+03 2.26782972e+03 0.00000000e+00 0.00000000e+00
-5.55088879e+03 2.25981341e+03 0.00000000e+00 0.00000000e+00
-5.54938875e+03 2.25184840e+03 0.00000000e+00 0.00000000e+00
-5.54788871e+03 2.24393413e+03 0.00000000e+00 0.00000000e+00
-5.54638867e+03 2.23607009e+03 0.00000000e+00 0.00000000e+00
-5.54488864e+03 2.22825574e+03 0.00000000e+00 0.00000000e+00
-5.54338860e+03 2.22049059e+03 0.00000000e+00 0.00000000e+00
-5.54188856e+03 2.21277411e+03 0.00000000e+00 0.00000000e+00
-5.54038852e+03 2.20510582e+03 0.00000000e+00 0.00000000e+00
-5.53888849e+03 2.19748521e+03 0.00000000e+00 0.00000000e+00
-5.53738845e+03 2.18991181e+03 0.00000000e+00 0.00000000e+00
-5.53588841e+03 2.18238513e+03 0.00000000e+00 0.00000000e+00
-5.53438837e+03 2.17490471e+03 0.00000000e+00 0.00000000e+00
-5.53288834e+03 2.16747006e+03 0.00000000e+00 0.00000000e+00
-5.53138830e+03 2.16008075e+03 0.00000000e+00 0.00000000e+00
-5.52988826e+03 2.15273630e+03 0.00000000e+00 0.00000000e+00
-5.52838822e+03 2.14543628e+03 0.00000000e+00 0.00000000e+00
-5.52688819e+03 2.13818025e+03 0.00000000e+00 0.00000000e+00
-5.52538815e+03 2.13096777e+03 0.00000000e+00 0.00000000e+00
-5.52388811e+03 2.12379840e+03 0.00000000e+00 0.00000000e+00
-5.52238807e+03 2.11667174e+03 0.00000000e+00 0.00000000e+00
-5.52088804e+03 2.10958735e+03 0.00000000e+00 0.00000000e+00
-5.51938800e+03 2.10254483e+03 0.00000000e+00 0.00000000e+00
-5.51788796e+03 2.09554377e+03 0.00000000e+00 0.00000000e+00
-5.51638792e+03 2.08858377e+03 0.00000000e+00 0.00000000e+00
-5.51488789e+03 2.08166443e+03 0.00000000e+00 0.00000000e+00
-5.51338785e+03 2.07478536e+03 0.00000000e+00 0.00000000e+00
-5.51188781e+03 2.06794618e+03 0.00000000e+00 0.00000000e+00
-5.51038777e+03 2.06114651e+03 0.00000000e+00 0.00000000e+00
-5.50888774e+03 2.05438597e+03 0.00000000e+00 0.00000000e+00
-5.50738770e+03 2.04766418e+03 0.00000000e+00 0.00000000e+00
-5.50588766e+03 2.04098079e+03 0.00000000e+00 0.00000000e+00
-5.50438762e+03 2.03433544e+03 0.00000000e+00 0.00000000e+00
-5.50288759e+03 2.02772775e+03 0.00000000e+00 0.00000000e+00
-5.50138755e+03 2.02115740e+03 0.00000000e+00 0.00000000e+00
-5.49988751e+03 2.01462401e+03 0.00000000e+00 0.00000000e+00
-5.49838747e+03 2.00812726e+03 0.00000000e+00 0.00000000e+00
-5.49688744e+03 2.00166681e+03 0.00000000e+00 0.00000000e+00
-5.49538740e+03 1.99524231e+03 0.00000000e+00 0.00000000e+00
-5.49388736e+03 1.98885344e+03 0.00000000e+00 0.00000000e+00
-5.49238732e+03 1.98249988e+03 0.00000000e+00 0.00000000e+00
-5.49088729e+03 1.97618129e+03 0.00000000e+00 0.00000000e+00
-5.48938725e+03 1.96989737e+03 0.00000000e+00 0.00000000e+00
-5.48788721e+03 1.96364780e+03 0.00000000e+00 0.00000000e+00
-5.48638717e+03 1.95743227e+03 0.00000000e+00 0.00000000e+00
-5.48488714e+03 1.95125046e+03 0.00000000e+00 0.00000000e+00
-5.48338710e+03 1.94510209e+03 0.00000000e+00 0.00000000e+00
-5.48188706e+03 1.93898685e+03 0.00000000e+00 0.00000000e+00
-5.48038702e+03 1.93290444e+03 0.00000000e+00 0.00000000e+00
-5.47888699e+03 1.92685457e+03 0.00000000e+00 0.00000000e+00
-5.47738695e+03 1.92083697e+03 0.00000000e+00 0.00000000e+00
-5.47588691e+03 1.91485133e+03 0.00000000e+00 0.00000000e+00
-5.47438687e+03 1.90889738e+03 0.00000000e+00 0.00000000e+00
-5.47288684e+03 1.90297484e+03 0.00000000e+00 0.00000000e+00
-5.47138680e+03 1.89708344e+03 0.00000000e+00 0.00000000e+00
-5.46988676e+03 1.89122291e+03 0.00000000e+00 0.00000000e+00
-5.46838672e+03 1.88539297e+03 0.00000000e+00 0.00000000e+00
-5.46688669e+03 1.87959337e+03 0.00000000e+00 0.00000000e+00
-5.46538665e+03 1.87382384e+03 0.00000000e+00 0.00000000e+00
-5.46388661e+03 1.86808412e+03 0.00000000e+00 0.00000000e+00
-5.46238657e+03 1.86237396e+03 0.00000000e+00 0.00000000e+00
-5.46088654e+03 1.85669310e+03 0.00000000e+00 0.00000000e+00
-5.45938650e+03 1.85104131e+03 0.00000000e+00 0.00000000e+00
-5.45788646e+03 1.84541832e+03 0.00000000e+00 0.00000000e+00
-5.45638642e+03 1.83982389e+03 0.00000000e+00 0.00000000e+00
-5.45488639e+03 1.83425779e+03 0.00000000e+00 0.00000000e+00
-5.45338635e+03 1.82871978e+03 0.00000000e+00 0.00000000e+00
-5.45188631e+03 1.82320961e+03 0.00000000e+00 0.00000000e+00
-5.45038627e+03 1.81772707e+03 0.00000000e+00 0.00000000e+00
-5.44888624e+03 1.81227191e+03 0.00000000e+00 0.00000000e+00
-5.44738620e+03 1.80684391e+03 0.00000000e+00 0.00000000e+00
-5.44588616e+03 1.80144285e+03 0.00000000e+00 0.00000000e+00
-5.44438612e+03 1.79606850e+03 0.00000000e+00 0.00000000e+00
-5.44288609e+03 1.79072065e+03 0.00000000e+00 0.00000000e+00
-5.44138605e+03 1.78539908e+03 0.00000000e+00 0.00000000e+00
-5.43988601e+03 1.78010356e+03 0.00000000e+00 0.00000000e+00
-5.43838597e+03 1.77483390e+03 0.00000000e+00 0.00000000e+00
-5.43688594e+03 1.76958987e+03 0.00000000e+00 0.00000000e+00
-5.43538590e+03 1.76437128e+03 0.00000000e+00 0.00000000e+00
-5.43388586e+03 1.75917791e+03 0.00000000e+00 0.00000000e+00
-5.43238582e+03 1.75400957e+03 0.00000000e+00 0.00000000e+00
-5.43088579e+03 1.74886605e+03 0.00000000e+00 0.00000000e+00
-5.42938575e+03 1.74374715e+03 0.00000000e+00 0.00000000e+00
-5.42788571e+03 1.73865268e+03 0.00000000e+00 0.00000000e+00
-5.42638567e+03 1.73358245e+03 0.00000000e+00 0.00000000e+00
-5.42488564e+03 1.72853625e+03 0.00000000e+00 0.00000000e+00
-5.42338560e+03 1.72351391e+03 0.00000000e+00 0.00000000e+00
-5.42188556e+03 1.71851523e+03 0.00000000e+00 0.00000000e+00
-5.42038552e+03 1.71354003e+03 0.00000000e+00 0.00000000e+00
-5.41888549e+03 1.70858812e+03 0.00000000e+00 0.00000000e+00
-5.41738545e+03 1.70365932e+03 0.00000000e+00 0.00000000e+00
-5.41588541e+03 1.69875345e+03 0.00000000e+00 0.00000000e+00
-5.41438537e+03 1.69387034e+03 0.00000000e+00 0.00000000e+00
-5.41288534e+03 1.68900981e+03 0.00000000e+00 0.00000000e+00
-5.41138530e+03 1.68417167e+03 0.00000000e+00 0.00000000e+00
-5.40988526e+03 1.67935577e+03 0.00000000e+00 0.00000000e+00
-5.40838522e+03 1.67456193e+03 0.00000000e+00 0.00000000e+00
-5.40688519e+03 1.66978998e+03 0.00000000e+00 0.00000000e+00
-5.40538515e+03 1.66503975e+03 0.00000000e+00 0.00000000e+00
-5.40388511e+03 1.66031108e+03 0.00000000e+00 0.00000000e+00
-5.40238507e+03 1.65560381e+03 0.00000000e+00 0.00000000e+00
-5.40088504e+03 1.65091777e+03 0.00000000e+00 0.00000000e+00
-5.39938500e+03 1.64625280e+03 0.00000000e+00 0.00000000e+00
-5.39788496e+03 1.64160875e+03 0.00000000e+00 0.00000000e+00
-5.39638492e+03 1.63698546e+03 0.00000000e+00 0.00000000e+00
-5.39488489e+03 1.63238277e+03 0.00000000e+00 0.00000000e+00
-5.39338485e+03 1.62780053e+03 0.00000000e+00 0.00000000e+00
-5.39188481e+03 1.62323858e+03 0.00000000e+00 0.00000000e+00
-5.39038477e+03 1.61869679e+03 0.00000000e+00 0.00000000e+00
-5.38888474e+03 1.61417499e+03 0.00000000e+00 0.00000000e+00
-5.38738470e+03 1.60967304e+03 0.00000000e+00 0.00000000e+00
-5.38588466e+03 1.60519080e+03 0.00000000e+00 0.00000000e+00
-5.38438462e+03 1.60072812e+03 0.00000000e+00 0.00000000e+00
-5.38288459e+03 1.59628485e+03 0.00000000e+00 0.00000000e+00
-5.38138455e+03 1.59186086e+03 0.00000000e+00 0.00000000e+00
-5.37988451e+03 1.58745601e+03 0.00000000e+00 0.00000000e+00
-5.37838447e+03 1.58307015e+03 0.00000000e+00 0.00000000e+00
-5.37688444e+03 1.57870316e+03 0.00000000e+00 0.00000000e+00
-5.37538440e+03 1.57435488e+03 0.00000000e+00 0.00000000e+00
-5.37388436e+03 1.57002520e+03 0.00000000e+00 0.00000000e+00
-5.37238432e+03 1.56571398e+03 0.00000000e+00 0.00000000e+00
-5.37088429e+03 1.56142107e+03 0.00000000e+00 0.00000000e+00
-5.36938425e+03 1.55714636e+03 0.00000000e+00 0.00000000e+00
-5.36788421e+03 1.55288972e+03 0.00000000e+00 0.00000000e+00
-5.36638417e+03 1.54865101e+03 0.00000000e+00 0.00000000e+00
-5.36488414e+03 1.54443012e+03 0.00000000e+00 0.00000000e+00
-5.36338410e+03 1.54022690e+03 0.00000000e+00 0.00000000e+00
-5.36188406e+03 1.53604125e+03 0.00000000e+00 0.00000000e+00
-5.36038402e+03 1.53187303e+03 0.00000000e+00 0.00000000e+00
-5.35888399e+03 1.52772213e+03 0.00000000e+00 0.00000000e+00
-5.35738395e+03 1.52358842e+03 0.00000000e+00 0.00000000e+00
-5.35588391e+03 1.51947179e+03 0.00000000e+00 0.00000000e+00
-5.35438387e+03 1.51537211e+03 0.00000000e+00 0.00000000e+00
-5.35288384e+03 1.51128928e+03 0.00000000e+00 0.00000000e+00
-5.35138380e+03 1.50722316e+03 0.00000000e+00 0.00000000e+00
-5.34988376e+03 1.50317366e+03 0.00000000e+00 0.00000000e+00
-5.34838372e+03 1.49914064e+03 0.00000000e+00 0.00000000e+00
-5.34688369e+03 1.49512401e+03 0.00000000e+00 0.00000000e+00
-5.34538365e+03 1.49112365e+03 0.00000000e+00 0.00000000e+00
-5.34388361e+03 1.48713944e+03 0.00000000e+00 0.00000000e+00
-5.34238357e+03 1.48317129e+03 0.00000000e+00 0.00000000e+00
-5.34088354e+03 1.47921908e+03 0.00000000e+00 0.00000000e+00
-5.33938350e+03 1.47528269e+03 0.00000000e+00 0.00000000e+00
-5.33788346e+03 1.47136204e+03 0.00000000e+00 0.00000000e+00
-5.33638342e+03 1.46745700e+03 0.00000000e+00 0.00000000e+00
-5.33488339e+03 1.46356748e+03 0.00000000e+00 0.00000000e+00
-5.33338335e+03 1.45969338e+03 0.00000000e+00 0.00000000e+00
-5.33188331e+03 1.45583458e+03 0.00000000e+00 0.00000000e+00
-5.33038327e+03 1.45199099e+03 0.00000000e+00 0.00000000e+00
-5.32888324e+03 1.44816251e+03 0.00000000e+00 0.00000000e+00
-5.32738320e+03 1.44434904e+03 0.00000000e+00 0.00000000e+00
-5.32588316e+03 1.44055047e+03 0.00000000e+00 0.00000000e+00
-5.32438312e+03 1.43676671e+03 0.00000000e+00 0.00000000e+00
-5.32288309e+03 1.43299767e+03 0.00000000e+00 0.00000000e+00
-5.32138305e+03 1.42924324e+03 0.00000000e+00 0.00000000e+00
-5.31988301e+03 1.42550334e+03 0.00000000e+00 0.00000000e+00
-5.31838297e+03 1.42177786e+03 0.00000000e+00 0.00000000e+00
-5.31688294e+03 1.41806672e+03 0.00000000e+00 0.00000000e+00
-5.31538290e+03 1.41436982e+03 0.00000000e+00 0.00000000e+00
-5.31388286e+03 1.41068706e+03 0.00000000e+00 0.00000000e+00
-5.31238282e+03 1.40701837e+03 0.00000000e+00 0.00000000e+00
-5.31088279e+03 1.40336364e+03 0.00000000e+00 0.00000000e+00
-5.30938275e+03 1.39972278e+03 0.00000000e+00 0.00000000e+00
-5.30788271e+03 1.39609572e+03 0.00000000e+00 0.00000000e+00
-5.30638267e+03 1.39248236e+03 0.00000000e+00 0.00000000e+00
-5.30488264e+03 1.38888261e+03 0.00000000e+00 0.00000000e+00
-5.30338260e+03 1.38529639e+03 0.00000000e+00 0.00000000e+00
-5.30188256e+03 1.38172362e+03 0.00000000e+00 0.00000000e+00
-5.30038252e+03 1.37816420e+03 0.00000000e+00 0.00000000e+00
-5.29888249e+03 1.37461805e+03 0.00000000e+00 0.00000000e+00
-5.29738245e+03 1.37108509e+03 0.00000000e+00 0.00000000e+00
-5.29588241e+03 1.36756524e+03 0.00000000e+00 0.00000000e+00
-5.29438237e+03 1.36405842e+03 0.00000000e+00 0.00000000e+00
-5.29288234e+03 1.36056453e+03 0.00000000e+00 0.00000000e+00
-5.29138230e+03 1.35708352e+03 0.00000000e+00 0.00000000e+00
-5.28988226e+03 1.35361528e+03 0.00000000e+00 0.00000000e+00
-5.28838222e+03 1.35015976e+03 0.00000000e+00 0.00000000e+00
-5.28688219e+03 1.34671685e+03 0.00000000e+00 0.00000000e+00
-5.28538215e+03 1.34328650e+03 0.00000000e+00 0.00000000e+00
-5.28388211e+03 1.33986862e+03 0.00000000e+00 0.00000000e+00
-5.28238207e+03 1.33646313e+03 0.00000000e+00 0.00000000e+00
-5.28088204e+03 1.33306996e+03 0.00000000e+00 0.00000000e+00
-5.27938200e+03 1.32968904e+03 0.00000000e+00 0.00000000e+00
-5.27788196e+03 1.32632029e+03 0.00000000e+00 0.00000000e+00
-5.27638192e+03 1.32296363e+03 0.00000000e+00 0.00000000e+00
-5.27488189e+03 1.31961900e+03 0.00000000e+00 0.00000000e+00
-5.27338185e+03 1.31628632e+03 0.00000000e+00 0.00000000e+00
-5.27188181e+03 1.31296551e+03 0.00000000e+00 0.00000000e+00
-5.27038177e+03 1.30965651e+03 0.00000000e+00 0.00000000e+00
-5.26888174e+03 1.30635925e+03 0.00000000e+00 0.00000000e+00
-5.26738170e+03 1.30307366e+03 0.00000000e+00 0.00000000e+00
-5.26588166e+03 1.29979966e+03 0.00000000e+00 0.00000000e+00
-5.26438162e+03 1.29653719e+03 0.00000000e+00 0.00000000e+00
-5.26288159e+03 1.29328618e+03 0.00000000e+00 0.00000000e+00
-5.26138155e+03 1.29004656e+03 0.00000000e+00 0.00000000e+00
-5.25988151e+03 1.28681827e+03 0.00000000e+00 0.00000000e+00
-5.25838147e+03 1.28360123e+03 0.00000000e+00 0.00000000e+00
-5.25688144e+03 1.28039538e+03 0.00000000e+00 0.00000000e+00
-5.25538140e+03 1.27720066e+03 0.00000000e+00 0.00000000e+00
-5.25388136e+03 1.27401700e+03 0.00000000e+00 0.00000000e+00
-5.25238132e+03 1.27084434e+03 0.00000000e+00 0.00000000e+00
-5.25088129e+03 1.26768261e+03 0.00000000e+00 0.00000000e+00
-5.24938125e+03 1.26453175e+03 0.00000000e+00 0.00000000e+00
-5.24788121e+03 1.26139169e+03 0.00000000e+00 0.00000000e+00
-5.24638117e+03 1.25826238e+03 0.00000000e+00 0.00000000e+00
-5.24488114e+03 1.25514374e+03 0.00000000e+00 0.00000000e+00
-5.24338110e+03 1.25203573e+03 0.00000000e+00 0.00000000e+00
-5.24188106e+03 1.24893828e+03 0.00000000e+00 0.00000000e+00
-5.24038102e+03 1.24585133e+03 0.00000000e+00 0.00000000e+00
-5.23888099e+03 1.24277481e+03 0.00000000e+00 0.00000000e+00
-5.23738095e+03 1.23970867e+03 0.00000000e+00 0.00000000e+00
-5.23588091e+03 1.23665286e+03 0.00000000e+00 0.00000000e+00
-5.23438087e+03 1.23360730e+03 0.00000000e+00 0.00000000e+00
-5.23288084e+03 1.23057195e+03 0.00000000e+00 0.00000000e+00
-5.23138080e+03 1.22754675e+03 0.00000000e+00 0.00000000e+00
-5.22988076e+03 1.22453163e+03 0.00000000e+00 0.00000000e+00
-5.22838072e+03 1.22152654e+03 0.00000000e+00 0.00000000e+00
-5.22688069e+03 1.21853144e+03 0.00000000e+00 0.00000000e+00
-5.22538065e+03 1.21554625e+03 0.00000000e+00 0.00000000e+00
-5.22388061e+03 1.21257092e+03 0.00000000e+00 0.00000000e+00
-5.22238057e+03 1.20960541e+03 0.00000000e+00 0.00000000e+00
-5.22088054e+03 1.20664965e+03 0.00000000e+00 0.00000000e+00
-5.21938050e+03 1.20370359e+03 0.00000000e+00 0.00000000e+00
-5.21788046e+03 1.20076719e+03 0.00000000e+00 0.00000000e+00
-5.21638042e+03 1.19784037e+03 0.00000000e+00 0.00000000e+00
-5.21488039e+03 1.19492310e+03 0.00000000e+00 0.00000000e+00
-5.21338035e+03 1.19201531e+03 0.00000000e+00 0.00000000e+00
-5.21188031e+03 1.18911697e+03 0.00000000e+00 0.00000000e+00
-5.21038027e+03 1.18622801e+03 0.00000000e+00 0.00000000e+00
-5.20888024e+03 1.18334838e+03 0.00000000e+00 0.00000000e+00
-5.20738020e+03 1.18047804e+03 0.00000000e+00 0.00000000e+00
-5.20588016e+03 1.17761693e+03 0.00000000e+00 0.00000000e+00
-5.20438012e+03 1.17476500e+03 0.00000000e+00 0.00000000e+00
-5.20288009e+03 1.17192221e+03 0.00000000e+00 0.00000000e+00
-5.20138005e+03 1.16908850e+03 0.00000000e+00 0.00000000e+00
-5.19988001e+03 1.16626383e+03 0.00000000e+00 0.00000000e+00
-5.19837997e+03 1.16344815e+03 0.00000000e+00 0.00000000e+00
-5.19687993e+03 1.16064140e+03 0.00000000e+00 0.00000000e+00
-5.19537990e+03 1.15784355e+03 0.00000000e+00 0.00000000e+00
-5.19387986e+03 1.15505454e+03 0.00000000e+00 0.00000000e+00
-5.19237982e+03 1.15227433e+03 0.00000000e+00 0.00000000e+00
-5.19087978e+03 1.14950286e+03 0.00000000e+00 0.00000000e+00
-5.18937975e+03 1.14674011e+03 0.00000000e+00 0.00000000e+00
-5.18787971e+03 1.14398601e+03 0.00000000e+00 0.00000000e+00
-5.18637967e+03 1.14124052e+03 0.00000000e+00 0.00000000e+00
-5.18487963e+03 1.13850360e+03 0.00000000e+00 0.00000000e+00
-5.18337960e+03 1.13577520e+03 0.00000000e+00 0.00000000e+00
-5.18187956e+03 1.13305527e+03 0.00000000e+00 0.00000000e+00
-5.18037952e+03 1.13034379e+03 0.00000000e+00 0.00000000e+00
-5.17887948e+03 1.12764069e+03 0.00000000e+00 0.00000000e+00
-5.17737945e+03 1.12494593e+03 0.00000000e+00 0.00000000e+00
-5.17587941e+03 1.12225948e+03 0.00000000e+00 0.00000000e+00
-5.17437937e+03 1.11958129e+03 0.00000000e+00 0.00000000e+00
-5.17287933e+03 1.11691131e+03 0.00000000e+00 0.00000000e+00
-5.17137930e+03 1.11424951e+03 0.00000000e+00 0.00000000e+00
-5.16987926e+03 1.11159584e+03 0.00000000e+00 0.00000000e+00
-5.16837922e+03 1.10895026e+03 0.00000000e+00 0.00000000e+00
-5.16687918e+03 1.10631273e+03 0.00000000e+00 0.00000000e+00
-5.16537915e+03 1.10368321e+03 0.00000000e+00 0.00000000e+00
-5.16387911e+03 1.10106165e+03 0.00000000e+00 0.00000000e+00
-5.16237907e+03 1.09844802e+03 0.00000000e+00 0.00000000e+00
-5.16087903e+03 1.09584228e+03 0.00000000e+00 0.00000000e+00
-5.15937900e+03 1.09324439e+03 0.00000000e+00 0.00000000e+00
-5.15787896e+03 1.09065430e+03 0.00000000e+00 0.00000000e+00
-5.15637892e+03 1.08807197e+03 0.00000000e+00 0.00000000e+00
-5.15487888e+03 1.08549738e+03 0.00000000e+00 0.00000000e+00
-5.15337885e+03 1.08293048e+03 0.00000000e+00 0.00000000e+00
-5.15187881e+03 1.08037122e+03 0.00000000e+00 0.00000000e+00
-5.15037877e+03 1.07781958e+03 0.00000000e+00 0.00000000e+00
-5.14887873e+03 1.07527552e+03 0.00000000e+00 0.00000000e+00
-5.14737870e+03 1.07273899e+03 0.00000000e+00 0.00000000e+00
-5.14587866e+03 1.07020996e+03 0.00000000e+00 0.00000000e+00
-5.14437862e+03 1.06768839e+03 0.00000000e+00 0.00000000e+00
-5.14287858e+03 1.06517425e+03 0.00000000e+00 0.00000000e+00
-5.14137855e+03 1.06266749e+03 0.00000000e+00 0.00000000e+00
-5.13987851e+03 1.06016809e+03 0.00000000e+00 0.00000000e+00
-5.13837847e+03 1.05767601e+03 0.00000000e+00 0.00000000e+00
-5.13687843e+03 1.05519120e+03 0.00000000e+00 0.00000000e+00
-5.13537840e+03 1.05271364e+03 0.00000000e+00 0.00000000e+00
-5.13387836e+03 1.05024329e+03 0.00000000e+00 0.00000000e+00
-5.13237832e+03 1.04778012e+03 0.00000000e+00 0.00000000e+00
-5.13087828e+03 1.04532408e+03 0.00000000e+00 0.00000000e+00
-5.12937825e+03 1.04287515e+03 0.00000000e+00 0.00000000e+00
-5.12787821e+03 1.04043329e+03 0.00000000e+00 0.00000000e+00
-5.12637817e+03 1.03799846e+03 0.00000000e+00 0.00000000e+00
-5.12487813e+03 1.03557064e+03 0.00000000e+00 0.00000000e+00
-5.12337810e+03 1.03314978e+03 0.00000000e+00 0.00000000e+00
-5.12187806e+03 1.03073586e+03 0.00000000e+00 0.00000000e+00
-5.12037802e+03 1.02832885e+03 0.00000000e+00 0.00000000e+00
-5.11887798e+03 1.02592870e+03 0.00000000e+00 0.00000000e+00
-5.11737795e+03 1.02353538e+03 0.00000000e+00 0.00000000e+00
-5.11587791e+03 1.02114888e+03 0.00000000e+00 0.00000000e+00
-5.11437787e+03 1.01876914e+03 0.00000000e+00 0.00000000e+00
-5.11287783e+03 1.01639614e+03 0.00000000e+00 0.00000000e+00
-5.11137780e+03 1.01402985e+03 0.00000000e+00 0.00000000e+00
-5.10987776e+03 1.01167023e+03 0.00000000e+00 0.00000000e+00
-5.10837772e+03 1.00931726e+03 0.00000000e+00 0.00000000e+00
-5.10687768e+03 1.00697090e+03 0.00000000e+00 0.00000000e+00
-5.10537765e+03 1.00463112e+03 0.00000000e+00 0.00000000e+00
-5.10387761e+03 1.00229790e+03 0.00000000e+00 0.00000000e+00
-5.10237757e+03 9.99971190e+02 0.00000000e+00 0.00000000e+00
-5.10087753e+03 9.97650975e+02 0.00000000e+00 0.00000000e+00
-5.09937750e+03 9.95337219e+02 0.00000000e+00 0.00000000e+00
-5.09787746e+03 9.93029893e+02 0.00000000e+00 0.00000000e+00
-5.09637742e+03 9.90728967e+02 0.00000000e+00 0.00000000e+00
-5.09487738e+03 9.88434412e+02 0.00000000e+00 0.00000000e+00
-5.09337735e+03 9.86146197e+02 0.00000000e+00 0.00000000e+00
-5.09187731e+03 9.83864295e+02 0.00000000e+00 0.00000000e+00
-5.09037727e+03 9.81588676e+02 0.00000000e+00 0.00000000e+00
-5.08887723e+03 9.79319310e+02 0.00000000e+00 0.00000000e+00
-5.08737720e+03 9.77056170e+02 0.00000000e+00 0.00000000e+00
-5.08587716e+03 9.74799228e+02 0.00000000e+00 0.00000000e+00
-5.08437712e+03 9.72548454e+02 0.00000000e+00 0.00000000e+00
-5.08287708e+03 9.70303820e+02 0.00000000e+00 0.00000000e+00
-5.08137705e+03 9.68065300e+02 0.00000000e+00 0.00000000e+00
-5.07987701e+03 9.65832865e+02 0.00000000e+00 0.00000000e+00
-5.07837697e+03 9.63606487e+02 0.00000000e+00 0.00000000e+00
-5.07687693e+03 9.61386140e+02 0.00000000e+00 0.00000000e+00
-5.07537690e+03 9.59171796e+02 0.00000000e+00 0.00000000e+00
-5.07387686e+03 9.56963428e+02 0.00000000e+00 0.00000000e+00
-5.07237682e+03 9.54761010e+02 0.00000000e+00 0.00000000e+00
-5.07087678e+03 9.52564514e+02 0.00000000e+00 0.00000000e+00
-5.06937675e+03 9.50373915e+02 0.00000000e+00 0.00000000e+00
-5.06787671e+03 9.48189186e+02 0.00000000e+00 0.00000000e+00
-5.06637667e+03 9.46010301e+02 0.00000000e+00 0.00000000e+00
-5.06487663e+03 9.43837235e+02 0.00000000e+00 0.00000000e+00
-5.06337660e+03 9.41669960e+02 0.00000000e+00 0.00000000e+00
-5.06187656e+03 9.39508452e+02 0.00000000e+00 0.00000000e+00
-5.06037652e+03 9.37352685e+02 0.00000000e+00 0.00000000e+00
-5.05887648e+03 9.35202634e+02 0.00000000e+00 0.00000000e+00
-5.05737645e+03 9.33058275e+02 0.00000000e+00 0.00000000e+00
-5.05587641e+03 9.30919581e+02 0.00000000e+00 0.00000000e+00
-5.05437637e+03 9.28786528e+02 0.00000000e+00 0.00000000e+00
-5.05287633e+03 9.26659092e+02 0.00000000e+00 0.00000000e+00
-5.05137630e+03 9.24537247e+02 0.00000000e+00 0.00000000e+00
-5.04987626e+03 9.22420970e+02 0.00000000e+00 0.00000000e+00
-5.04837622e+03 9.20310237e+02 0.00000000e+00 0.00000000e+00
-5.04687618e+03 9.18205024e+02 0.00000000e+00 0.00000000e+00
-5.04537615e+03 9.16105306e+02 0.00000000e+00 0.00000000e+00
-5.04387611e+03 9.14011060e+02 0.00000000e+00 0.00000000e+00
-5.04237607e+03 9.11922262e+02 0.00000000e+00 0.00000000e+00
-5.04087603e+03 9.09838889e+02 0.00000000e+00 0.00000000e+00
-5.03937600e+03 9.07760918e+02 0.00000000e+00 0.00000000e+00
-5.03787596e+03 9.05688326e+02 0.00000000e+00 0.00000000e+00
-5.03637592e+03 9.03621089e+02 0.00000000e+00 0.00000000e+00
-5.03487588e+03 9.01559185e+02 0.00000000e+00 0.00000000e+00
-5.03337585e+03 8.99502591e+02 0.00000000e+00 0.00000000e+00
-5.03187581e+03 8.97451284e+02 0.00000000e+00 0.00000000e+00
-5.03037577e+03 8.95405242e+02 0.00000000e+00 0.00000000e+00
-5.02887573e+03 8.93364444e+02 0.00000000e+00 0.00000000e+00
-5.02737570e+03 8.91328866e+02 0.00000000e+00 0.00000000e+00
-5.02587566e+03 8.89298486e+02 0.00000000e+00 0.00000000e+00
-5.02437562e+03 8.87273284e+02 0.00000000e+00 0.00000000e+00
-5.02287558e+03 8.85253237e+02 0.00000000e+00 0.00000000e+00
-5.02137555e+03 8.83238323e+02 0.00000000e+00 0.00000000e+00
-5.01987551e+03 8.81228521e+02 0.00000000e+00 0.00000000e+00
-5.01837547e+03 8.79223810e+02 0.00000000e+00 0.00000000e+00
-5.01687543e+03 8.77224168e+02 0.00000000e+00 0.00000000e+00
-5.01537540e+03 8.75229575e+02 0.00000000e+00 0.00000000e+00
-5.01387536e+03 8.73240010e+02 0.00000000e+00 0.00000000e+00
-5.01237532e+03 8.71255451e+02 0.00000000e+00 0.00000000e+00
-5.01087528e+03 8.69275878e+02 0.00000000e+00 0.00000000e+00
-5.00937525e+03 8.67301271e+02 0.00000000e+00 0.00000000e+00
-5.00787521e+03 8.65331609e+02 0.00000000e+00 0.00000000e+00
-5.00637517e+03 8.63366871e+02 0.00000000e+00 0.00000000e+00
-5.00487513e+03 8.61407038e+02 0.00000000e+00 0.00000000e+00
-5.00337510e+03 8.59452090e+02 0.00000000e+00 0.00000000e+00
-5.00187506e+03 8.57502006e+02 0.00000000e+00 0.00000000e+00
-5.00037502e+03 8.55556767e+02 0.00000000e+00 0.00000000e+00
-4.99887498e+03 8.53616352e+02 0.00000000e+00 0.00000000e+00
-4.99737495e+03 8.51680744e+02 0.00000000e+00 0.00000000e+00
-4.99587491e+03 8.49749921e+02 0.00000000e+00 0.00000000e+00
-4.99437487e+03 8.47823865e+02 0.00000000e+00 0.00000000e+00
-4.99287483e+03 8.45902556e+02 0.00000000e+00 0.00000000e+00
-4.99137480e+03 8.43985975e+02 0.00000000e+00 0.00000000e+00
-4.98987476e+03 8.42074104e+02 0.00000000e+00 0.00000000e+00
-4.98837472e+03 8.40166923e+02 0.00000000e+00 0.00000000e+00
-4.98687468e+03 8.38264414e+02 0.00000000e+00 0.00000000e+00
-4.98537465e+03 8.36366557e+02 0.00000000e+00 0.00000000e+00
-4.98387461e+03 8.34473335e+02 0.00000000e+00 0.00000000e+00
-4.98237457e+03 8.32584729e+02 0.00000000e+00 0.00000000e+00
-4.98087453e+03 8.30700720e+02 0.00000000e+00 0.00000000e+00
-4.97937450e+03 8.28821290e+02 0.00000000e+00 0.00000000e+00
-4.97787446e+03 8.26946422e+02 0.00000000e+00 0.00000000e+00
-4.97637442e+03 8.25076097e+02 0.00000000e+00 0.00000000e+00
-4.97487438e+03 8.23210297e+02 0.00000000e+00 0.00000000e+00
-4.97337435e+03 8.21349004e+02 0.00000000e+00 0.00000000e+00
-4.97187431e+03 8.19492202e+02 0.00000000e+00 0.00000000e+00
-4.97037427e+03 8.17639871e+02 0.00000000e+00 0.00000000e+00
-4.96887423e+03 8.15791995e+02 0.00000000e+00 0.00000000e+00
-4.96737420e+03 8.13948556e+02 0.00000000e+00 0.00000000e+00
-4.96587416e+03 8.12109537e+02 0.00000000e+00 0.00000000e+00
-4.96437412e+03 8.10274921e+02 0.00000000e+00 0.00000000e+00
-4.96287408e+03 8.08444690e+02 0.00000000e+00 0.00000000e+00
-4.96137405e+03 8.06618828e+02 0.00000000e+00 0.00000000e+00
-4.95987401e+03 8.04797318e+02 0.00000000e+00 0.00000000e+00
-4.95837397e+03 8.02980143e+02 0.00000000e+00 0.00000000e+00
-4.95687393e+03 8.01167286e+02 0.00000000e+00 0.00000000e+00
-4.95537390e+03 7.99358730e+02 0.00000000e+00 0.00000000e+00
-4.95387386e+03 7.97554460e+02 0.00000000e+00 0.00000000e+00
-4.95237382e+03 7.95754458e+02 0.00000000e+00 0.00000000e+00
-4.95087378e+03 7.93958708e+02 0.00000000e+00 0.00000000e+00
-4.94937375e+03 7.92167195e+02 0.00000000e+00 0.00000000e+00
-4.94787371e+03 7.90379902e+02 0.00000000e+00 0.00000000e+00
-4.94637367e+03 7.88596812e+02 0.00000000e+00 0.00000000e+00
-4.94487363e+03 7.86817911e+02 0.00000000e+00 0.00000000e+00
-4.94337360e+03 7.85043181e+02 0.00000000e+00 0.00000000e+00
-4.94187356e+03 7.83272608e+02 0.00000000e+00 0.00000000e+00
-4.94037352e+03 7.81506176e+02 0.00000000e+00 0.00000000e+00
-4.93887348e+03 7.79743868e+02 0.00000000e+00 0.00000000e+00
-4.93737345e+03 7.77985670e+02 0.00000000e+00 0.00000000e+00
-4.93587341e+03 7.76231566e+02 0.00000000e+00 0.00000000e+00
-4.93437337e+03 7.74481541e+02 0.00000000e+00 0.00000000e+00
-4.93287333e+03 7.72735580e+02 0.00000000e+00 0.00000000e+00
-4.93137330e+03 7.70993666e+02 0.00000000e+00 0.00000000e+00
-4.92987326e+03 7.69255786e+02 0.00000000e+00 0.00000000e+00
-4.92837322e+03 7.67521924e+02 0.00000000e+00 0.00000000e+00
-4.92687318e+03 7.65792066e+02 0.00000000e+00 0.00000000e+00
-4.92537315e+03 7.64066196e+02 0.00000000e+00 0.00000000e+00
-4.92387311e+03 7.62344300e+02 0.00000000e+00 0.00000000e+00
-4.92237307e+03 7.60626363e+02 0.00000000e+00 0.00000000e+00
-4.92087303e+03 7.58912370e+02 0.00000000e+00 0.00000000e+00
-4.91937300e+03 7.57202308e+02 0.00000000e+00 0.00000000e+00
-4.91787296e+03 7.55496161e+02 0.00000000e+00 0.00000000e+00
-4.91637292e+03 7.53793915e+02 0.00000000e+00 0.00000000e+00
-4.91487288e+03 7.52095556e+02 0.00000000e+00 0.00000000e+00
-4.91337285e+03 7.50401070e+02 0.00000000e+00 0.00000000e+00
-4.91187281e+03 7.48710443e+02 0.00000000e+00 0.00000000e+00
-4.91037277e+03 7.47023661e+02 0.00000000e+00 0.00000000e+00
-4.90887273e+03 7.45340709e+02 0.00000000e+00 0.00000000e+00
-4.90737270e+03 7.43661574e+02 0.00000000e+00 0.00000000e+00
-4.90587266e+03 7.41986242e+02 0.00000000e+00 0.00000000e+00
-4.90437262e+03 7.40314699e+02 0.00000000e+00 0.00000000e+00
-4.90287258e+03 7.38646932e+02 0.00000000e+00 0.00000000e+00
-4.90137255e+03 7.36982927e+02 0.00000000e+00 0.00000000e+00
-4.89987251e+03 7.35322671e+02 0.00000000e+00 0.00000000e+00
-4.89837247e+03 7.33666150e+02 0.00000000e+00 0.00000000e+00
-4.89687243e+03 7.32013351e+02 0.00000000e+00 0.00000000e+00
-4.89537240e+03 7.30364260e+02 0.00000000e+00 0.00000000e+00
-4.89387236e+03 7.28718865e+02 0.00000000e+00 0.00000000e+00
-4.89237232e+03 7.27077151e+02 0.00000000e+00 0.00000000e+00
-4.89087228e+03 7.25439107e+02 0.00000000e+00 0.00000000e+00
-4.88937225e+03 7.23804719e+02 0.00000000e+00 0.00000000e+00
-4.88787221e+03 7.22173975e+02 0.00000000e+00 0.00000000e+00
-4.88637217e+03 7.20546860e+02 0.00000000e+00 0.00000000e+00
-4.88487213e+03 7.18923363e+02 0.00000000e+00 0.00000000e+00
-4.88337210e+03 7.17303471e+02 0.00000000e+00 0.00000000e+00
-4.88187206e+03 7.15687171e+02 0.00000000e+00 0.00000000e+00
-4.88037202e+03 7.14074451e+02 0.00000000e+00 0.00000000e+00
-4.87887198e+03 7.12465298e+02 0.00000000e+00 0.00000000e+00
-4.87737195e+03 7.10859699e+02 0.00000000e+00 0.00000000e+00
-4.87587191e+03 7.09257643e+02 0.00000000e+00 0.00000000e+00
-4.87437187e+03 7.07659116e+02 0.00000000e+00 0.00000000e+00
-4.87287183e+03 7.06064108e+02 0.00000000e+00 0.00000000e+00
-4.87137180e+03 7.04472604e+02 0.00000000e+00 0.00000000e+00
-4.86987176e+03 7.02884594e+02 0.00000000e+00 0.00000000e+00
-4.86837172e+03 7.01300066e+02 0.00000000e+00 0.00000000e+00
-4.86687168e+03 6.99719006e+02 0.00000000e+00 0.00000000e+00
-4.86537165e+03 6.98141404e+02 0.00000000e+00 0.00000000e+00
-4.86387161e+03 6.96567248e+02 0.00000000e+00 0.00000000e+00
-4.86237157e+03 6.94996525e+02 0.00000000e+00 0.00000000e+00
-4.86087153e+03 6.93429224e+02 0.00000000e+00 0.00000000e+00
-4.85937150e+03 6.91865333e+02 0.00000000e+00 0.00000000e+00
-4.85787146e+03 6.90304841e+02 0.00000000e+00 0.00000000e+00
-4.85637142e+03 6.88747736e+02 0.00000000e+00 0.00000000e+00
-4.85487138e+03 6.87194007e+02 0.00000000e+00 0.00000000e+00
-4.85337135e+03 6.85643642e+02 0.00000000e+00 0.00000000e+00
-4.85187131e+03 6.84096630e+02 0.00000000e+00 0.00000000e+00
-4.85037127e+03 6.82552959e+02 0.00000000e+00 0.00000000e+00
-4.84887123e+03 6.81012618e+02 0.00000000e+00 0.00000000e+00
-4.84737120e+03 6.79475596e+02 0.00000000e+00 0.00000000e+00
-4.84587116e+03 6.77941882e+02 0.00000000e+00 0.00000000e+00
-4.84437112e+03 6.76411464e+02 0.00000000e+00 0.00000000e+00
-4.84287108e+03 6.74884333e+02 0.00000000e+00 0.00000000e+00
-4.84137105e+03 6.73360476e+02 0.00000000e+00 0.00000000e+00
-4.83987101e+03 6.71839883e+02 0.00000000e+00 0.00000000e+00
-4.83837097e+03 6.70322542e+02 0.00000000e+00 0.00000000e+00
-4.83687093e+03 6.68808444e+02 0.00000000e+00 0.00000000e+00
-4.83537090e+03 6.67297578e+02 0.00000000e+00 0.00000000e+00
-4.83387086e+03 6.65789931e+02 0.00000000e+00 0.00000000e+00
-4.83237082e+03 6.64285496e+02 0.00000000e+00 0.00000000e+00
-4.83087078e+03 6.62784259e+02 0.00000000e+00 0.00000000e+00
-4.82937075e+03 6.61286211e+02 0.00000000e+00 0.00000000e+00
-4.82787071e+03 6.59791342e+02 0.00000000e+00 0.00000000e+00
-4.82637067e+03 6.58299641e+02 0.00000000e+00 0.00000000e+00
-4.82487063e+03 6.56811097e+02 0.00000000e+00 0.00000000e+00
-4.82337060e+03 6.55325701e+02 0.00000000e+00 0.00000000e+00
-4.82187056e+03 6.53843442e+02 0.00000000e+00 0.00000000e+00
-4.82037052e+03 6.52364310e+02 0.00000000e+00 0.00000000e+00
-4.81887048e+03 6.50888294e+02 0.00000000e+00 0.00000000e+00
-4.81737045e+03 6.49415385e+02 0.00000000e+00 0.00000000e+00
-4.81587041e+03 6.47945572e+02 0.00000000e+00 0.00000000e+00
-4.81437037e+03 6.46478846e+02 0.00000000e+00 0.00000000e+00
-4.81287033e+03 6.45015197e+02 0.00000000e+00 0.00000000e+00
-4.81137030e+03 6.43554614e+02 0.00000000e+00 0.00000000e+00
-4.80987026e+03 6.42097088e+02 0.00000000e+00 0.00000000e+00
-4.80837022e+03 6.40642608e+02 0.00000000e+00 0.00000000e+00
-4.80687018e+03 6.39191166e+02 0.00000000e+00 0.00000000e+00
-4.80537015e+03 6.37742752e+02 0.00000000e+00 0.00000000e+00
-4.80387011e+03 6.36297355e+02 0.00000000e+00 0.00000000e+00
-4.80237007e+03 6.34854966e+02 0.00000000e+00 0.00000000e+00
-4.80087003e+03 6.33415576e+02 0.00000000e+00 0.00000000e+00
-4.79937000e+03 6.31979175e+02 0.00000000e+00 0.00000000e+00
-4.79786996e+03 6.30545754e+02 0.00000000e+00 0.00000000e+00
-4.79636992e+03 6.29115303e+02 0.00000000e+00 0.00000000e+00
-4.79486988e+03 6.27687813e+02 0.00000000e+00 0.00000000e+00
-4.79336985e+03 6.26263274e+02 0.00000000e+00 0.00000000e+00
-4.79186981e+03 6.24841677e+02 0.00000000e+00 0.00000000e+00
-4.79036977e+03 6.23423014e+02 0.00000000e+00 0.00000000e+00
-4.78886973e+03 6.22007274e+02 0.00000000e+00 0.00000000e+00
-4.78736970e+03 6.20594449e+02 0.00000000e+00 0.00000000e+00
-4.78586966e+03 6.19184529e+02 0.00000000e+00 0.00000000e+00
-4.78436962e+03 6.17777506e+02 0.00000000e+00 0.00000000e+00
-4.78286958e+03 6.16373370e+02 0.00000000e+00 0.00000000e+00
-4.78136955e+03 6.14972113e+02 0.00000000e+00 0.00000000e+00
-4.77986951e+03 6.13573725e+02 0.00000000e+00 0.00000000e+00
-4.77836947e+03 6.12178198e+02 0.00000000e+00 0.00000000e+00
-4.77686943e+03 6.10785523e+02 0.00000000e+00 0.00000000e+00
-4.77536940e+03 6.09395690e+02 0.00000000e+00 0.00000000e+00
-4.77386936e+03 6.08008692e+02 0.00000000e+00 0.00000000e+00
-4.77236932e+03 6.06624520e+02 0.00000000e+00 0.00000000e+00
-4.77086928e+03 6.05243164e+02 0.00000000e+00 0.00000000e+00
-4.76936925e+03 6.03864617e+02 0.00000000e+00 0.00000000e+00
-4.76786921e+03 6.02488869e+02 0.00000000e+00 0.00000000e+00
-4.76636917e+03 6.01115912e+02 0.00000000e+00 0.00000000e+00
-4.76486913e+03 5.99745738e+02 0.00000000e+00 0.00000000e+00
-4.76336910e+03 5.98378338e+02 0.00000000e+00 0.00000000e+00
-4.76186906e+03 5.97013704e+02 0.00000000e+00 0.00000000e+00
-4.76036902e+03 5.95651828e+02 0.00000000e+00 0.00000000e+00
-4.75886898e+03 5.94292700e+02 0.00000000e+00 0.00000000e+00
-4.75736895e+03 5.92936313e+02 0.00000000e+00 0.00000000e+00
-4.75586891e+03 5.91582658e+02 0.00000000e+00 0.00000000e+00
-4.75436887e+03 5.90231728e+02 0.00000000e+00 0.00000000e+00
-4.75286883e+03 5.88883514e+02 0.00000000e+00 0.00000000e+00
-4.75136880e+03 5.87538007e+02 0.00000000e+00 0.00000000e+00
-4.74986876e+03 5.86195201e+02 0.00000000e+00 0.00000000e+00
-4.74836872e+03 5.84855086e+02 0.00000000e+00 0.00000000e+00
-4.74686868e+03 5.83517655e+02 0.00000000e+00 0.00000000e+00
-4.74536865e+03 5.82182900e+02 0.00000000e+00 0.00000000e+00
-4.74386861e+03 5.80850812e+02 0.00000000e+00 0.00000000e+00
-4.74236857e+03 5.79521384e+02 0.00000000e+00 0.00000000e+00
-4.74086853e+03 5.78194609e+02 0.00000000e+00 0.00000000e+00
-4.73936850e+03 5.76870477e+02 0.00000000e+00 0.00000000e+00
-4.73786846e+03 5.75548982e+02 0.00000000e+00 0.00000000e+00
-4.73636842e+03 5.74230116e+02 0.00000000e+00 0.00000000e+00
-4.73486838e+03 5.72913870e+02 0.00000000e+00 0.00000000e+00
-4.73336835e+03 5.71600237e+02 0.00000000e+00 0.00000000e+00
-4.73186831e+03 5.70289210e+02 0.00000000e+00 0.00000000e+00
-4.73036827e+03 5.68980781e+02 0.00000000e+00 0.00000000e+00
-4.72886823e+03 5.67674943e+02 0.00000000e+00 0.00000000e+00
-4.72736820e+03 5.66371687e+02 0.00000000e+00 0.00000000e+00
-4.72586816e+03 5.65071006e+02 0.00000000e+00 0.00000000e+00
-4.72436812e+03 5.63772894e+02 0.00000000e+00 0.00000000e+00
-4.72286808e+03 5.62477341e+02 0.00000000e+00 0.00000000e+00
-4.72136805e+03 5.61184342e+02 0.00000000e+00 0.00000000e+00
-4.71986801e+03 5.59893888e+02 0.00000000e+00 0.00000000e+00
-4.71836797e+03 5.58605973e+02 0.00000000e+00 0.00000000e+00
-4.71686793e+03 5.57320588e+02 0.00000000e+00 0.00000000e+00
-4.71536790e+03 5.56037727e+02 0.00000000e+00 0.00000000e+00
-4.71386786e+03 5.54757383e+02 0.00000000e+00 0.00000000e+00
-4.71236782e+03 5.53479547e+02 0.00000000e+00 0.00000000e+00
-4.71086778e+03 5.52204214e+02 0.00000000e+00 0.00000000e+00
-4.70936775e+03 5.50931376e+02 0.00000000e+00 0.00000000e+00
-4.70786771e+03 5.49661026e+02 0.00000000e+00 0.00000000e+00
-4.70636767e+03 5.48393156e+02 0.00000000e+00 0.00000000e+00
-4.70486763e+03 5.47127761e+02 0.00000000e+00 0.00000000e+00
-4.70336760e+03 5.45864832e+02 0.00000000e+00 0.00000000e+00
-4.70186756e+03 5.44604363e+02 0.00000000e+00 0.00000000e+00
-4.70036752e+03 5.43346346e+02 0.00000000e+00 0.00000000e+00
-4.69886748e+03 5.42090776e+02 0.00000000e+00 0.00000000e+00
-4.69736745e+03 5.40837645e+02 0.00000000e+00 0.00000000e+00
-4.69586741e+03 5.39586945e+02 0.00000000e+00 0.00000000e+00
-4.69436737e+03 5.38338672e+02 0.00000000e+00 0.00000000e+00
-4.69286733e+03 5.37092817e+02 0.00000000e+00 0.00000000e+00
-4.69136730e+03 5.35849374e+02 0.00000000e+00 0.00000000e+00
-4.68986726e+03 5.34608336e+02 0.00000000e+00 0.00000000e+00
-4.68836722e+03 5.33369696e+02 0.00000000e+00 0.00000000e+00
-4.68686718e+03 5.32133448e+02 0.00000000e+00 0.00000000e+00
-4.68536715e+03 5.30899586e+02 0.00000000e+00 0.00000000e+00
-4.68386711e+03 5.29668102e+02 0.00000000e+00 0.00000000e+00
-4.68236707e+03 5.28438990e+02 0.00000000e+00 0.00000000e+00
-4.68086703e+03 5.27212244e+02 0.00000000e+00 0.00000000e+00
-4.67936700e+03 5.25987857e+02 0.00000000e+00 0.00000000e+00
-4.67786696e+03 5.24765822e+02 0.00000000e+00 0.00000000e+00
-4.67636692e+03 5.23546133e+02 0.00000000e+00 0.00000000e+00
-4.67486688e+03 5.22328784e+02 0.00000000e+00 0.00000000e+00
-4.67336685e+03 5.21113768e+02 0.00000000e+00 0.00000000e+00
-4.67186681e+03 5.19901079e+02 0.00000000e+00 0.00000000e+00
-4.67036677e+03 5.18690711e+02 0.00000000e+00 0.00000000e+00
-4.66886673e+03 5.17482657e+02 0.00000000e+00 0.00000000e+00
-4.66736670e+03 5.16276911e+02 0.00000000e+00 0.00000000e+00
-4.66586666e+03 5.15073466e+02 0.00000000e+00 0.00000000e+00
-4.66436662e+03 5.13872318e+02 0.00000000e+00 0.00000000e+00
-4.66286658e+03 5.12673458e+02 0.00000000e+00 0.00000000e+00
-4.66136655e+03 5.11476882e+02 0.00000000e+00 0.00000000e+00
-4.65986651e+03 5.10282583e+02 0.00000000e+00 0.00000000e+00
-4.65836647e+03 5.09090554e+02 0.00000000e+00 0.00000000e+00
-4.65686643e+03 5.07900791e+02 0.00000000e+00 0.00000000e+00
-4.65536640e+03 5.06713286e+02 0.00000000e+00 0.00000000e+00
-4.65386636e+03 5.05528034e+02 0.00000000e+00 0.00000000e+00
-4.65236632e+03 5.04345029e+02 0.00000000e+00 0.00000000e+00
-4.65086628e+03 5.03164265e+02 0.00000000e+00 0.00000000e+00
-4.64936625e+03 5.01985735e+02 0.00000000e+00 0.00000000e+00
-4.64786621e+03 5.00809435e+02 0.00000000e+00 0.00000000e+00
-4.64636617e+03 4.99635357e+02 0.00000000e+00 0.00000000e+00
-4.64486613e+03 4.98463497e+02 0.00000000e+00 0.00000000e+00
-4.64336610e+03 4.97293848e+02 0.00000000e+00 0.00000000e+00
-4.64186606e+03 4.96126404e+02 0.00000000e+00 0.00000000e+00
-4.64036602e+03 4.94961160e+02 0.00000000e+00 0.00000000e+00
-4.63886598e+03 4.93798111e+02 0.00000000e+00 0.00000000e+00
-4.63736595e+03 4.92637249e+02 0.00000000e+00 0.00000000e+00
-4.63586591e+03 4.91478570e+02 0.00000000e+00 0.00000000e+00
-4.63436587e+03 4.90322068e+02 0.00000000e+00 0.00000000e+00
-4.63286583e+03 4.89167737e+02 0.00000000e+00 0.00000000e+00
-4.63136580e+03 4.88015571e+02 0.00000000e+00 0.00000000e+00
-4.62986576e+03 4.86865565e+02 0.00000000e+00 0.00000000e+00
-4.62836572e+03 4.85717714e+02 0.00000000e+00 0.00000000e+00
-4.62686568e+03 4.84572011e+02 0.00000000e+00 0.00000000e+00
-4.62536565e+03 4.83428452e+02 0.00000000e+00 0.00000000e+00
-4.62386561e+03 4.82287030e+02 0.00000000e+00 0.00000000e+00
-4.62236557e+03 4.81147741e+02 0.00000000e+00 0.00000000e+00
-4.62086553e+03 4.80010578e+02 0.00000000e+00 0.00000000e+00
-4.61936550e+03 4.78875537e+02 0.00000000e+00 0.00000000e+00
-4.61786546e+03 4.77742611e+02 0.00000000e+00 0.00000000e+00
-4.61636542e+03 4.76611796e+02 0.00000000e+00 0.00000000e+00
-4.61486538e+03 4.75483086e+02 0.00000000e+00 0.00000000e+00
-4.61336535e+03 4.74356476e+02 0.00000000e+00 0.00000000e+00
-4.61186531e+03 4.73231960e+02 0.00000000e+00 0.00000000e+00
-4.61036527e+03 4.72109533e+02 0.00000000e+00 0.00000000e+00
-4.60886523e+03 4.70989190e+02 0.00000000e+00 0.00000000e+00
-4.60736520e+03 4.69870926e+02 0.00000000e+00 0.00000000e+00
-4.60586516e+03 4.68754735e+02 0.00000000e+00 0.00000000e+00
-4.60436512e+03 4.67640613e+02 0.00000000e+00 0.00000000e+00
-4.60286508e+03 4.66528553e+02 0.00000000e+00 0.00000000e+00
-4.60136505e+03 4.65418551e+02 0.00000000e+00 0.00000000e+00
-4.59986501e+03 4.64310602e+02 0.00000000e+00 0.00000000e+00
-4.59836497e+03 4.63204700e+02 0.00000000e+00 0.00000000e+00
-4.59686493e+03 4.62100840e+02 0.00000000e+00 0.00000000e+00
-4.59536490e+03 4.60999018e+02 0.00000000e+00 0.00000000e+00
-4.59386486e+03 4.59899229e+02 0.00000000e+00 0.00000000e+00
-4.59236482e+03 4.58801466e+02 0.00000000e+00 0.00000000e+00
-4.59086478e+03 4.57705726e+02 0.00000000e+00 0.00000000e+00
-4.58936475e+03 4.56612003e+02 0.00000000e+00 0.00000000e+00
-4.58786471e+03 4.55520292e+02 0.00000000e+00 0.00000000e+00
-4.58636467e+03 4.54430589e+02 0.00000000e+00 0.00000000e+00
-4.58486463e+03 4.53342888e+02 0.00000000e+00 0.00000000e+00
-4.58336460e+03 4.52257184e+02 0.00000000e+00 0.00000000e+00
-4.58186456e+03 4.51173473e+02 0.00000000e+00 0.00000000e+00
-4.58036452e+03 4.50091750e+02 0.00000000e+00 0.00000000e+00
-4.57886448e+03 4.49012010e+02 0.00000000e+00 0.00000000e+00
-4.57736445e+03 4.47934248e+02 0.00000000e+00 0.00000000e+00
-4.57586441e+03 4.46858459e+02 0.00000000e+00 0.00000000e+00
-4.57436437e+03 4.45784639e+02 0.00000000e+00 0.00000000e+00
-4.57286433e+03 4.44712782e+02 0.00000000e+00 0.00000000e+00
-4.57136430e+03 4.43642884e+02 0.00000000e+00 0.00000000e+00
-4.56986426e+03 4.42574941e+02 0.00000000e+00 0.00000000e+00
-4.56836422e+03 4.41508947e+02 0.00000000e+00 0.00000000e+00
-4.56686418e+03 4.40444898e+02 0.00000000e+00 0.00000000e+00
-4.56536415e+03 4.39382789e+02 0.00000000e+00 0.00000000e+00
-4.56386411e+03 4.38322616e+02 0.00000000e+00 0.00000000e+00
-4.56236407e+03 4.37264374e+02 0.00000000e+00 0.00000000e+00
-4.56086403e+03 4.36208059e+02 0.00000000e+00 0.00000000e+00
-4.55936400e+03 4.35153664e+02 0.00000000e+00 0.00000000e+00
-4.55786396e+03 4.34101187e+02 0.00000000e+00 0.00000000e+00
-4.55636392e+03 4.33050623e+02 0.00000000e+00 0.00000000e+00
-4.55486388e+03 4.32001967e+02 0.00000000e+00 0.00000000e+00
-4.55336385e+03 4.30955215e+02 0.00000000e+00 0.00000000e+00
-4.55186381e+03 4.29910362e+02 0.00000000e+00 0.00000000e+00
-4.55036377e+03 4.28867403e+02 0.00000000e+00 0.00000000e+00
-4.54886373e+03 4.27826335e+02 0.00000000e+00 0.00000000e+00
-4.54736370e+03 4.26787152e+02 0.00000000e+00 0.00000000e+00
-4.54586366e+03 4.25749851e+02 0.00000000e+00 0.00000000e+00
-4.54436362e+03 4.24714426e+02 0.00000000e+00 0.00000000e+00
-4.54286358e+03 4.23680875e+02 0.00000000e+00 0.00000000e+00
-4.54136355e+03 4.22649191e+02 0.00000000e+00 0.00000000e+00
-4.53986351e+03 4.21619372e+02 0.00000000e+00 0.00000000e+00
-4.53836347e+03 4.20591412e+02 0.00000000e+00 0.00000000e+00
-4.53686343e+03 4.19565307e+02 0.00000000e+00 0.00000000e+00
-4.53536340e+03 4.18541053e+02 0.00000000e+00 0.00000000e+00
-4.53386336e+03 4.17518647e+02 0.00000000e+00 0.00000000e+00
-4.53236332e+03 4.16498082e+02 0.00000000e+00 0.00000000e+00
-4.53086328e+03 4.15479356e+02 0.00000000e+00 0.00000000e+00
-4.52936325e+03 4.14462464e+02 0.00000000e+00 0.00000000e+00
-4.52786321e+03 4.13447401e+02 0.00000000e+00 0.00000000e+00
-4.52636317e+03 4.12434165e+02 0.00000000e+00 0.00000000e+00
-4.52486313e+03 4.11422749e+02 0.00000000e+00 0.00000000e+00
-4.52336310e+03 4.10413152e+02 0.00000000e+00 0.00000000e+00
-4.52186306e+03 4.09405367e+02 0.00000000e+00 0.00000000e+00
-4.52036302e+03 4.08399391e+02 0.00000000e+00 0.00000000e+00
-4.51886298e+03 4.07395221e+02 0.00000000e+00 0.00000000e+00
-4.51736295e+03 4.06392851e+02 0.00000000e+00 0.00000000e+00
-4.51586291e+03 4.05392278e+02 0.00000000e+00 0.00000000e+00
-4.51436287e+03 4.04393498e+02 0.00000000e+00 0.00000000e+00
-4.51286283e+03 4.03396507e+02 0.00000000e+00 0.00000000e+00
-4.51136280e+03 4.02401301e+02 0.00000000e+00 0.00000000e+00
-4.50986276e+03 4.01407876e+02 0.00000000e+00 0.00000000e+00
-4.50836272e+03 4.00416227e+02 0.00000000e+00 0.00000000e+00
-4.50686268e+03 3.99426351e+02 0.00000000e+00 0.00000000e+00
-4.50536265e+03 3.98438244e+02 0.00000000e+00 0.00000000e+00
-4.50386261e+03 3.97451902e+02 0.00000000e+00 0.00000000e+00
-4.50236257e+03 3.96467321e+02 0.00000000e+00 0.00000000e+00
-4.50086253e+03 3.95484497e+02 0.00000000e+00 0.00000000e+00
-4.49936250e+03 3.94503427e+02 0.00000000e+00 0.00000000e+00
-4.49786246e+03 3.93524106e+02 0.00000000e+00 0.00000000e+00
-4.49636242e+03 3.92546530e+02 0.00000000e+00 0.00000000e+00
-4.49486238e+03 3.91570697e+02 0.00000000e+00 0.00000000e+00
-4.49336235e+03 3.90596601e+02 0.00000000e+00 0.00000000e+00
-4.49186231e+03 3.89624240e+02 0.00000000e+00 0.00000000e+00
-4.49036227e+03 3.88653608e+02 0.00000000e+00 0.00000000e+00
-4.48886223e+03 3.87684704e+02 0.00000000e+00 0.00000000e+00
-4.48736220e+03 3.86717522e+02 0.00000000e+00 0.00000000e+00
-4.48586216e+03 3.85752059e+02 0.00000000e+00 0.00000000e+00
-4.48436212e+03 3.84788312e+02 0.00000000e+00 0.00000000e+00
-4.48286208e+03 3.83826276e+02 0.00000000e+00 0.00000000e+00
-4.48136205e+03 3.82865948e+02 0.00000000e+00 0.00000000e+00
-4.47986201e+03 3.81907325e+02 0.00000000e+00 0.00000000e+00
-4.47836197e+03 3.80950402e+02 0.00000000e+00 0.00000000e+00
-4.47686193e+03 3.79995176e+02 0.00000000e+00 0.00000000e+00
-4.47536190e+03 3.79041643e+02 0.00000000e+00 0.00000000e+00
-4.47386186e+03 3.78089800e+02 0.00000000e+00 0.00000000e+00
-4.47236182e+03 3.77139643e+02 0.00000000e+00 0.00000000e+00
-4.47086178e+03 3.76191169e+02 0.00000000e+00 0.00000000e+00
-4.46936175e+03 3.75244374e+02 0.00000000e+00 0.00000000e+00
-4.46786171e+03 3.74299254e+02 0.00000000e+00 0.00000000e+00
-4.46636167e+03 3.73355806e+02 0.00000000e+00 0.00000000e+00
-4.46486163e+03 3.72414026e+02 0.00000000e+00 0.00000000e+00
-4.46336160e+03 3.71473911e+02 0.00000000e+00 0.00000000e+00
-4.46186156e+03 3.70535457e+02 0.00000000e+00 0.00000000e+00
-4.46036152e+03 3.69598661e+02 0.00000000e+00 0.00000000e+00
-4.45886148e+03 3.68663519e+02 0.00000000e+00 0.00000000e+00
-4.45736145e+03 3.67730028e+02 0.00000000e+00 0.00000000e+00
-4.45586141e+03 3.66798185e+02 0.00000000e+00 0.00000000e+00
-4.45436137e+03 3.65867985e+02 0.00000000e+00 0.00000000e+00
-4.45286133e+03 3.64939426e+02 0.00000000e+00 0.00000000e+00
-4.45136130e+03 3.64012504e+02 0.00000000e+00 0.00000000e+00
-4.44986126e+03 3.63087216e+02 0.00000000e+00 0.00000000e+00
-4.44836122e+03 3.62163558e+02 0.00000000e+00 0.00000000e+00
-4.44686118e+03 3.61241528e+02 0.00000000e+00 0.00000000e+00
-4.44536115e+03 3.60321121e+02 0.00000000e+00 0.00000000e+00
-4.44386111e+03 3.59402334e+02 0.00000000e+00 0.00000000e+00
-4.44236107e+03 3.58485164e+02 0.00000000e+00 0.00000000e+00
-4.44086103e+03 3.57569608e+02 0.00000000e+00 0.00000000e+00
-4.43936100e+03 3.56655662e+02 0.00000000e+00 0.00000000e+00
-4.43786096e+03 3.55743324e+02 0.00000000e+00 0.00000000e+00
-4.43636092e+03 3.54832589e+02 0.00000000e+00 0.00000000e+00
-4.43486088e+03 3.53923455e+02 0.00000000e+00 0.00000000e+00
-4.43336085e+03 3.53015918e+02 0.00000000e+00 0.00000000e+00
-4.43186081e+03 3.52109975e+02 0.00000000e+00 0.00000000e+00
-4.43036077e+03 3.51205623e+02 0.00000000e+00 0.00000000e+00
-4.42886073e+03 3.50302859e+02 0.00000000e+00 0.00000000e+00
-4.42736070e+03 3.49401679e+02 0.00000000e+00 0.00000000e+00
-4.42586066e+03 3.48502080e+02 0.00000000e+00 0.00000000e+00
-4.42436062e+03 3.47604060e+02 0.00000000e+00 0.00000000e+00
-4.42286058e+03 3.46707614e+02 0.00000000e+00 0.00000000e+00
-4.42136055e+03 3.45812741e+02 0.00000000e+00 0.00000000e+00
-4.41986051e+03 3.44919436e+02 0.00000000e+00 0.00000000e+00
-4.41836047e+03 3.44027696e+02 0.00000000e+00 0.00000000e+00
-4.41686043e+03 3.43137519e+02 0.00000000e+00 0.00000000e+00
-4.41536040e+03 3.42248902e+02 0.00000000e+00 0.00000000e+00
-4.41386036e+03 3.41361840e+02 0.00000000e+00 0.00000000e+00
-4.41236032e+03 3.40476332e+02 0.00000000e+00 0.00000000e+00
-4.41086028e+03 3.39592375e+02 0.00000000e+00 0.00000000e+00
-4.40936025e+03 3.38709964e+02 0.00000000e+00 0.00000000e+00
-4.40786021e+03 3.37829097e+02 0.00000000e+00 0.00000000e+00
-4.40636017e+03 3.36949771e+02 0.00000000e+00 0.00000000e+00
-4.40486013e+03 3.36071984e+02 0.00000000e+00 0.00000000e+00
-4.40336010e+03 3.35195731e+02 0.00000000e+00 0.00000000e+00
-4.40186006e+03 3.34321011e+02 0.00000000e+00 0.00000000e+00
-4.40036002e+03 3.33447820e+02 0.00000000e+00 0.00000000e+00
-4.39885998e+03 3.32576155e+02 0.00000000e+00 0.00000000e+00
-4.39735994e+03 3.31706013e+02 0.00000000e+00 0.00000000e+00
-4.39585991e+03 3.30837391e+02 0.00000000e+00 0.00000000e+00
-4.39435987e+03 3.29970287e+02 0.00000000e+00 0.00000000e+00
-4.39285983e+03 3.29104697e+02 0.00000000e+00 0.00000000e+00
-4.39135979e+03 3.28240619e+02 0.00000000e+00 0.00000000e+00
-4.38985976e+03 3.27378049e+02 0.00000000e+00 0.00000000e+00
-4.38835972e+03 3.26516985e+02 0.00000000e+00 0.00000000e+00
-4.38685968e+03 3.25657424e+02 0.00000000e+00 0.00000000e+00
-4.38535964e+03 3.24799363e+02 0.00000000e+00 0.00000000e+00
-4.38385961e+03 3.23942799e+02 0.00000000e+00 0.00000000e+00
-4.38235957e+03 3.23087730e+02 0.00000000e+00 0.00000000e+00
-4.38085953e+03 3.22234152e+02 0.00000000e+00 0.00000000e+00
-4.37935949e+03 3.21382063e+02 0.00000000e+00 0.00000000e+00
-4.37785946e+03 3.20531460e+02 0.00000000e+00 0.00000000e+00
-4.37635942e+03 3.19682340e+02 0.00000000e+00 0.00000000e+00
-4.37485938e+03 3.18834700e+02 0.00000000e+00 0.00000000e+00
-4.37335934e+03 3.17988538e+02 0.00000000e+00 0.00000000e+00
-4.37185931e+03 3.17143851e+02 0.00000000e+00 0.00000000e+00
-4.37035927e+03 3.16300635e+02 0.00000000e+00 0.00000000e+00
-4.36885923e+03 3.15458890e+02 0.00000000e+00 0.00000000e+00
-4.36735919e+03 3.14618611e+02 0.00000000e+00 0.00000000e+00
-4.36585916e+03 3.13779795e+02 0.00000000e+00 0.00000000e+00
-4.36435912e+03 3.12942441e+02 0.00000000e+00 0.00000000e+00
-4.36285908e+03 3.12106546e+02 0.00000000e+00 0.00000000e+00
-4.36135904e+03 3.11272106e+02 0.00000000e+00 0.00000000e+00
-4.35985901e+03 3.10439120e+02 0.00000000e+00 0.00000000e+00
-4.35835897e+03 3.09607584e+02 0.00000000e+00 0.00000000e+00
-4.35685893e+03 3.08777496e+02 0.00000000e+00 0.00000000e+00
-4.35535889e+03 3.07948854e+02 0.00000000e+00 0.00000000e+00
-4.35385886e+03 3.07121653e+02 0.00000000e+00 0.00000000e+00
-4.35235882e+03 3.06295893e+02 0.00000000e+00 0.00000000e+00
-4.35085878e+03 3.05471571e+02 0.00000000e+00 0.00000000e+00
-4.34935874e+03 3.04648683e+02 0.00000000e+00 0.00000000e+00
-4.34785871e+03 3.03827228e+02 0.00000000e+00 0.00000000e+00
-4.34635867e+03 3.03007202e+02 0.00000000e+00 0.00000000e+00
-4.34485863e+03 3.02188603e+02 0.00000000e+00 0.00000000e+00
-4.34335859e+03 3.01371428e+02 0.00000000e+00 0.00000000e+00
-4.34185856e+03 3.00555676e+02 0.00000000e+00 0.00000000e+00
-4.34035852e+03 2.99741343e+02 0.00000000e+00 0.00000000e+00
-4.33885848e+03 2.98928427e+02 0.00000000e+00 0.00000000e+00
-4.33735844e+03 2.98116925e+02 0.00000000e+00 0.00000000e+00
-4.33585841e+03 2.97306836e+02 0.00000000e+00 0.00000000e+00
-4.33435837e+03 2.96498156e+02 0.00000000e+00 0.00000000e+00
-4.33285833e+03 2.95690882e+02 0.00000000e+00 0.00000000e+00
-4.33135829e+03 2.94885013e+02 0.00000000e+00 0.00000000e+00
-4.32985826e+03 2.94080547e+02 0.00000000e+00 0.00000000e+00
-4.32835822e+03 2.93277479e+02 0.00000000e+00 0.00000000e+00
-4.32685818e+03 2.92475809e+02 0.00000000e+00 0.00000000e+00
-4.32535814e+03 2.91675533e+02 0.00000000e+00 0.00000000e+00
-4.32385811e+03 2.90876650e+02 0.00000000e+00 0.00000000e+00
-4.32235807e+03 2.90079156e+02 0.00000000e+00 0.00000000e+00
-4.32085803e+03 2.89283050e+02 0.00000000e+00 0.00000000e+00
-4.31935799e+03 2.88488329e+02 0.00000000e+00 0.00000000e+00
-4.31785796e+03 2.87694990e+02 0.00000000e+00 0.00000000e+00
-4.31635792e+03 2.86903032e+02 0.00000000e+00 0.00000000e+00
-4.31485788e+03 2.86112452e+02 0.00000000e+00 0.00000000e+00
-4.31335784e+03 2.85323247e+02 0.00000000e+00 0.00000000e+00
-4.31185781e+03 2.84535415e+02 0.00000000e+00 0.00000000e+00
-4.31035777e+03 2.83748954e+02 0.00000000e+00 0.00000000e+00
-4.30885773e+03 2.82963862e+02 0.00000000e+00 0.00000000e+00
-4.30735769e+03 2.82180136e+02 0.00000000e+00 0.00000000e+00
-4.30585766e+03 2.81397773e+02 0.00000000e+00 0.00000000e+00
-4.30435762e+03 2.80616772e+02 0.00000000e+00 0.00000000e+00
-4.30285758e+03 2.79837131e+02 0.00000000e+00 0.00000000e+00
-4.30135754e+03 2.79058846e+02 0.00000000e+00 0.00000000e+00
-4.29985751e+03 2.78281916e+02 0.00000000e+00 0.00000000e+00
-4.29835747e+03 2.77506339e+02 0.00000000e+00 0.00000000e+00
-4.29685743e+03 2.76732112e+02 0.00000000e+00 0.00000000e+00
-4.29535739e+03 2.75959232e+02 0.00000000e+00 0.00000000e+00
-4.29385736e+03 2.75187699e+02 0.00000000e+00 0.00000000e+00
-4.29235732e+03 2.74417508e+02 0.00000000e+00 0.00000000e+00
-4.29085728e+03 2.73648660e+02 0.00000000e+00 0.00000000e+00
-4.28935724e+03 2.72881150e+02 0.00000000e+00 0.00000000e+00
-4.28785721e+03 2.72114976e+02 0.00000000e+00 0.00000000e+00
-4.28635717e+03 2.71350138e+02 0.00000000e+00 0.00000000e+00
-4.28485713e+03 2.70586632e+02 0.00000000e+00 0.00000000e+00
-4.28335709e+03 2.69824456e+02 0.00000000e+00 0.00000000e+00
-4.28185706e+03 2.69063609e+02 0.00000000e+00 0.00000000e+00
-4.28035702e+03 2.68304087e+02 0.00000000e+00 0.00000000e+00
-4.27885698e+03 2.67545889e+02 0.00000000e+00 0.00000000e+00
-4.27735694e+03 2.66789012e+02 0.00000000e+00 0.00000000e+00
-4.27585691e+03 2.66033456e+02 0.00000000e+00 0.00000000e+00
-4.27435687e+03 2.65279216e+02 0.00000000e+00 0.00000000e+00
-4.27285683e+03 2.64526292e+02 0.00000000e+00 0.00000000e+00
-4.27135679e+03 2.63774681e+02 0.00000000e+00 0.00000000e+00
-4.26985676e+03 2.63024381e+02 0.00000000e+00 0.00000000e+00
-4.26835672e+03 2.62275390e+02 0.00000000e+00 0.00000000e+00
-4.26685668e+03 2.61527706e+02 0.00000000e+00 0.00000000e+00
-4.26535664e+03 2.60781326e+02 0.00000000e+00 0.00000000e+00
-4.26385661e+03 2.60036250e+02 0.00000000e+00 0.00000000e+00
-4.26235657e+03 2.59292474e+02 0.00000000e+00 0.00000000e+00
-4.26085653e+03 2.58549997e+02 0.00000000e+00 0.00000000e+00
-4.25935649e+03 2.57808816e+02 0.00000000e+00 0.00000000e+00
-4.25785646e+03 2.57068930e+02 0.00000000e+00 0.00000000e+00
-4.25635642e+03 2.56330336e+02 0.00000000e+00 0.00000000e+00
-4.25485638e+03 2.55593033e+02 0.00000000e+00 0.00000000e+00
-4.25335634e+03 2.54857018e+02 0.00000000e+00 0.00000000e+00
-4.25185631e+03 2.54122290e+02 0.00000000e+00 0.00000000e+00
-4.25035627e+03 2.53388846e+02 0.00000000e+00 0.00000000e+00
-4.24885623e+03 2.52656686e+02 0.00000000e+00 0.00000000e+00
-4.24735619e+03 2.51925805e+02 0.00000000e+00 0.00000000e+00
-4.24585616e+03 2.51196203e+02 0.00000000e+00 0.00000000e+00
-4.24435612e+03 2.50467878e+02 0.00000000e+00 0.00000000e+00
-4.24285608e+03 2.49740827e+02 0.00000000e+00 0.00000000e+00
-4.24135604e+03 2.49015049e+02 0.00000000e+00 0.00000000e+00
-4.23985601e+03 2.48290542e+02 0.00000000e+00 0.00000000e+00
-4.23835597e+03 2.47567304e+02 0.00000000e+00 0.00000000e+00
-4.23685593e+03 2.46845332e+02 0.00000000e+00 0.00000000e+00
-4.23535589e+03 2.46124626e+02 0.00000000e+00 0.00000000e+00
-4.23385586e+03 2.45405183e+02 0.00000000e+00 0.00000000e+00
-4.23235582e+03 2.44687001e+02 0.00000000e+00 0.00000000e+00
-4.23085578e+03 2.43970078e+02 0.00000000e+00 0.00000000e+00
-4.22935574e+03 2.43254413e+02 0.00000000e+00 0.00000000e+00
-4.22785571e+03 2.42540004e+02 0.00000000e+00 0.00000000e+00
-4.22635567e+03 2.41826848e+02 0.00000000e+00 0.00000000e+00
-4.22485563e+03 2.41114944e+02 0.00000000e+00 0.00000000e+00
-4.22335559e+03 2.40404290e+02 0.00000000e+00 0.00000000e+00
-4.22185556e+03 2.39694884e+02 0.00000000e+00 0.00000000e+00
-4.22035552e+03 2.38986725e+02 0.00000000e+00 0.00000000e+00
-4.21885548e+03 2.38279810e+02 0.00000000e+00 0.00000000e+00
-4.21735544e+03 2.37574137e+02 0.00000000e+00 0.00000000e+00
-4.21585541e+03 2.36869706e+02 0.00000000e+00 0.00000000e+00
-4.21435537e+03 2.36166513e+02 0.00000000e+00 0.00000000e+00
-4.21285533e+03 2.35464558e+02 0.00000000e+00 0.00000000e+00
-4.21135529e+03 2.34763839e+02 0.00000000e+00 0.00000000e+00
-4.20985526e+03 2.34064353e+02 0.00000000e+00 0.00000000e+00
-4.20835522e+03 2.33366099e+02 0.00000000e+00 0.00000000e+00
-4.20685518e+03 2.32669075e+02 0.00000000e+00 0.00000000e+00
-4.20535514e+03 2.31973280e+02 0.00000000e+00 0.00000000e+00
-4.20385511e+03 2.31278711e+02 0.00000000e+00 0.00000000e+00
-4.20235507e+03 2.30585367e+02 0.00000000e+00 0.00000000e+00
-4.20085503e+03 2.29893246e+02 0.00000000e+00 0.00000000e+00
-4.19935499e+03 2.29202347e+02 0.00000000e+00 0.00000000e+00
-4.19785496e+03 2.28512667e+02 0.00000000e+00 0.00000000e+00
-4.19635492e+03 2.27824206e+02 0.00000000e+00 0.00000000e+00
-4.19485488e+03 2.27136960e+02 0.00000000e+00 0.00000000e+00
-4.19335484e+03 2.26450930e+02 0.00000000e+00 0.00000000e+00
-4.19185481e+03 2.25766112e+02 0.00000000e+00 0.00000000e+00
-4.19035477e+03 2.25082505e+02 0.00000000e+00 0.00000000e+00
-4.18885473e+03 2.24400108e+02 0.00000000e+00 0.00000000e+00
-4.18735469e+03 2.23718919e+02 0.00000000e+00 0.00000000e+00
-4.18585466e+03 2.23038936e+02 0.00000000e+00 0.00000000e+00
-4.18435462e+03 2.22360157e+02 0.00000000e+00 0.00000000e+00
-4.18285458e+03 2.21682581e+02 0.00000000e+00 0.00000000e+00
-4.18135454e+03 2.21006207e+02 0.00000000e+00 0.00000000e+00
-4.17985451e+03 2.20331032e+02 0.00000000e+00 0.00000000e+00
-4.17835447e+03 2.19657055e+02 0.00000000e+00 0.00000000e+00
-4.17685443e+03 2.18984274e+02 0.00000000e+00 0.00000000e+00
-4.17535439e+03 2.18312688e+02 0.00000000e+00 0.00000000e+00
-4.17385436e+03 2.17642296e+02 0.00000000e+00 0.00000000e+00
-4.17235432e+03 2.16973094e+02 0.00000000e+00 0.00000000e+00
-4.17085428e+03 2.16305083e+02 0.00000000e+00 0.00000000e+00
-4.16935424e+03 2.15638260e+02 0.00000000e+00 0.00000000e+00
-4.16785421e+03 2.14972623e+02 0.00000000e+00 0.00000000e+00
-4.16635417e+03 2.14308172e+02 0.00000000e+00 0.00000000e+00
-4.16485413e+03 2.13644905e+02 0.00000000e+00 0.00000000e+00
-4.16335409e+03 2.12982819e+02 0.00000000e+00 0.00000000e+00
-4.16185406e+03 2.12321914e+02 0.00000000e+00 0.00000000e+00
-4.16035402e+03 2.11662188e+02 0.00000000e+00 0.00000000e+00
-4.15885398e+03 2.11003639e+02 0.00000000e+00 0.00000000e+00
-4.15735394e+03 2.10346266e+02 0.00000000e+00 0.00000000e+00
-4.15585391e+03 2.09690068e+02 0.00000000e+00 0.00000000e+00
-4.15435387e+03 2.09035042e+02 0.00000000e+00 0.00000000e+00
-4.15285383e+03 2.08381188e+02 0.00000000e+00 0.00000000e+00
-4.15135379e+03 2.07728503e+02 0.00000000e+00 0.00000000e+00
-4.14985376e+03 2.07076987e+02 0.00000000e+00 0.00000000e+00
-4.14835372e+03 2.06426637e+02 0.00000000e+00 0.00000000e+00
-4.14685368e+03 2.05777453e+02 0.00000000e+00 0.00000000e+00
-4.14535364e+03 2.05129433e+02 0.00000000e+00 0.00000000e+00
-4.14385361e+03 2.04482575e+02 0.00000000e+00 0.00000000e+00
-4.14235357e+03 2.03836878e+02 0.00000000e+00 0.00000000e+00
-4.14085353e+03 2.03192340e+02 0.00000000e+00 0.00000000e+00
-4.13935349e+03 2.02548960e+02 0.00000000e+00 0.00000000e+00
-4.13785346e+03 2.01906737e+02 0.00000000e+00 0.00000000e+00
-4.13635342e+03 2.01265668e+02 0.00000000e+00 0.00000000e+00
-4.13485338e+03 2.00625754e+02 0.00000000e+00 0.00000000e+00
-4.13335334e+03 1.99986992e+02 0.00000000e+00 0.00000000e+00
-4.13185331e+03 1.99349380e+02 0.00000000e+00 0.00000000e+00
-4.13035327e+03 1.98712918e+02 0.00000000e+00 0.00000000e+00
-4.12885323e+03 1.98077604e+02 0.00000000e+00 0.00000000e+00
-4.12735319e+03 1.97443437e+02 0.00000000e+00 0.00000000e+00
-4.12585316e+03 1.96810415e+02 0.00000000e+00 0.00000000e+00
-4.12435312e+03 1.96178536e+02 0.00000000e+00 0.00000000e+00
-4.12285308e+03 1.95547800e+02 0.00000000e+00 0.00000000e+00
-4.12135304e+03 1.94918205e+02 0.00000000e+00 0.00000000e+00
-4.11985301e+03 1.94289750e+02 0.00000000e+00 0.00000000e+00
-4.11835297e+03 1.93662433e+02 0.00000000e+00 0.00000000e+00
-4.11685293e+03 1.93036253e+02 0.00000000e+00 0.00000000e+00
-4.11535289e+03 1.92411208e+02 0.00000000e+00 0.00000000e+00
-4.11385286e+03 1.91787298e+02 0.00000000e+00 0.00000000e+00
-4.11235282e+03 1.91164521e+02 0.00000000e+00 0.00000000e+00
-4.11085278e+03 1.90542875e+02 0.00000000e+00 0.00000000e+00
-4.10935274e+03 1.89922360e+02 0.00000000e+00 0.00000000e+00
-4.10785271e+03 1.89302973e+02 0.00000000e+00 0.00000000e+00
-4.10635267e+03 1.88684714e+02 0.00000000e+00 0.00000000e+00
-4.10485263e+03 1.88067582e+02 0.00000000e+00 0.00000000e+00
-4.10335259e+03 1.87451575e+02 0.00000000e+00 0.00000000e+00
-4.10185256e+03 1.86836691e+02 0.00000000e+00 0.00000000e+00
-4.10035252e+03 1.86222930e+02 0.00000000e+00 0.00000000e+00
-4.09885248e+03 1.85610290e+02 0.00000000e+00 0.00000000e+00
-4.09735244e+03 1.84998769e+02 0.00000000e+00 0.00000000e+00
-4.09585241e+03 1.84388368e+02 0.00000000e+00 0.00000000e+00
-4.09435237e+03 1.83779084e+02 0.00000000e+00 0.00000000e+00
-4.09285233e+03 1.83170916e+02 0.00000000e+00 0.00000000e+00
-4.09135229e+03 1.82563863e+02 0.00000000e+00 0.00000000e+00
-4.08985226e+03 1.81957923e+02 0.00000000e+00 0.00000000e+00
-4.08835222e+03 1.81353096e+02 0.00000000e+00 0.00000000e+00
-4.08685218e+03 1.80749380e+02 0.00000000e+00 0.00000000e+00
-4.08535214e+03 1.80146774e+02 0.00000000e+00 0.00000000e+00
-4.08385211e+03 1.79545276e+02 0.00000000e+00 0.00000000e+00
-4.08235207e+03 1.78944887e+02 0.00000000e+00 0.00000000e+00
-4.08085203e+03 1.78345603e+02 0.00000000e+00 0.00000000e+00
-4.07935199e+03 1.77747425e+02 0.00000000e+00 0.00000000e+00
-4.07785196e+03 1.77150350e+02 0.00000000e+00 0.00000000e+00
-4.07635192e+03 1.76554378e+02 0.00000000e+00 0.00000000e+00
-4.07485188e+03 1.75959508e+02 0.00000000e+00 0.00000000e+00
-4.07335184e+03 1.75365738e+02 0.00000000e+00 0.00000000e+00
-4.07185181e+03 1.74773067e+02 0.00000000e+00 0.00000000e+00
-4.07035177e+03 1.74181494e+02 0.00000000e+00 0.00000000e+00
-4.06885173e+03 1.73591019e+02 0.00000000e+00 0.00000000e+00
-4.06735169e+03 1.73001638e+02 0.00000000e+00 0.00000000e+00
-4.06585166e+03 1.72413353e+02 0.00000000e+00 0.00000000e+00
-4.06435162e+03 1.71826160e+02 0.00000000e+00 0.00000000e+00
-4.06285158e+03 1.71240061e+02 0.00000000e+00 0.00000000e+00
-4.06135154e+03 1.70655052e+02 0.00000000e+00 0.00000000e+00
-4.05985151e+03 1.70071133e+02 0.00000000e+00 0.00000000e+00
-4.05835147e+03 1.69488303e+02 0.00000000e+00 0.00000000e+00
-4.05685143e+03 1.68906561e+02 0.00000000e+00 0.00000000e+00
-4.05535139e+03 1.68325906e+02 0.00000000e+00 0.00000000e+00
-4.05385136e+03 1.67746336e+02 0.00000000e+00 0.00000000e+00
-4.05235132e+03 1.67167852e+02 0.00000000e+00 0.00000000e+00
-4.05085128e+03 1.66590450e+02 0.00000000e+00 0.00000000e+00
-4.04935124e+03 1.66014131e+02 0.00000000e+00 0.00000000e+00
-4.04785121e+03 1.65438893e+02 0.00000000e+00 0.00000000e+00
-4.04635117e+03 1.64864735e+02 0.00000000e+00 0.00000000e+00
-4.04485113e+03 1.64291656e+02 0.00000000e+00 0.00000000e+00
-4.04335109e+03 1.63719656e+02 0.00000000e+00 0.00000000e+00
-4.04185106e+03 1.63148733e+02 0.00000000e+00 0.00000000e+00
-4.04035102e+03 1.62578885e+02 0.00000000e+00 0.00000000e+00
-4.03885098e+03 1.62010113e+02 0.00000000e+00 0.00000000e+00
-4.03735094e+03 1.61442414e+02 0.00000000e+00 0.00000000e+00
-4.03585091e+03 1.60875789e+02 0.00000000e+00 0.00000000e+00
-4.03435087e+03 1.60310235e+02 0.00000000e+00 0.00000000e+00
-4.03285083e+03 1.59745752e+02 0.00000000e+00 0.00000000e+00
-4.03135079e+03 1.59182340e+02 0.00000000e+00 0.00000000e+00
-4.02985076e+03 1.58619996e+02 0.00000000e+00 0.00000000e+00
-4.02835072e+03 1.58058720e+02 0.00000000e+00 0.00000000e+00
-4.02685068e+03 1.57498510e+02 0.00000000e+00 0.00000000e+00
-4.02535064e+03 1.56939367e+02 0.00000000e+00 0.00000000e+00
-4.02385061e+03 1.56381289e+02 0.00000000e+00 0.00000000e+00
-4.02235057e+03 1.55824274e+02 0.00000000e+00 0.00000000e+00
-4.02085053e+03 1.55268323e+02 0.00000000e+00 0.00000000e+00
-4.01935049e+03 1.54713433e+02 0.00000000e+00 0.00000000e+00
-4.01785046e+03 1.54159605e+02 0.00000000e+00 0.00000000e+00
-4.01635042e+03 1.53606837e+02 0.00000000e+00 0.00000000e+00
-4.01485038e+03 1.53055128e+02 0.00000000e+00 0.00000000e+00
-4.01335034e+03 1.52504477e+02 0.00000000e+00 0.00000000e+00
-4.01185031e+03 1.51954884e+02 0.00000000e+00 0.00000000e+00
-4.01035027e+03 1.51406346e+02 0.00000000e+00 0.00000000e+00
-4.00885023e+03 1.50858865e+02 0.00000000e+00 0.00000000e+00
-4.00735019e+03 1.50312438e+02 0.00000000e+00 0.00000000e+00
-4.00585016e+03 1.49767064e+02 0.00000000e+00 0.00000000e+00
-4.00435012e+03 1.49222744e+02 0.00000000e+00 0.00000000e+00
-4.00285008e+03 1.48679475e+02 0.00000000e+00 0.00000000e+00
-4.00135004e+03 1.48137257e+02 0.00000000e+00 0.00000000e+00
-3.99985001e+03 1.47596089e+02 0.00000000e+00 0.00000000e+00
-3.99834997e+03 1.47055971e+02 0.00000000e+00 0.00000000e+00
-3.99684993e+03 1.46516901e+02 0.00000000e+00 0.00000000e+00
-3.99534989e+03 1.45978878e+02 0.00000000e+00 0.00000000e+00
-3.99384986e+03 1.45441902e+02 0.00000000e+00 0.00000000e+00
-3.99234982e+03 1.44905971e+02 0.00000000e+00 0.00000000e+00
-3.99084978e+03 1.44371086e+02 0.00000000e+00 0.00000000e+00
-3.98934974e+03 1.43837244e+02 0.00000000e+00 0.00000000e+00
-3.98784971e+03 1.43304446e+02 0.00000000e+00 0.00000000e+00
-3.98634967e+03 1.42772690e+02 0.00000000e+00 0.00000000e+00
-3.98484963e+03 1.42241976e+02 0.00000000e+00 0.00000000e+00
-3.98334959e+03 1.41712302e+02 0.00000000e+00 0.00000000e+00
-3.98184956e+03 1.41183669e+02 0.00000000e+00 0.00000000e+00
-3.98034952e+03 1.40656074e+02 0.00000000e+00 0.00000000e+00
-3.97884948e+03 1.40129518e+02 0.00000000e+00 0.00000000e+00
-3.97734944e+03 1.39603999e+02 0.00000000e+00 0.00000000e+00
-3.97584941e+03 1.39079518e+02 0.00000000e+00 0.00000000e+00
-3.97434937e+03 1.38556072e+02 0.00000000e+00 0.00000000e+00
-3.97284933e+03 1.38033661e+02 0.00000000e+00 0.00000000e+00
-3.97134929e+03 1.37512284e+02 0.00000000e+00 0.00000000e+00
-3.96984926e+03 1.36991942e+02 0.00000000e+00 0.00000000e+00
-3.96834922e+03 1.36472632e+02 0.00000000e+00 0.00000000e+00
-3.96684918e+03 1.35954354e+02 0.00000000e+00 0.00000000e+00
-3.96534914e+03 1.35437108e+02 0.00000000e+00 0.00000000e+00
-3.96384911e+03 1.34920892e+02 0.00000000e+00 0.00000000e+00
-3.96234907e+03 1.34405706e+02 0.00000000e+00 0.00000000e+00
-3.96084903e+03 1.33891549e+02 0.00000000e+00 0.00000000e+00
-3.95934899e+03 1.33378421e+02 0.00000000e+00 0.00000000e+00
-3.95784896e+03 1.32866320e+02 0.00000000e+00 0.00000000e+00
-3.95634892e+03 1.32355247e+02 0.00000000e+00 0.00000000e+00
-3.95484888e+03 1.31845200e+02 0.00000000e+00 0.00000000e+00
-3.95334884e+03 1.31336178e+02 0.00000000e+00 0.00000000e+00
-3.95184881e+03 1.30828181e+02 0.00000000e+00 0.00000000e+00
-3.95034877e+03 1.30321209e+02 0.00000000e+00 0.00000000e+00
-3.94884873e+03 1.29815260e+02 0.00000000e+00 0.00000000e+00
-3.94734869e+03 1.29310334e+02 0.00000000e+00 0.00000000e+00
-3.94584866e+03 1.28806430e+02 0.00000000e+00 0.00000000e+00
-3.94434862e+03 1.28303548e+02 0.00000000e+00 0.00000000e+00
-3.94284858e+03 1.27801686e+02 0.00000000e+00 0.00000000e+00
-3.94134854e+03 1.27300845e+02 0.00000000e+00 0.00000000e+00
-3.93984851e+03 1.26801023e+02 0.00000000e+00 0.00000000e+00
-3.93834847e+03 1.26302220e+02 0.00000000e+00 0.00000000e+00
-3.93684843e+03 1.25804436e+02 0.00000000e+00 0.00000000e+00
-3.93534839e+03 1.25307669e+02 0.00000000e+00 0.00000000e+00
-3.93384836e+03 1.24811919e+02 0.00000000e+00 0.00000000e+00
-3.93234832e+03 1.24317186e+02 0.00000000e+00 0.00000000e+00
-3.93084828e+03 1.23823468e+02 0.00000000e+00 0.00000000e+00
-3.92934824e+03 1.23330766e+02 0.00000000e+00 0.00000000e+00
-3.92784821e+03 1.22839078e+02 0.00000000e+00 0.00000000e+00
-3.92634817e+03 1.22348405e+02 0.00000000e+00 0.00000000e+00
-3.92484813e+03 1.21858744e+02 0.00000000e+00 0.00000000e+00
-3.92334809e+03 1.21370097e+02 0.00000000e+00 0.00000000e+00
-3.92184806e+03 1.20882462e+02 0.00000000e+00 0.00000000e+00
-3.92034802e+03 1.20395838e+02 0.00000000e+00 0.00000000e+00
-3.91884798e+03 1.19910226e+02 0.00000000e+00 0.00000000e+00
-3.91734794e+03 1.19425625e+02 0.00000000e+00 0.00000000e+00
-3.91584791e+03 1.18942033e+02 0.00000000e+00 0.00000000e+00
-3.91434787e+03 1.18459451e+02 0.00000000e+00 0.00000000e+00
-3.91284783e+03 1.17977878e+02 0.00000000e+00 0.00000000e+00
-3.91134779e+03 1.17497313e+02 0.00000000e+00 0.00000000e+00
-3.90984776e+03 1.17017757e+02 0.00000000e+00 0.00000000e+00
-3.90834772e+03 1.16539208e+02 0.00000000e+00 0.00000000e+00
-3.90684768e+03 1.16061665e+02 0.00000000e+00 0.00000000e+00
-3.90534764e+03 1.15585129e+02 0.00000000e+00 0.00000000e+00
-3.90384761e+03 1.15109599e+02 0.00000000e+00 0.00000000e+00
-3.90234757e+03 1.14635075e+02 0.00000000e+00 0.00000000e+00
-3.90084753e+03 1.14161555e+02 0.00000000e+00 0.00000000e+00
-3.89934749e+03 1.13689040e+02 0.00000000e+00 0.00000000e+00
-3.89784746e+03 1.13217529e+02 0.00000000e+00 0.00000000e+00
-3.89634742e+03 1.12747021e+02 0.00000000e+00 0.00000000e+00
-3.89484738e+03 1.12277516e+02 0.00000000e+00 0.00000000e+00
-3.89334734e+03 1.11809014e+02 0.00000000e+00 0.00000000e+00
-3.89184731e+03 1.11341514e+02 0.00000000e+00 0.00000000e+00
-3.89034727e+03 1.10875016e+02 0.00000000e+00 0.00000000e+00
-3.88884723e+03 1.10409520e+02 0.00000000e+00 0.00000000e+00
-3.88734719e+03 1.09945024e+02 0.00000000e+00 0.00000000e+00
-3.88584716e+03 1.09481528e+02 0.00000000e+00 0.00000000e+00
-3.88434712e+03 1.09019033e+02 0.00000000e+00 0.00000000e+00
-3.88284708e+03 1.08557537e+02 0.00000000e+00 0.00000000e+00
-3.88134704e+03 1.08097040e+02 0.00000000e+00 0.00000000e+00
-3.87984701e+03 1.07637542e+02 0.00000000e+00 0.00000000e+00
-3.87834697e+03 1.07179043e+02 0.00000000e+00 0.00000000e+00
-3.87684693e+03 1.06721541e+02 0.00000000e+00 0.00000000e+00
-3.87534689e+03 1.06265038e+02 0.00000000e+00 0.00000000e+00
-3.87384686e+03 1.05809531e+02 0.00000000e+00 0.00000000e+00
-3.87234682e+03 1.05355022e+02 0.00000000e+00 0.00000000e+00
-3.87084678e+03 1.04901509e+02 0.00000000e+00 0.00000000e+00
-3.86934674e+03 1.04448993e+02 0.00000000e+00 0.00000000e+00
-3.86784671e+03 1.03997472e+02 0.00000000e+00 0.00000000e+00
-3.86634667e+03 1.03546947e+02 0.00000000e+00 0.00000000e+00
-3.86484663e+03 1.03097418e+02 0.00000000e+00 0.00000000e+00
-3.86334659e+03 1.02648883e+02 0.00000000e+00 0.00000000e+00
-3.86184656e+03 1.02201343e+02 0.00000000e+00 0.00000000e+00
-3.86034652e+03 1.01754797e+02 0.00000000e+00 0.00000000e+00
-3.85884648e+03 1.01309246e+02 0.00000000e+00 0.00000000e+00
-3.85734644e+03 1.00864688e+02 0.00000000e+00 0.00000000e+00
-3.85584641e+03 1.00421123e+02 0.00000000e+00 0.00000000e+00
-3.85434637e+03 9.99785523e+01 0.00000000e+00 0.00000000e+00
-3.85284633e+03 9.95369740e+01 0.00000000e+00 0.00000000e+00
-3.85134629e+03 9.90963884e+01 0.00000000e+00 0.00000000e+00
-3.84984626e+03 9.86567951e+01 0.00000000e+00 0.00000000e+00
-3.84834622e+03 9.82181938e+01 0.00000000e+00 0.00000000e+00
-3.84684618e+03 9.77805848e+01 0.00000000e+00 0.00000000e+00
-3.84534614e+03 9.73439674e+01 0.00000000e+00 0.00000000e+00
-3.84384611e+03 9.69083417e+01 0.00000000e+00 0.00000000e+00
-3.84234607e+03 9.64737070e+01 0.00000000e+00 0.00000000e+00
-3.84084603e+03 9.60400636e+01 0.00000000e+00 0.00000000e+00
-3.83934599e+03 9.56074107e+01 0.00000000e+00 0.00000000e+00
-3.83784596e+03 9.51757486e+01 0.00000000e+00 0.00000000e+00
-3.83634592e+03 9.47450769e+01 0.00000000e+00 0.00000000e+00
-3.83484588e+03 9.43153957e+01 0.00000000e+00 0.00000000e+00
-3.83334584e+03 9.38867043e+01 0.00000000e+00 0.00000000e+00
-3.83184581e+03 9.34590030e+01 0.00000000e+00 0.00000000e+00
-3.83034577e+03 9.30322915e+01 0.00000000e+00 0.00000000e+00
-3.82884573e+03 9.26065697e+01 0.00000000e+00 0.00000000e+00
-3.82734569e+03 9.21818375e+01 0.00000000e+00 0.00000000e+00
-3.82584566e+03 9.17580946e+01 0.00000000e+00 0.00000000e+00
-3.82434562e+03 9.13353408e+01 0.00000000e+00 0.00000000e+00
-3.82284558e+03 9.09135763e+01 0.00000000e+00 0.00000000e+00
-3.82134554e+03 9.04928005e+01 0.00000000e+00 0.00000000e+00
-3.81984551e+03 9.00730139e+01 0.00000000e+00 0.00000000e+00
-3.81834547e+03 8.96542161e+01 0.00000000e+00 0.00000000e+00
-3.81684543e+03 8.92364068e+01 0.00000000e+00 0.00000000e+00
-3.81534539e+03 8.88195864e+01 0.00000000e+00 0.00000000e+00
-3.81384536e+03 8.84037546e+01 0.00000000e+00 0.00000000e+00
-3.81234532e+03 8.79889115e+01 0.00000000e+00 0.00000000e+00
-3.81084528e+03 8.75750567e+01 0.00000000e+00 0.00000000e+00
-3.80934524e+03 8.71621902e+01 0.00000000e+00 0.00000000e+00
-3.80784521e+03 8.67503124e+01 0.00000000e+00 0.00000000e+00
-3.80634517e+03 8.63394226e+01 0.00000000e+00 0.00000000e+00
-3.80484513e+03 8.59295215e+01 0.00000000e+00 0.00000000e+00
-3.80334509e+03 8.55206087e+01 0.00000000e+00 0.00000000e+00
-3.80184506e+03 8.51126842e+01 0.00000000e+00 0.00000000e+00
-3.80034502e+03 8.47057478e+01 0.00000000e+00 0.00000000e+00
-3.79884498e+03 8.42998001e+01 0.00000000e+00 0.00000000e+00
-3.79734494e+03 8.38948408e+01 0.00000000e+00 0.00000000e+00
-3.79584491e+03 8.34908700e+01 0.00000000e+00 0.00000000e+00
-3.79434487e+03 8.30878876e+01 0.00000000e+00 0.00000000e+00
-3.79284483e+03 8.26858935e+01 0.00000000e+00 0.00000000e+00
-3.79134479e+03 8.22848882e+01 0.00000000e+00 0.00000000e+00
-3.78984476e+03 8.18848715e+01 0.00000000e+00 0.00000000e+00
-3.78834472e+03 8.14858434e+01 0.00000000e+00 0.00000000e+00
-3.78684468e+03 8.10878043e+01 0.00000000e+00 0.00000000e+00
-3.78534464e+03 8.06907543e+01 0.00000000e+00 0.00000000e+00
-3.78384461e+03 8.02946933e+01 0.00000000e+00 0.00000000e+00
-3.78234457e+03 7.98996211e+01 0.00000000e+00 0.00000000e+00
-3.78084453e+03 7.95055384e+01 0.00000000e+00 0.00000000e+00
-3.77934449e+03 7.91124452e+01 0.00000000e+00 0.00000000e+00
-3.77784446e+03 7.87203414e+01 0.00000000e+00 0.00000000e+00
-3.77634442e+03 7.83292274e+01 0.00000000e+00 0.00000000e+00
-3.77484438e+03 7.79391033e+01 0.00000000e+00 0.00000000e+00
-3.77334434e+03 7.75499695e+01 0.00000000e+00 0.00000000e+00
-3.77184431e+03 7.71618255e+01 0.00000000e+00 0.00000000e+00
-3.77034427e+03 7.67746723e+01 0.00000000e+00 0.00000000e+00
-3.76884423e+03 7.63885097e+01 0.00000000e+00 0.00000000e+00
-3.76734419e+03 7.60033379e+01 0.00000000e+00 0.00000000e+00
-3.76584416e+03 7.56191573e+01 0.00000000e+00 0.00000000e+00
-3.76434412e+03 7.52359678e+01 0.00000000e+00 0.00000000e+00
-3.76284408e+03 7.48537700e+01 0.00000000e+00 0.00000000e+00
-3.76134404e+03 7.44725642e+01 0.00000000e+00 0.00000000e+00
-3.75984401e+03 7.40923503e+01 0.00000000e+00 0.00000000e+00
-3.75834397e+03 7.37131290e+01 0.00000000e+00 0.00000000e+00
-3.75684393e+03 7.33349003e+01 0.00000000e+00 0.00000000e+00
-3.75534389e+03 7.29576645e+01 0.00000000e+00 0.00000000e+00
-3.75384386e+03 7.25814220e+01 0.00000000e+00 0.00000000e+00
-3.75234382e+03 7.22061731e+01 0.00000000e+00 0.00000000e+00
-3.75084378e+03 7.18319183e+01 0.00000000e+00 0.00000000e+00
-3.74934374e+03 7.14586578e+01 0.00000000e+00 0.00000000e+00
-3.74784371e+03 7.10863919e+01 0.00000000e+00 0.00000000e+00
-3.74634367e+03 7.07151210e+01 0.00000000e+00 0.00000000e+00
-3.74484363e+03 7.03448455e+01 0.00000000e+00 0.00000000e+00
-3.74334359e+03 6.99755660e+01 0.00000000e+00 0.00000000e+00
-3.74184356e+03 6.96072827e+01 0.00000000e+00 0.00000000e+00
-3.74034352e+03 6.92399960e+01 0.00000000e+00 0.00000000e+00
-3.73884348e+03 6.88737063e+01 0.00000000e+00 0.00000000e+00
-3.73734344e+03 6.85084145e+01 0.00000000e+00 0.00000000e+00
-3.73584341e+03 6.81441201e+01 0.00000000e+00 0.00000000e+00
-3.73434337e+03 6.77808247e+01 0.00000000e+00 0.00000000e+00
-3.73284333e+03 6.74185278e+01 0.00000000e+00 0.00000000e+00
-3.73134329e+03 6.70572307e+01 0.00000000e+00 0.00000000e+00
-3.72984326e+03 6.66969331e+01 0.00000000e+00 0.00000000e+00
-3.72834322e+03 6.63376362e+01 0.00000000e+00 0.00000000e+00
-3.72684318e+03 6.59793403e+01 0.00000000e+00 0.00000000e+00
-3.72534314e+03 6.56220460e+01 0.00000000e+00 0.00000000e+00
-3.72384311e+03 6.52657536e+01 0.00000000e+00 0.00000000e+00
-3.72234307e+03 6.49104641e+01 0.00000000e+00 0.00000000e+00
-3.72084303e+03 6.45561777e+01 0.00000000e+00 0.00000000e+00
-3.71934299e+03 6.42028953e+01 0.00000000e+00 0.00000000e+00
-3.71784296e+03 6.38506175e+01 0.00000000e+00 0.00000000e+00
-3.71634292e+03 6.34993445e+01 0.00000000e+00 0.00000000e+00
-3.71484288e+03 6.31490774e+01 0.00000000e+00 0.00000000e+00
-3.71334284e+03 6.27998168e+01 0.00000000e+00 0.00000000e+00
-3.71184281e+03 6.24515634e+01 0.00000000e+00 0.00000000e+00
-3.71034277e+03 6.21043174e+01 0.00000000e+00 0.00000000e+00
-3.70884273e+03 6.17580801e+01 0.00000000e+00 0.00000000e+00
-3.70734269e+03 6.14128522e+01 0.00000000e+00 0.00000000e+00
-3.70584266e+03 6.10686342e+01 0.00000000e+00 0.00000000e+00
-3.70434262e+03 6.07254270e+01 0.00000000e+00 0.00000000e+00
-3.70284258e+03 6.03832313e+01 0.00000000e+00 0.00000000e+00
-3.70134254e+03 6.00420478e+01 0.00000000e+00 0.00000000e+00
-3.69984251e+03 5.97018775e+01 0.00000000e+00 0.00000000e+00
-3.69834247e+03 5.93627211e+01 0.00000000e+00 0.00000000e+00
-3.69684243e+03 5.90245796e+01 0.00000000e+00 0.00000000e+00
-3.69534239e+03 5.86874535e+01 0.00000000e+00 0.00000000e+00
-3.69384236e+03 5.83513440e+01 0.00000000e+00 0.00000000e+00
-3.69234232e+03 5.80162519e+01 0.00000000e+00 0.00000000e+00
-3.69084228e+03 5.76821778e+01 0.00000000e+00 0.00000000e+00
-3.68934224e+03 5.73491232e+01 0.00000000e+00 0.00000000e+00
-3.68784221e+03 5.70170888e+01 0.00000000e+00 0.00000000e+00
-3.68634217e+03 5.66860754e+01 0.00000000e+00 0.00000000e+00
-3.68484213e+03 5.63560843e+01 0.00000000e+00 0.00000000e+00
-3.68334209e+03 5.60271163e+01 0.00000000e+00 0.00000000e+00
-3.68184206e+03 5.56991723e+01 0.00000000e+00 0.00000000e+00
-3.68034202e+03 5.53722534e+01 0.00000000e+00 0.00000000e+00
-3.67884198e+03 5.50463610e+01 5.13828272e-322 2.41449881e-320
-3.67734194e+03 5.47214961e+01 1.97550172e-318 9.39821009e-317
-3.67584191e+03 5.43976594e+01 6.63216734e-315 3.16100739e-313
-3.67434187e+03 5.40748523e+01 2.12283372e-311 1.01161132e-309
-3.67284183e+03 5.37530759e+01 6.61017314e-308 3.15257735e-306
-3.67134179e+03 5.34323314e+01 2.00587762e-304 9.57425799e-303
-3.66984176e+03 5.31126199e+01 5.93181285e-301 2.83353404e-299
-3.66834172e+03 5.27939429e+01 1.70941024e-297 8.17184435e-296
-3.66684168e+03 5.24763015e+01 4.80031143e-294 2.29651052e-292
-3.66534164e+03 5.21596968e+01 1.31354099e-290 6.28869176e-289
-3.66384161e+03 5.18441302e+01 3.50230426e-287 1.67795604e-285
-3.66234157e+03 5.15296031e+01 9.09885271e-284 4.36230178e-282
-3.66084153e+03 5.12161167e+01 2.30317764e-280 1.10497173e-278
-3.65934149e+03 5.09036723e+01 5.68018582e-277 2.72692494e-275
-3.65784146e+03 5.05922713e+01 1.36482403e-273 6.55641485e-272
-3.65634142e+03 5.02819154e+01 3.19485533e-270 1.53572078e-268
-3.65484138e+03 4.99726058e+01 7.28574905e-267 3.50427915e-265
-3.65334134e+03 4.96643439e+01 1.61856501e-263 7.78951008e-262
-3.65184131e+03 4.93571313e+01 3.50268595e-260 1.68666465e-258
-3.65034127e+03 4.90509696e+01 7.38362378e-257 3.55743234e-255
-3.64884123e+03 4.87458603e+01 1.51607444e-253 7.30834613e-252
-3.64734119e+03 4.84418047e+01 3.03206820e-250 1.46238238e-248
-3.64584116e+03 4.81388049e+01 5.90612227e-247 2.84996592e-245
-3.64434112e+03 4.78368622e+01 1.12045968e-243 5.40929322e-242
-3.64284108e+03 4.75359783e+01 2.07015304e-240 9.99874662e-239
-3.64134104e+03 4.72361550e+01 3.72479583e-237 1.79984915e-235
-3.63984101e+03 4.69373941e+01 6.52642826e-234 3.15494203e-232
-3.63834097e+03 4.66396972e+01 1.11353671e-230 5.38510454e-229
-3.63684093e+03 4.63430659e+01 1.85000260e-227 8.95008738e-226
-3.63534089e+03 4.60475024e+01 2.99264756e-224 1.44832938e-222
-3.63384086e+03 4.57530083e+01 4.71342343e-221 2.28189943e-219
-3.63234082e+03 4.54595856e+01 7.22758455e-218 3.50020018e-216
-3.63084078e+03 4.51672364e+01 1.07895469e-214 5.22677609e-213
-3.62934074e+03 4.48759625e+01 1.56800410e-211 7.59801488e-210
-3.62784071e+03 4.45857661e+01 2.21820214e-208 1.07514622e-206
-3.62634067e+03 4.42966489e+01 3.05454945e-205 1.48087426e-203
-3.62484063e+03 4.40086132e+01 4.09410387e-202 1.98529742e-200
-3.62334059e+03 4.37216611e+01 5.34090342e-199 2.59040797e-197
-3.62184056e+03 4.34357950e+01 6.78093662e-196 3.28943119e-194
-3.62034052e+03 4.31510164e+01 8.37846746e-193 4.06503487e-191
-3.61884048e+03 4.28673283e+01 1.00741770e-189 4.88842158e-188
-3.61734044e+03 4.25847329e+01 1.17869361e-186 5.72018596e-185
-3.61584041e+03 4.23032324e+01 1.34187724e-183 6.51272633e-182
-3.61434037e+03 4.20228288e+01 1.48635990e-180 7.21448703e-179
-3.61284033e+03 4.17435250e+01 1.60178697e-177 7.77513967e-176
-3.61134029e+03 4.14653236e+01 1.67929181e-174 8.15158457e-173
-3.60984026e+03 4.11882267e+01 1.71263287e-171 8.31348176e-170
-3.60834022e+03 4.09122374e+01 1.69897535e-168 8.24705433e-167
-3.60684018e+03 4.06373579e+01 1.63934165e-165 7.95727883e-164
-3.60534014e+03 4.03635908e+01 1.53845562e-162 7.46712693e-161
-3.60384011e+03 4.00909395e+01 1.40409071e-159 6.81439390e-158
-3.60234007e+03 3.98194061e+01 1.24617271e-156 6.04733143e-155
-3.60084003e+03 3.95489940e+01 1.07546739e-153 5.21826487e-152
-3.59933999e+03 3.92797059e+01 9.02449374e-151 4.37809151e-149
-3.59783995e+03 3.90115445e+01 7.36249816e-148 3.57116554e-146
-3.59633992e+03 3.87445131e+01 5.83941707e-145 2.83182661e-143
-3.59483988e+03 3.84786149e+01 4.50215300e-142 2.18282679e-140
-3.59333984e+03 3.82138532e+01 3.37398582e-139 1.63543588e-137
-3.59183980e+03 3.79502306e+01 2.45758577e-136 1.19091145e-134
-3.59033977e+03 3.76877510e+01 1.73969956e-133 8.42780969e-132
-3.58883973e+03 3.74264180e+01 1.19674857e-130 5.79564951e-129
-3.58733969e+03 3.71662346e+01 7.99946022e-128 3.87264375e-126
-3.58583965e+03 3.69072046e+01 5.19524707e-125 2.51414055e-123
-3.58433962e+03 3.66493315e+01 3.27795526e-122 1.58566538e-120
-3.58283958e+03 3.63926192e+01 2.00912876e-119 9.71471429e-118
-3.58133954e+03 3.61370711e+01 1.19614410e-116 5.78106618e-115
-3.57983950e+03 3.58826914e+01 6.91648726e-114 3.34118477e-112
-3.57833947e+03 3.56294841e+01 3.88392041e-111 1.87527026e-109
-3.57683943e+03 3.53774532e+01 2.11784512e-108 1.02200821e-106
-3.57533939e+03 3.51266029e+01 1.12127558e-105 5.40788023e-104
-3.57383935e+03 3.48769375e+01 5.76339323e-103 2.77801873e-101
-3.57233932e+03 3.46284614e+01 2.87569698e-100 1.38525525e-98
-3.57083928e+03 3.43811792e+01 1.39270301e-97 6.70443750e-96
-3.56933924e+03 3.41350954e+01 6.54597774e-95 3.14907289e-93
-3.56783920e+03 3.38902148e+01 2.98566195e-92 1.43529181e-90
-3.56633917e+03 3.36465422e+01 1.32130951e-89 6.34720263e-88
-3.56483913e+03 3.34040825e+01 5.67298784e-87 2.72304318e-85
-3.56333909e+03 3.31628413e+01 2.36267494e-84 1.13317758e-82
-3.56183905e+03 3.29228238e+01 9.54385456e-82 4.57357034e-80
-3.56033902e+03 3.26840349e+01 3.73866999e-79 1.79007922e-77
-3.55883898e+03 3.24464806e+01 1.42010490e-76 6.79336419e-75
-3.55733894e+03 3.22101668e+01 5.22962168e-74 2.49936474e-72
-3.55583890e+03 3.19750991e+01 1.86683212e-71 8.91342917e-70
-3.55433887e+03 3.17412839e+01 6.45886463e-69 3.08078186e-67
-3.55283883e+03 3.15087276e+01 2.16548342e-66 1.03183342e-64
-3.55133879e+03 3.12774362e+01 7.03451926e-64 3.34829389e-62
-3.54983875e+03 3.10474169e+01 2.21370120e-61 1.05251118e-59
-3.54833872e+03 3.08186766e+01 6.74733413e-59 3.20436756e-57
-3.54683868e+03 3.05912228e+01 1.99156913e-56 9.44694464e-55
-3.54533864e+03 3.03650621e+01 5.69160048e-54 2.69649355e-52
-3.54383860e+03 3.01402029e+01 1.57456440e-51 7.45035785e-50
-3.54233857e+03 2.99166532e+01 4.21586962e-49 1.99222288e-47
-3.54083853e+03 2.96944210e+01 1.09226158e-46 5.15458068e-45
-3.53933849e+03 2.94735153e+01 2.73767463e-44 1.29016681e-42
-3.53783845e+03 2.92539451e+01 6.63677317e-42 3.12319622e-40
-3.53633842e+03 2.90357197e+01 1.55578713e-39 7.31056777e-38
-3.53483838e+03 2.88188492e+01 3.52577037e-37 1.65422046e-35
-3.53333834e+03 2.86033433e+01 7.72255642e-35 3.61757863e-33
-3.53183830e+03 2.83892133e+01 1.63437203e-32 7.64367637e-31
-3.53033827e+03 2.81764705e+01 3.34103095e-30 1.55984718e-28
-3.52883823e+03 2.79651266e+01 6.59178980e-28 3.07067373e-26
-3.52733819e+03 2.77551942e+01 1.25049457e-25 5.79720625e-24
-3.52583815e+03 2.75466864e+01 2.24700374e-23 1.02780387e-21
-3.52433812e+03 2.73396177e+01 3.67862160e-21 1.63065838e-19
-3.52283808e+03 2.71340029e+01 5.14423369e-19 2.15637524e-17
-3.52133804e+03 2.69298581e+01 5.71654765e-17 2.21157894e-15
-3.51983800e+03 2.67272003e+01 4.75596379e-15 1.66289954e-13
-3.51833797e+03 2.65260482e+01 2.84615893e-13 8.84028324e-12
-3.51683793e+03 2.63264214e+01 1.19705217e-11 3.25990044e-10
-3.51533789e+03 2.61283409e+01 3.50104528e-10 8.24257051e-09
-3.51383785e+03 2.59318291e+01 7.09744318e-09 1.42411163e-07
-3.51233782e+03 2.57369083e+01 9.99249927e-08 1.68699474e-06
-3.51083778e+03 2.55435977e+01 9.83688938e-07 1.36851564e-05
-3.50933774e+03 2.53519072e+01 6.82969420e-06 7.68401919e-05
-3.50783770e+03 2.51618245e+01 3.38932672e-05 2.99154635e-04
-3.50633767e+03 2.49732938e+01 1.22139146e-04 8.16782483e-04
-3.50483763e+03 2.47861992e+01 3.26534922e-04 1.57096039e-03
-3.50333759e+03 2.46003828e+01 6.65102100e-04 2.15105023e-03
-3.50183755e+03 2.44157091e+01 1.06908780e-03 2.10209997e-03
-3.50033752e+03 2.42321493e+01 1.41786644e-03 1.48293625e-03
-3.49883748e+03 2.40498047e+01 1.63704497e-03 7.55224603e-04
-3.49733744e+03 2.38688477e+01 1.73780869e-03 2.82063609e-04
-3.49583740e+03 2.36894388e+01 1.77199646e-03 7.74656583e-05
-3.49433737e+03 2.35116808e+01 1.78063069e-03 1.58743037e-05
-3.49283733e+03 2.33356204e+01 1.78227018e-03 2.45385960e-06
-3.49133729e+03 2.31612682e+01 1.78250675e-03 2.88379383e-07
-3.48983725e+03 2.29886190e+01 1.78253295e-03 2.61571422e-08
-3.48833722e+03 2.28176596e+01 1.78253520e-03 1.85334463e-09
-3.48683718e+03 2.26483730e+01 1.78253535e-03 1.03903224e-10
-3.48533714e+03 2.24807396e+01 1.78253536e-03 7.39787885e-12
-3.48383710e+03 2.23147414e+01 1.78253536e-03 6.13124001e-11
-3.48233707e+03 2.21503668e+01 1.78253540e-03 1.05157487e-09
-3.48083703e+03 2.19876126e+01 1.78253599e-03 1.38561934e-08
-3.47933699e+03 2.18264805e+01 1.78254256e-03 1.40029824e-07
-3.47783695e+03 2.16669746e+01 1.78259962e-03 1.08840435e-06
-3.47633692e+03 2.15090987e+01 1.78298325e-03 6.53497566e-06
-3.47483688e+03 2.13528561e+01 1.78499147e-03 3.04736171e-05
-3.47333684e+03 2.11982445e+01 1.79321951e-03 1.11029294e-04
-3.47183680e+03 2.10452482e+01 1.81976262e-03 3.18084298e-04
-3.47033677e+03 2.08938282e+01 1.88760813e-03 7.21251632e-04
-3.46883673e+03 2.07439122e+01 2.02591539e-03 1.30297813e-03
-3.46733669e+03 2.05953900e+01 2.25225200e-03 1.88741069e-03
-3.46583665e+03 2.04481259e+01 2.55141179e-03 2.20506994e-03
-3.46433662e+03 2.03019896e+01 2.87248011e-03 2.08856380e-03
-3.46283658e+03 2.01569039e+01 3.15349234e-03 1.61115306e-03
-3.46133654e+03 2.00128782e+01 3.35482462e-03 1.01682965e-03
-3.45983650e+03 1.98700079e+01 3.47336449e-03 5.27680832e-04
-3.45833647e+03 1.97284280e+01 3.53100166e-03 2.26507890e-04
-3.45683643e+03 1.95882600e+01 3.55428541e-03 8.09772347e-05
-3.45533639e+03 1.94495800e+01 3.56215392e-03 2.42940149e-05
-3.45383635e+03 1.93124155e+01 3.56439435e-03 6.16387853e-06
-3.45233632e+03 1.91767609e+01 3.56493566e-03 1.33184782e-06
-3.45083628e+03 1.90425921e+01 3.56504739e-03 2.46498044e-07
-3.44933624e+03 1.89098754e+01 3.56506722e-03 3.93123763e-08
-3.44783620e+03 1.87785737e+01 3.56507026e-03 5.44499449e-09
-3.44633617e+03 1.86486485e+01 3.56507067e-03 6.60278735e-10
-3.44483613e+03 1.85200636e+01 3.56507072e-03 7.05320459e-11
-3.44333609e+03 1.83927865e+01 3.56507072e-03 6.68410865e-12
-3.44183605e+03 1.82667900e+01 3.56507073e-03 5.67665862e-13
-3.44033602e+03 1.81420510e+01 3.56507073e-03 4.36221713e-14
-3.43883598e+03 1.80185495e+01 3.56507073e-03 3.06437225e-15
-3.43733594e+03 1.78962661e+01 3.56507073e-03 1.99498244e-16
-3.43583590e+03 1.77751831e+01 3.56507073e-03 1.22083767e-17
-3.43433587e+03 1.76552855e+01 3.56507073e-03 7.13447409e-19
-3.43283583e+03 1.75365581e+01 3.56507073e-03 4.05013074e-20
-3.43133579e+03 1.74189886e+01 3.56507073e-03 2.26960978e-21
-3.42983575e+03 1.73025651e+01 3.56507073e-03 1.27369199e-22
-3.42833572e+03 1.71872726e+01 3.56507073e-03 7.23671021e-24
-3.42683568e+03 1.70730881e+01 3.56507073e-03 4.19237269e-25
-3.42533564e+03 1.69599743e+01 3.56507073e-03 2.48517556e-26
-3.42383560e+03 1.68478796e+01 3.56507073e-03 1.50886292e-27
-3.42233557e+03 1.67367470e+01 3.56507073e-03 9.37882527e-29
-3.42083553e+03 1.66265308e+01 3.56507073e-03 5.96376692e-30
-3.41933549e+03 1.65172084e+01 3.56507073e-03 3.87781235e-31
-3.41783545e+03 1.64087844e+01 3.56507073e-03 2.59428480e-32
-3.41633542e+03 1.63012812e+01 3.56507073e-03 4.06485189e-33
-3.41483538e+03 1.61947252e+01 3.56507073e-03 3.32793993e-32
-3.41333534e+03 1.60891363e+01 3.56507073e-03 4.64514974e-31
-3.41183530e+03 1.59845228e+01 3.56507073e-03 6.35055632e-30
-3.41033527e+03 1.58808828e+01 3.56507073e-03 8.47308148e-29
-3.40883523e+03 1.57782074e+01 3.56507073e-03 1.10341089e-27
-3.40733519e+03 1.56764837e+01 3.56507073e-03 1.40257862e-26
-3.40583515e+03 1.55756974e+01 3.56507073e-03 1.73985530e-25
-3.40433512e+03 1.54758337e+01 3.56507073e-03 2.10440209e-24
-3.40283508e+03 1.53768786e+01 3.56507073e-03 2.47730543e-23
-3.40133504e+03 1.52788191e+01 3.56507073e-03 2.82948826e-22
-3.39983500e+03 1.51816422e+01 3.56507073e-03 3.12133125e-21
-3.39833497e+03 1.50853365e+01 3.56507073e-03 3.30613836e-20
-3.39683493e+03 1.49898909e+01 3.56507073e-03 3.34029671e-19
-3.39533489e+03 1.48952957e+01 3.56507073e-03 3.19748959e-18
-3.39383485e+03 1.48015420e+01 3.56507073e-03 2.88106879e-17
-3.39233482e+03 1.47086209e+01 3.56507073e-03 2.42945505e-16
-3.39083478e+03 1.46165251e+01 3.56507073e-03 1.90864367e-15
-3.38933474e+03 1.45252480e+01 3.56507073e-03 1.39230267e-14
-3.38783470e+03 1.44347833e+01 3.56507073e-03 9.40445783e-14
-3.38633467e+03 1.43451261e+01 3.56507073e-03 5.86968887e-13
-3.38483463e+03 1.42562716e+01 3.56507073e-03 3.38160984e-12
-3.38333459e+03 1.41682162e+01 3.56507073e-03 1.79802102e-11
-3.38183455e+03 1.40809570e+01 3.56507073e-03 8.82516377e-11
-3.38033452e+03 1.39944913e+01 3.56507074e-03 3.99952064e-10
-3.37883448e+03 1.39088178e+01 3.56507080e-03 1.67411562e-09
-3.37733444e+03 1.38239354e+01 3.56507104e-03 6.47638891e-09
-3.37583440e+03 1.37398439e+01 3.56507192e-03 2.31795454e-08
-3.37433437e+03 1.36565440e+01 3.56507494e-03 7.68568160e-08
-3.37283433e+03 1.35740368e+01 3.56508456e-03 2.36427240e-07
-3.37133429e+03 1.34923245e+01 3.56511298e-03 6.75738650e-07
-3.36983425e+03 1.34114098e+01 3.56519107e-03 1.79696527e-06
-3.36833422e+03 1.33312959e+01 3.56539084e-03 4.45239992e-06
-3.36683418e+03 1.32519874e+01 3.56586741e-03 1.02935952e-05
-3.36533414e+03 1.31734890e+01 3.56692915e-03 2.22386618e-05
-3.36383410e+03 1.30958053e+01 3.56914156e-03 4.49674480e-05
-3.36233407e+03 1.30189412e+01 3.57346031e-03 8.52384643e-05
-3.36083403e+03 1.29429009e+01 3.58137059e-03 1.51718453e-04
-3.35933399e+03 1.28676870e+01 3.59498771e-03 2.54002203e-04
-3.35783395e+03 1.27932999e+01 3.61705617e-03 4.00656557e-04
-3.35633392e+03 1.27197371e+01 3.65078485e-03 5.96465601e-04
-3.35483388e+03 1.26469919e+01 3.69948500e-03 8.39503319e-04
-3.35333384e+03 1.25750538e+01 3.76603166e-03 1.11899167e-03
-3.35183380e+03 1.25039089e+01 3.85223805e-03 1.41494583e-03
-3.35033377e+03 1.24335404e+01 3.95828697e-03 1.70020614e-03
-3.34883373e+03 1.23639307e+01 4.08237471e-03 1.94468457e-03
-3.34733369e+03 1.22950626e+01 4.22069298e-03 2.12084203e-03
-3.34583365e+03 1.22269230e+01 4.36778430e-03 2.20887202e-03
-3.34433362e+03 1.21595027e+01 4.51722306e-03 2.20019443e-03
-3.34283358e+03 1.20927989e+01 4.66246755e-03 2.09851308e-03
-3.34133354e+03 1.20268145e+01 4.79770061e-03 1.91855707e-03
-3.33983350e+03 1.19615583e+01 4.91847880e-03 1.68309164e-03
-3.33833347e+03 1.18970428e+01 5.02208351e-03 1.41877655e-03
-3.33683343e+03 1.18332835e+01 5.10755192e-03 1.15143878e-03
-3.33533339e+03 1.17702955e+01 5.17544984e-03 9.01743321e-04
-3.33383335e+03 1.17080929e+01 5.22747264e-03 6.82746860e-04
-3.33233332e+03 1.16466874e+01 5.26598250e-03 5.00187730e-04
-3.33083328e+03 1.15860868e+01 5.29357180e-03 3.54659925e-04
-3.32933324e+03 1.15262952e+01 5.31272796e-03 2.43689476e-04
-3.32783320e+03 1.14673133e+01 5.32563322e-03 1.62733081e-04
-3.32633317e+03 1.14091382e+01 5.33408079e-03 1.05895276e-04
-3.32483313e+03 1.13517647e+01 5.33946396e-03 6.71562386e-05
-3.32333309e+03 1.12951856e+01 5.34280908e-03 4.14807235e-05
-3.32183305e+03 1.12393934e+01 5.34483750e-03 2.50155497e-05
-3.32033302e+03 1.11843794e+01 5.34603879e-03 1.47810421e-05
-3.31883298e+03 1.11301356e+01 5.34673500e-03 8.55449855e-06
-3.31733294e+03 1.10766547e+01 5.34713048e-03 4.84444641e-06
-3.31583290e+03 1.10239302e+01 5.34735069e-03 2.69415969e-06
-3.31433287e+03 1.09719576e+01 5.34747103e-03 1.47481888e-06
-3.31283283e+03 1.09207329e+01 5.34753571e-03 7.92975232e-07
-3.31133279e+03 1.08702524e+01 5.34756991e-03 4.19735238e-07
-3.30983275e+03 1.08205125e+01 5.34758772e-03 2.19482710e-07
-3.30833272e+03 1.07715070e+01 5.34759687e-03 1.13113419e-07
-3.30683268e+03 1.07232250e+01 5.34760152e-03 5.75739684e-08
-3.30533264e+03 1.06756504e+01 5.34760384e-03 2.90248886e-08
-3.30383260e+03 1.06287632e+01 5.34760499e-03 1.44524309e-08
-3.30233257e+03 1.05825427e+01 5.34760556e-03 7.13145086e-09
-3.30083253e+03 1.05369730e+01 5.34760584e-03 3.48855277e-09
-3.29933249e+03 1.04920454e+01 5.34760597e-03 1.68984232e-09
-3.29783245e+03 1.04477558e+01 5.34760603e-03 8.13794771e-10
-3.29633242e+03 1.04040957e+01 5.34760606e-03 3.88724311e-10
-3.29483238e+03 1.03610474e+01 5.34760608e-03 1.84693821e-10
-3.29333234e+03 1.03185819e+01 5.34760608e-03 8.73072503e-11
-3.29183230e+03 1.02766656e+01 5.34760609e-03 4.11869272e-11
-3.29033227e+03 1.02352681e+01 5.34760609e-03 1.97379044e-11
-3.28883223e+03 1.01943678e+01 5.34760609e-03 1.02817690e-11
-3.28733219e+03 1.01539532e+01 5.34760609e-03 7.21185658e-12
-3.28583215e+03 1.01140214e+01 5.34760609e-03 8.58372427e-12
-3.28433212e+03 1.00745771e+01 5.34760609e-03 1.49731123e-11
-3.28283208e+03 1.00356290e+01 5.34760609e-03 2.94398019e-11
-3.28133204e+03 9.99718777e+00 5.34760609e-03 5.87121674e-11
-3.27983200e+03 9.95926283e+00 5.34760609e-03 1.15367707e-10
-3.27833197e+03 9.92186195e+00 5.34760610e-03 2.22460526e-10
-3.27683193e+03 9.88498701e+00 5.34760611e-03 4.19641160e-10
-3.27533189e+03 9.84863533e+00 5.34760613e-03 7.76151371e-10
-3.27383185e+03 9.81279703e+00 5.34760616e-03 1.40543603e-09
-3.27233182e+03 9.77745928e+00 5.34760622e-03 2.49740478e-09
-3.27083178e+03 9.74260844e+00 5.34760632e-03 4.35224469e-09
-3.26933174e+03 9.70823622e+00 5.34760649e-03 7.44636055e-09
-3.26783170e+03 9.67434058e+00 5.34760678e-03 1.25184923e-08
-3.26633167e+03 9.64092351e+00 5.34760725e-03 2.06549182e-08
-3.26483163e+03 9.60798278e+00 5.34760802e-03 3.35533437e-08
-3.26333159e+03 9.57550677e+00 5.34760924e-03 5.34933123e-08
-3.26183155e+03 9.54347267e+00 5.34761116e-03 8.41212446e-08
-3.26033152e+03 9.51184964e+00 5.34761411e-03 1.30042630e-07
-3.25883148e+03 9.48060529e+00 5.34761861e-03 1.98382489e-07
-3.25733144e+03 9.44971130e+00 5.34762537e-03 2.98527326e-07
-3.25583140e+03 9.41914779e+00 5.34763539e-03 4.42755872e-07
-3.25433137e+03 9.38890507e+00 5.34765005e-03 6.49782990e-07
-3.25283133e+03 9.35898503e+00 5.34767125e-03 9.39391842e-07
-3.25133129e+03 9.32939561e+00 5.34770146e-03 1.34363561e-06
-3.24983125e+03 9.30014667e+00 5.34774404e-03 1.89805162e-06
-3.24833122e+03 9.27124265e+00 5.34780325e-03 2.64517301e-06
-3.24683118e+03 9.24268138e+00 5.34788457e-03 3.65263519e-06
-3.24533114e+03 9.21445491e+00 5.34799515e-03 4.97524094e-06
-3.24383110e+03 9.18655193e+00 5.34814360e-03 6.70742348e-06
-3.24233107e+03 9.15896062e+00 5.34834106e-03 8.95898142e-06
-3.24083103e+03 9.13167064e+00 5.34860104e-03 1.18126508e-05
-3.23933099e+03 9.10467307e+00 5.34893940e-03 1.54538843e-05
-3.23783095e+03 9.07796057e+00 5.34937646e-03 2.00197627e-05
-3.23633092e+03 9.05152947e+00 5.34993497e-03 2.56379871e-05
-3.23483088e+03 9.02538198e+00 5.35064132e-03 3.26167839e-05
-3.23333084e+03 8.99952713e+00 5.35152790e-03 4.10735495e-05
-3.23183080e+03 8.97397939e+00 5.35262794e-03 5.11817536e-05
-3.23033077e+03 8.94875394e+00 5.35397921e-03 6.33811455e-05
-3.22883073e+03 8.92385920e+00 5.35562684e-03 7.76929549e-05
-3.22733069e+03 8.89929516e+00 5.35761436e-03 9.42995366e-05
-3.22583065e+03 8.87505522e+00 5.35999146e-03 1.13816548e-04
-3.22433062e+03 8.85112985e+00 5.36281780e-03 1.36129290e-04
-3.22283058e+03 8.82751427e+00 5.36614647e-03 1.61284838e-04
-3.22133054e+03 8.80421066e+00 5.37003307e-03 1.90128906e-04
-3.21983050e+03 8.78122925e+00 5.37454429e-03 2.22431405e-04
-3.21833047e+03 8.75858594e+00 5.37973231e-03 2.57730629e-04
-3.21683043e+03 8.73629559e+00 5.38564114e-03 2.97018693e-04
-3.21533039e+03 8.71437052e+00 5.39233065e-03 3.40320333e-04
-3.21383035e+03 8.69281543e+00 5.39985065e-03 3.86366851e-04
-3.21233032e+03 8.67163131e+00 5.40822688e-03 4.35750718e-04
-3.21083028e+03 8.65081580e+00 5.41750022e-03 4.89475044e-04
-3.20933024e+03 8.63036710e+00 5.42771882e-03 5.46018494e-04
-3.20783020e+03 8.61028538e+00 5.43889374e-03 6.04308251e-04
-3.20633017e+03 8.59057248e+00 5.45102094e-03 6.65880280e-04
-3.20483013e+03 8.57123222e+00 5.46412018e-03 7.30914290e-04
-3.20333009e+03 8.55226982e+00 5.47819914e-03 7.96895745e-04
-3.20183005e+03 8.53368982e+00 5.49321850e-03 8.63105513e-04
-3.20033002e+03 8.51549670e+00 5.50913325e-03 9.31484181e-04
-3.19882998e+03 8.49769379e+00 5.52592859e-03 1.00199893e-03
-3.19732994e+03 8.48028339e+00 5.54357853e-03 1.07176612e-03
-3.19582990e+03 8.46326870e+00 5.56200768e-03 1.13958504e-03
-3.19432987e+03 8.44665448e+00 5.58112737e-03 1.20739672e-03
-3.19282983e+03 8.43045005e+00 5.60087447e-03 1.27622406e-03
-3.19132979e+03 8.41466861e+00 5.62118802e-03 1.34380154e-03
-3.18982975e+03 8.39932560e+00 5.64196496e-03 1.40758043e-03
-3.18832972e+03 8.38443437e+00 5.66307183e-03 1.46799002e-03
-3.18682968e+03 8.37000537e+00 5.68439079e-03 1.52717734e-03
-3.18532964e+03 8.35604701e+00 5.70583667e-03 1.58563156e-03
-3.18382960e+03 8.34256750e+00 5.72732862e-03 1.64142914e-03
-3.18232957e+03 8.32957712e+00 5.74875832e-03 1.69252681e-03
-3.18082953e+03 8.31708827e+00 5.76999317e-03 1.73884978e-03
-3.17932949e+03 8.30511174e+00 5.79090837e-03 1.78197429e-03
-3.17782945e+03 8.29365512e+00 5.81140713e-03 1.82330614e-03
-3.17632942e+03 8.28272015e+00 5.83142164e-03 1.86288766e-03
-3.17482938e+03 8.27230460e+00 5.85089507e-03 1.89967368e-03
-3.17332934e+03 8.26240355e+00 5.86976973e-03 1.93259633e-03
-3.17182930e+03 8.25300957e+00 5.88798810e-03 1.96136242e-03
-3.17032927e+03 8.24411578e+00 5.90549504e-03 1.98651634e-03
-3.16882923e+03 8.23571465e+00 5.92224690e-03 2.00900321e-03
-3.16732919e+03 8.22779750e+00 5.93821487e-03 2.02966133e-03
-3.16582915e+03 8.22035511e+00 5.95338184e-03 2.04894227e-03
-3.16432912e+03 8.21337645e+00 5.96774111e-03 2.06691145e-03
-3.16282908e+03 8.20685009e+00 5.98129031e-03 2.08340445e-03
-3.16132904e+03 8.20076321e+00 5.99403185e-03 2.09821502e-03
-3.15982900e+03 8.19510203e+00 6.00597152e-03 2.11122029e-03
-3.15832897e+03 8.18985345e+00 6.01711564e-03 2.12242432e-03
-3.15682893e+03 8.18500363e+00 6.02747457e-03 2.13194896e-03
-3.15532889e+03 8.18053941e+00 6.03706000e-03 2.13998889e-03
-3.15382885e+03 8.17644924e+00 6.04588309e-03 2.14676510e-03
-3.15232882e+03 8.17272156e+00 6.05395759e-03 2.15249257e-03
-3.15082878e+03 8.16934670e+00 6.06129556e-03 2.15735622e-03
-3.14932874e+03 8.16631514e+00 6.06791048e-03 2.16150525e-03
-3.14782870e+03 8.16361778e+00 6.07381651e-03 2.16505297e-03
-3.14632867e+03 8.16124546e+00 6.07902904e-03 2.16808241e-03
-3.14482863e+03 8.15919052e+00 6.08356116e-03 2.17065122e-03
-3.14332859e+03 8.15744562e+00 6.08742598e-03 2.17279973e-03
-3.14182855e+03 8.15600515e+00 6.09063343e-03 2.17455467e-03
-3.14032852e+03 8.15486633e+00 6.09318780e-03 2.17593193e-03
-3.13882848e+03 8.15402683e+00 6.09509282e-03 2.17694215e-03
-3.13732844e+03 8.15348409e+00 6.09635307e-03 2.17759317e-03
-3.13582840e+03 8.15323524e+00 6.09697413e-03 2.17789115e-03
-3.13432837e+03 8.15327609e+00 6.09696485e-03 2.17784225e-03
-3.13282833e+03 8.15360193e+00 6.09633546e-03 2.17745195e-03
-3.13132829e+03 8.15420923e+00 6.09509395e-03 2.17672300e-03
-3.12982825e+03 8.15509324e+00 6.09325124e-03 2.17565817e-03
-3.12832822e+03 8.15624585e+00 6.09082584e-03 2.17426248e-03
-3.12682818e+03 8.15765523e+00 6.08784451e-03 2.17254302e-03
-3.12532814e+03 8.15930402e+00 6.08434628e-03 2.17051050e-03
-3.12382810e+03 8.16117088e+00 6.08037882e-03 2.16817648e-03
-3.12232807e+03 8.16323185e+00 6.07599558e-03 2.16555108e-03
-3.12082803e+03 8.16546203e+00 6.07125205e-03 2.16264062e-03
-3.11932799e+03 8.16783650e+00 6.06620365e-03 2.15944666e-03
-3.11782795e+03 8.17033066e+00 6.06090508e-03 2.15596688e-03
-3.11632792e+03 8.17292115e+00 6.05540823e-03 2.15219585e-03
-3.11482788e+03 8.17558543e+00 6.04976304e-03 2.14812844e-03
-3.11332784e+03 8.17830279e+00 6.04401533e-03 2.14376146e-03
-3.11182780e+03 8.18105505e+00 6.03820533e-03 2.13909539e-03
-3.11032777e+03 8.18382805e+00 6.03236437e-03 2.13413347e-03
-3.10882773e+03 8.18661254e+00 6.02651319e-03 2.12888041e-03
-3.10732769e+03 8.18940307e+00 6.02066421e-03 2.12334326e-03
-3.10582765e+03 8.19219710e+00 6.01482363e-03 2.11753192e-03
-3.10432762e+03 8.19499243e+00 6.00899682e-03 2.11146317e-03
-3.10282758e+03 8.19778434e+00 6.00319432e-03 2.10516631e-03
-3.10132754e+03 8.20056518e+00 5.99743259e-03 2.09868397e-03
-3.09982750e+03 8.20332714e+00 5.99172810e-03 2.09206442e-03
-3.09832747e+03 8.20606181e+00 5.98609829e-03 2.08536051e-03
-3.09682743e+03 8.20876399e+00 5.98055364e-03 2.07861775e-03
-3.09532739e+03 8.21143209e+00 5.97509703e-03 2.07187062e-03
-3.09382735e+03 8.21406719e+00 5.96972561e-03 2.06514296e-03
-3.09232732e+03 8.21667259e+00 5.96443214e-03 2.05844820e-03
-3.09082728e+03 8.21925184e+00 5.95920879e-03 2.05179390e-03
-3.08932724e+03 8.22180827e+00 5.95404834e-03 2.04518303e-03
-3.08782720e+03 8.22434237e+00 5.94894938e-03 2.03862087e-03
-3.08632717e+03 8.22685281e+00 5.94391424e-03 2.03211272e-03
-3.08482713e+03 8.22933525e+00 5.93895122e-03 2.02566729e-03
-3.08332709e+03 8.23178314e+00 5.93407308e-03 2.01929557e-03
-3.08182705e+03 8.23418958e+00 5.92929307e-03 2.01300683e-03
-3.08032702e+03 8.23654779e+00 5.92462408e-03 2.00680862e-03
-3.07882698e+03 8.23885334e+00 5.92007419e-03 2.00070209e-03
-3.07732694e+03 8.24110515e+00 5.91564478e-03 1.99468017e-03
-3.07582690e+03 8.24330621e+00 5.91132913e-03 1.98872586e-03
-3.07432687e+03 8.24546327e+00 5.90711326e-03 1.98281301e-03
-3.07282683e+03 8.24758443e+00 5.90298063e-03 1.97691232e-03
-3.07132679e+03 8.24967743e+00 5.89891569e-03 1.97099597e-03
-3.06982675e+03 8.25174766e+00 5.89490764e-03 1.96504331e-03
-3.06832672e+03 8.25379660e+00 5.89095339e-03 1.95904582e-03
-3.06682668e+03 8.25582154e+00 5.88705808e-03 1.95300917e-03
-3.06532664e+03 8.25781718e+00 5.88323177e-03 1.94694935e-03
-3.06382660e+03 8.25977579e+00 5.87948907e-03 1.94089291e-03
-3.06232657e+03 8.26169028e+00 5.87584313e-03 1.93486763e-03
-3.06082653e+03 8.26355375e+00 5.87230660e-03 1.92890364e-03
-3.05932649e+03 8.26536036e+00 5.86888987e-03 1.92302983e-03
-3.05782645e+03 8.26710615e+00 5.86559963e-03 1.91727049e-03
-3.05632642e+03 8.26878803e+00 5.86244086e-03 1.91164784e-03
-3.05482638e+03 8.27040513e+00 5.85941419e-03 1.90617658e-03
-3.05332634e+03 8.27195906e+00 5.85651563e-03 1.90086252e-03
-3.05182630e+03 8.27345425e+00 5.85373587e-03 1.89570061e-03
-3.05032627e+03 8.27489770e+00 5.85106093e-03 1.89067553e-03
-3.04882623e+03 8.27629851e+00 5.84847303e-03 1.88576305e-03
-3.04732619e+03 8.27766615e+00 5.84595386e-03 1.88093605e-03
-3.04582615e+03 8.27900915e+00 5.84348710e-03 1.87616953e-03
-3.04432612e+03 8.28033284e+00 5.84106248e-03 1.87144885e-03
-3.04282608e+03 8.28163949e+00 5.83867557e-03 1.86676980e-03
-3.04132604e+03 8.28292785e+00 5.83632845e-03 1.86214035e-03
-3.03982600e+03 8.28419398e+00 5.83402819e-03 1.85757801e-03
-3.03832597e+03 8.28543330e+00 5.83178292e-03 1.85310233e-03
-3.03682593e+03 8.28664257e+00 5.82959825e-03 1.84872780e-03
-3.03532589e+03 8.28781969e+00 5.82747764e-03 1.84446438e-03
-3.03382585e+03 8.28896466e+00 5.82542074e-03 1.84031415e-03
-3.03232582e+03 8.29007852e+00 5.82342522e-03 1.83627489e-03
-3.03082578e+03 8.29116322e+00 5.82148719e-03 1.83234083e-03
-3.02932574e+03 8.29222099e+00 5.81960224e-03 1.82850486e-03
-3.02782570e+03 8.29325308e+00 5.81776782e-03 1.82476321e-03
-3.02632567e+03 8.29426003e+00 5.81598267e-03 1.82111443e-03
-3.02482563e+03 8.29524044e+00 5.81424905e-03 1.81756396e-03
-3.02332559e+03 8.29619051e+00 5.81257354e-03 1.81412575e-03
-3.02182555e+03 8.29710556e+00 5.81096429e-03 1.81081675e-03
-3.02032552e+03 8.29797962e+00 5.80943168e-03 1.80765840e-03
-3.01882548e+03 8.29880633e+00 5.80798676e-03 1.80467341e-03
-3.01732544e+03 8.29958089e+00 5.80663771e-03 1.80187873e-03
-3.01582540e+03 8.30030176e+00 5.80538686e-03 1.79927950e-03
-3.01432537e+03 8.30096893e+00 5.80423387e-03 1.79687540e-03
-3.01282533e+03 8.30158450e+00 5.80317457e-03 1.79465842e-03
-3.01132529e+03 8.30215165e+00 5.80220300e-03 1.79261684e-03
-3.00982525e+03 8.30267304e+00 5.80131413e-03 1.79074076e-03
-3.00832522e+03 8.30315122e+00 5.80050319e-03 1.78902079e-03
-3.00682518e+03 8.30358982e+00 5.79976349e-03 1.78744365e-03
-3.00532514e+03 8.30399152e+00 5.79909013e-03 1.78599961e-03
-3.00382510e+03 8.30436036e+00 5.79847578e-03 1.78467400e-03
-3.00232507e+03 8.30469932e+00 5.79791503e-03 1.78345601e-03
-3.00082503e+03 8.30501071e+00 5.79740368e-03 1.78233724e-03
-2.99932499e+03 8.30529498e+00 5.79694087e-03 1.78131607e-03
-2.99782495e+03 8.30555127e+00 5.79652804e-03 1.78039550e-03
-2.99632492e+03 8.30577643e+00 5.79617070e-03 1.77958682e-03
-2.99482488e+03 8.30596599e+00 5.79587669e-03 1.77890603e-03
-2.99332484e+03 8.30611501e+00 5.79565473e-03 1.77837088e-03
-2.99182480e+03 8.30621897e+00 5.79551274e-03 1.77799755e-03
-2.99032477e+03 8.30627353e+00 5.79545836e-03 1.77780160e-03
-2.98882473e+03 8.30627651e+00 5.79549547e-03 1.77779091e-03
-2.98732469e+03 8.30622742e+00 5.79562492e-03 1.77796720e-03
-2.98582465e+03 8.30612812e+00 5.79584348e-03 1.77832379e-03
-2.98432462e+03 8.30598272e+00 5.79614395e-03 1.77884595e-03
-2.98282458e+03 8.30579510e+00 5.79651952e-03 1.77951975e-03
-2.98132454e+03 8.30556912e+00 5.79696347e-03 1.78033139e-03
-2.97982450e+03 8.30530607e+00 5.79747361e-03 1.78127624e-03
-2.97832447e+03 8.30500655e+00 5.79804899e-03 1.78235219e-03
-2.97682443e+03 8.30466953e+00 5.79869159e-03 1.78356303e-03
-2.97532439e+03 8.30429302e+00 5.79940509e-03 1.78491601e-03
-2.97382435e+03 8.30387507e+00 5.80019313e-03 1.78641822e-03
-2.97232432e+03 8.30341387e+00 5.80105913e-03 1.78807628e-03
-2.97082428e+03 8.30290750e+00 5.80200676e-03 1.78989734e-03
-2.96932424e+03 8.30235361e+00 5.80304049e-03 1.79189006e-03
-2.96782420e+03 8.30175112e+00 5.80416252e-03 1.79405855e-03
-2.96632417e+03 8.30109758e+00 5.80537757e-03 1.79641195e-03
-2.96482413e+03 8.30039157e+00 5.80668860e-03 1.79895579e-03
-2.96332409e+03 8.29963280e+00 5.80809653e-03 1.80169150e-03
-2.96182405e+03 8.29882091e+00 5.80960246e-03 1.80462078e-03
-2.96032402e+03 8.29795630e+00 5.81120615e-03 1.80774263e-03
-2.95882398e+03 8.29703986e+00 5.81290651e-03 1.81105423e-03
-2.95732394e+03 8.29607175e+00 5.81470380e-03 1.81455538e-03
-2.95582390e+03 8.29505161e+00 5.81659926e-03 1.81824761e-03
-2.95432387e+03 8.29397792e+00 5.81859619e-03 1.82213645e-03
-2.95282383e+03 8.29284907e+00 5.82069822e-03 1.82622766e-03
-2.95132379e+03 8.29166433e+00 5.82290736e-03 1.83052345e-03
-2.94982375e+03 8.29042340e+00 5.82522492e-03 1.83502407e-03
-2.94832372e+03 8.28912769e+00 5.82764908e-03 1.83972302e-03
-2.94682368e+03 8.28777901e+00 5.83017730e-03 1.84461179e-03
-2.94532364e+03 8.28637995e+00 5.83280564e-03 1.84967835e-03
-2.94382360e+03 8.28493257e+00 5.83553102e-03 1.85491169e-03
-2.94232357e+03 8.28343681e+00 5.83835437e-03 1.86030777e-03
-2.94082353e+03 8.28189220e+00 5.84127732e-03 1.86586291e-03
-2.93932349e+03 8.28029705e+00 5.84430385e-03 1.87157677e-03
-2.93782345e+03 8.27864855e+00 5.84744006e-03 1.87745175e-03
-2.93632342e+03 8.27694402e+00 5.85069192e-03 1.88348835e-03
-2.93482338e+03 8.27518105e+00 5.85406494e-03 1.88968461e-03
-2.93332334e+03 8.27335730e+00 5.85756457e-03 1.89603670e-03
-2.93182330e+03 8.27147133e+00 5.86119462e-03 1.90253616e-03
-2.93032327e+03 8.26952166e+00 5.86495903e-03 1.90917338e-03
-2.92882323e+03 8.26750664e+00 5.86886208e-03 1.91593811e-03
-2.92732319e+03 8.26542423e+00 5.87290883e-03 1.92282052e-03
-2.92582315e+03 8.26327227e+00 5.87710466e-03 1.92981072e-03
-2.92432312e+03 8.26104908e+00 5.88145400e-03 1.93689718e-03
-2.92282308e+03 8.25875350e+00 5.88596038e-03 1.94406763e-03
-2.92132304e+03 8.25638574e+00 5.89062459e-03 1.95130723e-03
-2.91982300e+03 8.25394800e+00 5.89544355e-03 1.95859830e-03
-2.91832297e+03 8.25144232e+00 5.90041443e-03 1.96592788e-03
-2.91682293e+03 8.24887065e+00 5.90553447e-03 1.97328820e-03
-2.91532289e+03 8.24623466e+00 5.91080142e-03 1.98067761e-03
-2.91382285e+03 8.24353476e+00 5.91621552e-03 1.98810323e-03
-2.91232282e+03 8.24076994e+00 5.92177983e-03 1.99558075e-03
-2.91082278e+03 8.23793920e+00 5.92749750e-03 2.00312969e-03
-2.90932274e+03 8.23504108e+00 5.93337267e-03 2.01077350e-03
-2.90782270e+03 8.23207514e+00 5.93940756e-03 2.01853402e-03
-2.90632267e+03 8.22904142e+00 5.94560353e-03 2.02643088e-03
-2.90482263e+03 8.22594045e+00 5.95196101e-03 2.03447886e-03
-2.90332259e+03 8.22277302e+00 5.95848000e-03 2.04268566e-03
-2.90182255e+03 8.21953980e+00 5.96516069e-03 2.05104985e-03
-2.90032252e+03 8.21624098e+00 5.97200433e-03 2.05955948e-03
-2.89882248e+03 8.21287688e+00 5.97901184e-03 2.06818844e-03
-2.89732244e+03 8.20944594e+00 5.98618797e-03 2.07690069e-03
-2.89582240e+03 8.20594714e+00 5.99353621e-03 2.08564423e-03
-2.89432237e+03 8.20237737e+00 6.00106429e-03 2.09435932e-03
-2.89282233e+03 8.19873418e+00 6.00877837e-03 2.10297448e-03
-2.89132229e+03 8.19501403e+00 6.01668669e-03 2.11141533e-03
-2.88982225e+03 8.19121448e+00 6.02479492e-03 2.11960550e-03
-2.88832222e+03 8.18733393e+00 6.03310663e-03 2.12747501e-03
-2.88682218e+03 8.18337188e+00 6.04162279e-03 2.13496809e-03
-2.88532214e+03 8.17932955e+00 6.05034041e-03 2.14205016e-03
-2.88382210e+03 8.17520873e+00 6.05925506e-03 2.14871596e-03
-2.88232207e+03 8.17101241e+00 6.06835963e-03 2.15499082e-03
-2.88082203e+03 8.16674274e+00 6.07764884e-03 2.16093118e-03
-2.87932199e+03 8.16240266e+00 6.08711592e-03 2.16661413e-03
-2.87782195e+03 8.15799381e+00 6.09675712e-03 2.17212761e-03
-2.87632192e+03 8.15351658e+00 6.10657181e-03 2.17755423e-03
-2.87482188e+03 8.14897138e+00 6.11655959e-03 2.18295277e-03
-2.87332184e+03 8.14435680e+00 6.12672418e-03 2.18834497e-03
-2.87182180e+03 8.13967099e+00 6.13707030e-03 2.19370268e-03
-2.87032177e+03 8.13491191e+00 6.14760284e-03 2.19894284e-03
-2.86882173e+03 8.13007796e+00 6.15832513e-03 2.20393050e-03
-2.86732169e+03 8.12516738e+00 6.16924011e-03 2.20849264e-03
-2.86582165e+03 8.12018097e+00 6.18034403e-03 2.21243796e-03
-2.86432162e+03 8.11511957e+00 6.19163191e-03 2.21558857e-03
-2.86282158e+03 8.10998587e+00 6.20309376e-03 2.21780978e-03
-2.86132154e+03 8.10478343e+00 6.21471687e-03 2.21903779e-03
-2.85982150e+03 8.09951585e+00 6.22648818e-03 2.21929501e-03
-2.85832147e+03 8.09418760e+00 6.23839288e-03 2.21868822e-03
-2.85682143e+03 8.08880068e+00 6.25042227e-03 2.21738776e-03
-2.85532139e+03 8.08335823e+00 6.26256608e-03 2.21559143e-03
-2.85382135e+03 8.07786108e+00 6.27482011e-03 2.21347858e-03
-2.85232132e+03 8.07231084e+00 6.28717921e-03 2.21116624e-03
-2.85082128e+03 8.06670792e+00 6.29964123e-03 2.20867454e-03
-2.84932124e+03 8.06105265e+00 6.31220384e-03 2.20591249e-03
-2.84782120e+03 8.05534600e+00 6.32486239e-03 2.20268853e-03
-2.84632117e+03 8.04958769e+00 6.33761353e-03 2.19874424e-03
-2.84482113e+03 8.04377824e+00 6.35045042e-03 2.19380886e-03
-2.84332109e+03 8.03791806e+00 6.36336491e-03 2.18765975e-03
-2.84182105e+03 8.03200679e+00 6.37634936e-03 2.18017521e-03
-2.84032102e+03 8.02604377e+00 6.38939638e-03 2.17136689e-03
-2.83882098e+03 8.02002810e+00 6.40249947e-03 2.16138083e-03
-2.83732094e+03 8.01395799e+00 6.41565521e-03 2.15046305e-03
-2.83582090e+03 8.00783250e+00 6.42885981e-03 2.13890115e-03
-2.83432087e+03 8.00165171e+00 6.44210887e-03 2.12694882e-03
-2.83282083e+03 7.99541637e+00 6.45539772e-03 2.11475342e-03
-2.83132079e+03 7.98912861e+00 6.46871903e-03 2.10231032e-03
-2.82982075e+03 7.98279107e+00 6.48206368e-03 2.08945514e-03
-2.82832072e+03 7.97640733e+00 6.49541905e-03 2.07590513e-03
-2.82682068e+03 7.96998078e+00 6.50877093e-03 2.06133580e-03
-2.82532064e+03 7.96351426e+00 6.52210421e-03 2.04547594e-03
-2.82382060e+03 7.95701048e+00 6.53540299e-03 2.02819249e-03
-2.82232057e+03 7.95047177e+00 6.54865198e-03 2.00953640e-03
-2.82082053e+03 7.94390021e+00 6.56183760e-03 1.98973529e-03
-2.81932049e+03 7.93729706e+00 6.57495002e-03 1.96913059e-03
-2.81782045e+03 7.93066344e+00 6.58798208e-03 1.94808230e-03
-2.81632042e+03 7.92400045e+00 6.60092876e-03 1.92686513e-03
-2.81482038e+03 7.91730811e+00 6.61378823e-03 1.90558586e-03
-2.81332034e+03 7.91058641e+00 6.62655846e-03 1.88415782e-03
-2.81182030e+03 7.90383496e+00 6.63923673e-03 1.86233064e-03
-2.81032027e+03 7.89705393e+00 6.65181695e-03 1.83977637e-03
-2.80882023e+03 7.89024320e+00 6.66429151e-03 1.81619580e-03
-2.80732019e+03 7.88340389e+00 6.67664893e-03 1.79142605e-03
-2.80582015e+03 7.87653626e+00 6.68887916e-03 1.76549378e-03
-2.80432012e+03 7.86964101e+00 6.70097250e-03 1.73861893e-03
-2.80282008e+03 7.86271927e+00 6.71292077e-03 1.71115128e-03
-2.80132004e+03 7.85577213e+00 6.72471852e-03 1.68346304e-03
-2.79982000e+03 7.84880058e+00 6.73636271e-03 1.65583556e-03
-2.79831996e+03 7.84180551e+00 6.74785160e-03 1.62837708e-03
-2.79681993e+03 7.83478778e+00 6.75918331e-03 1.60099915e-03
-2.79531989e+03 7.82774912e+00 6.77035313e-03 1.57346325e-03
-2.79381985e+03 7.82069085e+00 6.78135508e-03 1.54547056e-03
-2.79231981e+03 7.81361486e+00 6.79218050e-03 1.51678037e-03
-2.79081978e+03 7.80652309e+00 6.80281990e-03 1.48730192e-03
-2.78931974e+03 7.79941779e+00 6.81326390e-03 1.45713625e-03
-2.78781970e+03 7.79230079e+00 6.82350561e-03 1.42654683e-03
-2.78631966e+03 7.78517393e+00 6.83354068e-03 1.39587899e-03
-2.78481963e+03 7.77803840e+00 6.84336815e-03 1.36544853e-03
-2.78331959e+03 7.77089581e+00 6.85298824e-03 1.33545060e-03
-2.78181955e+03 7.76374725e+00 6.86240242e-03 1.30590550e-03
-2.78031951e+03 7.75659311e+00 6.87161229e-03 1.27666994e-03
-2.77881948e+03 7.74943321e+00 6.88061859e-03 1.24750405e-03
-2.77731944e+03 7.74226646e+00 6.88942140e-03 1.21816616e-03
-2.77581940e+03 7.73509126e+00 6.89802006e-03 1.18850590e-03
-2.77431936e+03 7.72790549e+00 6.90641421e-03 1.15851879e-03
-2.77281933e+03 7.72070656e+00 6.91460464e-03 1.12834839e-03
-2.77131929e+03 7.71349177e+00 6.92259376e-03 1.09823709e-03
-2.76981925e+03 7.70625856e+00 6.93038543e-03 1.06844454e-03
-2.76831921e+03 7.69900473e+00 6.93798444e-03 1.03916278e-03
-2.76681918e+03 7.69172858e+00 6.94539554e-03 1.01045766e-03
-2.76531914e+03 7.68442901e+00 6.95262236e-03 9.82257056e-04
-2.76381910e+03 7.67710694e+00 6.95966541e-03 9.54394003e-04
-2.76231906e+03 7.66976355e+00 6.96652359e-03 9.26673101e-04
-2.76081903e+03 7.66240108e+00 6.97319384e-03 8.98955431e-04
-2.75931899e+03 7.65502175e+00 6.97967301e-03 8.71213536e-04
-2.75781895e+03 7.64762760e+00 6.98595889e-03 8.43546408e-04
-2.75631891e+03 7.64022124e+00 6.99205034e-03 8.16149271e-04
-2.75481888e+03 7.63280499e+00 6.99794832e-03 7.89243606e-04
-2.75331884e+03 7.62538159e+00 7.00365504e-03 7.63005699e-04
-2.75181880e+03 7.61795356e+00 7.00917379e-03 7.37511061e-04
-2.75031876e+03 7.61052332e+00 7.01450792e-03 7.12721679e-04
-2.74881873e+03 7.60309291e+00 7.01966040e-03 6.88513750e-04
-2.74731869e+03 7.59566271e+00 7.02463430e-03 6.64731564e-04
-2.74581865e+03 7.58823324e+00 7.02943171e-03 6.41256396e-04
-2.74431861e+03 7.58080331e+00 7.03405545e-03 6.18045004e-04
-2.74281858e+03 7.57337166e+00 7.03850859e-03 5.95146090e-04
-2.74131854e+03 7.56593669e+00 7.04279513e-03 5.72675697e-04
-2.73981850e+03 7.55849572e+00 7.04692058e-03 5.50768069e-04
-2.73831846e+03 7.55104614e+00 7.05089105e-03 5.29527702e-04
-2.73681843e+03 7.54358636e+00 7.05471230e-03 5.08994924e-04
-2.73531839e+03 7.53611486e+00 7.05838977e-03 4.89132707e-04
-2.73381835e+03 7.52863153e+00 7.06192748e-03 4.69848832e-04
-2.73231831e+03 7.52113749e+00 7.06532807e-03 4.51034009e-04
-2.73081828e+03 7.51363383e+00 7.06859364e-03 4.32602147e-04
-2.72931824e+03 7.50612139e+00 7.07172617e-03 4.14521442e-04
-2.72781820e+03 7.49860035e+00 7.07472816e-03 3.96821762e-04
-2.72631816e+03 7.49107034e+00 7.07760288e-03 3.79578516e-04
-2.72481813e+03 7.48353094e+00 7.08035430e-03 3.62881043e-04
-2.72331809e+03 7.47598101e+00 7.08298713e-03 3.46795256e-04
-2.72181805e+03 7.46842052e+00 7.08550585e-03 3.31342706e-04
-2.72031801e+03 7.46084929e+00 7.08791482e-03 3.16491878e-04
-2.71881798e+03 7.45326756e+00 7.09021774e-03 3.02173838e-04
-2.71731794e+03 7.44567609e+00 7.09241761e-03 2.88309706e-04
-2.71581790e+03 7.43807655e+00 7.09451676e-03 2.74840413e-04
-2.71431786e+03 7.43047131e+00 7.09651721e-03 2.61745715e-04
-2.71281783e+03 7.42286303e+00 7.09842118e-03 2.49046406e-04
-2.71131779e+03 7.41525528e+00 7.10023112e-03 2.36792121e-04
-2.70981775e+03 7.40765112e+00 7.10195016e-03 2.25035939e-04
-2.70831771e+03 7.40005349e+00 7.10358179e-03 2.13812501e-04
-2.70681768e+03 7.39246457e+00 7.10512981e-03 2.03123447e-04
-2.70531764e+03 7.38488640e+00 7.10659786e-03 1.92938040e-04
-2.70381760e+03 7.37732167e+00 7.10798912e-03 1.83205872e-04
-2.70231756e+03 7.36977250e+00 7.10930656e-03 1.73873115e-04
-2.70081753e+03 7.36224140e+00 7.11055278e-03 1.64900365e-04
-2.69931749e+03 7.35472974e+00 7.11173051e-03 1.56270150e-04
-2.69781745e+03 7.34723880e+00 7.11284253e-03 1.47987530e-04
-2.69631741e+03 7.33976765e+00 7.11389206e-03 1.40068901e-04
-2.69481738e+03 7.33231500e+00 7.11488245e-03 1.32531332e-04
-2.69331734e+03 7.32487888e+00 7.11581715e-03 1.25380925e-04
-2.69181730e+03 7.31745725e+00 7.11669945e-03 1.18607332e-04
-2.69031726e+03 7.31004876e+00 7.11753234e-03 1.12185009e-04
-2.68881723e+03 7.30265239e+00 7.11831846e-03 1.06079222e-04
-2.68731719e+03 7.29526903e+00 7.11905997e-03 1.00256215e-04
-2.68581715e+03 7.28790090e+00 7.11975874e-03 9.46908261e-05
-2.68431711e+03 7.28055143e+00 7.12041644e-03 8.93707864e-05
-2.68281708e+03 7.27322630e+00 7.12103460e-03 8.42969613e-05
-2.68131704e+03 7.26593168e+00 7.12161484e-03 7.94774174e-05
-2.67981700e+03 7.25867333e+00 7.12215894e-03 7.49203014e-05
-2.67831696e+03 7.25145661e+00 7.12266878e-03 7.06281308e-05
-2.67681693e+03 7.24428442e+00 7.12314638e-03 6.65936245e-05
-2.67531689e+03 7.23715868e+00 7.12359371e-03 6.28010514e-05
-2.67381685e+03 7.23007930e+00 7.12401271e-03 5.92287664e-05
-2.67231681e+03 7.22304511e+00 7.12440519e-03 5.58540759e-05
-2.67081678e+03 7.21605424e+00 7.12477279e-03 5.26572536e-05
-2.66931674e+03 7.20910436e+00 7.12511708e-03 4.96240231e-05
-2.66781670e+03 7.20219373e+00 7.12543946e-03 4.67462903e-05
-2.66631666e+03 7.19532053e+00 7.12574130e-03 4.40204415e-05
-2.66481663e+03 7.18848327e+00 7.12602391e-03 4.14450720e-05
-2.66331659e+03 7.18168024e+00 7.12628857e-03 3.90182681e-05
-2.66181655e+03 7.17491101e+00 7.12653644e-03 3.67362764e-05
-2.66031651e+03 7.16817416e+00 7.12676866e-03 3.45919443e-05
-2.65881648e+03 7.16146885e+00 7.12698626e-03 3.25756758e-05
-2.65731644e+03 7.15479466e+00 7.12719016e-03 3.06765542e-05
-2.65581640e+03 7.14815130e+00 7.12738120e-03 2.88838070e-05
-2.65431636e+03 7.14153928e+00 7.12756013e-03 2.71883345e-05
-2.65281633e+03 7.13495847e+00 7.12772763e-03 2.55831585e-05
-2.65131629e+03 7.12840939e+00 7.12788439e-03 2.40638581e-05
-2.64981625e+03 7.12189158e+00 7.12803103e-03 2.26276799e-05
-2.64831621e+03 7.11540452e+00 7.12816821e-03 2.12728761e-05
-2.64681618e+03 7.10894741e+00 7.12829653e-03 1.99976878e-05
-2.64531614e+03 7.10251861e+00 7.12841660e-03 1.87995067e-05
-2.64381610e+03 7.09611775e+00 7.12852897e-03 1.76748758e-05
-2.64231606e+03 7.08974424e+00 7.12863415e-03 1.66192225e-05
-2.64081603e+03 7.08339858e+00 7.12873259e-03 1.56274332e-05
-2.63931599e+03 7.07708202e+00 7.12882470e-03 1.46943140e-05
-2.63781595e+03 7.07079607e+00 7.12891085e-03 1.38150593e-05
-2.63631591e+03 7.06454337e+00 7.12899137e-03 1.29857855e-05
-2.63481588e+03 7.05832540e+00 7.12906660e-03 1.22033923e-05
-2.63331584e+03 7.05214433e+00 7.12913683e-03 1.14657595e-05
-2.63181580e+03 7.04600153e+00 7.12920238e-03 1.07713062e-05
-2.63031576e+03 7.03989777e+00 7.12926354e-03 1.01186887e-05
-2.62881573e+03 7.03383329e+00 7.12932062e-03 9.50649083e-06
-2.62731569e+03 7.02780678e+00 7.12937389e-03 8.93290338e-06
-2.62581565e+03 7.02181756e+00 7.12942364e-03 8.39584545e-06
-2.62431561e+03 7.01586364e+00 7.12947012e-03 7.89281462e-06
-2.62281558e+03 7.00994315e+00 7.12951356e-03 7.42114721e-06
-2.62131554e+03 7.00405439e+00 7.12955418e-03 6.97819899e-06
-2.61981550e+03 6.99819533e+00 7.12959216e-03 6.56148245e-06
-2.61831546e+03 6.99236431e+00 7.12962770e-03 6.16885123e-06
-2.61681543e+03 6.98655969e+00 7.12966093e-03 5.79854362e-06
-2.61531539e+03 6.98077976e+00 7.12969202e-03 5.44917418e-06
-2.61381535e+03 6.97502258e+00 7.12972111e-03 5.11966061e-06
-2.61231531e+03 6.96928546e+00 7.12974833e-03 4.80909899e-06
-2.61081528e+03 6.96356601e+00 7.12977381e-03 4.51671273e-06
-2.60931524e+03 6.95786184e+00 7.12979767e-03 4.24173080e-06
-2.60781520e+03 6.95217027e+00 7.12982002e-03 3.98330601e-06
-2.60631516e+03 6.94648966e+00 7.12984096e-03 3.74054131e-06
-2.60481513e+03 6.94081916e+00 7.12986059e-03 3.51247783e-06
-2.60331509e+03 6.93515937e+00 7.12987899e-03 3.29814667e-06
-2.60181505e+03 6.92951173e+00 7.12989622e-03 3.09659307e-06
-2.60031501e+03 6.92387987e+00 7.12991234e-03 2.90697477e-06
-2.59881498e+03 6.91826741e+00 7.12992742e-03 2.72852649e-06
-2.59731494e+03 6.91267916e+00 7.12994151e-03 2.56062676e-06
-2.59581490e+03 6.90711863e+00 7.12995465e-03 2.40272649e-06
-2.59431486e+03 6.90158832e+00 7.12996692e-03 2.25435053e-06
-2.59281483e+03 6.89608945e+00 7.12997835e-03 2.11506579e-06
-2.59131479e+03 6.89062223e+00 7.12998902e-03 1.98445797e-06
-2.58981475e+03 6.88518501e+00 7.12999897e-03 1.86208437e-06
-2.58831471e+03 6.87977575e+00 7.13000826e-03 1.74749079e-06
-2.58681468e+03 6.87439290e+00 7.13001693e-03 1.64021648e-06
-2.58531464e+03 6.86903445e+00 7.13002503e-03 1.53977283e-06
-2.58381460e+03 6.86369938e+00 7.13003260e-03 1.44568016e-06
-2.58231456e+03 6.85838651e+00 7.13003968e-03 1.35745926e-06
-2.58081453e+03 6.85309517e+00 7.13004630e-03 1.27466000e-06
-2.57931449e+03 6.84782477e+00 7.13005249e-03 1.19686896e-06
-2.57781445e+03 6.84257560e+00 7.13005827e-03 1.12373115e-06
-2.57631441e+03 6.83734784e+00 7.13006368e-03 1.05493832e-06
-2.57481438e+03 6.83214335e+00 7.13006873e-03 9.90249640e-07
-2.57331434e+03 6.82696355e+00 7.13007345e-03 9.29454834e-07
-2.57181430e+03 6.82181011e+00 7.13007785e-03 8.72372866e-07
-2.57031426e+03 6.81668422e+00 7.13008196e-03 8.18832147e-07
-2.56881423e+03 6.81158659e+00 7.13008580e-03 7.68662367e-07
-2.56731419e+03 6.80651640e+00 7.13008938e-03 7.21678444e-07
-2.56581415e+03 6.80147297e+00 7.13009272e-03 6.77694554e-07
-2.56431411e+03 6.79645497e+00 7.13009584e-03 6.36516553e-07
-2.56281408e+03 6.79146146e+00 7.13009876e-03 5.97952743e-07
-2.56131404e+03 6.78649241e+00 7.13010149e-03 5.61820858e-07
-2.55981400e+03 6.78154828e+00 7.13010404e-03 5.27947657e-07
-2.55831396e+03 6.77662955e+00 7.13010643e-03 4.96169756e-07
-2.55681393e+03 6.77173704e+00 7.13010866e-03 4.66339328e-07
-2.55531389e+03 6.76687092e+00 7.13011074e-03 4.38320196e-07
-2.55381385e+03 6.76203096e+00 7.13011269e-03 4.11990620e-07
-2.55231381e+03 6.75721682e+00 7.13011451e-03 3.87244241e-07
-2.55081378e+03 6.75242780e+00 7.13011621e-03 3.63986483e-07
-2.54931374e+03 6.74766336e+00 7.13011780e-03 3.42134366e-07
-2.54781370e+03 6.74292338e+00 7.13011928e-03 3.21613993e-07
-2.54631366e+03 6.73820829e+00 7.13012067e-03 3.02357867e-07
-2.54481363e+03 6.73351671e+00 7.13012197e-03 2.84293091e-07
-2.54331359e+03 6.72884869e+00 7.13012319e-03 2.67353477e-07
-2.54181355e+03 6.72420196e+00 7.13012433e-03 2.51464986e-07
-2.54031351e+03 6.71957462e+00 7.13012539e-03 2.36556551e-07
-2.53881348e+03 6.71496478e+00 7.13012639e-03 2.22559127e-07
-2.53731344e+03 6.71037104e+00 7.13012733e-03 2.09407923e-07
-2.53581340e+03 6.70579325e+00 7.13012821e-03 1.97044980e-07
-2.53431336e+03 6.70123267e+00 7.13012903e-03 1.85419435e-07
-2.53281333e+03 6.69669069e+00 7.13012980e-03 1.74484478e-07
-2.53131329e+03 6.69216906e+00 7.13013052e-03 1.64198231e-07
-2.52981325e+03 6.68766834e+00 7.13013120e-03 1.54520343e-07
-2.52831321e+03 6.68318809e+00 7.13013183e-03 1.45412973e-07
-2.52681318e+03 6.67872591e+00 7.13013242e-03 1.36838836e-07
-2.52531314e+03 6.67427915e+00 7.13013298e-03 1.28764435e-07
-2.52381310e+03 6.66984337e+00 7.13013350e-03 1.21156735e-07
-2.52231306e+03 6.66541573e+00 7.13013399e-03 1.13988380e-07
-2.52081303e+03 6.66099356e+00 7.13013445e-03 1.07234106e-07
-2.51931299e+03 6.65657615e+00 7.13013489e-03 1.00872631e-07
-2.51781295e+03 6.65216363e+00 7.13013529e-03 9.48839370e-08
-2.51631291e+03 6.64775724e+00 7.13013567e-03 8.92492613e-08
-2.51481288e+03 6.64335758e+00 7.13013603e-03 8.39487945e-08
-2.51331284e+03 6.63896631e+00 7.13013637e-03 7.89639552e-08
-2.51181280e+03 6.63458337e+00 7.13013669e-03 7.42746007e-08
-2.51031276e+03 6.63020851e+00 7.13013698e-03 6.98613021e-08
-2.50881273e+03 6.62584141e+00 7.13013726e-03 6.57058561e-08
-2.50731269e+03 6.62148161e+00 7.13013752e-03 6.17913642e-08
-2.50581265e+03 6.61712868e+00 7.13013777e-03 5.81025098e-08
-2.50431261e+03 6.61278244e+00 7.13013800e-03 5.46257143e-08
-2.50281258e+03 6.60844252e+00 7.13013821e-03 5.13486458e-08
-2.50131254e+03 6.60410781e+00 7.13013842e-03 4.82597145e-08
-2.49981250e+03 6.59977660e+00 7.13013861e-03 4.53480940e-08
-2.49831246e+03 6.59544678e+00 7.13013879e-03 4.26036926e-08
-2.49681243e+03 6.59111506e+00 7.13013895e-03 4.00165474e-08
-2.49531239e+03 6.58677884e+00 7.13013911e-03 3.75778220e-08
-2.49381235e+03 6.58243533e+00 7.13013926e-03 3.52790308e-08
-2.49231231e+03 6.57808346e+00 7.13013940e-03 3.31128945e-08
-2.49081228e+03 6.57372273e+00 7.13013953e-03 3.10724772e-08
-2.48931224e+03 6.56935353e+00 7.13013965e-03 2.91512511e-08
-2.48781220e+03 6.56497697e+00 7.13013977e-03 2.73429704e-08
-2.48631216e+03 6.56059400e+00 7.13013988e-03 2.56413525e-08
-2.48481213e+03 6.55620471e+00 7.13013998e-03 2.40399620e-08
-2.48331209e+03 6.55180913e+00 7.13014008e-03 2.25326727e-08
-2.48181205e+03 6.54740645e+00 7.13014017e-03 2.11135015e-08
-2.48031201e+03 6.54299595e+00 7.13014025e-03 1.97770160e-08
-2.47881198e+03 6.53857662e+00 7.13014033e-03 1.85182048e-08
-2.47731194e+03 6.53414859e+00 7.13014041e-03 1.73328753e-08
-2.47581190e+03 6.52971180e+00 7.13014048e-03 1.62171591e-08
-2.47431186e+03 6.52526624e+00 7.13014054e-03 1.51675335e-08
-2.47281183e+03 6.52081223e+00 7.13014060e-03 1.41808021e-08
-2.47131179e+03 6.51634929e+00 7.13014066e-03 1.32537678e-08
-2.46981175e+03 6.51187652e+00 7.13014071e-03 1.23832962e-08
-2.46831171e+03 6.50739297e+00 7.13014076e-03 1.15663517e-08
-2.46681168e+03 6.50289707e+00 7.13014081e-03 1.07998704e-08
-2.46531164e+03 6.49838868e+00 7.13014086e-03 1.00810920e-08
-2.46381160e+03 6.49386683e+00 7.13014090e-03 9.40716196e-09
-2.46231156e+03 6.48933099e+00 7.13014094e-03 8.77536014e-09
-2.46081153e+03 6.48478071e+00 7.13014097e-03 8.18306870e-09
-2.45931149e+03 6.48021580e+00 7.13014100e-03 7.62781704e-09
-2.45781145e+03 6.47563537e+00 7.13014104e-03 7.10719591e-09
-2.45631141e+03 6.47103843e+00 7.13014107e-03 6.61897030e-09
-2.45481138e+03 6.46642322e+00 7.13014109e-03 6.16102835e-09
-2.45331134e+03 6.46178911e+00 7.13014112e-03 5.73156964e-09
-2.45181130e+03 6.45713551e+00 7.13014114e-03 5.32897058e-09
-2.45031126e+03 6.45246241e+00 7.13014117e-03 4.95179674e-09
-2.44881123e+03 6.44777042e+00 7.13014119e-03 4.59876829e-09
-2.44731119e+03 6.44306100e+00 7.13014121e-03 4.26873075e-09
-2.44581115e+03 6.43833486e+00 7.13014122e-03 3.96050956e-09
-2.44431111e+03 6.43359280e+00 7.13014124e-03 3.67295977e-09
-2.44281108e+03 6.42883416e+00 7.13014126e-03 3.40486645e-09
-2.44131104e+03 6.42405880e+00 7.13014127e-03 3.15507079e-09
-2.43981100e+03 6.41926464e+00 7.13014129e-03 2.92234268e-09
-2.43831096e+03 6.41445113e+00 7.13014130e-03 2.70557336e-09
-2.43681093e+03 6.40961653e+00 7.13014131e-03 2.50364901e-09
-2.43531089e+03 6.40475956e+00 7.13014132e-03 2.31553991e-09
-2.43381085e+03 6.39987976e+00 7.13014133e-03 2.14031630e-09
-2.43231081e+03 6.39497660e+00 7.13014134e-03 1.97711472e-09
-2.43081078e+03 6.39004933e+00 7.13014135e-03 1.82513908e-09
-2.42931074e+03 6.38509745e+00 7.13014136e-03 1.68367370e-09
-2.42781070e+03 6.38012075e+00 7.13014136e-03 1.55207571e-09
-2.42631066e+03 6.37511814e+00 7.13014137e-03 1.42973509e-09
-2.42481063e+03 6.37008971e+00 7.13014138e-03 1.31611659e-09
-2.42331059e+03 6.36503564e+00 7.13014138e-03 1.21071590e-09
-2.42181055e+03 6.35995642e+00 7.13014139e-03 1.11305360e-09
-2.42031051e+03 6.35485318e+00 7.13014139e-03 1.02267209e-09
-2.41881048e+03 6.34972647e+00 7.13014140e-03 9.39109154e-10
-2.41731044e+03 6.34457612e+00 7.13014140e-03 8.61901007e-10
-2.41581040e+03 6.33940181e+00 7.13014141e-03 7.90596937e-10
-2.41431036e+03 6.33420160e+00 7.13014141e-03 7.24746151e-10
-2.41281033e+03 6.32897296e+00 7.13014141e-03 6.63922080e-10
-2.41131029e+03 6.32371249e+00 7.13014142e-03 6.07724296e-10
-2.40981025e+03 6.31841666e+00 7.13014142e-03 5.55791118e-10
-2.40831021e+03 6.31308366e+00 7.13014142e-03 5.07813701e-10
-2.40681018e+03 6.30771249e+00 7.13014143e-03 4.63520434e-10
-2.40531014e+03 6.30230431e+00 7.13014143e-03 4.22680153e-10
-2.40381010e+03 6.29686191e+00 7.13014143e-03 3.85087819e-10
-2.40231006e+03 6.29138840e+00 7.13014143e-03 3.50547829e-10
-2.40081003e+03 6.28588848e+00 7.13014143e-03 3.18878106e-10
-2.39930999e+03 6.28036467e+00 7.13014144e-03 2.89885016e-10
-2.39780995e+03 6.27481888e+00 7.13014144e-03 2.63375820e-10
-2.39630991e+03 6.26925154e+00 7.13014144e-03 2.39156954e-10
-2.39480988e+03 6.26366073e+00 7.13014144e-03 2.17034699e-10
-2.39330984e+03 6.25804418e+00 7.13014144e-03 1.96827630e-10
-2.39180980e+03 6.25239915e+00 7.13014144e-03 1.78367600e-10
-2.39030976e+03 6.24672383e+00 7.13014144e-03 1.61504881e-10
-2.38880973e+03 6.24101611e+00 7.13014144e-03 1.46103593e-10
-2.38730969e+03 6.23527642e+00 7.13014144e-03 1.32048043e-10
-2.38580965e+03 6.22950501e+00 7.13014144e-03 1.19232691e-10
-2.38430961e+03 6.22370390e+00 7.13014145e-03 1.07564773e-10
-2.38280958e+03 6.21787314e+00 7.13014145e-03 9.69544527e-11
-2.38130954e+03 6.21201413e+00 7.13014145e-03 8.73203429e-11
-2.37980950e+03 6.20612547e+00 7.13014145e-03 7.85812341e-11
-2.37830946e+03 6.20020630e+00 7.13014145e-03 7.06616922e-11
-2.37680943e+03 6.19425421e+00 7.13014145e-03 6.34888969e-11
-2.37530939e+03 6.18826698e+00 7.13014145e-03 5.69952515e-11
-2.37380935e+03 6.18224305e+00 7.13014145e-03 5.11188762e-11
-2.37230931e+03 6.17618181e+00 7.13014145e-03 4.58037605e-11
-2.37080928e+03 6.17008332e+00 7.13014145e-03 4.09993120e-11
-2.36930924e+03 6.16394961e+00 7.13014145e-03 3.66610234e-11
-2.36780920e+03 6.15778310e+00 7.13014145e-03 3.27485683e-11
-2.36630916e+03 6.15158708e+00 7.13014145e-03 2.92256531e-11
-2.36480913e+03 6.14536564e+00 7.13014145e-03 2.60592353e-11
-2.36330909e+03 6.13912228e+00 7.13014145e-03 2.32182196e-11
-2.36180905e+03 6.13285928e+00 7.13014145e-03 2.06729905e-11
-2.36030901e+03 6.12657841e+00 7.13014145e-03 1.83956683e-11
-2.35880898e+03 6.12027883e+00 7.13014145e-03 1.63594188e-11
-2.35730894e+03 6.11395931e+00 7.13014145e-03 1.45394796e-11
-2.35580890e+03 6.10761640e+00 7.13014145e-03 1.29127472e-11
-2.35430886e+03 6.10124687e+00 7.13014145e-03 1.14586058e-11
-2.35280883e+03 6.09484766e+00 7.13014145e-03 1.01587702e-11
-2.35130879e+03 6.08841669e+00 7.13014145e-03 8.99726989e-12
-2.34980875e+03 6.08195358e+00 7.13014145e-03 7.96024183e-12
-2.34830871e+03 6.07545942e+00 7.13014145e-03 7.03551931e-12
-2.34680868e+03 6.06893731e+00 7.13014145e-03 6.21235365e-12
-2.34530864e+03 6.06239047e+00 7.13014145e-03 5.48088379e-12
-2.34380860e+03 6.05582268e+00 7.13014145e-03 4.83203370e-12
-2.34230856e+03 6.04923651e+00 7.13014145e-03 4.25726326e-12
-2.34080853e+03 6.04263350e+00 7.13014145e-03 3.74861390e-12
-2.33930849e+03 6.03601284e+00 7.13014145e-03 3.29866422e-12
-2.33780845e+03 6.02937241e+00 7.13014145e-03 2.90067881e-12
-2.33630841e+03 6.02270944e+00 7.13014145e-03 2.54865352e-12
-2.33480838e+03 6.01602040e+00 7.13014145e-03 2.23728402e-12
-2.33330834e+03 6.00930258e+00 7.13014145e-03 1.96197333e-12
-2.33180830e+03 6.00255483e+00 7.13014145e-03 1.71875007e-12
-2.33030826e+03 5.99577782e+00 7.13014145e-03 1.50415465e-12
-2.32880823e+03 5.98897305e+00 7.13014145e-03 1.31510678e-12
-2.32730819e+03 5.98214407e+00 7.13014145e-03 1.14886129e-12
-2.32580815e+03 5.97529478e+00 7.13014145e-03 1.00290958e-12
-2.32430811e+03 5.96842838e+00 7.13014145e-03 8.74940636e-13
-2.32280808e+03 5.96154701e+00 7.13014145e-03 7.62838215e-13
-2.32130804e+03 5.95465146e+00 7.13014145e-03 6.64685437e-13
-2.31980800e+03 5.94774027e+00 7.13014145e-03 5.78758312e-13
-2.31830796e+03 5.94081097e+00 7.13014145e-03 5.03540634e-13
-2.31680793e+03 5.93385933e+00 7.13014145e-03 4.37701289e-13
-2.31530789e+03 5.92688127e+00 7.13014145e-03 3.80091745e-13
-2.31380785e+03 5.91987204e+00 7.13014145e-03 3.29710147e-13
-2.31230781e+03 5.91282903e+00 7.13014145e-03 2.85694441e-13
-2.31080778e+03 5.90574981e+00 7.13014145e-03 2.47282373e-13
-2.30930774e+03 5.89863419e+00 7.13014145e-03 2.13805048e-13
-2.30780770e+03 5.89148366e+00 7.13014145e-03 1.84668604e-13
-2.30630766e+03 5.88430021e+00 7.13014145e-03 1.59341423e-13
-2.30480763e+03 5.87708712e+00 7.13014145e-03 1.37352605e-13
-2.30330759e+03 5.86984753e+00 7.13014145e-03 1.18283653e-13
-2.30180755e+03 5.86258484e+00 7.13014145e-03 1.01766561e-13
-2.30030751e+03 5.85530144e+00 7.13014145e-03 8.74763516e-14
-2.29880748e+03 5.84799979e+00 7.13014145e-03 7.51288799e-14
-2.29730744e+03 5.84068092e+00 7.13014145e-03 6.44727625e-14
-2.29580740e+03 5.83334518e+00 7.13014145e-03 5.52866661e-14
-2.29430736e+03 5.82599187e+00 7.13014145e-03 4.73749923e-14
-2.29280733e+03 5.81861982e+00 7.13014145e-03 4.05657902e-14
-2.29130729e+03 5.81122727e+00 7.13014145e-03 3.47083505e-14
-2.28980725e+03 5.80381101e+00 7.13014145e-03 2.96707412e-14
-2.28830721e+03 5.79636838e+00 7.13014145e-03 2.53396210e-14
-2.28680718e+03 5.78889556e+00 7.13014145e-03 2.16170416e-14
-2.28530714e+03 5.78138913e+00 7.13014145e-03 1.84193718e-14
-2.28380710e+03 5.77384567e+00 7.13014145e-03 1.56748724e-14
-2.28230706e+03 5.76626305e+00 7.13014145e-03 1.33221501e-14
-2.28080703e+03 5.75864006e+00 7.13014145e-03 1.13081070e-14
-2.27930699e+03 5.75097670e+00 7.13014145e-03 9.58661131e-15
-2.27780695e+03 5.74327420e+00 7.13014145e-03 8.11742137e-15
-2.27630691e+03 5.73553565e+00 7.13014145e-03 6.86552671e-15
-2.27480688e+03 5.72776449e+00 7.13014145e-03 5.80030765e-15
-2.27330684e+03 5.71996452e+00 7.13014145e-03 4.89515949e-15
-2.27180680e+03 5.71213938e+00 7.13014145e-03 4.12705481e-15
-2.27030676e+03 5.70429175e+00 7.13014145e-03 3.47607799e-15
-2.26880673e+03 5.69642347e+00 7.13014145e-03 2.92507070e-15
-2.26730669e+03 5.68853487e+00 7.13014145e-03 2.45921860e-15
-2.26580665e+03 5.68062527e+00 7.13014145e-03 2.06576894e-15
-2.26430661e+03 5.67269313e+00 7.13014145e-03 1.73375489e-15
-2.26280658e+03 5.66473694e+00 7.13014145e-03 1.45379756e-15
-2.26130654e+03 5.65675479e+00 7.13014145e-03 1.21788120e-15
-2.25980650e+03 5.64874579e+00 7.13014145e-03 1.01921966e-15
-2.25830646e+03 5.64070990e+00 7.13014145e-03 8.52072086e-16
-2.25680643e+03 5.63264824e+00 7.13014145e-03 7.11592749e-16
-2.25530639e+03 5.62456201e+00 7.13014145e-03 5.93669066e-16
-2.25380635e+03 5.61645350e+00 7.13014145e-03 4.94819254e-16
-2.25230631e+03 5.60832472e+00 7.13014145e-03 4.12070930e-16
-2.25080628e+03 5.60017677e+00 7.13014145e-03 3.42881916e-16
-2.24930624e+03 5.59201019e+00 7.13014145e-03 2.85086127e-16
-2.24780620e+03 5.58382420e+00 7.13014145e-03 2.36840392e-16
-2.24630616e+03 5.57561770e+00 7.13014145e-03 1.96590330e-16
-2.24480613e+03 5.56738836e+00 7.13014145e-03 1.63026845e-16
-2.24330609e+03 5.55913384e+00 7.13014145e-03 1.35056066e-16
-2.24180605e+03 5.55085281e+00 7.13014145e-03 1.11766603e-16
-2.24030601e+03 5.54254399e+00 7.13014145e-03 9.23947686e-17
-2.23880598e+03 5.53420833e+00 7.13014145e-03 7.63029743e-17
-2.23730594e+03 5.52584717e+00 7.13014145e-03 6.29534603e-17
-2.23580590e+03 5.51746330e+00 7.13014145e-03 5.18938516e-17
-2.23430586e+03 5.50906007e+00 7.13014145e-03 4.27427114e-17
-2.23280583e+03 5.50064024e+00 7.13014145e-03 3.51785084e-17
-2.23130579e+03 5.49220688e+00 7.13014145e-03 2.89322693e-17
-2.22980575e+03 5.48376101e+00 7.13014145e-03 2.37783047e-17
-2.22830571e+03 5.47530291e+00 7.13014145e-03 1.95288073e-17
-2.22680568e+03 5.46683092e+00 7.13014145e-03 1.60272010e-17
-2.22530564e+03 5.45834237e+00 7.13014145e-03 1.31435013e-17
-2.22380560e+03 5.44983445e+00 7.13014145e-03 1.07700500e-17
-2.22230556e+03 5.44130392e+00 7.13014145e-03 8.81758545e-18
-2.22080553e+03 5.43274831e+00 7.13014145e-03 7.21239698e-18
-2.21930549e+03 5.42416649e+00 7.13014145e-03 5.89371451e-18
-2.21780545e+03 5.41555912e+00 7.13014145e-03 4.81145807e-18
-2.21630541e+03 5.40692811e+00 7.13014145e-03 3.92425599e-18
-2.21480538e+03 5.39827594e+00 7.13014145e-03 3.19785136e-18
-2.21330534e+03 5.38960702e+00 7.13014145e-03 2.60394813e-18
-2.21180530e+03 5.38092518e+00 7.13014145e-03 2.11899042e-18
-2.21030526e+03 5.37223394e+00 7.13014145e-03 1.72342689e-18
-2.20880523e+03 5.36353605e+00 7.13014145e-03 1.40105704e-18
-2.20730519e+03 5.35483314e+00 7.13014145e-03 1.13850020e-18
-2.20580515e+03 5.34612590e+00 7.13014145e-03 9.24755830e-19
-2.20430511e+03 5.33741345e+00 7.13014145e-03 7.50801007e-19
-2.20280508e+03 5.32869410e+00 7.13014145e-03 6.09267978e-19
-2.20130504e+03 5.31996594e+00 7.13014145e-03 4.94153859e-19
-2.19980500e+03 5.31122680e+00 7.13014145e-03 4.00563826e-19
-2.19830496e+03 5.30247483e+00 7.13014145e-03 3.24508246e-19
-2.19680493e+03 5.29370810e+00 7.13014145e-03 2.62729814e-19
-2.19530489e+03 5.28492580e+00 7.13014145e-03 2.12576723e-19
-2.19380485e+03 5.27612700e+00 7.13014145e-03 1.71882883e-19
-2.19230481e+03 5.26731173e+00 7.13014145e-03 1.38885618e-19
-2.19080478e+03 5.25847973e+00 7.13014145e-03 1.12146394e-19
-2.18930474e+03 5.24963186e+00 7.13014145e-03 9.04956058e-20
-2.18780470e+03 5.24076795e+00 7.13014145e-03 7.29772084e-20
-2.18630466e+03 5.23188862e+00 7.13014145e-03 5.88136149e-20
-2.18480463e+03 5.22299451e+00 7.13014145e-03 4.73709435e-20
-2.18330459e+03 5.21408524e+00 7.13014145e-03 3.81319341e-20
-2.18180455e+03 5.20516134e+00 7.13014145e-03 3.06770785e-20
-2.18030451e+03 5.19622274e+00 7.13014145e-03 2.46652480e-20
-2.17880448e+03 5.18726983e+00 7.13014145e-03 1.98201128e-20
-2.17730444e+03 5.17830201e+00 7.13014145e-03 1.59173403e-20
-2.17580440e+03 5.16931982e+00 7.13014145e-03 1.27757978e-20
-2.17430436e+03 5.16032339e+00 7.13014145e-03 1.02486220e-20
-2.17280433e+03 5.15131279e+00 7.13014145e-03 8.21691353e-21
-2.17130429e+03 5.14228814e+00 7.13014145e-03 6.58450074e-21
-2.16980425e+03 5.13324977e+00 7.13014145e-03 5.27366827e-21
-2.16830421e+03 5.12419775e+00 7.13014145e-03 4.22162248e-21
-2.16680418e+03 5.11513309e+00 7.13014145e-03 3.37779289e-21
-2.16530414e+03 5.10605559e+00 7.13014145e-03 2.70129668e-21
-2.16380410e+03 5.09696545e+00 7.13014145e-03 2.15924629e-21
-2.16230406e+03 5.08786300e+00 7.13014145e-03 1.72516350e-21
-2.16080403e+03 5.07874826e+00 7.13014145e-03 1.37772062e-21
-2.15930399e+03 5.06962146e+00 7.13014145e-03 1.09976694e-21
-2.15780395e+03 5.06048229e+00 7.13014145e-03 8.77501121e-22
-2.15630391e+03 5.05133083e+00 7.13014145e-03 6.99847830e-22
-2.15480388e+03 5.04216667e+00 7.13014145e-03 5.57910677e-22
-2.15330384e+03 5.03298998e+00 7.13014145e-03 4.44563022e-22
-2.15180380e+03 5.02380020e+00 7.13014145e-03 3.54083630e-22
-2.15030376e+03 5.01459755e+00 7.13014145e-03 2.81895132e-22
-2.14880373e+03 5.00538204e+00 7.13014145e-03 2.24327285e-22
-2.14730369e+03 4.99615324e+00 7.13014145e-03 1.78438065e-22
-2.14580365e+03 4.98691115e+00 7.13014145e-03 1.41875004e-22
-2.14430361e+03 4.97765584e+00 7.13014145e-03 1.12755806e-22
-2.14280358e+03 4.96838747e+00 7.13014145e-03 8.95754629e-23
-2.14130354e+03 4.95910596e+00 7.13014145e-03 7.11306112e-23
-2.13980350e+03 4.94981127e+00 7.13014145e-03 5.64602073e-23
-2.13830346e+03 4.94050331e+00 7.13014145e-03 4.47969322e-23
-2.13680343e+03 4.93118209e+00 7.13014145e-03 3.55284611e-23
-2.13530339e+03 4.92184760e+00 7.13014145e-03 2.81662521e-23
-2.13380335e+03 4.91249994e+00 7.13014145e-03 2.23207611e-23
-2.13230331e+03 4.90313893e+00 7.13014145e-03 1.76813405e-23
-2.13080328e+03 4.89376421e+00 7.13014145e-03 1.40005303e-23
-2.12930324e+03 4.88437559e+00 7.13014145e-03 1.10814347e-23
-2.12780320e+03 4.87497307e+00 7.13014145e-03 8.76739818e-24
-2.12630316e+03 4.86555611e+00 7.13014145e-03 6.93369484e-24
-2.12480313e+03 4.85612517e+00 7.13014145e-03 5.48131316e-24
-2.12330309e+03 4.84667937e+00 7.13014145e-03 4.33134301e-24
-2.12180305e+03 4.83721915e+00 7.13014145e-03 3.42124670e-24
-2.12030301e+03 4.82774421e+00 7.13014145e-03 2.70126864e-24
-2.11880298e+03 4.81825460e+00 7.13014145e-03 2.13193500e-24
-2.11730294e+03 4.80875032e+00 7.13014145e-03 1.68191339e-24
-2.11580290e+03 4.79923103e+00 7.13014145e-03 1.32633765e-24
-2.11430286e+03 4.78969635e+00 7.13014145e-03 1.04549627e-24
-2.11280283e+03 4.78014574e+00 7.13014145e-03 8.23766598e-25
-2.11130279e+03 4.77057850e+00 7.13014145e-03 6.48772574e-25
-2.10980275e+03 4.76099458e+00 7.13014145e-03 5.10725607e-25
-2.10830271e+03 4.75139329e+00 7.13014145e-03 4.01867553e-25
-2.10680268e+03 4.74177472e+00 7.13014145e-03 3.16067424e-25
-2.10530264e+03 4.73213894e+00 7.13014145e-03 2.48473167e-25
-2.10380260e+03 4.72248654e+00 7.13014145e-03 1.95249188e-25
-2.10230256e+03 4.71281816e+00 7.13014145e-03 1.53361635e-25
-2.10080253e+03 4.70313451e+00 7.13014145e-03 1.20412151e-25
-2.09930249e+03 4.69343588e+00 7.13014145e-03 9.45048077e-26
-2.09780245e+03 4.68372296e+00 7.13014145e-03 7.41438974e-26
-2.09630241e+03 4.67399661e+00 7.13014145e-03 5.81493087e-26
-2.09480238e+03 4.66425553e+00 7.13014145e-03 4.55876901e-26
-2.09330234e+03 4.65450101e+00 7.13014145e-03 3.57272064e-26
-2.09180230e+03 4.64473245e+00 7.13014145e-03 2.79893520e-26
-2.09030226e+03 4.63494944e+00 7.13014145e-03 2.19192124e-26
-2.08880223e+03 4.62515191e+00 7.13014145e-03 1.71591223e-26
-2.08730219e+03 4.61533928e+00 7.13014145e-03 1.34275633e-26
-2.08580215e+03 4.60551139e+00 7.13014145e-03 1.05034018e-26
-2.08430211e+03 4.59566781e+00 7.13014145e-03 8.21275688e-27
-2.08280208e+03 4.58580844e+00 7.13014145e-03 6.41908700e-27
-2.08130204e+03 4.57593244e+00 7.13014145e-03 5.01503747e-27
-2.07980200e+03 4.56603936e+00 7.13014145e-03 3.91639816e-27
-2.07830196e+03 4.55612843e+00 7.13014145e-03 3.05705602e-27
-2.07680193e+03 4.54619870e+00 7.13014145e-03 2.38513867e-27
-2.07530189e+03 4.53624976e+00 7.13014145e-03 1.86000141e-27
-2.07380185e+03 4.52628127e+00 7.13014145e-03 1.44976882e-27
-2.07230181e+03 4.51629347e+00 7.13014145e-03 1.12946555e-27
-2.07080178e+03 4.50628676e+00 7.13014145e-03 8.79508951e-28
-2.06930174e+03 4.49626229e+00 7.13014145e-03 6.84562857e-28
-2.06780170e+03 4.48622090e+00 7.13014145e-03 5.32600305e-28
-2.06630166e+03 4.47616410e+00 7.13014145e-03 4.14210546e-28
-2.06480163e+03 4.46609317e+00 7.13014145e-03 3.22022565e-28
-2.06330159e+03 4.45600891e+00 7.13014145e-03 2.50268319e-28
-2.06180155e+03 4.44591184e+00 7.13014145e-03 1.94439927e-28
-2.06030151e+03 4.43580240e+00 7.13014145e-03 1.51018425e-28
-2.05880148e+03 4.42568028e+00 7.13014145e-03 1.17256264e-28
-2.05730144e+03 4.41554486e+00 7.13014145e-03 9.10117083e-29
-2.05580140e+03 4.40539595e+00 7.13014145e-03 7.06173333e-29
-2.05430136e+03 4.39523339e+00 7.13014145e-03 5.47742794e-29
-2.05280133e+03 4.38505655e+00 7.13014145e-03 4.24704272e-29
-2.05130129e+03 4.37486548e+00 7.13014145e-03 3.29186216e-29
-2.04980125e+03 4.36466016e+00 7.13014145e-03 2.55059519e-29
-2.04830121e+03 4.35444109e+00 7.13014145e-03 1.97556728e-29
-2.04680118e+03 4.34420838e+00 7.13014145e-03 1.52965594e-29
-2.04530114e+03 4.33396170e+00 7.13014145e-03 1.18397841e-29
-2.04380110e+03 4.32370164e+00 7.13014145e-03 9.16111479e-30
-2.04230106e+03 4.31342672e+00 7.13014145e-03 7.08583863e-30
-2.04080103e+03 4.30313731e+00 7.13014145e-03 5.47869032e-30
-2.03930099e+03 4.29283245e+00 7.13014145e-03 4.23442375e-30
-2.03780095e+03 4.28251194e+00 7.13014145e-03 3.27146195e-30
-2.03630091e+03 4.27217578e+00 7.13014145e-03 2.52650045e-30
-2.03480088e+03 4.26182462e+00 7.13014145e-03 1.95044672e-30
-2.03330084e+03 4.25145854e+00 7.13014145e-03 1.50517441e-30
-2.03180080e+03 4.24107866e+00 7.13014145e-03 1.16115402e-30
-2.03030076e+03 4.23068563e+00 7.13014145e-03 8.95468482e-31
-2.02880073e+03 4.22028020e+00 7.13014145e-03 6.90361744e-31
-2.02730069e+03 4.20986271e+00 7.13014145e-03 5.32075467e-31
-2.02580065e+03 4.19943304e+00 7.13014145e-03 4.09957677e-31
-2.02430061e+03 4.18899061e+00 7.13014145e-03 3.15768846e-31
-2.02280058e+03 4.17853519e+00 7.13014145e-03 2.43143926e-31
-2.02130054e+03 4.16806532e+00 7.13014145e-03 1.87158253e-31
-2.01980050e+03 4.15758097e+00 7.13014145e-03 1.44016216e-31
-2.01830046e+03 4.14708169e+00 7.13014145e-03 1.10783639e-31
-2.01680043e+03 4.13656820e+00 7.13014145e-03 8.51973735e-32
-2.01530039e+03 4.12604123e+00 7.13014145e-03 6.55087601e-32
-2.01380035e+03 4.11550289e+00 7.13014145e-03 5.03692630e-32
-2.01230031e+03 4.10495551e+00 7.13014145e-03 3.87374829e-32
-2.01080028e+03 4.09440116e+00 7.13014145e-03 2.98095836e-32
-2.00930024e+03 4.08384198e+00 7.13014145e-03 2.29664057e-32
-2.00780020e+03 4.07328002e+00 7.13014145e-03 1.77317642e-32
-2.00630016e+03 4.06271596e+00 7.13014145e-03 1.37399194e-32
-2.00480013e+03 4.05215097e+00 7.13014145e-03 1.07117826e-32
-2.00330009e+03 4.04158428e+00 7.13014145e-03 8.43495626e-33
-2.00180005e+03 4.03101602e+00 7.13014145e-03 6.74997591e-33
-2.00030001e+03 4.02044531e+00 7.13014145e-03 5.53869331e-33
-1.99879997e+03 4.00987100e+00 7.13014145e-03 4.71625394e-33
-1.99729994e+03 3.99929236e+00 7.13014145e-03 4.22519532e-33
-1.99579990e+03 3.98870832e+00 7.13014145e-03 4.03135635e-33
-1.99429986e+03 3.97811845e+00 7.13014145e-03 4.12154629e-33
-1.99279982e+03 3.96752268e+00 7.13014145e-03 4.50260683e-33
-1.99129979e+03 3.95692117e+00 7.13014145e-03 5.20193513e-33
-1.98979975e+03 3.94631426e+00 7.13014145e-03 6.26946662e-33
-1.98829971e+03 3.93570258e+00 7.13014145e-03 7.78122787e-33
-1.98679967e+03 3.92508747e+00 7.13014145e-03 9.84461880e-33
-1.98529964e+03 3.91446965e+00 7.13014145e-03 1.26062110e-32
-1.98379960e+03 3.90385070e+00 7.13014145e-03 1.62617240e-32
-1.98229956e+03 3.89323163e+00 7.13014145e-03 2.10701064e-32
-1.98079952e+03 3.88261451e+00 7.13014145e-03 2.73708893e-32
-1.97929949e+03 3.87200002e+00 7.13014145e-03 3.56090310e-32
-1.97779945e+03 3.86139015e+00 7.13014145e-03 4.63640574e-32
-1.97629941e+03 3.85078694e+00 7.13014145e-03 6.03902025e-32
-1.97479937e+03 3.84019075e+00 7.13014145e-03 7.86709260e-32
-1.97329934e+03 3.82960320e+00 7.13014145e-03 1.02482573e-31
-1.97179930e+03 3.81902581e+00 7.13014145e-03 1.33482232e-31
-1.97029926e+03 3.80845946e+00 7.13014145e-03 1.73822295e-31
-1.96879922e+03 3.79790462e+00 7.13014145e-03 2.26297134e-31
-1.96729919e+03 3.78736268e+00 7.13014145e-03 2.94525121e-31
-1.96579915e+03 3.77683419e+00 7.13014145e-03 3.83199941e-31
-1.96429911e+03 3.76631973e+00 7.13014145e-03 4.98401628e-31
-1.96279907e+03 3.75581985e+00 7.13014145e-03 6.48003236e-31
-1.96129904e+03 3.74533530e+00 7.13014145e-03 8.42189053e-31
-1.95979900e+03 3.73486635e+00 7.13014145e-03 1.09414106e-30
-1.95829896e+03 3.72441403e+00 7.13014145e-03 1.42087769e-30
-1.95679892e+03 3.71397878e+00 7.13014145e-03 1.84439949e-30
-1.95529889e+03 3.70356172e+00 7.13014145e-03 2.39307241e-30
-1.95379885e+03 3.69316345e+00 7.13014145e-03 3.10350649e-30
-1.95229881e+03 3.68278527e+00 7.13014145e-03 4.02282570e-30
-1.95079877e+03 3.67242848e+00 7.13014145e-03 5.21167695e-30
-1.94929874e+03 3.66209493e+00 7.13014145e-03 6.74794111e-30
-1.94779870e+03 3.65178531e+00 7.13014145e-03 8.73182778e-30
-1.94629866e+03 3.64150185e+00 7.13014145e-03 1.12915787e-29
-1.94479862e+03 3.63124558e+00 7.13014145e-03 1.45918010e-29
-1.94329859e+03 3.62101781e+00 7.13014145e-03 1.88431413e-29
-1.94179855e+03 3.61081945e+00 7.13014145e-03 2.43152203e-29
-1.94029851e+03 3.60065167e+00 7.13014145e-03 3.13524036e-29
-1.93879847e+03 3.59051504e+00 7.13014145e-03 4.03947411e-29
-1.93729844e+03 3.58041036e+00 7.13014145e-03 5.20033804e-29
-1.93579840e+03 3.57033729e+00 7.13014145e-03 6.68951587e-29
-1.93429836e+03 3.56029652e+00 7.13014145e-03 8.59818150e-29
-1.93279832e+03 3.55028781e+00 7.13014145e-03 1.10425654e-28
-1.93129829e+03 3.54031106e+00 7.13014145e-03 1.41705158e-28
-1.92979825e+03 3.53036563e+00 7.13014145e-03 1.81702452e-28
-1.92829821e+03 3.52045138e+00 7.13014145e-03 2.32807321e-28
-1.92679817e+03 3.51056764e+00 7.13014145e-03 2.98057753e-28
-1.92529814e+03 3.50071329e+00 7.13014145e-03 3.81315289e-28
-1.92379810e+03 3.49088786e+00 7.13014145e-03 4.87475779e-28
-1.92229806e+03 3.48109039e+00 7.13014145e-03 6.22755050e-28
-1.92079802e+03 3.47131985e+00 7.13014145e-03 7.95038203e-28
-1.91929799e+03 3.46157540e+00 7.13014145e-03 1.01431821e-27
-1.91779795e+03 3.45185592e+00 7.13014145e-03 1.29326587e-27
-1.91629791e+03 3.44216074e+00 7.13014145e-03 1.64792039e-27
-1.91479787e+03 3.43248821e+00 7.13014145e-03 2.09863536e-27
-1.91329784e+03 3.42283751e+00 7.13014145e-03 2.67115417e-27
-1.91179780e+03 3.41320755e+00 7.13014145e-03 3.39808056e-27
-1.91029776e+03 3.40359703e+00 7.13014145e-03 4.32071048e-27
-1.90879772e+03 3.39400451e+00 7.13014145e-03 5.49134697e-27
-1.90729769e+03 3.38442921e+00 7.13014145e-03 6.97610580e-27
-1.90579765e+03 3.37486991e+00 7.13014145e-03 8.85871714e-27
-1.90429761e+03 3.36532629e+00 7.13014145e-03 1.12448915e-26
-1.90279757e+03 3.35579763e+00 7.13014145e-03 1.42683589e-26
-1.90129754e+03 3.34628415e+00 7.13014145e-03 1.80977337e-26
-1.89979750e+03 3.33678606e+00 7.13014145e-03 2.29458120e-26
-1.89829746e+03 3.32730300e+00 7.13014145e-03 2.90813974e-26
-1.89679742e+03 3.31783573e+00 7.13014145e-03 3.68426650e-26
-1.89529739e+03 3.30838339e+00 7.13014145e-03 4.66573408e-26
-1.89379735e+03 3.29894592e+00 7.13014145e-03 5.90639030e-26
-1.89229731e+03 3.28952240e+00 7.13014145e-03 7.47424514e-26
-1.89079727e+03 3.28011105e+00 7.13014145e-03 9.45527381e-26
-1.88929724e+03 3.27071052e+00 7.13014145e-03 1.19579505e-25
-1.88779720e+03 3.26131859e+00 7.13014145e-03 1.51195449e-25
-1.88629716e+03 3.25193286e+00 7.13014145e-03 1.91137359e-25
-1.88479712e+03 3.24255107e+00 7.13014145e-03 2.41602456e-25
-1.88329709e+03 3.23317072e+00 7.13014145e-03 3.05374403e-25
-1.88179705e+03 3.22378939e+00 7.13014145e-03 3.85980372e-25
-1.88029701e+03 3.21440502e+00 7.13014145e-03 4.87888440e-25
-1.87879697e+03 3.20501608e+00 7.13014145e-03 6.16757313e-25
-1.87729694e+03 3.19562065e+00 7.13014145e-03 7.79769578e-25
-1.87579690e+03 3.18621758e+00 7.13014145e-03 9.86025500e-25
-1.87429686e+03 3.17680563e+00 7.13014145e-03 1.24707444e-24
-1.87279682e+03 3.16738410e+00 7.13014145e-03 1.57756021e-24
-1.87129679e+03 3.15795174e+00 7.13014145e-03 1.99609680e-24
-1.86979675e+03 3.14850805e+00 7.13014145e-03 2.52629292e-24
-1.86829671e+03 3.13905257e+00 7.13014145e-03 3.19812984e-24
-1.86679667e+03 3.12958476e+00 7.13014145e-03 4.04970143e-24
-1.86529664e+03 3.12010418e+00 7.13014145e-03 5.12941137e-24
-1.86379660e+03 3.11061037e+00 7.13014145e-03 6.49879848e-24
-1.86229656e+03 3.10110312e+00 7.13014145e-03 8.23608619e-24
-1.86079652e+03 3.09158227e+00 7.13014145e-03 1.04407488e-23
-1.85929649e+03 3.08204727e+00 7.13014145e-03 1.32394568e-23
-1.85779645e+03 3.07249846e+00 7.13014145e-03 1.67931193e-23
-1.85629641e+03 3.06293495e+00 7.13014145e-03 2.13070200e-23
-1.85479637e+03 3.05335760e+00 7.13014145e-03 2.70416080e-23
-1.85329634e+03 3.04376597e+00 7.13014145e-03 3.43291339e-23
-1.85179630e+03 3.03416016e+00 7.13014145e-03 4.35923943e-23
-1.85029626e+03 3.02454048e+00 7.13014145e-03 5.53695750e-23
-1.84879622e+03 3.01490746e+00 7.13014145e-03 7.03456608e-23
-1.84729619e+03 3.00526102e+00 7.13014145e-03 8.93940188e-23
-1.84579615e+03 2.99560158e+00 7.13014145e-03 1.13626098e-22
-1.84429611e+03 2.98592925e+00 7.13014145e-03 1.44458044e-22
-1.84279607e+03 2.97624516e+00 7.13014145e-03 1.83689156e-22
-1.84129604e+03 2.96654933e+00 7.13014145e-03 2.33614485e-22
-1.83979600e+03 2.95684253e+00 7.13014145e-03 2.97152652e-22
-1.83829596e+03 2.94712530e+00 7.13014145e-03 3.78020630e-22
-1.83679592e+03 2.93739817e+00 7.13014145e-03 4.80951008e-22
-1.83529589e+03 2.92766201e+00 7.13014145e-03 6.11962077e-22
-1.83379585e+03 2.91791714e+00 7.13014145e-03 7.78717503e-22
-1.83229581e+03 2.90816462e+00 7.13014145e-03 9.90948364e-22
-1.83079577e+03 2.89840514e+00 7.13014145e-03 1.26102945e-21
-1.82929574e+03 2.88863952e+00 7.13014145e-03 1.60468374e-21
-1.82779570e+03 2.87886841e+00 7.13014145e-03 2.04189914e-21
-1.82629566e+03 2.86909293e+00 7.13014145e-03 2.59804603e-21
-1.82479562e+03 2.85931369e+00 7.13014145e-03 3.30536906e-21
-1.82329559e+03 2.84953176e+00 7.13014145e-03 4.20474919e-21
-1.82179555e+03 2.83974753e+00 7.13014145e-03 5.34808705e-21
-1.82029551e+03 2.82996270e+00 7.13014145e-03 6.80096394e-21
-1.81879547e+03 2.82017709e+00 7.13014145e-03 8.64672282e-21
-1.81729544e+03 2.81039240e+00 7.13014145e-03 1.09905440e-20
-1.81579540e+03 2.80060902e+00 7.13014145e-03 1.39658700e-20
-1.81429536e+03 2.79082804e+00 7.13014145e-03 1.77413644e-20
-1.81279532e+03 2.78104981e+00 7.13014145e-03 2.25305854e-20
-1.81129529e+03 2.77127571e+00 7.13014145e-03 2.86026856e-20
-1.80979525e+03 2.76150572e+00 7.13014145e-03 3.62980933e-20
-1.80829521e+03 2.75174101e+00 7.13014145e-03 4.60450169e-20
-1.80679517e+03 2.74198204e+00 7.13014145e-03 5.83836295e-20
-1.80529514e+03 2.73222940e+00 7.13014145e-03 7.39945332e-20
-1.80379510e+03 2.72248357e+00 7.13014145e-03 9.37355679e-20
-1.80229506e+03 2.71274508e+00 7.13014145e-03 1.18686746e-19
-1.80079502e+03 2.70301431e+00 7.13014145e-03 1.50206902e-19
-1.79929499e+03 2.69329140e+00 7.13014145e-03 1.90003437e-19
-1.79779495e+03 2.68357684e+00 7.13014145e-03 2.40216360e-19
-1.79629491e+03 2.67387076e+00 7.13014145e-03 3.03530125e-19
-1.79479487e+03 2.66417346e+00 7.13014145e-03 3.83308774e-19
-1.79329484e+03 2.65448501e+00 7.13014145e-03 4.83772886e-19
-1.79179480e+03 2.64480591e+00 7.13014145e-03 6.10209726e-19
-1.79029476e+03 2.63513546e+00 7.13014145e-03 7.69261102e-19
-1.78879472e+03 2.62547425e+00 7.13014145e-03 9.69213973e-19
-1.78729469e+03 2.61582207e+00 7.13014145e-03 1.22042914e-18
-1.78579465e+03 2.60617910e+00 7.13014145e-03 1.53581360e-18
-1.78429461e+03 2.59654548e+00 7.13014145e-03 1.93145272e-18
-1.78279457e+03 2.58692083e+00 7.13014145e-03 2.42743070e-18
-1.78129454e+03 2.57730538e+00 7.13014145e-03 3.04878236e-18
-1.77979450e+03 2.56769926e+00 7.13014145e-03 3.82674309e-18
-1.77829446e+03 2.55810236e+00 7.13014145e-03 4.80024731e-18
-1.77679442e+03 2.54851488e+00 7.13014145e-03 6.01765389e-18
-1.77529439e+03 2.53893673e+00 7.13014145e-03 7.53896341e-18
-1.77379435e+03 2.52936803e+00 7.13014145e-03 9.43844868e-18
-1.77229431e+03 2.51980875e+00 7.13014145e-03 1.18081229e-17
-1.77079427e+03 2.51025917e+00 7.13014145e-03 1.47619811e-17
-1.76929424e+03 2.50071944e+00 7.13014145e-03 1.84415034e-17
-1.76779420e+03 2.49118940e+00 7.13014145e-03 2.30223255e-17
-1.76629416e+03 2.48166911e+00 7.13014145e-03 2.87218064e-17
-1.76479412e+03 2.47215910e+00 7.13014145e-03 3.58078333e-17
-1.76329409e+03 2.46265907e+00 7.13014145e-03 4.46106534e-17
-1.76179405e+03 2.45316916e+00 7.13014145e-03 5.55358538e-17
-1.76029401e+03 2.44368959e+00 7.13014145e-03 6.90821190e-17
-1.75879397e+03 2.43422020e+00 7.13014145e-03 8.58645039e-17
-1.75729394e+03 2.42476095e+00 7.13014145e-03 1.06641810e-16
-1.75579390e+03 2.41531180e+00 7.13014145e-03 1.32349955e-16
-1.75429386e+03 2.40587303e+00 7.13014145e-03 1.64138783e-16
-1.75279382e+03 2.39644440e+00 7.13014145e-03 2.03418625e-16
-1.75129379e+03 2.38702603e+00 7.13014145e-03 2.51910106e-16
-1.74979375e+03 2.37761777e+00 7.13014145e-03 3.11713293e-16
-1.74829371e+03 2.36821986e+00 7.13014145e-03 3.85390554e-16
-1.74679367e+03 2.35883194e+00 7.13014145e-03 4.76084902e-16
-1.74529364e+03 2.34945444e+00 7.13014145e-03 5.87644605e-16
-1.74379360e+03 2.34008706e+00 7.13014145e-03 7.24795438e-16
-1.74229356e+03 2.33073000e+00 7.13014145e-03 8.93304157e-16
-1.74079352e+03 2.32138315e+00 7.13014145e-03 1.10018515e-15
-1.73929349e+03 2.31204706e+00 7.13014145e-03 1.35391488e-15
-1.73779345e+03 2.30272182e+00 7.13014145e-03 1.66475121e-15
-1.73629341e+03 2.29340726e+00 7.13014145e-03 2.04513745e-15
-1.73479337e+03 2.28410432e+00 7.13014145e-03 2.51015242e-15
-1.73329334e+03 2.27481277e+00 7.13014145e-03 3.07823175e-15
-1.73179330e+03 2.26553338e+00 7.13014145e-03 3.77176004e-15
-1.73029326e+03 2.25626640e+00 7.13014145e-03 4.61790295e-15
-1.72879322e+03 2.24701237e+00 7.13014145e-03 5.64934713e-15
-1.72729319e+03 2.23777155e+00 7.13014145e-03 6.90529680e-15
-1.72579315e+03 2.22854466e+00 7.13014145e-03 8.43258605e-15
-1.72429311e+03 2.21933199e+00 7.13014145e-03 1.02874626e-14
-1.72279307e+03 2.21013416e+00 7.13014145e-03 1.25376535e-14
-1.72129304e+03 2.20095151e+00 7.13014145e-03 1.52651206e-14
-1.71979300e+03 2.19178504e+00 7.13014145e-03 1.85686874e-14
-1.71829296e+03 2.18263480e+00 7.13014145e-03 2.25674690e-14
-1.71679292e+03 2.17350165e+00 7.13014145e-03 2.74032147e-14
-1.71529289e+03 2.16438586e+00 7.13014145e-03 3.32441781e-14
-1.71379285e+03 2.15528789e+00 7.13014145e-03 4.02892103e-14
-1.71229281e+03 2.14620855e+00 7.13014145e-03 4.87737122e-14
-1.71079277e+03 2.13714772e+00 7.13014145e-03 5.89794241e-14
-1.70929274e+03 2.12810630e+00 7.13014145e-03 7.12430600e-14
-1.70779270e+03 2.11908477e+00 7.13014145e-03 8.59688462e-14
-1.70629266e+03 2.11008311e+00 7.13014145e-03 1.03640071e-13
-1.70479262e+03 2.10110193e+00 7.13014145e-03 1.24827140e-13
-1.70329259e+03 2.09214180e+00 7.13014145e-03 1.50198505e-13
-1.70179255e+03 2.08320300e+00 7.13014145e-03 1.80535292e-13
-1.70029251e+03 2.07428622e+00 7.13014145e-03 2.16749758e-13
-1.69879247e+03 2.06539178e+00 7.13014145e-03 2.59917829e-13
-1.69729244e+03 2.05652017e+00 7.13014145e-03 3.11316043e-13
-1.69579240e+03 2.04767178e+00 7.13014145e-03 3.72464232e-13
-1.69429236e+03 2.03884694e+00 7.13014145e-03 4.45165216e-13
-1.69279232e+03 2.03004612e+00 7.13014145e-03 5.31534216e-13
-1.69129229e+03 2.02127007e+00 7.13014145e-03 6.34023234e-13
-1.68979225e+03 2.01251886e+00 7.13014145e-03 7.55464813e-13
-1.68829221e+03 2.00379289e+00 7.13014145e-03 8.99117529e-13
-1.68679217e+03 1.99509250e+00 7.13014145e-03 1.06876126e-12
-1.68529214e+03 1.98641823e+00 7.13014145e-03 1.26881883e-12
-1.68379210e+03 1.97776994e+00 7.13014145e-03 1.50452519e-12
-1.68229206e+03 1.96914793e+00 7.13014145e-03 1.78204728e-12
-1.68079202e+03 1.96055243e+00 7.13014145e-03 2.10860117e-12
-1.67929199e+03 1.95198279e+00 7.13014145e-03 2.49256367e-12
-1.67779195e+03 1.94343983e+00 7.13014145e-03 2.94343214e-12
-1.67629191e+03 1.93492291e+00 7.13014145e-03 3.47206153e-12
-1.67479187e+03 1.92643208e+00 7.13014145e-03 4.09078531e-12
-1.67329184e+03 1.91796670e+00 7.13014145e-03 4.81386679e-12
-1.67179180e+03 1.90952695e+00 7.13014145e-03 5.65787525e-12
-1.67029176e+03 1.90111202e+00 7.13014145e-03 6.64237650e-12
-1.66879172e+03 1.89272189e+00 7.13014145e-03 7.79021389e-12
-1.66729169e+03 1.88435595e+00 7.13014145e-03 9.12793249e-12
-1.66579165e+03 1.87601355e+00 7.13014145e-03 1.06858596e-11
-1.66429161e+03 1.86769428e+00 7.13014145e-03 1.24981508e-11
-1.66279157e+03 1.85939737e+00 7.13014145e-03 1.46032124e-11
-1.66129154e+03 1.85112220e+00 7.13014145e-03 1.70443898e-11
-1.65979150e+03 1.84286812e+00 7.13014145e-03 1.98713330e-11
-1.65829146e+03 1.83463456e+00 7.13014145e-03 2.31417250e-11
-1.65679142e+03 1.82642068e+00 7.13014145e-03 2.69232618e-11
-1.65529139e+03 1.81822620e+00 7.13014145e-03 3.12947466e-11
-1.65379135e+03 1.81005009e+00 7.13014145e-03 3.63474507e-11
-1.65229131e+03 1.80189257e+00 7.13014145e-03 4.21839650e-11
-1.65079127e+03 1.79375315e+00 7.13014145e-03 4.89191479e-11
-1.64929124e+03 1.78563169e+00 7.13014145e-03 5.66799665e-11
-1.64779120e+03 1.77752894e+00 7.13014145e-03 6.56068626e-11
-1.64629116e+03 1.76944453e+00 7.13014145e-03 7.58598665e-11
-1.64479112e+03 1.76137962e+00 7.13014146e-03 8.76212354e-11
-1.64329109e+03 1.75333452e+00 7.13014146e-03 1.01104150e-10
-1.64179105e+03 1.74531010e+00 7.13014146e-03 1.16555183e-10
-1.64029101e+03 1.73730680e+00 7.13014146e-03 1.34257466e-10
-1.63879097e+03 1.72932528e+00 7.13014146e-03 1.54528023e-10
-1.63729094e+03 1.72136668e+00 7.13014146e-03 1.77713654e-10
-1.63579090e+03 1.71343116e+00 7.13014146e-03 2.04193921e-10
-1.63429086e+03 1.70551922e+00 7.13014146e-03 2.34381400e-10
-1.63279082e+03 1.69763076e+00 7.13014147e-03 2.68735776e-10
-1.63129079e+03 1.68976596e+00 7.13014147e-03 3.07777856e-10
-1.62979075e+03 1.68192437e+00 7.13014147e-03 3.52113042e-10
-1.62829071e+03 1.67410581e+00 7.13014147e-03 4.02443334e-10
-1.62679067e+03 1.66630946e+00 7.13014148e-03 4.59579952e-10
-1.62529064e+03 1.65853500e+00 7.13014148e-03 5.24432349e-10
-1.62379060e+03 1.65078155e+00 7.13014148e-03 5.98004702e-10
-1.62229056e+03 1.64304867e+00 7.13014149e-03 6.81376461e-10
-1.62079052e+03 1.63533586e+00 7.13014149e-03 7.75706073e-10
-1.61929049e+03 1.62764272e+00 7.13014150e-03 8.82250389e-10
-1.61779045e+03 1.61996917e+00 7.13014151e-03 1.00240236e-09
-1.61629041e+03 1.61231496e+00 7.13014152e-03 1.13775603e-09
-1.61479037e+03 1.60468010e+00 7.13014152e-03 1.29015615e-09
-1.61329034e+03 1.59706505e+00 7.13014153e-03 1.46172716e-09
-1.61179030e+03 1.58947008e+00 7.13014155e-03 1.65488481e-09
-1.61029026e+03 1.58189601e+00 7.13014156e-03 1.87228252e-09
-1.60879022e+03 1.57434342e+00 7.13014157e-03 2.11677126e-09
-1.60729019e+03 1.56681289e+00 7.13014159e-03 2.39134979e-09
-1.60579015e+03 1.55930522e+00 7.13014161e-03 2.69915285e-09
-1.60429011e+03 1.55182134e+00 7.13014163e-03 3.04351720e-09
-1.60279007e+03 1.54436227e+00 7.13014165e-03 3.42811100e-09
-1.60129004e+03 1.53692830e+00 7.13014168e-03 3.85714331e-09
-1.59979000e+03 1.52952077e+00 7.13014171e-03 4.33541953e-09
-1.59828996e+03 1.52214032e+00 7.13014174e-03 4.86850474e-09
-1.59678992e+03 1.51478728e+00 7.13014178e-03 5.46268157e-09
-1.59528989e+03 1.50746243e+00 7.13014182e-03 6.12474087e-09
-1.59378985e+03 1.50016617e+00 7.13014187e-03 6.86185660e-09
-1.59228981e+03 1.49289881e+00 7.13014192e-03 7.68140060e-09
-1.59078977e+03 1.48566072e+00 7.13014198e-03 8.59090065e-09
-1.58928974e+03 1.47845227e+00 7.13014204e-03 9.59819262e-09
-1.58778970e+03 1.47127352e+00 7.13014211e-03 1.07118147e-08
-1.58628966e+03 1.46412458e+00 7.13014219e-03 1.19414020e-08
-1.58478962e+03 1.45700501e+00 7.13014228e-03 1.32982186e-08
-1.58328959e+03 1.44991552e+00 7.13014237e-03 1.47950711e-08
-1.58178955e+03 1.44285521e+00 7.13014248e-03 1.64467886e-08
-1.58028951e+03 1.43582398e+00 7.13014260e-03 1.82694141e-08
-1.57878947e+03 1.42882159e+00 7.13014273e-03 2.02798430e-08
-1.57728944e+03 1.42184767e+00 7.13014288e-03 2.24952977e-08
-1.57578940e+03 1.41490194e+00 7.13014304e-03 2.49329783e-08
-1.57428936e+03 1.40798376e+00 7.13014322e-03 2.76103794e-08
-1.57278932e+03 1.40109271e+00 7.13014341e-03 3.05457485e-08
-1.57128929e+03 1.39422887e+00 7.13014363e-03 3.37589317e-08
-1.56978925e+03 1.38739121e+00 7.13014386e-03 3.72732824e-08
-1.56828921e+03 1.38057958e+00 7.13014412e-03 4.11156803e-08
-1.56678917e+03 1.37379319e+00 7.13014441e-03 4.53176145e-08
-1.56528914e+03 1.36703203e+00 7.13014472e-03 4.99139715e-08
-1.56378910e+03 1.36029539e+00 7.13014507e-03 5.49428113e-08
-1.56228906e+03 1.35358334e+00 7.13014544e-03 6.04428129e-08
-1.56078902e+03 1.34689511e+00 7.13014586e-03 6.64531747e-08
-1.55928899e+03 1.34023055e+00 7.13014631e-03 7.30116827e-08
-1.55778895e+03 1.33358960e+00 7.13014681e-03 8.01555073e-08
-1.55628891e+03 1.32697176e+00 7.13014735e-03 8.79233544e-08
-1.55478887e+03 1.32037695e+00 7.13014794e-03 9.63570936e-08
-1.55328884e+03 1.31380518e+00 7.13014859e-03 1.05504877e-07
-1.55178880e+03 1.30725600e+00 7.13014929e-03 1.15424191e-07
-1.55028876e+03 1.30072954e+00 7.13015006e-03 1.26181391e-07
-1.54878872e+03 1.29422539e+00 7.13015090e-03 1.37852464e-07
-1.54728869e+03 1.28774372e+00 7.13015181e-03 1.50518624e-07
-1.54578865e+03 1.28128410e+00 7.13015280e-03 1.64264572e-07
-1.54428861e+03 1.27484651e+00 7.13015388e-03 1.79172904e-07
-1.54278857e+03 1.26843090e+00 7.13015505e-03 1.95322286e-07
-1.54128854e+03 1.26203738e+00 7.13015632e-03 2.12786676e-07
-1.53978850e+03 1.25566591e+00 7.13015770e-03 2.31638802e-07
-1.53828846e+03 1.24931578e+00 7.13015920e-03 2.51957065e-07
-1.53678842e+03 1.24298754e+00 7.13016082e-03 2.73826163e-07
-1.53528839e+03 1.23668041e+00 7.13016258e-03 2.97351552e-07
-1.53378835e+03 1.23039454e+00 7.13016448e-03 3.22656118e-07
-1.53228831e+03 1.22413000e+00 7.13016653e-03 3.49883583e-07
-1.53078827e+03 1.21788638e+00 7.13016875e-03 3.79196591e-07
-1.52928824e+03 1.21166339e+00 7.13017115e-03 4.10767141e-07
-1.52778820e+03 1.20546079e+00 7.13017374e-03 4.44767297e-07
-1.52628816e+03 1.19927857e+00 7.13017653e-03 4.81359438e-07
-1.52478812e+03 1.19311639e+00 7.13017954e-03 5.20694486e-07
-1.52328809e+03 1.18697391e+00 7.13018279e-03 5.62910681e-07
-1.52178805e+03 1.18085030e+00 7.13018629e-03 6.08144091e-07
-1.52028801e+03 1.17474567e+00 7.13019005e-03 6.56530289e-07
-1.51878797e+03 1.16865911e+00 7.13019410e-03 7.08233941e-07
-1.51728794e+03 1.16259050e+00 7.13019846e-03 7.63448639e-07
-1.51578790e+03 1.15653897e+00 7.13020314e-03 8.22419179e-07
-1.51428786e+03 1.15050354e+00 7.13020817e-03 8.85438795e-07
-1.51278782e+03 1.14448341e+00 7.13021357e-03 9.52838252e-07
-1.51128779e+03 1.13847794e+00 7.13021937e-03 1.02496977e-06
-1.50978775e+03 1.13248577e+00 7.13022559e-03 1.10219786e-06
-1.50828771e+03 1.12650591e+00 7.13023226e-03 1.18486700e-06
-1.50678767e+03 1.12053737e+00 7.13023942e-03 1.27329169e-06
-1.50528764e+03 1.11457915e+00 7.13024710e-03 1.36775393e-06
-1.50378760e+03 1.10863015e+00 7.13025533e-03 1.46851520e-06
-1.50228756e+03 1.10268920e+00 7.13026416e-03 1.57584013e-06
-1.50078752e+03 1.09675585e+00 7.13027362e-03 1.69001341e-06
-1.49928749e+03 1.09082898e+00 7.13028375e-03 1.81139915e-06
-1.49778745e+03 1.08490840e+00 7.13029459e-03 1.94043677e-06
-1.49628741e+03 1.07899343e+00 7.13030620e-03 2.07768092e-06
-1.49478737e+03 1.07308420e+00 7.13031861e-03 2.22376633e-06
-1.49328734e+03 1.06718048e+00 7.13033188e-03 2.37940383e-06
-1.49178730e+03 1.06128262e+00 7.13034606e-03 2.54531462e-06
-1.49028726e+03 1.05539135e+00 7.13036121e-03 2.72217873e-06
-1.48878722e+03 1.04950714e+00 7.13037740e-03 2.91060906e-06
-1.48728719e+03 1.04363075e+00 7.13039467e-03 3.11111104e-06
-1.48578715e+03 1.03776289e+00 7.13041312e-03 3.32409192e-06
-1.48428711e+03 1.03190439e+00 7.13043278e-03 3.54989321e-06
-1.48278707e+03 1.02605600e+00 7.13045375e-03 3.78885561e-06
-1.48128704e+03 1.02021837e+00 7.13047608e-03 4.04139923e-06
-1.47978700e+03 1.01439215e+00 7.13049984e-03 4.30808817e-06
-1.47828696e+03 1.00857723e+00 7.13052512e-03 4.58972079e-06
-1.47678692e+03 1.00277411e+00 7.13055200e-03 4.88727487e-06
-1.47528689e+03 9.96982820e-01 7.13058055e-03 5.20192791e-06
-1.47378685e+03 9.91202383e-01 7.13061089e-03 5.53501751e-06
-1.47228681e+03 9.85432988e-01 7.13064309e-03 5.88782092e-06
-1.47078677e+03 9.79673437e-01 7.13067729e-03 6.26159665e-06
-1.46928674e+03 9.73923224e-01 7.13071360e-03 6.65737942e-06
-1.46778670e+03 9.68181149e-01 7.13075214e-03 7.07603077e-06
-1.46628666e+03 9.62446790e-01 7.13079305e-03 7.51815915e-06
-1.46478662e+03 9.56718767e-01 7.13083646e-03 7.98433278e-06
-1.46328659e+03 9.50996450e-01 7.13088250e-03 8.47508620e-06
-1.46178655e+03 9.45279134e-01 7.13093133e-03 8.99114017e-06
-1.46028651e+03 9.39566232e-01 7.13098309e-03 9.53353391e-06
-1.45878647e+03 9.33857098e-01 7.13103793e-03 1.01037417e-05
-1.45728644e+03 9.28151526e-01 7.13109600e-03 1.07036439e-05
-1.45578640e+03 9.22449276e-01 7.13115748e-03 1.13354989e-05
-1.45428636e+03 9.16750637e-01 7.13122254e-03 1.20017182e-05
-1.45278632e+03 9.11055595e-01 7.13129138e-03 1.27047380e-05
-1.45128629e+03 9.05364708e-01 7.13136419e-03 1.34466816e-05
-1.44978625e+03 8.99678303e-01 7.13144119e-03 1.42292647e-05
-1.44828621e+03 8.93997325e-01 7.13152258e-03 1.50535819e-05
-1.44678617e+03 8.88322277e-01 7.13160860e-03 1.59202816e-05
-1.44528614e+03 8.82654332e-01 7.13169944e-03 1.68295664e-05
-1.44378610e+03 8.76994353e-01 7.13179532e-03 1.77816123e-05
-1.44228606e+03 8.71342829e-01 7.13189646e-03 1.87769204e-05
-1.44078602e+03 8.65701357e-01 7.13200306e-03 1.98163610e-05
-1.43928599e+03 8.60070392e-01 7.13211533e-03 2.09017807e-05
-1.43778595e+03 8.54451437e-01 7.13223349e-03 2.20356483e-05
-1.43628591e+03 8.48845235e-01 7.13235776e-03 2.32212591e-05
-1.43478587e+03 8.43252509e-01 7.13248838e-03 2.44622901e-05
-1.43328584e+03 8.37674492e-01 7.13262561e-03 2.57622467e-05
-1.43178580e+03 8.32111735e-01 7.13276973e-03 2.71242784e-05
-1.43028576e+03 8.26565277e-01 7.13292099e-03 2.85505322e-05
-1.42878572e+03 8.21035395e-01 7.13307972e-03 3.00422608e-05
-1.42728569e+03 8.15523583e-01 7.13324618e-03 3.15993202e-05
-1.42578565e+03 8.10030084e-01 7.13342066e-03 3.32210992e-05
-1.42428561e+03 8.04555312e-01 7.13360344e-03 3.49066150e-05
-1.42278557e+03 7.99100242e-01 7.13379477e-03 3.66549444e-05
-1.42128554e+03 7.93665198e-01 7.13399491e-03 3.84661598e-05
-1.41978550e+03 7.88250836e-01 7.13420412e-03 4.03414477e-05
-1.41828546e+03 7.82857130e-01 7.13442265e-03 4.22836410e-05
-1.41678542e+03 7.77484863e-01 7.13465077e-03 4.42965871e-05
-1.41528539e+03 7.72134545e-01 7.13488873e-03 4.63851187e-05
-1.41378535e+03 7.66806522e-01 7.13513685e-03 4.85544030e-05
-1.41228531e+03 7.61501036e-01 7.13539543e-03 5.08092056e-05
-1.41078527e+03 7.56218328e-01 7.13566484e-03 5.31531702e-05
-1.40928524e+03 7.50958781e-01 7.13594540e-03 5.55882532e-05
-1.40778520e+03 7.45722885e-01 7.13623747e-03 5.81145258e-05
-1.40628516e+03 7.40510203e-01 7.13654141e-03 6.07308381e-05
-1.40478512e+03 7.35321576e-01 7.13685753e-03 6.34342207e-05
-1.40328509e+03 7.30157142e-01 7.13718613e-03 6.62215864e-05
-1.40178505e+03 7.25016766e-01 7.13752753e-03 6.90904099e-05
-1.40028501e+03 7.19901137e-01 7.13788196e-03 7.20389226e-05
-1.39878497e+03 7.14810045e-01 7.13824969e-03 7.50676917e-05
-1.39728494e+03 7.09743746e-01 7.13863096e-03 7.81791336e-05
-1.39578490e+03 7.04702459e-01 7.13902603e-03 8.13776877e-05
-1.39428486e+03 6.99686262e-01 7.13943516e-03 8.46693857e-05
-1.39278482e+03 6.94695459e-01 7.13985865e-03 8.80608105e-05
-1.39128479e+03 6.89729599e-01 7.14029684e-03 9.15587918e-05
-1.38978475e+03 6.84789319e-01 7.14075005e-03 9.51681569e-05
-1.38828471e+03 6.79874694e-01 7.14121863e-03 9.88920609e-05
-1.38678467e+03 6.74985758e-01 7.14170295e-03 1.02731167e-04
-1.38528464e+03 6.70122388e-01 7.14220339e-03 1.06683680e-04
-1.38378460e+03 6.65284750e-01 7.14272028e-03 1.10745357e-04
-1.38228456e+03 6.60472992e-01 7.14325392e-03 1.14910488e-04
-1.38078452e+03 6.55687218e-01 7.14380458e-03 1.19172925e-04
-1.37928449e+03 6.50927104e-01 7.14437254e-03 1.23527559e-04
-1.37778445e+03 6.46193128e-01 7.14495796e-03 1.27970217e-04
-1.37628441e+03 6.41485447e-01 7.14556101e-03 1.32499436e-04
-1.37478437e+03 6.36803573e-01 7.14618191e-03 1.37117206e-04
-1.37328434e+03 6.32147887e-01 7.14682080e-03 1.41827429e-04
-1.37178430e+03 6.27518423e-01 7.14747785e-03 1.46636579e-04
-1.37028426e+03 6.22915129e-01 7.14815328e-03 1.51552572e-04
-1.36878422e+03 6.18337877e-01 7.14884735e-03 1.56583641e-04
-1.36728419e+03 6.13786953e-01 7.14956028e-03 1.61736601e-04
-1.36578415e+03 6.09262166e-01 7.15029238e-03 1.67016746e-04
-1.36428411e+03 6.04763767e-01 7.15104391e-03 1.72426003e-04
-1.36278407e+03 6.00291288e-01 7.15181525e-03 1.77963906e-04
-1.36128404e+03 5.95845475e-01 7.15260655e-03 1.83625263e-04
-1.35978400e+03 5.91425417e-01 7.15341823e-03 1.89404249e-04
-1.35828396e+03 5.87031778e-01 7.15425039e-03 1.95291177e-04
-1.35678392e+03 5.82664347e-01 7.15510322e-03 2.01276767e-04
-1.35528389e+03 5.78323144e-01 7.15597686e-03 2.07351970e-04
-1.35378385e+03 5.74008232e-01 7.15687134e-03 2.13509356e-04
-1.35228381e+03 5.69719193e-01 7.15778681e-03 2.19744837e-04
-1.35078377e+03 5.65456742e-01 7.15872311e-03 2.26055900e-04
-1.34928374e+03 5.61220135e-01 7.15968040e-03 2.32445552e-04
-1.34778370e+03 5.57010117e-01 7.16065852e-03 2.38917673e-04
-1.34628366e+03 5.52825620e-01 7.16165772e-03 2.45481313e-04
-1.34478362e+03 5.48667428e-01 7.16267785e-03 2.52144043e-04
-1.34328359e+03 5.44535080e-01 7.16371911e-03 2.58915573e-04
-1.34178355e+03 5.40429023e-01 7.16478146e-03 2.65803084e-04
-1.34028351e+03 5.36348880e-01 7.16586514e-03 2.72812962e-04
-1.33878347e+03 5.32294704e-01 7.16697025e-03 2.79947868e-04
-1.33728344e+03 5.28266227e-01 7.16809701e-03 2.87207508e-04
-1.33578340e+03 5.24263758e-01 7.16924546e-03 2.94586933e-04
-1.33428336e+03 5.20287243e-01 7.17041573e-03 3.02078522e-04
-1.33278332e+03 5.16336638e-01 7.17160787e-03 3.09672005e-04
-1.33128329e+03 5.12411746e-01 7.17282197e-03 3.17355768e-04
-1.32978325e+03 5.08512134e-01 7.17405813e-03 3.25118163e-04
-1.32828321e+03 5.04638384e-01 7.17531608e-03 3.32946197e-04
-1.32678317e+03 5.00790391e-01 7.17659570e-03 3.40829982e-04
-1.32528314e+03 4.96967708e-01 7.17789697e-03 3.48763010e-04
-1.32378310e+03 4.93170619e-01 7.17921957e-03 3.56740536e-04
-1.32228306e+03 4.89399094e-01 7.18056327e-03 3.64761957e-04
-1.32078302e+03 4.85652833e-01 7.18192796e-03 3.72830642e-04
-1.31928299e+03 4.81932009e-01 7.18331332e-03 3.80951875e-04
-1.31778295e+03 4.78236600e-01 7.18471916e-03 3.89133511e-04
-1.31628291e+03 4.74566037e-01 7.18614550e-03 3.97385834e-04
-1.31478287e+03 4.70920998e-01 7.18759192e-03 4.05716464e-04
-1.31328284e+03 4.67300677e-01 7.18905861e-03 4.14135440e-04
-1.31178280e+03 4.63705678e-01 7.19054521e-03 4.22647658e-04
-1.31028276e+03 4.60135451e-01 7.19205188e-03 4.31258028e-04
-1.30878272e+03 4.56590415e-01 7.19357834e-03 4.39965952e-04
-1.30728269e+03 4.53069892e-01 7.19512481e-03 4.48770108e-04
-1.30578265e+03 4.49574354e-01 7.19669098e-03 4.57663014e-04
-1.30428261e+03 4.46103431e-01 7.19827691e-03 4.66636347e-04
-1.30278257e+03 4.42657018e-01 7.19988247e-03 4.75678828e-04
-1.30128254e+03 4.39235399e-01 7.20150734e-03 4.84776627e-04
-1.29978250e+03 4.35837991e-01 7.20315155e-03 4.93917627e-04
-1.29828246e+03 4.32465053e-01 7.20481468e-03 5.03087823e-04
-1.29678242e+03 4.29116171e-01 7.20649660e-03 5.12276271e-04
-1.29528239e+03 4.25791736e-01 7.20819672e-03 5.21471826e-04
-1.29378235e+03 4.22491255e-01 7.20991491e-03 5.30668368e-04
-1.29228231e+03 4.19215231e-01 7.21165044e-03 5.39859969e-04
-1.29078227e+03 4.15962779e-01 7.21340334e-03 5.49047670e-04
-1.28928224e+03 4.12734330e-01 7.21517292e-03 5.58231781e-04
-1.28778220e+03 4.09529622e-01 7.21695889e-03 5.67417197e-04
-1.28628216e+03 4.06348568e-01 7.21876086e-03 5.76610422e-04
-1.28478212e+03 4.03191205e-01 7.22057839e-03 5.85819050e-04
-1.28328209e+03 4.00057362e-01 7.22241119e-03 5.95051969e-04
-1.28178205e+03 3.96946841e-01 7.22425903e-03 6.04318085e-04
-1.28028201e+03 3.93859529e-01 7.22612164e-03 6.13625259e-04
-1.27878197e+03 3.90795434e-01 7.22799870e-03 6.22979504e-04
-1.27728194e+03 3.87754508e-01 7.22988996e-03 6.32384997e-04
-1.27578190e+03 3.84736761e-01 7.23179512e-03 6.41843337e-04
-1.27428186e+03 3.81741895e-01 7.23371411e-03 6.51354486e-04
-1.27278182e+03 3.78769660e-01 7.23564681e-03 6.60915669e-04
-1.27128179e+03 3.75820449e-01 7.23759268e-03 6.70519532e-04
-1.26978175e+03 3.72893689e-01 7.23955179e-03 6.80159657e-04
-1.26828171e+03 3.69989183e-01 7.24152397e-03 6.89826650e-04
-1.26678167e+03 3.67107171e-01 7.24350869e-03 6.99508395e-04
-1.26528164e+03 3.64247291e-01 7.24550583e-03 7.09194075e-04
-1.26378160e+03 3.61409815e-01 7.24751480e-03 7.18870636e-04
-1.26228156e+03 3.58594177e-01 7.24953553e-03 7.28528344e-04
-1.26078152e+03 3.55800706e-01 7.25156733e-03 7.38155405e-04
-1.25928149e+03 3.53028974e-01 7.25361002e-03 7.47744070e-04
-1.25778145e+03 3.50278636e-01 7.25566332e-03 7.57288127e-04
-1.25628141e+03 3.47550124e-01 7.25772639e-03 7.66780698e-04
-1.25478137e+03 3.44843203e-01 7.25979886e-03 7.76219386e-04
-1.25328134e+03 3.42157504e-01 7.26188046e-03 7.85604415e-04
-1.25178130e+03 3.39492806e-01 7.26397083e-03 7.94937559e-04
-1.25028126e+03 3.36849233e-01 7.26606933e-03 8.04221221e-04
-1.24878122e+03 3.34226873e-01 7.26817537e-03 8.13459461e-04
-1.24728119e+03 3.31625475e-01 7.27028864e-03 8.22658714e-04
-1.24578115e+03 3.29044522e-01 7.27240907e-03 8.31827159e-04
-1.24428111e+03 3.26484390e-01 7.27453589e-03 8.40970166e-04
-1.24278107e+03 3.23944713e-01 7.27666897e-03 8.50095701e-04
-1.24128104e+03 3.21425224e-01 7.27880809e-03 8.59210941e-04
-1.23978100e+03 3.18926083e-01 7.28095274e-03 8.68320743e-04
-1.23828096e+03 3.16446894e-01 7.28310287e-03 8.77430894e-04
-1.23678092e+03 3.13987657e-01 7.28525810e-03 8.86544415e-04
-1.23528089e+03 3.11548244e-01 7.28741821e-03 8.95663325e-04
-1.23378085e+03 3.09128460e-01 7.28958300e-03 9.04788333e-04
-1.23228081e+03 3.06728445e-01 7.29175202e-03 9.13917289e-04
-1.23078077e+03 3.04347939e-01 7.29392516e-03 9.23048040e-04
-1.22928074e+03 3.01986526e-01 7.29610244e-03 9.32177637e-04
-1.22778070e+03 2.99644529e-01 7.29828322e-03 9.41299053e-04
-1.22628066e+03 2.97321283e-01 7.30046777e-03 9.50408063e-04
-1.22478062e+03 2.95016984e-01 7.30265551e-03 9.59496319e-04
-1.22328059e+03 2.92731731e-01 7.30484599e-03 9.68555312e-04
-1.22178055e+03 2.90464792e-01 7.30703949e-03 9.77579577e-04
-1.22028051e+03 2.88216224e-01 7.30923556e-03 9.86560568e-04
-1.21878047e+03 2.85986230e-01 7.31143359e-03 9.95489406e-04
-1.21728044e+03 2.83774661e-01 7.31363327e-03 1.00435912e-03
-1.21578040e+03 2.81580951e-01 7.31583472e-03 1.01316514e-03
-1.21428036e+03 2.79405022e-01 7.31803757e-03 1.02190181e-03
-1.21278032e+03 2.77246904e-01 7.32024134e-03 1.03056404e-03
-1.21128029e+03 2.75106544e-01 7.32244561e-03 1.03914816e-03
-1.20978025e+03 2.72983794e-01 7.32465006e-03 1.04765206e-03
-1.20828021e+03 2.70878148e-01 7.32685476e-03 1.05607617e-03
-1.20678017e+03 2.68789954e-01 7.32905889e-03 1.06441864e-03
-1.20528014e+03 2.66718880e-01 7.33126232e-03 1.07268140e-03
-1.20378010e+03 2.64664626e-01 7.33346494e-03 1.08086721e-03
-1.20228006e+03 2.62627576e-01 7.33566590e-03 1.08897695e-03
-1.20078002e+03 2.60606881e-01 7.33786567e-03 1.09701710e-03
-1.19927998e+03 2.58602827e-01 7.34006355e-03 1.10499022e-03
-1.19777995e+03 2.56615148e-01 7.34225941e-03 1.11290144e-03
-1.19627991e+03 2.54643880e-01 7.34445284e-03 1.12075494e-03
-1.19477987e+03 2.52688469e-01 7.34664407e-03 1.12855734e-03
-1.19327983e+03 2.50749139e-01 7.34883251e-03 1.13631209e-03
-1.19177980e+03 2.48825724e-01 7.35101799e-03 1.14402401e-03
-1.19027976e+03 2.46917953e-01 7.35320049e-03 1.15169799e-03
-1.18877972e+03 2.45026060e-01 7.35537943e-03 1.15933648e-03
-1.18727968e+03 2.43149395e-01 7.35755525e-03 1.16694494e-03
-1.18577965e+03 2.41288057e-01 7.35972753e-03 1.17452525e-03
-1.18427961e+03 2.39441793e-01 7.36189629e-03 1.18208006e-03
-1.18277957e+03 2.37610674e-01 7.36406117e-03 1.18961001e-03
-1.18127953e+03 2.35794484e-01 7.36622215e-03 1.19711625e-03
-1.17977950e+03 2.33993193e-01 7.36837900e-03 1.20459848e-03
-1.17827946e+03 2.32206529e-01 7.37053178e-03 1.21205673e-03
-1.17677942e+03 2.30434313e-01 7.37268044e-03 1.21949007e-03
-1.17527938e+03 2.28676680e-01 7.37482456e-03 1.22689567e-03
-1.17377935e+03 2.26933303e-01 7.37696429e-03 1.23427215e-03
-1.17227931e+03 2.25204074e-01 7.37909949e-03 1.24161676e-03
-1.17077927e+03 2.23488957e-01 7.38122994e-03 1.24892611e-03
-1.16927923e+03 2.21787812e-01 7.38335556e-03 1.25619698e-03
-1.16777920e+03 2.20100866e-01 7.38547580e-03 1.26342438e-03
-1.16627916e+03 2.18427397e-01 7.38759129e-03 1.27060729e-03
-1.16477912e+03 2.16767430e-01 7.38970173e-03 1.27774144e-03
-1.16327908e+03 2.15121269e-01 7.39180647e-03 1.28482143e-03
-1.16177905e+03 2.13488619e-01 7.39390560e-03 1.29184454e-03
-1.16027901e+03 2.11869523e-01 7.39599878e-03 1.29880680e-03
-1.15877897e+03 2.10263575e-01 7.39808625e-03 1.30570639e-03
-1.15727893e+03 2.08671107e-01 7.40016731e-03 1.31253863e-03
-1.15577890e+03 2.07091988e-01 7.40224184e-03 1.31930116e-03
-1.15427886e+03 2.05525819e-01 7.40431006e-03 1.32599313e-03
-1.15277882e+03 2.03973051e-01 7.40637110e-03 1.33261045e-03
-1.15127878e+03 2.02433433e-01 7.40842500e-03 1.33915246e-03
-1.14977875e+03 2.00906639e-01 7.41047191e-03 1.34561918e-03
-1.14827871e+03 1.99392774e-01 7.41251140e-03 1.35200927e-03
-1.14677867e+03 1.97891962e-01 7.41454302e-03 1.35832168e-03
-1.14527863e+03 1.96404365e-01 7.41656628e-03 1.36455563e-03
-1.14377860e+03 1.94929525e-01 7.41858151e-03 1.37071329e-03
-1.14227856e+03 1.93467655e-01 7.42058815e-03 1.37679436e-03
-1.14077852e+03 1.92018805e-01 7.42258585e-03 1.38279957e-03
-1.13927848e+03 1.90582859e-01 7.42457452e-03 1.38873061e-03
-1.13777845e+03 1.89159894e-01 7.42655377e-03 1.39458860e-03
-1.13627841e+03 1.87749611e-01 7.42852377e-03 1.40037642e-03
-1.13477837e+03 1.86352238e-01 7.43048395e-03 1.40609498e-03
-1.13327833e+03 1.84967765e-01 7.43243407e-03 1.41174625e-03
-1.13177830e+03 1.83596060e-01 7.43437408e-03 1.41733283e-03
-1.13027826e+03 1.82237309e-01 7.43630348e-03 1.42285605e-03
-1.12877822e+03 1.80891303e-01 7.43822233e-03 1.42831887e-03
-1.12727818e+03 1.79558358e-01 7.44012996e-03 1.43372212e-03
-1.12577815e+03 1.78237881e-01 7.44202700e-03 1.43907024e-03
-1.12427811e+03 1.76930397e-01 7.44391247e-03 1.44436308e-03
-1.12277807e+03 1.75635204e-01 7.44578718e-03 1.44960537e-03
-1.12127803e+03 1.74352500e-01 7.44765065e-03 1.45479805e-03
-1.11977800e+03 1.73082722e-01 7.44950204e-03 1.45994097e-03
-1.11827796e+03 1.71825280e-01 7.45134202e-03 1.46503798e-03
-1.11677792e+03 1.70580526e-01 7.45316988e-03 1.47008897e-03
-1.11527788e+03 1.69348090e-01 7.45498597e-03 1.47509655e-03
-1.11377785e+03 1.68127946e-01 7.45679017e-03 1.48006179e-03
-1.11227781e+03 1.66920112e-01 7.45858225e-03 1.48498540e-03
-1.11077777e+03 1.65724642e-01 7.46036198e-03 1.48986774e-03
-1.10927773e+03 1.64541535e-01 7.46212918e-03 1.49470926e-03
-1.10777770e+03 1.63370174e-01 7.46388461e-03 1.49951272e-03
-1.10627766e+03 1.62211079e-01 7.46562731e-03 1.50427610e-03
-1.10477762e+03 1.61064046e-01 7.46735744e-03 1.50900017e-03
-1.10327758e+03 1.59928836e-01 7.46907520e-03 1.51368572e-03
-1.10177755e+03 1.58805508e-01 7.47078034e-03 1.51833217e-03
-1.10027751e+03 1.57693732e-01 7.47247321e-03 1.52294044e-03
-1.09877747e+03 1.56593632e-01 7.47415347e-03 1.52750945e-03
-1.09727743e+03 1.55504929e-01 7.47582139e-03 1.53203971e-03
-1.09577740e+03 1.54428226e-01 7.47747590e-03 1.53652798e-03
-1.09427736e+03 1.53362755e-01 7.47911803e-03 1.54097664e-03
-1.09277732e+03 1.52308339e-01 7.48074791e-03 1.54538559e-03
-1.09127728e+03 1.51265319e-01 7.48236488e-03 1.54975247e-03
-1.08977725e+03 1.50233129e-01 7.48396966e-03 1.55407874e-03
-1.08827721e+03 1.49212005e-01 7.48556175e-03 1.55836244e-03
-1.08677717e+03 1.48201503e-01 7.48714171e-03 1.56260448e-03
-1.08527713e+03 1.47201688e-01 7.48870930e-03 1.56680359e-03
-1.08377710e+03 1.46212375e-01 7.49026468e-03 1.57095960e-03
-1.08227706e+03 1.45233825e-01 7.49180731e-03 1.57507047e-03
-1.08077702e+03 1.44265268e-01 7.49333826e-03 1.57913849e-03
-1.07927698e+03 1.43306650e-01 7.49485750e-03 1.58316302e-03
-1.07777695e+03 1.42357854e-01 7.49636510e-03 1.58714366e-03
-1.07627691e+03 1.41419267e-01 7.49786031e-03 1.59107799e-03
-1.07477687e+03 1.40490078e-01 7.49934430e-03 1.59496861e-03
-1.07327683e+03 1.39570535e-01 7.50081657e-03 1.59881375e-03
-1.07177680e+03 1.38660269e-01 7.50227758e-03 1.60261428e-03
-1.07027676e+03 1.37759075e-01 7.50372756e-03 1.60637042e-03
-1.06877672e+03 1.36866944e-01 7.50516640e-03 1.61008162e-03
-1.06727668e+03 1.35983716e-01 7.50659426e-03 1.61374801e-03
-1.06577665e+03 1.35109228e-01 7.50801129e-03 1.61736981e-03
-1.06427661e+03 1.34243068e-01 7.50941806e-03 1.62094829e-03
-1.06277657e+03 1.33385713e-01 7.51081370e-03 1.62448111e-03
-1.06127653e+03 1.32536363e-01 7.51219940e-03 1.62797127e-03
-1.05977650e+03 1.31695127e-01 7.51357489e-03 1.63141802e-03
-1.05827646e+03 1.30862042e-01 7.51494002e-03 1.63482103e-03
-1.05677642e+03 1.30036564e-01 7.51629559e-03 1.63818233e-03
-1.05527638e+03 1.29219029e-01 7.51764095e-03 1.64150044e-03
-1.05377635e+03 1.28408993e-01 7.51897675e-03 1.64477709e-03
-1.05227631e+03 1.27606449e-01 7.52030292e-03 1.64801227e-03
-1.05077627e+03 1.26811497e-01 7.52161920e-03 1.65120560e-03
-1.04927623e+03 1.26023791e-01 7.52292609e-03 1.65435852e-03
-1.04777620e+03 1.25242926e-01 7.52422418e-03 1.65747274e-03
-1.04627616e+03 1.24469368e-01 7.52551262e-03 1.66054650e-03
-1.04477612e+03 1.23702652e-01 7.52679210e-03 1.66358184e-03
-1.04327608e+03 1.22943024e-01 7.52806215e-03 1.66657794e-03
-1.04177605e+03 1.22189926e-01 7.52932361e-03 1.66953723e-03
-1.04027601e+03 1.21443408e-01 7.53057635e-03 1.67245975e-03
-1.03877597e+03 1.20704137e-01 7.53181917e-03 1.67534317e-03
-1.03727593e+03 1.19971226e-01 7.53305350e-03 1.67819123e-03
-1.03577590e+03 1.19244948e-01 7.53427880e-03 1.68100317e-03
-1.03427586e+03 1.18525106e-01 7.53549535e-03 1.68378011e-03
-1.03277582e+03 1.17811614e-01 7.53670323e-03 1.68652269e-03
-1.03127578e+03 1.17104736e-01 7.53790193e-03 1.68923028e-03
-1.02977575e+03 1.16403863e-01 7.53909242e-03 1.69190556e-03
-1.02827571e+03 1.15709655e-01 7.54027352e-03 1.69454640e-03
-1.02677567e+03 1.15021483e-01 7.54144625e-03 1.69715557e-03
-1.02527563e+03 1.14339692e-01 7.54260997e-03 1.69973216e-03
-1.02377560e+03 1.13664185e-01 7.54376477e-03 1.70227694e-03
-1.02227556e+03 1.12994824e-01 7.54491085e-03 1.70479083e-03
-1.02077552e+03 1.12331583e-01 7.54604819e-03 1.70727433e-03
-1.01927548e+03 1.11674140e-01 7.54717730e-03 1.70972903e-03
-1.01777545e+03 1.11022938e-01 7.54829735e-03 1.71215367e-03
-1.01627541e+03 1.10377463e-01 7.54940920e-03 1.71455058e-03
-1.01477537e+03 1.09738213e-01 7.55051193e-03 1.71691827e-03
-1.01327533e+03 1.09104894e-01 7.55160600e-03 1.71925823e-03
-1.01177530e+03 1.08477445e-01 7.55269147e-03 1.72157106e-03
-1.01027526e+03 1.07855766e-01 7.55376847e-03 1.72385750e-03
-1.00877522e+03 1.07239987e-01 7.55483672e-03 1.72611743e-03
-1.00727518e+03 1.06630122e-01 7.55589617e-03 1.72835114e-03
-1.00577515e+03 1.06025750e-01 7.55694749e-03 1.73056053e-03
-1.00427511e+03 1.05426944e-01 7.55799052e-03 1.73274565e-03
-1.00277507e+03 1.04833940e-01 7.55902481e-03 1.73490596e-03
-1.00127503e+03 1.04246311e-01 7.56005106e-03 1.73704331e-03
-9.99774997e+02 1.03664281e-01 7.56106885e-03 1.73915720e-03
-9.98274959e+02 1.03087695e-01 7.56207840e-03 1.74124847e-03
-9.96774922e+02 1.02516199e-01 7.56308029e-03 1.74331867e-03
-9.95274884e+02 1.01950469e-01 7.56407333e-03 1.74536561e-03
-9.93774847e+02 1.01389560e-01 7.56505910e-03 1.74739295e-03
-9.92274809e+02 1.00833942e-01 7.56603677e-03 1.74939923e-03
-9.90774772e+02 1.00283306e-01 7.56700683e-03 1.75138580e-03
-9.89274734e+02 9.97375772e-02 7.56796940e-03 1.75335311e-03
-9.87774697e+02 9.91968495e-02 7.56892427e-03 1.75530104e-03
-9.86274659e+02 9.86608475e-02 7.56987190e-03 1.75723077e-03
-9.84774622e+02 9.81295840e-02 7.57081223e-03 1.75914241e-03
-9.83274584e+02 9.76027850e-02 7.57174572e-03 1.76103712e-03
-9.81774547e+02 9.70804591e-02 7.57267233e-03 1.76291502e-03
-9.80274509e+02 9.65625822e-02 7.57359208e-03 1.76477634e-03
-9.78774472e+02 9.60489895e-02 7.57450522e-03 1.76662180e-03
-9.77274434e+02 9.55397236e-02 7.57541167e-03 1.76845138e-03
-9.75774397e+02 9.50342565e-02 7.57631232e-03 1.77026708e-03
-9.74274359e+02 9.45330113e-02 7.57720641e-03 1.77206748e-03
-9.72774322e+02 9.40354849e-02 7.57809481e-03 1.77385449e-03
-9.71274284e+02 9.35415934e-02 7.57897765e-03 1.77562850e-03
-9.69774247e+02 9.30512262e-02 7.57985509e-03 1.77738999e-03
-9.68274209e+02 9.25643620e-02 7.58072717e-03 1.77913910e-03
-9.66774172e+02 9.20808886e-02 7.58159406e-03 1.78087630e-03
-9.65274134e+02 9.16006501e-02 7.58245602e-03 1.78260222e-03
-9.63774097e+02 9.11237314e-02 7.58331289e-03 1.78431659e-03
-9.62274059e+02 9.06494452e-02 7.58416587e-03 1.78602194e-03
-9.60774022e+02 9.01784841e-02 7.58501371e-03 1.78771581e-03
-9.59273984e+02 8.97101352e-02 7.58585767e-03 1.78940081e-03
-9.57773947e+02 8.92444943e-02 7.58669756e-03 1.79107662e-03
-9.56273909e+02 8.87813820e-02 7.58753369e-03 1.79274392e-03
-9.54773872e+02 8.83207212e-02 7.58836620e-03 1.79440299e-03
-9.53273834e+02 8.78625888e-02 7.58919492e-03 1.79605357e-03
-9.51773797e+02 8.74065110e-02 7.59002070e-03 1.79769740e-03
-9.50273759e+02 8.69526942e-02 7.59084315e-03 1.79933373e-03
-9.48773722e+02 8.65013136e-02 7.59166195e-03 1.80096192e-03
-9.47273684e+02 8.60516586e-02 7.59247837e-03 1.80258455e-03
-9.45773647e+02 8.56041048e-02 7.59329172e-03 1.80420026e-03
-9.44273609e+02 8.51582409e-02 7.59410273e-03 1.80581051e-03
-9.42773572e+02 8.47143222e-02 7.59491094e-03 1.80741438e-03
-9.41273534e+02 8.42719802e-02 7.59571700e-03 1.80901319e-03
-9.39773497e+02 8.38314145e-02 7.59652054e-03 1.81060620e-03
-9.38273459e+02 8.33925018e-02 7.59732178e-03 1.81219382e-03
-9.36773422e+02 8.29549918e-02 7.59812116e-03 1.81377695e-03
-9.35273384e+02 8.25190370e-02 7.59891840e-03 1.81535501e-03
-9.33773347e+02 8.20844987e-02 7.59971375e-03 1.81692846e-03
-9.32273309e+02 8.16516541e-02 7.60050669e-03 1.81849627e-03
-9.30773272e+02 8.12199396e-02 7.60129824e-03 1.82006044e-03
-9.29273234e+02 8.07896081e-02 7.60208794e-03 1.82162003e-03
-9.27773197e+02 8.03607252e-02 7.60287566e-03 1.82317476e-03
-9.26273159e+02 7.99330101e-02 7.60366191e-03 1.82472560e-03
-9.24773122e+02 7.95067829e-02 7.60444609e-03 1.82627134e-03
-9.23273084e+02 7.90818837e-02 7.60522849e-03 1.82781252e-03
-9.21773047e+02 7.86580968e-02 7.60600951e-03 1.82934988e-03
-9.20273009e+02 7.82358107e-02 7.60678841e-03 1.83088194e-03
-9.18772972e+02 7.78146545e-02 7.60756588e-03 1.83241002e-03
-9.17272934e+02 7.73948835e-02 7.60834145e-03 1.83393311e-03
-9.15772897e+02 7.69764166e-02 7.60911525e-03 1.83545147e-03
-9.14272859e+02 7.65592159e-02 7.60988735e-03 1.83696517e-03
-9.12772822e+02 7.61431776e-02 7.61065793e-03 1.83847454e-03
-9.11272784e+02 7.57288531e-02 7.61142598e-03 1.83997750e-03
-9.09772747e+02 7.53156582e-02 7.61219256e-03 1.84147612e-03
-9.08272709e+02 7.49040912e-02 7.61295674e-03 1.84296854e-03
-9.06772672e+02 7.44938948e-02 7.61371901e-03 1.84445561e-03
-9.05272634e+02 7.40852261e-02 7.61447905e-03 1.84593672e-03
-9.03772597e+02 7.36780492e-02 7.61523693e-03 1.84741192e-03
-9.02272559e+02 7.32725710e-02 7.61599226e-03 1.84888041e-03
-9.00772522e+02 7.28684301e-02 7.61674570e-03 1.85034342e-03
-8.99272484e+02 7.24659117e-02 7.61749672e-03 1.85179987e-03
-8.97772447e+02 7.20653402e-02 7.61824470e-03 1.85324852e-03
-8.96272409e+02 7.16664673e-02 7.61899011e-03 1.85469021e-03
-8.94772372e+02 7.12695074e-02 7.61973253e-03 1.85612409e-03
-8.93272334e+02 7.08744389e-02 7.62047199e-03 1.85755020e-03
-8.91772297e+02 7.04810436e-02 7.62120889e-03 1.85896925e-03
-8.90272259e+02 7.00896498e-02 7.62194262e-03 1.86038002e-03
-8.88772222e+02 6.97004515e-02 7.62267281e-03 1.86178174e-03
-8.87272184e+02 6.93131841e-02 7.62339993e-03 1.86317531e-03
-8.85772147e+02 6.89282434e-02 7.62412324e-03 1.86455926e-03
-8.84272109e+02 6.85450624e-02 7.62484379e-03 1.86593558e-03
-8.82772072e+02 6.81639621e-02 7.62556098e-03 1.86730306e-03
-8.81272034e+02 6.77854474e-02 7.62627384e-03 1.86865985e-03
-8.79771996e+02 6.74091949e-02 7.62698297e-03 1.87000707e-03
-8.78271959e+02 6.70349911e-02 7.62768877e-03 1.87134544e-03
-8.76771921e+02 6.66635666e-02 7.62838985e-03 1.87267231e-03
-8.75271884e+02 6.62944430e-02 7.62908710e-03 1.87398935e-03
-8.73771846e+02 6.59278723e-02 7.62978004e-03 1.87529565e-03
-8.72271809e+02 6.55638349e-02 7.63046869e-03 1.87659122e-03
-8.70771771e+02 6.52022460e-02 7.63115321e-03 1.87787636e-03
-8.69271734e+02 6.48432214e-02 7.63183336e-03 1.87915063e-03
-8.67771696e+02 6.44865797e-02 7.63250947e-03 1.88041465e-03
-8.66271659e+02 6.41326914e-02 7.63318084e-03 1.88166708e-03
-8.64771621e+02 6.37815688e-02 7.63384744e-03 1.88290787e-03
-8.63271584e+02 6.34331365e-02 7.63450939e-03 1.88413728e-03
-8.61771546e+02 6.30875424e-02 7.63516641e-03 1.88535477e-03
-8.60271509e+02 6.27446779e-02 7.63581869e-03 1.88656072e-03
-8.58771471e+02 6.24043537e-02 7.63646657e-03 1.88775580e-03
-8.57271434e+02 6.20669322e-02 7.63710937e-03 1.88893873e-03
-8.55771396e+02 6.17322011e-02 7.63774746e-03 1.89011025e-03
-8.54271359e+02 6.14001141e-02 7.63838094e-03 1.89127053e-03
-8.52771321e+02 6.10711142e-02 7.63900894e-03 1.89241803e-03
-8.51271284e+02 6.07449748e-02 7.63963190e-03 1.89355355e-03
-8.49771246e+02 6.04215070e-02 7.64025015e-03 1.89467776e-03
-8.48271209e+02 6.01009634e-02 7.64086320e-03 1.89578980e-03
-8.46771171e+02 5.97832359e-02 7.64147126e-03 1.89689005e-03
-8.45271134e+02 5.94680230e-02 7.64207488e-03 1.89797958e-03
-8.43771096e+02 5.91557941e-02 7.64267317e-03 1.89905678e-03
-8.42271059e+02 5.88465838e-02 7.64326604e-03 1.90012155e-03
-8.40771021e+02 5.85402005e-02 7.64385385e-03 1.90117459e-03
-8.39270984e+02 5.82365289e-02 7.64443682e-03 1.90221631e-03
-8.37770946e+02 5.79356455e-02 7.64501477e-03 1.90324647e-03
-8.36270909e+02 5.76375650e-02 7.64558769e-03 1.90426505e-03
-8.34770871e+02 5.73423437e-02 7.64615545e-03 1.90527189e-03
-8.33270834e+02 5.70495136e-02 7.64671893e-03 1.90626862e-03
-8.31770796e+02 5.67594525e-02 7.64727741e-03 1.90725396e-03
-8.30270759e+02 5.64723230e-02 7.64783057e-03 1.90822741e-03
-8.28770721e+02 5.61880357e-02 7.64837856e-03 1.90918931e-03
-8.27270684e+02 5.59063357e-02 7.64892187e-03 1.91014055e-03
-8.25770646e+02 5.56270160e-02 7.64946089e-03 1.91108186e-03
-8.24270609e+02 5.53506371e-02 7.64999453e-03 1.91201139e-03
-8.22770571e+02 5.50765554e-02 7.65052401e-03 1.91293133e-03
-8.21270534e+02 5.48048898e-02 7.65104911e-03 1.91384132e-03
-8.19770496e+02 5.45359689e-02 7.65156919e-03 1.91474030e-03
-8.18270459e+02 5.42693921e-02 7.65208500e-03 1.91562964e-03
-8.16770421e+02 5.40053728e-02 7.65259613e-03 1.91650866e-03
-8.15270384e+02 5.37438644e-02 7.65310266e-03 1.91737756e-03
-8.13770346e+02 5.34843501e-02 7.65360558e-03 1.91823809e-03
-8.12270309e+02 5.32272175e-02 7.65410413e-03 1.91908899e-03
-8.10770271e+02 5.29722082e-02 7.65459881e-03 1.91993115e-03
-8.09270234e+02 5.27196325e-02 7.65508902e-03 1.92076359e-03
-8.07770196e+02 5.24689581e-02 7.65557576e-03 1.92158808e-03
-8.06270159e+02 5.22206037e-02 7.65605824e-03 1.92240330e-03
-8.04770121e+02 5.19742967e-02 7.65653696e-03 1.92321015e-03
-8.03270084e+02 5.17298349e-02 7.65701231e-03 1.92400935e-03
-8.01770046e+02 5.14874833e-02 7.65748379e-03 1.92480006e-03
-8.00270009e+02 5.12470002e-02 7.65795183e-03 1.92558308e-03
-7.98769971e+02 5.10082152e-02 7.65841678e-03 1.92635902e-03
-7.97269934e+02 5.07713129e-02 7.65887827e-03 1.92712729e-03
-7.95769896e+02 5.05362896e-02 7.65933630e-03 1.92788794e-03
-7.94269859e+02 5.03030886e-02 7.65979098e-03 1.92864119e-03
-7.92769821e+02 5.00715124e-02 7.66024268e-03 1.92938770e-03
-7.91269784e+02 4.98413455e-02 7.66069182e-03 1.93012818e-03
-7.89769746e+02 4.96129380e-02 7.66113771e-03 1.93086155e-03
-7.88269709e+02 4.93860250e-02 7.66158087e-03 1.93158867e-03
-7.86769671e+02 4.91607304e-02 7.66202105e-03 1.93230918e-03
-7.85269634e+02 4.89370326e-02 7.66245828e-03 1.93302318e-03
-7.83769596e+02 4.87145271e-02 7.66289336e-03 1.93373197e-03
-7.82269559e+02 4.84935309e-02 7.66332565e-03 1.93443457e-03
-7.80769521e+02 4.82736656e-02 7.66375589e-03 1.93513221e-03
-7.79269484e+02 4.80556457e-02 7.66418270e-03 1.93582265e-03
-7.77769446e+02 4.78385723e-02 7.66460781e-03 1.93650875e-03
-7.76269409e+02 4.76226009e-02 7.66503091e-03 1.93719005e-03
-7.74769371e+02 4.74080286e-02 7.66545144e-03 1.93786562e-03
-7.73269334e+02 4.71945711e-02 7.66586993e-03 1.93853638e-03
-7.71769296e+02 4.69824512e-02 7.66628595e-03 1.93920166e-03
-7.70269259e+02 4.67712602e-02 7.66670029e-03 1.93986276e-03
-7.68769221e+02 4.65612244e-02 7.66711252e-03 1.94051898e-03
-7.67269184e+02 4.63522816e-02 7.66752274e-03 1.94117055e-03
-7.65769146e+02 4.61444384e-02 7.66793095e-03 1.94181746e-03
-7.64269109e+02 4.59376034e-02 7.66833732e-03 1.94246001e-03
-7.62769071e+02 4.57317290e-02 7.66874194e-03 1.94309837e-03
-7.61269034e+02 4.55265645e-02 7.66914529e-03 1.94373334e-03
-7.59768996e+02 4.53227903e-02 7.66954605e-03 1.94436282e-03
-7.58268959e+02 4.51195508e-02 7.66994589e-03 1.94498948e-03
-7.56768921e+02 4.49174508e-02 7.67034362e-03 1.94561147e-03
-7.55268884e+02 4.47161760e-02 7.67073985e-03 1.94622977e-03
-7.53768846e+02 4.45157566e-02 7.67113452e-03 1.94684430e-03
-7.52268809e+02 4.43164050e-02 7.67152722e-03 1.94745445e-03
-7.50768771e+02 4.41176400e-02 7.67191889e-03 1.94806168e-03
-7.49268734e+02 4.39196148e-02 7.67230921e-03 1.94866555e-03
-7.47768696e+02 4.37226720e-02 7.67269753e-03 1.94926503e-03
-7.46268659e+02 4.35261084e-02 7.67308521e-03 1.94986228e-03
-7.44768621e+02 4.33306586e-02 7.67347083e-03 1.95045507e-03
-7.43268584e+02 4.31358829e-02 7.67385522e-03 1.95104476e-03
-7.41768546e+02 4.29417850e-02 7.67423839e-03 1.95163135e-03
-7.40268509e+02 4.27484920e-02 7.67462009e-03 1.95221447e-03
-7.38768471e+02 4.25556825e-02 7.67500094e-03 1.95279510e-03
-7.37268434e+02 4.23635473e-02 7.67538057e-03 1.95337268e-03
-7.35768396e+02 4.21725032e-02 7.67575817e-03 1.95394598e-03
-7.34268359e+02 4.19820510e-02 7.67613470e-03 1.95451651e-03
-7.32768321e+02 4.17923849e-02 7.67650978e-03 1.95508370e-03
-7.31268284e+02 4.16031478e-02 7.67688412e-03 1.95564863e-03
-7.29768246e+02 4.14146115e-02 7.67725718e-03 1.95621051e-03
-7.28268209e+02 4.12268883e-02 7.67762874e-03 1.95676901e-03
-7.26768171e+02 4.10396131e-02 7.67799952e-03 1.95732523e-03
-7.25268134e+02 4.08532127e-02 7.67836866e-03 1.95787792e-03
-7.23768096e+02 4.06672763e-02 7.67873699e-03 1.95842830e-03
-7.22268059e+02 4.04819756e-02 7.67910416e-03 1.95897590e-03
-7.20768021e+02 4.02976312e-02 7.67946954e-03 1.95951976e-03
-7.19267983e+02 4.01134861e-02 7.67983462e-03 1.96006214e-03
-7.17767946e+02 3.99301931e-02 7.68019811e-03 1.96060113e-03
-7.16267908e+02 3.97474993e-02 7.68056051e-03 1.96113749e-03
-7.14767871e+02 3.95652409e-02 7.68092214e-03 1.96167170e-03
-7.13267833e+02 3.93836880e-02 7.68128247e-03 1.96220298e-03
-7.11767796e+02 3.92029050e-02 7.68164137e-03 1.96273117e-03
-7.10267758e+02 3.90227547e-02 7.68199910e-03 1.96325668e-03
-7.08767721e+02 3.88430636e-02 7.68235602e-03 1.96378003e-03
-7.07267683e+02 3.86638930e-02 7.68271199e-03 1.96430104e-03
-7.05767646e+02 3.84852729e-02 7.68306696e-03 1.96481965e-03
-7.04267608e+02 3.83072456e-02 7.68342084e-03 1.96533574e-03
-7.02767571e+02 3.81298736e-02 7.68377352e-03 1.96584914e-03
-7.01267533e+02 3.79529159e-02 7.68412545e-03 1.96636057e-03
-6.99767496e+02 3.77764898e-02 7.68447642e-03 1.96686969e-03
-6.98267458e+02 3.76010295e-02 7.68482556e-03 1.96737527e-03
-6.96767421e+02 3.74256347e-02 7.68517464e-03 1.96787991e-03
-6.95267383e+02 3.72510879e-02 7.68552214e-03 1.96838136e-03
-6.93767346e+02 3.70769159e-02 7.68586896e-03 1.96888102e-03
-6.92267308e+02 3.69033251e-02 7.68621472e-03 1.96937828e-03
-6.90767271e+02 3.67304262e-02 7.68655918e-03 1.96987284e-03
-6.89267233e+02 3.65577953e-02 7.68690319e-03 1.97036594e-03
-6.87767196e+02 3.63857232e-02 7.68724617e-03 1.97085675e-03
-6.86267158e+02 3.62142195e-02 7.68758810e-03 1.97134524e-03
-6.84767121e+02 3.60431370e-02 7.68792927e-03 1.97183186e-03
-6.83267083e+02 3.58724413e-02 7.68826975e-03 1.97231671e-03
-6.81767046e+02 3.57025649e-02 7.68860867e-03 1.97279857e-03
-6.80267008e+02 3.55328073e-02 7.68894744e-03 1.97327945e-03
-6.78766971e+02 3.53639088e-02 7.68928457e-03 1.97375724e-03
-6.77266933e+02 3.51950670e-02 7.68962166e-03 1.97423424e-03
-6.75766896e+02 3.50269341e-02 7.68995742e-03 1.97470861e-03
-6.74266858e+02 3.48593106e-02 7.69029224e-03 1.97518092e-03
-6.72766821e+02 3.46920999e-02 7.69062630e-03 1.97565146e-03
-6.71266783e+02 3.45253533e-02 7.69095952e-03 1.97612009e-03
-6.69766746e+02 3.43590690e-02 7.69129189e-03 1.97658683e-03
-6.68266708e+02 3.41934097e-02 7.69162308e-03 1.97705122e-03
-6.66766671e+02 3.40279582e-02 7.69195393e-03 1.97751446e-03
-6.65266633e+02 3.38631483e-02 7.69228358e-03 1.97797533e-03
-6.63766596e+02 3.36988192e-02 7.69261233e-03 1.97843429e-03
-6.62266558e+02 3.35350227e-02 7.69294010e-03 1.97889121e-03
-6.60766521e+02 3.33717318e-02 7.69326692e-03 1.97934618e-03
-6.59266483e+02 3.32087235e-02 7.69359325e-03 1.97979982e-03
-6.57766446e+02 3.30463870e-02 7.69391831e-03 1.98025106e-03
-6.56266408e+02 3.28844016e-02 7.69424273e-03 1.98070080e-03
-6.54766371e+02 3.27230046e-02 7.69456604e-03 1.98114840e-03
-6.53266333e+02 3.25620328e-02 7.69488858e-03 1.98159431e-03
-6.51766296e+02 3.24015181e-02 7.69521027e-03 1.98203845e-03
-6.50266258e+02 3.22413795e-02 7.69553127e-03 1.98248106e-03
-6.48766221e+02 3.20817861e-02 7.69585124e-03 1.98292168e-03
-6.47266183e+02 3.19229370e-02 7.69616980e-03 1.98335977e-03
-6.45766146e+02 3.17643629e-02 7.69648787e-03 1.98379663e-03
-6.44266108e+02 3.16061258e-02 7.69680533e-03 1.98423210e-03
-6.42766071e+02 3.14488213e-02 7.69712099e-03 1.98466455e-03
-6.41266033e+02 3.12917534e-02 7.69743624e-03 1.98509590e-03
-6.39765996e+02 3.11352605e-02 7.69775041e-03 1.98552524e-03
-6.38265958e+02 3.09793892e-02 7.69806339e-03 1.98595244e-03
-6.36765921e+02 3.08238589e-02 7.69837575e-03 1.98637828e-03
-6.35265883e+02 3.06689036e-02 7.69868703e-03 1.98680213e-03
-6.33765846e+02 3.05145771e-02 7.69899710e-03 1.98722384e-03
-6.32265808e+02 3.03606287e-02 7.69930648e-03 1.98764413e-03
-6.30765771e+02 3.02072097e-02 7.69961486e-03 1.98806257e-03
-6.29265733e+02 3.00543873e-02 7.69992210e-03 1.98847899e-03
-6.27765696e+02 2.99024121e-02 7.70022771e-03 1.98889272e-03
-6.26265658e+02 2.97507968e-02 7.70053266e-03 1.98930510e-03
-6.24765621e+02 2.95997066e-02 7.70083661e-03 1.98971569e-03
-6.23265583e+02 2.94491108e-02 7.70113962e-03 1.99012456e-03
-6.21765546e+02 2.92989910e-02 7.70144174e-03 1.99053179e-03
-6.20265508e+02 2.91496423e-02 7.70174238e-03 1.99093659e-03
-6.18765471e+02 2.90008547e-02 7.70204194e-03 1.99133952e-03
-6.17265433e+02 2.88524520e-02 7.70234079e-03 1.99174107e-03
-6.15765396e+02 2.87050019e-02 7.70263778e-03 1.99213971e-03
-6.14265358e+02 2.85576990e-02 7.70293453e-03 1.99253764e-03
-6.12765321e+02 2.84109606e-02 7.70323021e-03 1.99293372e-03
-6.11265283e+02 2.82651034e-02 7.70352417e-03 1.99332712e-03
-6.09765246e+02 2.81194348e-02 7.70381780e-03 1.99371970e-03
-6.08265208e+02 2.79742842e-02 7.70411044e-03 1.99411059e-03
-6.06765171e+02 2.78300488e-02 7.70440131e-03 1.99449873e-03
-6.05265133e+02 2.76860531e-02 7.70469174e-03 1.99488593e-03
-6.03765096e+02 2.75427973e-02 7.70498074e-03 1.99527086e-03
-6.02265058e+02 2.74000567e-02 7.70526875e-03 1.99565413e-03
-6.00765021e+02 2.72578122e-02 7.70555582e-03 1.99603580e-03
-5.99264983e+02 2.71163553e-02 7.70584135e-03 1.99641509e-03
-5.97764946e+02 2.69752687e-02 7.70612619e-03 1.99679314e-03
-5.96264908e+02 2.68348855e-02 7.70640967e-03 1.99716904e-03
-5.94764871e+02 2.66951081e-02 7.70669198e-03 1.99754308e-03
-5.93264833e+02 2.65557493e-02 7.70697349e-03 1.99791575e-03
-5.91764796e+02 2.64170412e-02 7.70725375e-03 1.99828645e-03
-5.90264758e+02 2.62787213e-02 7.70753326e-03 1.99865587e-03
-5.88764721e+02 2.61407465e-02 7.70781213e-03 1.99902415e-03
-5.87264683e+02 2.60035533e-02 7.70808948e-03 1.99939011e-03
-5.85764646e+02 2.58666057e-02 7.70836637e-03 1.99975521e-03
-5.84264608e+02 2.57304923e-02 7.70864163e-03 2.00011786e-03
-5.82764571e+02 2.55948631e-02 7.70891597e-03 2.00047902e-03
-5.81264533e+02 2.54594786e-02 7.70918985e-03 2.00083932e-03
-5.79764496e+02 2.53246696e-02 7.70946262e-03 2.00119788e-03
-5.78264458e+02 2.51906238e-02 7.70973389e-03 2.00155422e-03
-5.76764421e+02 2.50568974e-02 7.71000457e-03 2.00190952e-03
-5.75264383e+02 2.49236468e-02 7.71027433e-03 2.00226337e-03
-5.73764346e+02 2.47908173e-02 7.71054328e-03 2.00261592e-03
-5.72264308e+02 2.46583630e-02 7.71081152e-03 2.00296729e-03
-5.70764271e+02 2.45263205e-02 7.71107896e-03 2.00331739e-03
-5.69264233e+02 2.43950627e-02 7.71134487e-03 2.00366524e-03
-5.67764196e+02 2.42642571e-02 7.71160991e-03 2.00401172e-03
-5.66264158e+02 2.41335735e-02 7.71187474e-03 2.00435771e-03
-5.64764121e+02 2.40035755e-02 7.71213823e-03 2.00470173e-03
-5.63264083e+02 2.38741451e-02 7.71240062e-03 2.00504408e-03
-5.61764046e+02 2.37448957e-02 7.71266267e-03 2.00538581e-03
-5.60264008e+02 2.36161019e-02 7.71292385e-03 2.00572617e-03
-5.58763970e+02 2.34879616e-02 7.71318375e-03 2.00606467e-03
-5.57263933e+02 2.33598557e-02 7.71344361e-03 2.00640292e-03
-5.55763895e+02 2.32322778e-02 7.71370245e-03 2.00673964e-03
-5.54263858e+02 2.31052385e-02 7.71396024e-03 2.00707481e-03
-5.52763820e+02 2.29783746e-02 7.71421771e-03 2.00740937e-03
-5.51263783e+02 2.28519607e-02 7.71447430e-03 2.00774261e-03
-5.49763745e+02 2.27261399e-02 7.71472974e-03 2.00807416e-03
-5.48263708e+02 2.26003988e-02 7.71498505e-03 2.00840538e-03
-5.46763670e+02 2.24752337e-02 7.71523923e-03 2.00873495e-03
-5.45263633e+02 2.23504128e-02 7.71549275e-03 2.00906350e-03
-5.43763595e+02 2.22259067e-02 7.71574568e-03 2.00939110e-03
-5.42263558e+02 2.21018366e-02 7.71599775e-03 2.00971743e-03
-5.40763520e+02 2.19781320e-02 7.71624912e-03 2.01004269e-03
-5.39263483e+02 2.18548000e-02 7.71649977e-03 2.01036687e-03
-5.37763445e+02 2.17317019e-02 7.71674999e-03 2.01069031e-03
-5.36263408e+02 2.16090798e-02 7.71699927e-03 2.01101241e-03
-5.34763370e+02 2.14868028e-02 7.71724789e-03 2.01133349e-03
-5.33263333e+02 2.13646954e-02 7.71749620e-03 2.01165402e-03
-5.31763295e+02 2.12430039e-02 7.71774370e-03 2.01197337e-03
-5.30263258e+02 2.11216334e-02 7.71799059e-03 2.01229178e-03
-5.28763220e+02 2.10007343e-02 7.71823655e-03 2.01260885e-03
-5.27263183e+02 2.08801746e-02 7.71848186e-03 2.01292495e-03
-5.25763145e+02 2.07600378e-02 7.71872635e-03 2.01323985e-03
-5.24263108e+02 2.06401848e-02 7.71897029e-03 2.01355391e-03
-5.22763070e+02 2.05205118e-02 7.71921390e-03 2.01386742e-03
-5.21263033e+02 2.04014831e-02 7.71945624e-03 2.01417916e-03
-5.19762995e+02 2.02825611e-02 7.71969839e-03 2.01449053e-03
-5.18262958e+02 2.01642450e-02 7.71993935e-03 2.01480024e-03
-5.16762920e+02 2.00461494e-02 7.72017989e-03 2.01510930e-03
-5.15262883e+02 1.99281705e-02 7.72042022e-03 2.01541797e-03
-5.13762845e+02 1.98105885e-02 7.72065978e-03 2.01572554e-03
-5.12262808e+02 1.96933659e-02 7.72089864e-03 2.01603209e-03
-5.10762770e+02 1.95764827e-02 7.72113684e-03 2.01633768e-03
-5.09262733e+02 1.94596246e-02 7.72137502e-03 2.01664314e-03
-5.07762695e+02 1.93436208e-02 7.72161151e-03 2.01694630e-03
-5.06262658e+02 1.92278592e-02 7.72184753e-03 2.01724876e-03
-5.04762620e+02 1.91125989e-02 7.72208256e-03 2.01754985e-03
-5.03262583e+02 1.89973902e-02 7.72231751e-03 2.01785074e-03
-5.01762545e+02 1.88827317e-02 7.72255138e-03 2.01815014e-03
-5.00262508e+02 1.87681428e-02 7.72278514e-03 2.01844929e-03
-4.98762470e+02 1.86543925e-02 7.72301723e-03 2.01874620e-03
-4.97262433e+02 1.85406284e-02 7.72324937e-03 2.01904309e-03
-4.95762395e+02 1.84271194e-02 7.72348101e-03 2.01933926e-03
-4.94262358e+02 1.83142492e-02 7.72371140e-03 2.01963371e-03
-4.92762320e+02 1.82014674e-02 7.72394163e-03 2.01992788e-03
-4.91262283e+02 1.80892905e-02 7.72417066e-03 2.02022042e-03
-4.89762245e+02 1.79773243e-02 7.72439928e-03 2.02051236e-03
-4.88262208e+02 1.78658350e-02 7.72462697e-03 2.02080302e-03
-4.86762170e+02 1.77545453e-02 7.72485428e-03 2.02109310e-03
-4.85262133e+02 1.76436129e-02 7.72508089e-03 2.02138222e-03
-4.83762095e+02 1.75332559e-02 7.72530636e-03 2.02166978e-03
-4.82262058e+02 1.74231181e-02 7.72553141e-03 2.02195674e-03
-4.80762020e+02 1.73134542e-02 7.72575552e-03 2.02224242e-03
-4.79261983e+02 1.72040858e-02 7.72597906e-03 2.02252729e-03
-4.77761945e+02 1.70950265e-02 7.72620199e-03 2.02281131e-03
-4.76261908e+02 1.69863201e-02 7.72642423e-03 2.02309438e-03
-4.74761870e+02 1.68780352e-02 7.72664565e-03 2.02337632e-03
-4.73261833e+02 1.67701480e-02 7.72686627e-03 2.02365718e-03
-4.71761795e+02 1.66627215e-02 7.72708599e-03 2.02393681e-03
-4.70261758e+02 1.65557820e-02 7.72730474e-03 2.02421514e-03
-4.68761720e+02 1.64491037e-02 7.72752299e-03 2.02449276e-03
-4.67261683e+02 1.63429500e-02 7.72774019e-03 2.02476898e-03
-4.65761645e+02 1.62369262e-02 7.72795715e-03 2.02504483e-03
-4.64261608e+02 1.61311806e-02 7.72817357e-03 2.02531993e-03
-4.62761570e+02 1.60258871e-02 7.72838909e-03 2.02559382e-03
-4.61261533e+02 1.59210526e-02 7.72860371e-03 2.02586649e-03
-4.59761495e+02 1.58165446e-02 7.72881768e-03 2.02613829e-03
-4.58261458e+02 1.57124947e-02 7.72903074e-03 2.02640887e-03
-4.56761420e+02 1.56089021e-02 7.72924290e-03 2.02667823e-03
-4.55261383e+02 1.55056766e-02 7.72945433e-03 2.02694661e-03
-4.53761345e+02 1.54029500e-02 7.72966476e-03 2.02721368e-03
-4.52261308e+02 1.53002831e-02 7.72987510e-03 2.02748056e-03
-4.50761270e+02 1.51981449e-02 7.73008438e-03 2.02774605e-03
-4.49261233e+02 1.50961874e-02 7.73029331e-03 2.02801104e-03
-4.47761195e+02 1.49949490e-02 7.73050081e-03 2.02827414e-03
-4.46261158e+02 1.48940933e-02 7.73070755e-03 2.02853623e-03
-4.44761120e+02 1.47935737e-02 7.73091362e-03 2.02879743e-03
-4.43261083e+02 1.46935016e-02 7.73111880e-03 2.02905744e-03
-4.41761045e+02 1.45933862e-02 7.73132409e-03 2.02931755e-03
-4.40261008e+02 1.44940317e-02 7.73152785e-03 2.02957566e-03
-4.38760970e+02 1.43949598e-02 7.73173105e-03 2.02983302e-03
-4.37260933e+02 1.42962132e-02 7.73193361e-03 2.03008951e-03
-4.35760895e+02 1.41979113e-02 7.73213528e-03 2.03034484e-03
-4.34260858e+02 1.41002053e-02 7.73233577e-03 2.03059860e-03
-4.32760820e+02 1.40026955e-02 7.73253586e-03 2.03085183e-03
-4.31260783e+02 1.39055479e-02 7.73273524e-03 2.03110411e-03
-4.29760745e+02 1.38088759e-02 7.73293367e-03 2.03135514e-03
-4.28260708e+02 1.37125241e-02 7.73313147e-03 2.03160532e-03
-4.26760670e+02 1.36164633e-02 7.73332869e-03 2.03185474e-03
-4.25260633e+02 1.35209386e-02 7.73352483e-03 2.03210274e-03
-4.23760595e+02 1.34256185e-02 7.73372058e-03 2.03235021e-03
-4.22260558e+02 1.33305452e-02 7.73391584e-03 2.03259701e-03
-4.20760520e+02 1.32361597e-02 7.73410971e-03 2.03284202e-03
-4.19260483e+02 1.31420559e-02 7.73430303e-03 2.03308629e-03
-4.17760445e+02 1.30484106e-02 7.73449543e-03 2.03332935e-03
-4.16260408e+02 1.29549021e-02 7.73468757e-03 2.03357205e-03
-4.14760370e+02 1.28619297e-02 7.73487863e-03 2.03381334e-03
-4.13260333e+02 1.27692475e-02 7.73506911e-03 2.03405387e-03
-4.11760295e+02 1.26770851e-02 7.73525855e-03 2.03429304e-03
-4.10260258e+02 1.25850618e-02 7.73544773e-03 2.03453184e-03
-4.08760220e+02 1.24937021e-02 7.73563556e-03 2.03476890e-03
-4.07260183e+02 1.24024492e-02 7.73582319e-03 2.03500568e-03
-4.05760145e+02 1.23117918e-02 7.73600963e-03 2.03524090e-03
-4.04260108e+02 1.22213767e-02 7.73619558e-03 2.03547549e-03
-4.02760070e+02 1.21313215e-02 7.73638081e-03 2.03570913e-03
-4.01260033e+02 1.20415741e-02 7.73656543e-03 2.03594196e-03
-3.99759995e+02 1.19524203e-02 7.73674886e-03 2.03617324e-03
-3.98259957e+02 1.18634053e-02 7.73693201e-03 2.03640416e-03
-3.96759920e+02 1.17749392e-02 7.73711406e-03 2.03663364e-03
-3.95259882e+02 1.16864692e-02 7.73729613e-03 2.03686312e-03
-3.93759845e+02 1.15987867e-02 7.73747661e-03 2.03709055e-03
-3.92259807e+02 1.15111846e-02 7.73765693e-03 2.03731776e-03
-3.90759770e+02 1.14238115e-02 7.73783681e-03 2.03754437e-03
-3.89259732e+02 1.13367506e-02 7.73801605e-03 2.03777017e-03
-3.87759695e+02 1.12501749e-02 7.73819432e-03 2.03799469e-03
-3.86259657e+02 1.11640202e-02 7.73837174e-03 2.03821812e-03
-3.84759620e+02 1.10782707e-02 7.73854835e-03 2.03844049e-03
-3.83259582e+02 1.09926870e-02 7.73872463e-03 2.03866241e-03
-3.81759545e+02 1.09077006e-02 7.73889971e-03 2.03888279e-03
-3.80259507e+02 1.08228428e-02 7.73907453e-03 2.03910282e-03
-3.78759470e+02 1.07384457e-02 7.73924842e-03 2.03932165e-03
-3.77259432e+02 1.06544234e-02 7.73942157e-03 2.03953950e-03
-3.75759395e+02 1.05707887e-02 7.73959393e-03 2.03975634e-03
-3.74259357e+02 1.04874531e-02 7.73976569e-03 2.03997239e-03
-3.72759320e+02 1.04041410e-02 7.73993741e-03 2.04018838e-03
-3.71259282e+02 1.03215057e-02 7.74010776e-03 2.04040260e-03
-3.69759245e+02 1.02391099e-02 7.74027764e-03 2.04061619e-03
-3.68259207e+02 1.01569722e-02 7.74044699e-03 2.04082911e-03
-3.66759170e+02 1.00751606e-02 7.74061569e-03 2.04104118e-03
-3.65259132e+02 9.99379964e-03 7.74078348e-03 2.04125207e-03
-3.63759095e+02 9.91276048e-03 7.74095063e-03 2.04146212e-03
-3.62259057e+02 9.83195014e-03 7.74111731e-03 2.04167157e-03
-3.60759020e+02 9.75154640e-03 7.74128318e-03 2.04187996e-03
-3.59258982e+02 9.67168832e-03 7.74144793e-03 2.04208692e-03
-3.57758945e+02 9.59198932e-03 7.74161238e-03 2.04229347e-03
-3.56258907e+02 9.51244499e-03 7.74177651e-03 2.04249961e-03
-3.54758870e+02 9.43358316e-03 7.74193926e-03 2.04270397e-03
-3.53258832e+02 9.35481662e-03 7.74210183e-03 2.04290808e-03
-3.51758795e+02 9.27620605e-03 7.74226408e-03 2.04311178e-03
-3.50258757e+02 9.19825013e-03 7.74242501e-03 2.04331377e-03
-3.48758720e+02 9.12040873e-03 7.74258571e-03 2.04351546e-03
-3.47258682e+02 9.04281574e-03 7.74274591e-03 2.04371650e-03
-3.45758645e+02 8.96581585e-03 7.74290490e-03 2.04391599e-03
-3.44258607e+02 8.88921000e-03 7.74306310e-03 2.04411446e-03
-3.42758570e+02 8.81274683e-03 7.74322101e-03 2.04431255e-03
-3.41258532e+02 8.73673560e-03 7.74337801e-03 2.04450946e-03
-3.39758495e+02 8.66095765e-03 7.74353454e-03 2.04470575e-03
-3.38258457e+02 8.58535471e-03 7.74369072e-03 2.04490159e-03
-3.36758420e+02 8.51000245e-03 7.74384639e-03 2.04509677e-03
-3.35258382e+02 8.43515300e-03 7.74400104e-03 2.04529064e-03
-3.33758345e+02 8.36062469e-03 7.74415504e-03 2.04548367e-03
-3.32258307e+02 8.28639214e-03 7.74430844e-03 2.04567593e-03
-3.30758270e+02 8.21269172e-03 7.74446076e-03 2.04586680e-03
-3.29258232e+02 8.13926181e-03 7.74461254e-03 2.04605697e-03
-3.27758195e+02 8.06620839e-03 7.74476355e-03 2.04624615e-03
-3.26258157e+02 7.99315739e-03 7.74491456e-03 2.04643531e-03
-3.24758120e+02 7.92055038e-03 7.74506467e-03 2.04662332e-03
-3.23258082e+02 7.84816997e-03 7.74521432e-03 2.04681074e-03
-3.21758045e+02 7.77618140e-03 7.74536318e-03 2.04699713e-03
-3.20258007e+02 7.70459421e-03 7.74551122e-03 2.04718247e-03
-3.18757970e+02 7.63328477e-03 7.74565869e-03 2.04736709e-03
-3.17257932e+02 7.56206303e-03 7.74580600e-03 2.04755147e-03
-3.15757895e+02 7.49157161e-03 7.74595181e-03 2.04773395e-03
-3.14257857e+02 7.42118107e-03 7.74609743e-03 2.04791617e-03
-3.12757820e+02 7.35106403e-03 7.74624248e-03 2.04809766e-03
-3.11257782e+02 7.28153008e-03 7.74638635e-03 2.04827764e-03
-3.09757745e+02 7.21231663e-03 7.74652957e-03 2.04845678e-03
-3.08257707e+02 7.14329381e-03 7.74667241e-03 2.04863542e-03
-3.06757670e+02 7.07442596e-03 7.74681493e-03 2.04881365e-03
-3.05257632e+02 7.00613111e-03 7.74695628e-03 2.04899039e-03
-3.03757595e+02 6.93802534e-03 7.74709725e-03 2.04916663e-03
-3.02257557e+02 6.87038605e-03 7.74723726e-03 2.04934166e-03
-3.00757520e+02 6.80270392e-03 7.74737737e-03 2.04951678e-03
-2.99257482e+02 6.73551213e-03 7.74751648e-03 2.04969063e-03
-2.97757445e+02 6.66872495e-03 7.74765477e-03 2.04986343e-03
-2.96257407e+02 6.60231460e-03 7.74779228e-03 2.05003524e-03
-2.94757370e+02 6.53602915e-03 7.74792955e-03 2.05020672e-03
-2.93257332e+02 6.46998213e-03 7.74806633e-03 2.05037757e-03
-2.91757295e+02 6.40462927e-03 7.74820169e-03 2.05054661e-03
-2.90257257e+02 6.33945297e-03 7.74833669e-03 2.05071520e-03
-2.88757220e+02 6.27463489e-03 7.74847096e-03 2.05088284e-03
-2.87257182e+02 6.21024119e-03 7.74860436e-03 2.05104938e-03
-2.85757145e+02 6.14592859e-03 7.74873760e-03 2.05121570e-03
-2.84257107e+02 6.08199204e-03 7.74887008e-03 2.05138104e-03
-2.82757070e+02 6.01844971e-03 7.74900175e-03 2.05154535e-03
-2.81257032e+02 5.95521873e-03 7.74913278e-03 2.05170885e-03
-2.79756995e+02 5.89221196e-03 7.74926335e-03 2.05187176e-03
-2.78256957e+02 5.82976992e-03 7.74939277e-03 2.05203319e-03
-2.76756920e+02 5.76737029e-03 7.74952211e-03 2.05219451e-03
-2.75256882e+02 5.70491307e-03 7.74965157e-03 2.05235597e-03
-2.73756845e+02 5.64335689e-03 7.74977918e-03 2.05251509e-03
-2.72256807e+02 5.58209673e-03 7.74990618e-03 2.05267343e-03
-2.70756770e+02 5.52096450e-03 7.75003293e-03 2.05283144e-03
-2.69256732e+02 5.46042192e-03 7.75015846e-03 2.05298791e-03
-2.67756695e+02 5.40020161e-03 7.75028334e-03 2.05314354e-03
-2.66256657e+02 5.34013312e-03 7.75040791e-03 2.05329877e-03
-2.64756620e+02 5.28034271e-03 7.75053191e-03 2.05345326e-03
-2.63256582e+02 5.22091190e-03 7.75065517e-03 2.05360682e-03
-2.61756545e+02 5.16188682e-03 7.75077761e-03 2.05375933e-03
-2.60256507e+02 5.10338055e-03 7.75089898e-03 2.05391048e-03
-2.58756470e+02 5.04499657e-03 7.75102009e-03 2.05406130e-03
-2.57256432e+02 4.98686456e-03 7.75114070e-03 2.05421147e-03
-2.55756395e+02 4.92904767e-03 7.75126065e-03 2.05436081e-03
-2.54256357e+02 4.87157149e-03 7.75137991e-03 2.05450926e-03
-2.52756320e+02 4.81449409e-03 7.75149835e-03 2.05465668e-03
-2.51256282e+02 4.75766701e-03 7.75161628e-03 2.05480343e-03
-2.49756245e+02 4.70128981e-03 7.75173329e-03 2.05494902e-03
-2.48256207e+02 4.64521369e-03 7.75184967e-03 2.05509382e-03
-2.46756170e+02 4.58954735e-03 7.75196522e-03 2.05523755e-03
-2.45256132e+02 4.53426641e-03 7.75207998e-03 2.05538027e-03
-2.43756095e+02 4.47907446e-03 7.75219455e-03 2.05552276e-03
-2.42256057e+02 4.42405271e-03 7.75230877e-03 2.05566479e-03
-2.40756020e+02 4.36957034e-03 7.75242189e-03 2.05580543e-03
-2.39255982e+02 4.31556055e-03 7.75253403e-03 2.05594483e-03
-2.37755944e+02 4.26153712e-03 7.75264621e-03 2.05608427e-03
-2.36255907e+02 4.20815858e-03 7.75275705e-03 2.05622202e-03
-2.34755869e+02 4.15485009e-03 7.75286776e-03 2.05635959e-03
-2.33255832e+02 4.10236137e-03 7.75297677e-03 2.05649503e-03
-2.31755794e+02 4.04968961e-03 7.75308617e-03 2.05663093e-03
-2.30255757e+02 3.99745794e-03 7.75319466e-03 2.05676569e-03
-2.28755719e+02 3.94580406e-03 7.75330196e-03 2.05689895e-03
-2.27255682e+02 3.89437422e-03 7.75340880e-03 2.05703162e-03
-2.25755644e+02 3.84305848e-03 7.75351541e-03 2.05716399e-03
-2.24255607e+02 3.79217683e-03 7.75362112e-03 2.05729523e-03
-2.22755569e+02 3.74176102e-03 7.75372587e-03 2.05742525e-03
-2.21255532e+02 3.69172001e-03 7.75382985e-03 2.05755430e-03
-2.19755494e+02 3.64200631e-03 7.75393316e-03 2.05768250e-03
-2.18255457e+02 3.59238415e-03 7.75403628e-03 2.05781045e-03
-2.16755419e+02 3.54312115e-03 7.75413866e-03 2.05793747e-03
-2.15255382e+02 3.49424082e-03 7.75424025e-03 2.05806349e-03
-2.13755344e+02 3.44607834e-03 7.75434036e-03 2.05818765e-03
-2.12255307e+02 3.39808448e-03 7.75444012e-03 2.05831137e-03
-2.10755269e+02 3.35022350e-03 7.75453961e-03 2.05843473e-03
-2.09255232e+02 3.30281005e-03 7.75463818e-03 2.05855694e-03
-2.07755194e+02 3.25549998e-03 7.75473653e-03 2.05867886e-03
-2.06255157e+02 3.20868739e-03 7.75483386e-03 2.05879950e-03
-2.04755119e+02 3.16206795e-03 7.75493079e-03 2.05891963e-03
-2.03255082e+02 3.11598457e-03 7.75502661e-03 2.05903837e-03
-2.01755044e+02 3.07011880e-03 7.75512199e-03 2.05915654e-03
-2.00255007e+02 3.02452964e-03 7.75521679e-03 2.05927399e-03
-1.98754969e+02 2.97948200e-03 7.75531048e-03 2.05939003e-03
-1.97254932e+02 2.93465903e-03 7.75540370e-03 2.05950549e-03
-1.95754894e+02 2.89042732e-03 7.75549570e-03 2.05961941e-03
-1.94254857e+02 2.84618999e-03 7.75558771e-03 2.05973334e-03
-1.92754819e+02 2.80257644e-03 7.75567844e-03 2.05984566e-03
-1.91254782e+02 2.75898050e-03 7.75576912e-03 2.05995792e-03
-1.89754744e+02 2.71578176e-03 7.75585899e-03 2.06006915e-03
-1.88254707e+02 2.67303989e-03 7.75594791e-03 2.06017920e-03
-1.86754669e+02 2.63073667e-03 7.75603593e-03 2.06028810e-03
-1.85254632e+02 2.58858673e-03 7.75612363e-03 2.06039661e-03
-1.83754594e+02 2.54685921e-03 7.75621045e-03 2.06050402e-03
-1.82254557e+02 2.50527497e-03 7.75629698e-03 2.06061105e-03
-1.80754519e+02 2.46419369e-03 7.75638247e-03 2.06071678e-03
-1.79254482e+02 2.42363654e-03 7.75646687e-03 2.06082116e-03
-1.77754444e+02 2.38307677e-03 7.75655128e-03 2.06092553e-03
-1.76254407e+02 2.34306011e-03 7.75663457e-03 2.06102850e-03
-1.74754369e+02 2.30345398e-03 7.75671701e-03 2.06113040e-03
-1.73254332e+02 2.26403251e-03 7.75679906e-03 2.06123182e-03
-1.71754294e+02 2.22505090e-03 7.75688021e-03 2.06133210e-03
-1.70254257e+02 2.18647176e-03 7.75696052e-03 2.06143134e-03
-1.68754219e+02 2.14786035e-03 7.75704089e-03 2.06153065e-03
-1.67254182e+02 2.10982026e-03 7.75712009e-03 2.06162849e-03
-1.65754144e+02 2.07217859e-03 7.75719846e-03 2.06172530e-03
-1.64254107e+02 2.03482443e-03 7.75727623e-03 2.06182136e-03
-1.62754069e+02 1.99767969e-03 7.75735357e-03 2.06191687e-03
-1.61254032e+02 1.96103846e-03 7.75742987e-03 2.06201108e-03
-1.59753994e+02 1.92475795e-03 7.75750542e-03 2.06210436e-03
-1.58253957e+02 1.88890873e-03 7.75758007e-03 2.06219652e-03
-1.56753919e+02 1.85299855e-03 7.75765485e-03 2.06228883e-03
-1.55253882e+02 1.81781299e-03 7.75772813e-03 2.06237927e-03
-1.53753844e+02 1.78283032e-03 7.75780099e-03 2.06246919e-03
-1.52253807e+02 1.74834683e-03 7.75787281e-03 2.06255781e-03
-1.50753769e+02 1.71392026e-03 7.75794452e-03 2.06264628e-03
-1.49253732e+02 1.68001556e-03 7.75801514e-03 2.06273341e-03
-1.47753694e+02 1.64625922e-03 7.75808545e-03 2.06282015e-03
-1.46253657e+02 1.61291575e-03 7.75815491e-03 2.06290582e-03
-1.44753619e+02 1.57985558e-03 7.75822378e-03 2.06299075e-03
-1.43253582e+02 1.54728475e-03 7.75829164e-03 2.06307442e-03
-1.41753544e+02 1.51491283e-03 7.75835908e-03 2.06315758e-03
-1.40253507e+02 1.48307622e-03 7.75842541e-03 2.06323936e-03
-1.38753469e+02 1.45172434e-03 7.75849074e-03 2.06331988e-03
-1.37253432e+02 1.42065709e-03 7.75855547e-03 2.06339967e-03
-1.35753394e+02 1.38979468e-03 7.75861978e-03 2.06347893e-03
-1.34253357e+02 1.35901479e-03 7.75868392e-03 2.06355796e-03
-1.32753319e+02 1.32876689e-03 7.75874695e-03 2.06363563e-03
-1.31253282e+02 1.29891252e-03 7.75880916e-03 2.06371228e-03
-1.29753244e+02 1.26932772e-03 7.75887082e-03 2.06378824e-03
-1.28253207e+02 1.24021587e-03 7.75893149e-03 2.06386298e-03
-1.26753169e+02 1.21123820e-03 7.75899188e-03 2.06393736e-03
-1.25253132e+02 1.18264615e-03 7.75905147e-03 2.06401075e-03
-1.23753094e+02 1.15466790e-03 7.75910979e-03 2.06408256e-03
-1.22253057e+02 1.12670637e-03 7.75916807e-03 2.06415433e-03
-1.20753019e+02 1.09904943e-03 7.75922572e-03 2.06422531e-03
-1.19252982e+02 1.07187875e-03 7.75928235e-03 2.06429503e-03
-1.17752944e+02 1.04504947e-03 7.75933828e-03 2.06436388e-03
-1.16252907e+02 1.01868170e-03 7.75939325e-03 2.06443153e-03
-1.14752869e+02 9.92692342e-04 7.75944744e-03 2.06449821e-03
-1.13252832e+02 9.67189573e-04 7.75950061e-03 2.06456364e-03
-1.11752794e+02 9.41673153e-04 7.75955381e-03 2.06462910e-03
-1.10252757e+02 9.16383687e-04 7.75960653e-03 2.06469397e-03
-1.08752719e+02 8.91668571e-04 7.75965806e-03 2.06475737e-03
-1.07252682e+02 8.67231314e-04 7.75970901e-03 2.06482005e-03
-1.05752644e+02 8.43093437e-04 7.75975934e-03 2.06488196e-03
-1.04252607e+02 8.19085122e-04 7.75980940e-03 2.06494353e-03
-1.02752569e+02 7.95755795e-04 7.75985805e-03 2.06500336e-03
-1.01252532e+02 7.72681756e-04 7.75990616e-03 2.06506253e-03
-9.97524941e+01 7.49823721e-04 7.75995383e-03 2.06512114e-03
-9.82524566e+01 7.27396434e-04 7.76000060e-03 2.06517864e-03
-9.67524191e+01 7.05362422e-04 7.76004655e-03 2.06523514e-03
-9.52523815e+01 6.83743790e-04 7.76009163e-03 2.06529056e-03
-9.37523440e+01 6.62340498e-04 7.76013627e-03 2.06534543e-03
-9.22523065e+01 6.41353047e-04 7.76018005e-03 2.06539923e-03
-9.07522690e+01 6.20683230e-04 7.76022316e-03 2.06545222e-03
-8.92522315e+01 6.00254006e-04 7.76026576e-03 2.06550458e-03
-8.77521940e+01 5.80316107e-04 7.76030735e-03 2.06555568e-03
-8.62521565e+01 5.60571313e-04 7.76034854e-03 2.06560629e-03
-8.47521190e+01 5.41314768e-04 7.76038870e-03 2.06565564e-03
-8.32520815e+01 5.22427112e-04 7.76042810e-03 2.06570404e-03
-8.17520440e+01 5.03613207e-04 7.76046735e-03 2.06575226e-03
-8.02520065e+01 4.85248482e-04 7.76050565e-03 2.06579932e-03
-7.87519690e+01 4.67147954e-04 7.76054341e-03 2.06584570e-03
-7.72519315e+01 4.49523212e-04 7.76058018e-03 2.06589085e-03
-7.57518940e+01 4.32305819e-04 7.76061610e-03 2.06593497e-03
-7.42518565e+01 4.15440888e-04 7.76065128e-03 2.06597817e-03
-7.27518190e+01 3.98866964e-04 7.76068586e-03 2.06602063e-03
-7.12517815e+01 3.82544247e-04 7.76071991e-03 2.06606245e-03
-6.97517440e+01 3.66506672e-04 7.76075337e-03 2.06610353e-03
-6.82517065e+01 3.51166057e-04 7.76078538e-03 2.06614283e-03
-6.67516690e+01 3.35850959e-04 7.76081734e-03 2.06618206e-03
-6.52516315e+01 3.20945801e-04 7.76084844e-03 2.06622023e-03
-6.37515939e+01 3.06366795e-04 7.76087885e-03 2.06625757e-03
-6.22515564e+01 2.91918598e-04 7.76090900e-03 2.06629458e-03
-6.07515189e+01 2.77848409e-04 7.76093835e-03 2.06633061e-03
-5.92514814e+01 2.64342770e-04 7.76096653e-03 2.06636520e-03
-5.77514439e+01 2.51203561e-04 7.76099395e-03 2.06639885e-03
-5.62514064e+01 2.38417535e-04 7.76102063e-03 2.06643159e-03
-5.47513689e+01 2.25932941e-04 7.76104669e-03 2.06646356e-03
-5.32513314e+01 2.13359261e-04 7.76107292e-03 2.06649576e-03
-5.17512939e+01 2.01709347e-04 7.76109723e-03 2.06652559e-03
-5.02512564e+01 1.90257097e-04 7.76112113e-03 2.06655491e-03
-4.87512189e+01 1.79223398e-04 7.76114416e-03 2.06658316e-03
-4.72511814e+01 1.68099646e-04 7.76116737e-03 2.06661164e-03
-4.57511439e+01 1.57614077e-04 7.76118925e-03 2.06663848e-03
-4.42511064e+01 1.47354596e-04 7.76121066e-03 2.06666475e-03
-4.27510689e+01 1.37537784e-04 7.76123115e-03 2.06668988e-03
-4.12510314e+01 1.28185473e-04 7.76125067e-03 2.06671382e-03
-3.97509939e+01 1.19138786e-04 7.76126955e-03 2.06673698e-03
-3.82509564e+01 1.10290648e-04 7.76128801e-03 2.06675963e-03
-3.67509189e+01 1.01867255e-04 7.76130560e-03 2.06678119e-03
-3.52508814e+01 9.35590851e-05 7.76132293e-03 2.06680246e-03
-3.37508439e+01 8.58667379e-05 7.76133899e-03 2.06682215e-03
-3.22508064e+01 7.83705443e-05 7.76135463e-03 2.06684134e-03
-3.07507688e+01 7.12604948e-05 7.76136947e-03 2.06685954e-03
-2.92507313e+01 6.44784115e-05 7.76138363e-03 2.06687690e-03
-2.77506938e+01 5.78613942e-05 7.76139743e-03 2.06689383e-03
-2.62506563e+01 5.19001112e-05 7.76140988e-03 2.06690909e-03
-2.47506188e+01 4.62182371e-05 7.76142174e-03 2.06692363e-03
-2.32505813e+01 4.09581327e-05 7.76143272e-03 2.06693710e-03
-2.17505438e+01 3.56096318e-05 7.76144388e-03 2.06695078e-03
-2.02505063e+01 3.08248412e-05 7.76145387e-03 2.06696303e-03
-1.87504688e+01 2.63259139e-05 7.76146325e-03 2.06697454e-03
-1.72504313e+01 2.22530443e-05 7.76147175e-03 2.06698497e-03
-1.57503938e+01 1.85898027e-05 7.76147940e-03 2.06699434e-03
-1.42503563e+01 1.51848118e-05 7.76148651e-03 2.06700306e-03
-1.27503188e+01 1.22178623e-05 7.76149270e-03 2.06701065e-03
-1.12502813e+01 9.41707997e-06 7.76149855e-03 2.06701782e-03
-9.75024378e+00 7.06702429e-06 7.76150345e-03 2.06702383e-03
-8.25020628e+00 5.14466968e-06 7.76150747e-03 2.06702875e-03
-6.75016877e+00 3.61293578e-06 7.76151067e-03 2.06703267e-03
-5.25013127e+00 2.04420843e-06 7.76151394e-03 2.06703669e-03
-3.75009376e+00 1.15802197e-06 7.76151579e-03 2.06703895e-03
-2.25005626e+00 2.69504723e-07 7.76151764e-03 2.06704123e-03
-7.50018752e-01 0.00000000e+00 7.76151820e-03 2.06704192e-03
7.50018752e-01 1.17313054e-07 7.76151796e-03 2.06704162e-03
2.25005626e+00 5.05084700e-07 7.76151715e-03 2.06704062e-03
3.75009376e+00 1.29665992e-06 7.76151550e-03 2.06703860e-03
5.25013127e+00 2.17466552e-06 7.76151367e-03 2.06703635e-03
6.75016877e+00 3.48638381e-06 7.76151093e-03 2.06703299e-03
8.25020628e+00 5.19891403e-06 7.76150736e-03 2.06702861e-03
9.75024378e+00 7.25812850e-06 7.76150306e-03 2.06702334e-03
1.12502813e+01 9.54890104e-06 7.76149827e-03 2.06701748e-03
1.27503188e+01 1.22705981e-05 7.76149259e-03 2.06701051e-03
1.42503563e+01 1.52692084e-05 7.76148633e-03 2.06700284e-03
1.57503938e+01 1.86794661e-05 7.76147922e-03 2.06699411e-03
1.72504313e+01 2.23386971e-05 7.76147158e-03 2.06698475e-03
1.87504688e+01 2.64976400e-05 7.76146290e-03 2.06697410e-03
2.02505063e+01 3.07841094e-05 7.76145395e-03 2.06696313e-03
2.17505438e+01 3.55878511e-05 7.76144392e-03 2.06695084e-03
2.32505813e+01 4.05453097e-05 7.76143357e-03 2.06693815e-03
2.47506188e+01 4.61038475e-05 7.76142198e-03 2.06692393e-03
2.62506563e+01 5.17953167e-05 7.76141009e-03 2.06690936e-03
2.77506938e+01 5.80070832e-05 7.76139713e-03 2.06689346e-03
2.92507313e+01 6.43425909e-05 7.76138391e-03 2.06687724e-03
3.07507688e+01 7.12306263e-05 7.76136953e-03 2.06685961e-03
3.22508064e+01 7.83680449e-05 7.76135464e-03 2.06684135e-03
3.37508439e+01 8.58557802e-05 7.76133901e-03 2.06682218e-03
3.52508814e+01 9.37344980e-05 7.76132257e-03 2.06680201e-03
3.67509189e+01 1.01777480e-04 7.76130578e-03 2.06678142e-03
3.82509564e+01 1.10287719e-04 7.76128802e-03 2.06675964e-03
3.97509939e+01 1.19034075e-04 7.76126977e-03 2.06673725e-03
4.12510314e+01 1.28319244e-04 7.76125039e-03 2.06671348e-03
4.27510689e+01 1.37605176e-04 7.76123101e-03 2.06668971e-03
4.42511064e+01 1.47532091e-04 7.76121029e-03 2.06666430e-03
4.57511439e+01 1.57807877e-04 7.76118885e-03 2.06663799e-03
4.72511814e+01 1.68196475e-04 7.76116717e-03 2.06661139e-03
4.87512189e+01 1.78850905e-04 7.76114493e-03 2.06658411e-03
5.02512564e+01 1.90084643e-04 7.76112149e-03 2.06655535e-03
5.17512939e+01 2.01710695e-04 7.76109723e-03 2.06652558e-03
5.32513314e+01 2.13506256e-04 7.76107261e-03 2.06649538e-03
5.47513689e+01 2.26005894e-04 7.76104654e-03 2.06646337e-03
5.62514064e+01 2.38398279e-04 7.76102067e-03 2.06643164e-03
5.77514439e+01 2.51176640e-04 7.76099401e-03 2.06639892e-03
5.92514814e+01 2.64382618e-04 7.76096645e-03 2.06636510e-03
6.07515189e+01 2.77810429e-04 7.76093843e-03 2.06633071e-03
6.22515564e+01 2.91952859e-04 7.76090893e-03 2.06629449e-03
6.37515939e+01 3.06114431e-04 7.76087938e-03 2.06625822e-03
6.52516315e+01 3.20630084e-04 7.76084909e-03 2.06622104e-03
6.67516690e+01 3.35620960e-04 7.76081781e-03 2.06618265e-03
6.82517065e+01 3.50971889e-04 7.76078579e-03 2.06614333e-03
6.97517440e+01 3.66609571e-04 7.76075316e-03 2.06610327e-03
7.12517815e+01 3.82581498e-04 7.76071984e-03 2.06606235e-03
7.27518190e+01 3.98983691e-04 7.76068562e-03 2.06602034e-03
7.42518565e+01 4.15465266e-04 7.76065123e-03 2.06597811e-03
7.57518940e+01 4.32482346e-04 7.76061573e-03 2.06593451e-03
7.72519315e+01 4.49828940e-04 7.76057955e-03 2.06589007e-03
7.87519690e+01 4.67275542e-04 7.76054315e-03 2.06584537e-03
8.02520065e+01 4.85425413e-04 7.76050529e-03 2.06579886e-03
8.17520440e+01 5.03522492e-04 7.76046753e-03 2.06575249e-03
8.32520815e+01 5.22279358e-04 7.76042841e-03 2.06570442e-03
8.47521190e+01 5.41213925e-04 7.76038891e-03 2.06565590e-03
8.62521565e+01 5.60557139e-04 7.76034856e-03 2.06560633e-03
8.77521940e+01 5.80278468e-04 7.76030743e-03 2.06555578e-03
8.92522315e+01 6.00420240e-04 7.76026542e-03 2.06550416e-03
9.07522690e+01 6.20684988e-04 7.76022315e-03 2.06545221e-03
9.22523065e+01 6.41425773e-04 7.76017990e-03 2.06539905e-03
9.37523440e+01 6.62472471e-04 7.76013600e-03 2.06534509e-03
9.52523815e+01 6.83902136e-04 7.76009131e-03 2.06529016e-03
9.67524191e+01 7.05617898e-04 7.76004602e-03 2.06523448e-03
9.82524566e+01 7.27478022e-04 7.76000043e-03 2.06517844e-03
9.97524941e+01 7.49904079e-04 7.75995366e-03 2.06512093e-03
1.01252532e+02 7.72548526e-04 7.75990644e-03 2.06506287e-03
1.02752569e+02 7.95679919e-04 7.75985820e-03 2.06500355e-03
1.04252607e+02 8.19073634e-04 7.75980942e-03 2.06494356e-03
1.05752644e+02 8.42940134e-04 7.75975966e-03 2.06488235e-03
1.07252682e+02 8.67037351e-04 7.75970941e-03 2.06482055e-03
1.08752719e+02 8.91416074e-04 7.75965858e-03 2.06475802e-03
1.10252757e+02 9.16213991e-04 7.75960688e-03 2.06469441e-03
1.11752794e+02 9.41266405e-04 7.75955465e-03 2.06463014e-03
1.13252832e+02 9.66759240e-04 7.75950150e-03 2.06456475e-03
1.14752869e+02 9.92699103e-04 7.75944742e-03 2.06449820e-03
1.16252907e+02 1.01906535e-03 7.75939246e-03 2.06443055e-03
1.17752944e+02 1.04552475e-03 7.75933730e-03 2.06436266e-03
1.19252982e+02 1.07207416e-03 7.75928195e-03 2.06429453e-03
1.20753019e+02 1.09930523e-03 7.75922519e-03 2.06422465e-03
1.22253057e+02 1.12676032e-03 7.75916796e-03 2.06415419e-03
1.23753094e+02 1.15451404e-03 7.75911011e-03 2.06408296e-03
1.25253132e+02 1.18273436e-03 7.75905129e-03 2.06401053e-03
1.26753169e+02 1.21126835e-03 7.75899182e-03 2.06393728e-03
1.28253207e+02 1.24001248e-03 7.75893191e-03 2.06386350e-03
1.29753244e+02 1.26916199e-03 7.75887116e-03 2.06378866e-03
1.31253282e+02 1.29880513e-03 7.75880938e-03 2.06371256e-03
1.32753319e+02 1.32873334e-03 7.75874702e-03 2.06363572e-03
1.34253357e+02 1.35903933e-03 7.75868386e-03 2.06355790e-03
1.35753394e+02 1.38969236e-03 7.75861999e-03 2.06347919e-03
1.37253432e+02 1.42052640e-03 7.75855574e-03 2.06340000e-03
1.38753469e+02 1.45165684e-03 7.75849088e-03 2.06332005e-03
1.40253507e+02 1.48311001e-03 7.75842534e-03 2.06323927e-03
1.41753544e+02 1.51524083e-03 7.75835840e-03 2.06315674e-03
1.43253582e+02 1.54730606e-03 7.75829159e-03 2.06307437e-03
1.44753619e+02 1.58002686e-03 7.75822343e-03 2.06299031e-03
1.46253657e+02 1.61296168e-03 7.75815482e-03 2.06290570e-03
1.47753694e+02 1.64636740e-03 7.75808523e-03 2.06281987e-03
1.49253732e+02 1.68003849e-03 7.75801509e-03 2.06273335e-03
1.50753769e+02 1.71398286e-03 7.75794439e-03 2.06264612e-03
1.52253807e+02 1.74817537e-03 7.75787317e-03 2.06255825e-03
1.53753844e+02 1.78293458e-03 7.75780077e-03 2.06246892e-03
1.55253882e+02 1.81772856e-03 7.75772830e-03 2.06237949e-03
1.56753919e+02 1.85309813e-03 7.75765464e-03 2.06228857e-03
1.58253957e+02 1.88883603e-03 7.75758022e-03 2.06219671e-03
1.59753994e+02 1.92478663e-03 7.75750536e-03 2.06210428e-03
1.61254032e+02 1.96107364e-03 7.75742979e-03 2.06201099e-03
1.62754069e+02 1.99765375e-03 7.75735362e-03 2.06191694e-03
1.64254107e+02 2.03459092e-03 7.75727671e-03 2.06182196e-03
1.65754144e+02 2.07220123e-03 7.75719841e-03 2.06172524e-03
1.67254182e+02 2.10982200e-03 7.75712008e-03 2.06162849e-03
1.68754219e+02 2.14782902e-03 7.75704096e-03 2.06153074e-03
1.70254257e+02 2.18623614e-03 7.75696100e-03 2.06143195e-03
1.71754294e+02 2.22496537e-03 7.75688038e-03 2.06133232e-03
1.73254332e+02 2.26399809e-03 7.75679913e-03 2.06123191e-03
1.74754369e+02 2.30346052e-03 7.75671699e-03 2.06113038e-03
1.76254407e+02 2.34314392e-03 7.75663440e-03 2.06102828e-03
1.77754444e+02 2.38306155e-03 7.75655131e-03 2.06092557e-03
1.79254482e+02 2.42338325e-03 7.75646740e-03 2.06082181e-03
1.80754519e+02 2.46439497e-03 7.75638205e-03 2.06071627e-03
1.82254557e+02 2.50552410e-03 7.75629647e-03 2.06061041e-03
1.83754594e+02 2.54684505e-03 7.75621048e-03 2.06050406e-03
1.85254632e+02 2.58846993e-03 7.75612387e-03 2.06039691e-03
1.86754669e+02 2.63081081e-03 7.75603577e-03 2.06028791e-03
1.88254707e+02 2.67319958e-03 7.75594758e-03 2.06017878e-03
1.89754744e+02 2.71590226e-03 7.75585874e-03 2.06006884e-03
1.91254782e+02 2.75891753e-03 7.75576925e-03 2.05995808e-03
1.92754819e+02 2.80244835e-03 7.75567870e-03 2.05984599e-03
1.94254857e+02 2.84615875e-03 7.75558778e-03 2.05973342e-03
1.95754894e+02 2.89041124e-03 7.75549573e-03 2.05961945e-03
1.97254932e+02 2.93472144e-03 7.75540357e-03 2.05950532e-03
1.98754969e+02 2.97968604e-03 7.75531006e-03 2.05938950e-03
2.00255007e+02 3.02484151e-03 7.75521615e-03 2.05927318e-03
2.01755044e+02 3.07015825e-03 7.75512191e-03 2.05915644e-03
2.03255082e+02 3.11594843e-03 7.75502669e-03 2.05903846e-03
2.04755119e+02 3.16211316e-03 7.75493070e-03 2.05891951e-03
2.06255157e+02 3.20854446e-03 7.75483416e-03 2.05879987e-03
2.07755194e+02 3.25531505e-03 7.75473692e-03 2.05867934e-03
2.09255232e+02 3.30250668e-03 7.75463881e-03 2.05855772e-03
2.10755269e+02 3.35008234e-03 7.75453990e-03 2.05843510e-03
2.12255307e+02 3.39784509e-03 7.75444062e-03 2.05831199e-03
2.13755344e+02 3.44590653e-03 7.75434071e-03 2.05818810e-03
2.15255382e+02 3.49449531e-03 7.75423972e-03 2.05806284e-03
2.16755419e+02 3.54332524e-03 7.75413824e-03 2.05793694e-03
2.18255457e+02 3.59250857e-03 7.75403602e-03 2.05781013e-03
2.19755494e+02 3.64191753e-03 7.75393334e-03 2.05768273e-03
2.21255532e+02 3.69159785e-03 7.75383010e-03 2.05755462e-03
2.22755569e+02 3.74177156e-03 7.75372585e-03 2.05742523e-03
2.24255607e+02 3.79237413e-03 7.75362071e-03 2.05729472e-03
2.25755644e+02 3.84317111e-03 7.75351517e-03 2.05716370e-03
2.27255682e+02 3.89438933e-03 7.75340877e-03 2.05703158e-03
2.28755719e+02 3.94584916e-03 7.75330187e-03 2.05689883e-03
2.30255757e+02 3.99759491e-03 7.75319438e-03 2.05676534e-03
2.31755794e+02 4.04970346e-03 7.75308614e-03 2.05663090e-03
2.33255832e+02 4.10233835e-03 7.75297682e-03 2.05649509e-03
2.34755869e+02 4.15515448e-03 7.75286713e-03 2.05635880e-03
2.36255907e+02 4.20812056e-03 7.75275713e-03 2.05622212e-03
2.37755944e+02 4.26149822e-03 7.75264629e-03 2.05608437e-03
2.39255982e+02 4.31538872e-03 7.75253439e-03 2.05594528e-03
2.40756020e+02 4.36964926e-03 7.75242173e-03 2.05580523e-03
2.42256057e+02 4.42413211e-03 7.75230861e-03 2.05566459e-03
2.43756095e+02 4.47888004e-03 7.75219495e-03 2.05552326e-03
2.45256132e+02 4.53402685e-03 7.75208047e-03 2.05538089e-03
2.46756170e+02 4.58955953e-03 7.75196520e-03 2.05523752e-03
2.48256207e+02 4.64513313e-03 7.75184984e-03 2.05509402e-03
2.49756245e+02 4.70119096e-03 7.75173349e-03 2.05494927e-03
2.51256282e+02 4.75770954e-03 7.75161620e-03 2.05480332e-03
2.52756320e+02 4.81436784e-03 7.75149861e-03 2.05465700e-03
2.54256357e+02 4.87151352e-03 7.75138003e-03 2.05450941e-03
2.55756395e+02 4.92898438e-03 7.75126078e-03 2.05436098e-03
2.57256432e+02 4.98677803e-03 7.75114088e-03 2.05421169e-03
2.58756470e+02 5.04480348e-03 7.75102049e-03 2.05406180e-03
2.60256507e+02 5.10335292e-03 7.75089903e-03 2.05391055e-03
2.61756545e+02 5.16204326e-03 7.75077729e-03 2.05375892e-03
2.63256582e+02 5.22117504e-03 7.75065463e-03 2.05360614e-03
2.64756620e+02 5.28066472e-03 7.75053125e-03 2.05345243e-03
2.66256657e+02 5.34029123e-03 7.75040759e-03 2.05329836e-03
2.67756695e+02 5.40023627e-03 7.75028327e-03 2.05314345e-03
2.69256732e+02 5.46032343e-03 7.75015867e-03 2.05298817e-03
2.70756770e+02 5.52102901e-03 7.75003279e-03 2.05283127e-03
2.72256807e+02 5.58217575e-03 7.74990602e-03 2.05267323e-03
2.73756845e+02 5.64354715e-03 7.74977879e-03 2.05251460e-03
2.75256882e+02 5.70514996e-03 7.74965108e-03 2.05235536e-03
2.76756920e+02 5.76710407e-03 7.74952266e-03 2.05219520e-03
2.78256957e+02 5.82949829e-03 7.74939333e-03 2.05203390e-03
2.79756995e+02 5.89218512e-03 7.74926341e-03 2.05187183e-03
2.81257032e+02 5.95521415e-03 7.74913279e-03 2.05170886e-03
2.82757070e+02 6.01832828e-03 7.74900199e-03 2.05154567e-03
2.84257107e+02 6.08178728e-03 7.74887050e-03 2.05138157e-03
2.85757145e+02 6.14596817e-03 7.74873752e-03 2.05121560e-03
2.87257182e+02 6.21012438e-03 7.74860460e-03 2.05104969e-03
2.88757220e+02 6.27463988e-03 7.74847095e-03 2.05088283e-03
2.90257257e+02 6.33959345e-03 7.74833640e-03 2.05071483e-03
2.91757295e+02 6.40476139e-03 7.74820141e-03 2.05054627e-03
2.93257332e+02 6.47022991e-03 7.74806582e-03 2.05037693e-03
2.94757370e+02 6.53597593e-03 7.74792965e-03 2.05020685e-03
2.96257407e+02 6.60219613e-03 7.74779252e-03 2.05003554e-03
2.97757445e+02 6.66861151e-03 7.74765500e-03 2.04986372e-03
2.99257482e+02 6.73532697e-03 7.74751686e-03 2.04969111e-03
3.00757520e+02 6.80268024e-03 7.74737742e-03 2.04951685e-03
3.02257557e+02 6.87010029e-03 7.74723785e-03 2.04934240e-03
3.03757595e+02 6.93786598e-03 7.74709757e-03 2.04916704e-03
3.05257632e+02 7.00608344e-03 7.74695637e-03 2.04899051e-03
3.06757670e+02 7.07442336e-03 7.74681493e-03 2.04881366e-03
3.08257707e+02 7.14341097e-03 7.74667217e-03 2.04863512e-03
3.09757745e+02 7.21238752e-03 7.74652943e-03 2.04845660e-03
3.11257782e+02 7.28175163e-03 7.74638590e-03 2.04827707e-03
3.12757820e+02 7.35147358e-03 7.74624165e-03 2.04809660e-03
3.14257857e+02 7.42128017e-03 7.74609722e-03 2.04791591e-03
3.15757895e+02 7.49159114e-03 7.74595177e-03 2.04773390e-03
3.17257932e+02 7.56234889e-03 7.74580541e-03 2.04755073e-03
3.18757970e+02 7.63333991e-03 7.74565858e-03 2.04736695e-03
3.20258007e+02 7.70456829e-03 7.74551127e-03 2.04718254e-03
3.21758045e+02 7.77625482e-03 7.74536303e-03 2.04699694e-03
3.23258082e+02 7.84814544e-03 7.74521437e-03 2.04681080e-03
3.24758120e+02 7.92052095e-03 7.74506473e-03 2.04662340e-03
3.26258157e+02 7.99300914e-03 7.74491486e-03 2.04643570e-03
3.27758195e+02 8.06586186e-03 7.74476426e-03 2.04624704e-03
3.29258232e+02 8.13904784e-03 7.74461297e-03 2.04605752e-03
3.30758270e+02 8.21263253e-03 7.74446088e-03 2.04586696e-03
3.32258307e+02 8.28643446e-03 7.74430836e-03 2.04567582e-03
3.33758345e+02 8.36055052e-03 7.74415519e-03 2.04548387e-03
3.35258382e+02 8.43524690e-03 7.74400085e-03 2.04529040e-03
3.36758420e+02 8.51026397e-03 7.74384585e-03 2.04509610e-03
3.38258457e+02 8.58535515e-03 7.74369071e-03 2.04490159e-03
3.39758495e+02 8.66080734e-03 7.74353485e-03 2.04470614e-03
3.41258532e+02 8.73643729e-03 7.74337862e-03 2.04451023e-03
3.42758570e+02 8.81265287e-03 7.74322121e-03 2.04431279e-03
3.44258607e+02 8.88929184e-03 7.74306293e-03 2.04411424e-03
3.45758645e+02 8.96608213e-03 7.74290436e-03 2.04391530e-03
3.47258682e+02 9.04321321e-03 7.74274509e-03 2.04371547e-03
3.48758720e+02 9.12046622e-03 7.74258559e-03 2.04351531e-03
3.50258757e+02 9.19818353e-03 7.74242514e-03 2.04331394e-03
3.51758795e+02 9.27634441e-03 7.74226380e-03 2.04311142e-03
3.53258832e+02 9.35475429e-03 7.74210196e-03 2.04290824e-03
3.54758870e+02 9.43340755e-03 7.74193962e-03 2.04270443e-03
3.56258907e+02 9.51239229e-03 7.74177662e-03 2.04249974e-03
3.57758945e+02 9.59181952e-03 7.74161272e-03 2.04229391e-03
3.59258982e+02 9.67134966e-03 7.74144863e-03 2.04208780e-03
3.60759020e+02 9.75148613e-03 7.74128330e-03 2.04188011e-03
3.62259057e+02 9.83196726e-03 7.74111728e-03 2.04167152e-03
3.63759095e+02 9.91266114e-03 7.74095083e-03 2.04146238e-03
3.65259132e+02 9.99392544e-03 7.74078323e-03 2.04125174e-03
3.66759170e+02 1.00754231e-02 7.74061516e-03 2.04104050e-03
3.68259207e+02 1.01571692e-02 7.74044659e-03 2.04082860e-03
3.69759245e+02 1.02391404e-02 7.74027757e-03 2.04061612e-03
3.71259282e+02 1.03216083e-02 7.74010755e-03 2.04040233e-03
3.72759320e+02 1.04043200e-02 7.73993704e-03 2.04018791e-03
3.74259357e+02 1.04874283e-02 7.73976574e-03 2.03997245e-03
3.75759395e+02 1.05706850e-02 7.73959414e-03 2.03975660e-03
3.77259432e+02 1.06543107e-02 7.73942180e-03 2.03953979e-03
3.78759470e+02 1.07384302e-02 7.73924846e-03 2.03932169e-03
3.80259507e+02 1.08228965e-02 7.73907442e-03 2.03910268e-03
3.81759545e+02 1.09076423e-02 7.73889983e-03 2.03888294e-03
3.83259582e+02 1.09928205e-02 7.73872436e-03 2.03866207e-03
3.84759620e+02 1.10781768e-02 7.73854854e-03 2.03844073e-03
3.86259657e+02 1.11640342e-02 7.73837171e-03 2.03821808e-03
3.87759695e+02 1.12502321e-02 7.73819420e-03 2.03799454e-03
3.89259732e+02 1.13367045e-02 7.73801615e-03 2.03777029e-03
3.90759770e+02 1.14236427e-02 7.73783715e-03 2.03754481e-03
3.92259807e+02 1.15110312e-02 7.73765725e-03 2.03731816e-03
3.93759845e+02 1.15986351e-02 7.73747692e-03 2.03709094e-03
3.95259882e+02 1.16865061e-02 7.73729606e-03 2.03686302e-03
3.96759920e+02 1.17747816e-02 7.73711438e-03 2.03663405e-03
3.98259957e+02 1.18633162e-02 7.73693220e-03 2.03640439e-03
3.99759995e+02 1.19524342e-02 7.73674883e-03 2.03617321e-03
4.01260033e+02 1.20415704e-02 7.73656544e-03 2.03594197e-03
4.02760070e+02 1.21312678e-02 7.73638092e-03 2.03570927e-03
4.04260108e+02 1.22212151e-02 7.73619591e-03 2.03547591e-03
4.05760145e+02 1.23117485e-02 7.73600972e-03 2.03524102e-03
4.07260183e+02 1.24026898e-02 7.73582270e-03 2.03500506e-03
4.08760220e+02 1.24936503e-02 7.73563567e-03 2.03476904e-03
4.10260258e+02 1.25851996e-02 7.73544745e-03 2.03453148e-03
4.11760295e+02 1.26771869e-02 7.73525835e-03 2.03429278e-03
4.13260333e+02 1.27694576e-02 7.73506869e-03 2.03405333e-03
4.14760370e+02 1.28619887e-02 7.73487851e-03 2.03381319e-03
4.16260408e+02 1.29550407e-02 7.73468729e-03 2.03357169e-03
4.17760445e+02 1.30484234e-02 7.73449540e-03 2.03332932e-03
4.19260483e+02 1.31421320e-02 7.73430288e-03 2.03308609e-03
4.20760520e+02 1.32362923e-02 7.73410944e-03 2.03284168e-03
4.22260558e+02 1.33308351e-02 7.73391525e-03 2.03259626e-03
4.23760595e+02 1.34256544e-02 7.73372051e-03 2.03235011e-03
4.25260633e+02 1.35206503e-02 7.73352542e-03 2.03210349e-03
4.26760670e+02 1.36163235e-02 7.73332897e-03 2.03185510e-03
4.28260708e+02 1.37124391e-02 7.73313164e-03 2.03160555e-03
4.29760745e+02 1.38088293e-02 7.73293377e-03 2.03135526e-03
4.31260783e+02 1.39054494e-02 7.73273544e-03 2.03110437e-03
4.32760820e+02 1.40025693e-02 7.73253612e-03 2.03085216e-03
4.34260858e+02 1.41001409e-02 7.73233590e-03 2.03059877e-03
4.35760895e+02 1.41979228e-02 7.73213526e-03 2.03034481e-03
4.37260933e+02 1.42963021e-02 7.73193343e-03 2.03008928e-03
4.38760970e+02 1.43950098e-02 7.73173095e-03 2.02983289e-03
4.40261008e+02 1.44939292e-02 7.73152805e-03 2.02957593e-03
4.41761045e+02 1.45933212e-02 7.73132422e-03 2.02931772e-03
4.43261083e+02 1.46930940e-02 7.73111963e-03 2.02905850e-03
4.44761120e+02 1.47935058e-02 7.73091375e-03 2.02879760e-03
4.46261158e+02 1.48942018e-02 7.73070733e-03 2.02853595e-03
4.47761195e+02 1.49953561e-02 7.73049998e-03 2.02827309e-03
4.49261233e+02 1.50966112e-02 7.73029246e-03 2.02800994e-03
4.50761270e+02 1.51982616e-02 7.73008414e-03 2.02774574e-03
4.52261308e+02 1.53003770e-02 7.72987491e-03 2.02748031e-03
4.53761345e+02 1.54028045e-02 7.72966506e-03 2.02721405e-03
4.55261383e+02 1.55057353e-02 7.72945421e-03 2.02694646e-03
4.56761420e+02 1.56088408e-02 7.72924302e-03 2.02667839e-03
4.58261458e+02 1.57124437e-02 7.72903084e-03 2.02640900e-03
4.59761495e+02 1.58164387e-02 7.72881789e-03 2.02613857e-03
4.61261533e+02 1.59209102e-02 7.72860400e-03 2.02586687e-03
4.62761570e+02 1.60259590e-02 7.72838895e-03 2.02559364e-03
4.64261608e+02 1.61309839e-02 7.72817397e-03 2.02532044e-03
4.65761645e+02 1.62366252e-02 7.72795776e-03 2.02504561e-03
4.67261683e+02 1.63426380e-02 7.72774082e-03 2.02476979e-03
4.68761720e+02 1.64490340e-02 7.72752313e-03 2.02449294e-03
4.70261758e+02 1.65557038e-02 7.72730490e-03 2.02421534e-03
4.71761795e+02 1.66629537e-02 7.72708552e-03 2.02393621e-03
4.73261833e+02 1.67704996e-02 7.72686556e-03 2.02365627e-03
4.74761870e+02 1.68783109e-02 7.72664509e-03 2.02337560e-03
4.76261908e+02 1.69865127e-02 7.72642385e-03 2.02309388e-03
4.77761945e+02 1.70951150e-02 7.72620181e-03 2.02281108e-03
4.79261983e+02 1.72040912e-02 7.72597905e-03 2.02252727e-03
4.80762020e+02 1.73134521e-02 7.72575552e-03 2.02224242e-03
4.82262058e+02 1.74232296e-02 7.72553118e-03 2.02195645e-03
4.83762095e+02 1.75331996e-02 7.72530647e-03 2.02166993e-03
4.85262133e+02 1.76435431e-02 7.72508103e-03 2.02138240e-03
4.86762170e+02 1.77544929e-02 7.72485439e-03 2.02109324e-03
4.88262208e+02 1.78657108e-02 7.72462722e-03 2.02080334e-03
4.89762245e+02 1.79772726e-02 7.72439939e-03 2.02051250e-03
4.91262283e+02 1.80893213e-02 7.72417059e-03 2.02022034e-03
4.92762320e+02 1.82017309e-02 7.72394109e-03 2.01992719e-03
4.94262358e+02 1.83142490e-02 7.72371140e-03 2.01963371e-03
4.95762395e+02 1.84271186e-02 7.72348102e-03 2.01933926e-03
4.97262433e+02 1.85405123e-02 7.72324960e-03 2.01904339e-03
4.98762470e+02 1.86541253e-02 7.72301777e-03 2.01874690e-03
5.00262508e+02 1.87682690e-02 7.72278488e-03 2.01844896e-03
5.01762545e+02 1.88825963e-02 7.72255166e-03 2.01815049e-03
5.03262583e+02 1.89973732e-02 7.72231755e-03 2.01785079e-03
5.04762620e+02 1.91125117e-02 7.72208274e-03 2.01755008e-03
5.06262658e+02 1.92276725e-02 7.72184790e-03 2.01724925e-03
5.07762695e+02 1.93437089e-02 7.72161133e-03 2.01694607e-03
5.09262733e+02 1.94598802e-02 7.72137451e-03 2.01664247e-03
5.10762770e+02 1.95765572e-02 7.72113669e-03 2.01633749e-03
5.12262808e+02 1.96933792e-02 7.72089861e-03 2.01603205e-03
5.13762845e+02 1.98106351e-02 7.72065968e-03 2.01572542e-03
5.15262883e+02 1.99280664e-02 7.72042043e-03 2.01541825e-03
5.16762920e+02 2.00460498e-02 7.72018009e-03 2.01510956e-03
5.18262958e+02 2.01640996e-02 7.71993964e-03 2.01480062e-03
5.19762995e+02 2.02826423e-02 7.71969822e-03 2.01449032e-03
5.21263033e+02 2.04013678e-02 7.71945647e-03 2.01417946e-03
5.22763070e+02 2.05205947e-02 7.71921373e-03 2.01386720e-03
5.24263108e+02 2.06400389e-02 7.71897058e-03 2.01355429e-03
5.25763145e+02 2.07600054e-02 7.71872641e-03 2.01323993e-03
5.27263183e+02 2.08802235e-02 7.71848176e-03 2.01292482e-03
5.28763220e+02 2.10009962e-02 7.71823602e-03 2.01260817e-03
5.30263258e+02 2.11217687e-02 7.71799031e-03 2.01229142e-03
5.31763295e+02 2.12432034e-02 7.71774330e-03 2.01197285e-03
5.33263333e+02 2.13647896e-02 7.71749601e-03 2.01165378e-03
5.34763370e+02 2.14865913e-02 7.71724832e-03 2.01133404e-03
5.36263408e+02 2.16090003e-02 7.71699943e-03 2.01101261e-03
5.37763445e+02 2.17317119e-02 7.71674997e-03 2.01069029e-03
5.39263483e+02 2.18546626e-02 7.71650005e-03 2.01036723e-03
5.40763520e+02 2.19782106e-02 7.71624896e-03 2.01004249e-03
5.42263558e+02 2.21018321e-02 7.71599776e-03 2.00971744e-03
5.43763595e+02 2.22259113e-02 7.71574567e-03 2.00939108e-03
5.45263633e+02 2.23505000e-02 7.71549258e-03 2.00906327e-03
5.46763670e+02 2.24753106e-02 7.71523908e-03 2.00873475e-03
5.48263708e+02 2.26005597e-02 7.71498472e-03 2.00840495e-03
5.49763745e+02 2.27261378e-02 7.71472974e-03 2.00807417e-03
5.51263783e+02 2.28519069e-02 7.71447441e-03 2.00774275e-03
5.52763820e+02 2.29780993e-02 7.71421826e-03 2.00741009e-03
5.54263858e+02 2.31050289e-02 7.71396066e-03 2.00707536e-03
5.55763895e+02 2.32323091e-02 7.71370239e-03 2.00673956e-03
5.57263933e+02 2.33596691e-02 7.71344399e-03 2.00640342e-03
5.58763970e+02 2.34875255e-02 7.71318463e-03 2.00606582e-03
5.60264008e+02 2.36160912e-02 7.71292387e-03 2.00572620e-03
5.61764046e+02 2.37450475e-02 7.71266237e-03 2.00538540e-03
5.63264083e+02 2.38741285e-02 7.71240065e-03 2.00504413e-03
5.64764121e+02 2.40037467e-02 7.71213789e-03 2.00470127e-03
5.66264158e+02 2.41337623e-02 7.71187436e-03 2.00435721e-03
5.67764196e+02 2.42642757e-02 7.71160988e-03 2.00401167e-03
5.69264233e+02 2.43953004e-02 7.71134440e-03 2.00366461e-03
5.70764271e+02 2.45265879e-02 7.71107843e-03 2.00331668e-03
5.72264308e+02 2.46586010e-02 7.71081104e-03 2.00296666e-03
5.73764346e+02 2.47908487e-02 7.71054322e-03 2.00261583e-03
5.75264383e+02 2.49236028e-02 7.71027442e-03 2.00226349e-03
5.76764421e+02 2.50568513e-02 7.71000466e-03 2.00190965e-03
5.78264458e+02 2.51906269e-02 7.70973389e-03 2.00155422e-03
5.79764496e+02 2.53248373e-02 7.70946228e-03 2.00119744e-03
5.81264533e+02 2.54594561e-02 7.70918989e-03 2.00083938e-03
5.82764571e+02 2.55946286e-02 7.70891644e-03 2.00047964e-03
5.84264608e+02 2.57303546e-02 7.70864191e-03 2.00011823e-03
5.85764646e+02 2.58667290e-02 7.70836612e-03 1.99975488e-03
5.87264683e+02 2.60032710e-02 7.70809004e-03 1.99939087e-03
5.88764721e+02 2.61406177e-02 7.70781239e-03 1.99902449e-03
5.90264758e+02 2.62784933e-02 7.70753372e-03 1.99865648e-03
5.91764796e+02 2.64168818e-02 7.70725406e-03 1.99828687e-03
5.93264833e+02 2.65555622e-02 7.70697387e-03 1.99791625e-03
5.94764871e+02 2.66951334e-02 7.70669193e-03 1.99754301e-03
5.96264908e+02 2.68350456e-02 7.70640935e-03 1.99716861e-03
5.97764946e+02 2.69754528e-02 7.70612583e-03 1.99679264e-03
5.99264983e+02 2.71165575e-02 7.70584095e-03 1.99641455e-03
6.00765021e+02 2.72580017e-02 7.70555544e-03 1.99603529e-03
6.02265058e+02 2.74002492e-02 7.70526836e-03 1.99565361e-03
6.03765096e+02 2.75428376e-02 7.70498065e-03 1.99527075e-03
6.05265133e+02 2.76862089e-02 7.70469143e-03 1.99488551e-03
6.06765171e+02 2.78298767e-02 7.70440165e-03 1.99449919e-03
6.08265208e+02 2.79743656e-02 7.70411028e-03 1.99411037e-03
6.09765246e+02 2.81193771e-02 7.70381791e-03 1.99371986e-03
6.11265283e+02 2.82648947e-02 7.70352458e-03 1.99332768e-03
6.12765321e+02 2.84109759e-02 7.70323018e-03 1.99293368e-03
6.14265358e+02 2.85574847e-02 7.70293496e-03 1.99253822e-03
6.15765396e+02 2.87047173e-02 7.70263835e-03 1.99214048e-03
6.17265433e+02 2.88523313e-02 7.70234103e-03 1.99174139e-03
6.18765471e+02 2.90007352e-02 7.70204218e-03 1.99133984e-03
6.20265508e+02 2.91497179e-02 7.70174223e-03 1.99093638e-03
6.21765546e+02 2.92990458e-02 7.70144164e-03 1.99053165e-03
6.23265583e+02 2.94492260e-02 7.70113940e-03 1.99012425e-03
6.24765621e+02 2.95997819e-02 7.70083646e-03 1.98971548e-03
6.26265658e+02 2.97509142e-02 7.70053242e-03 1.98930478e-03
6.27765696e+02 2.99027076e-02 7.70022712e-03 1.98889192e-03
6.29265733e+02 3.00546271e-02 7.69992162e-03 1.98847834e-03
6.30765771e+02 3.02073605e-02 7.69961456e-03 1.98806215e-03
6.32265808e+02 3.03606327e-02 7.69930647e-03 1.98764411e-03
6.33765846e+02 3.05144478e-02 7.69899736e-03 1.98722420e-03
6.35265883e+02 3.06688878e-02 7.69868706e-03 1.98680217e-03
6.36765921e+02 3.08238695e-02 7.69837573e-03 1.98637825e-03
6.38265958e+02 3.09792871e-02 7.69806359e-03 1.98595272e-03
6.39765996e+02 3.11351875e-02 7.69775055e-03 1.98552544e-03
6.41266033e+02 3.12916338e-02 7.69743648e-03 1.98509623e-03
6.42766071e+02 3.14485678e-02 7.69712150e-03 1.98466525e-03
6.44266108e+02 3.16062379e-02 7.69680511e-03 1.98423179e-03
6.45766146e+02 3.17644281e-02 7.69648774e-03 1.98379645e-03
6.47266183e+02 3.19229474e-02 7.69616978e-03 1.98335974e-03
6.48766221e+02 3.20819308e-02 7.69585096e-03 1.98292128e-03
6.50266258e+02 3.22414270e-02 7.69553117e-03 1.98248093e-03
6.51766296e+02 3.24013158e-02 7.69521067e-03 1.98203901e-03
6.53266333e+02 3.25617800e-02 7.69488908e-03 1.98159501e-03
6.54766371e+02 3.27226958e-02 7.69456666e-03 1.98114925e-03
6.56266408e+02 3.28843117e-02 7.69424291e-03 1.98070105e-03
6.57766446e+02 3.30463713e-02 7.69391834e-03 1.98025110e-03
6.59266483e+02 3.32087756e-02 7.69359314e-03 1.97979967e-03
6.60766521e+02 3.33716248e-02 7.69326713e-03 1.97934648e-03
6.62266558e+02 3.35350005e-02 7.69294014e-03 1.97889127e-03
6.63766596e+02 3.36990432e-02 7.69261189e-03 1.97843367e-03
6.65266633e+02 3.38633866e-02 7.69228311e-03 1.97797466e-03
6.66766671e+02 3.40280650e-02 7.69195372e-03 1.97751416e-03
6.68266708e+02 3.41934657e-02 7.69162297e-03 1.97705107e-03
6.69766746e+02 3.43593028e-02 7.69129143e-03 1.97658617e-03
6.71266783e+02 3.45256102e-02 7.69095901e-03 1.97611937e-03
6.72766821e+02 3.46922972e-02 7.69062591e-03 1.97565090e-03
6.74266858e+02 3.48593877e-02 7.69029208e-03 1.97518070e-03
6.75766896e+02 3.50270344e-02 7.68995722e-03 1.97470832e-03
6.77266933e+02 3.51951087e-02 7.68962158e-03 1.97423412e-03
6.78766971e+02 3.53637376e-02 7.68928491e-03 1.97375772e-03
6.80267008e+02 3.55327472e-02 7.68894756e-03 1.97327962e-03
6.81767046e+02 3.57023282e-02 7.68860914e-03 1.97279924e-03
6.83267083e+02 3.58723380e-02 7.68826995e-03 1.97231700e-03
6.84767121e+02 3.60428538e-02 7.68792983e-03 1.97183267e-03
6.86267158e+02 3.62140721e-02 7.68758839e-03 1.97134566e-03
6.87767196e+02 3.63855182e-02 7.68724658e-03 1.97085733e-03
6.89267233e+02 3.65578402e-02 7.68690311e-03 1.97036581e-03
6.90767271e+02 3.67302403e-02 7.68655955e-03 1.96987338e-03
6.92267308e+02 3.69035053e-02 7.68621436e-03 1.96937776e-03
6.93767346e+02 3.70770003e-02 7.68586880e-03 1.96888077e-03
6.95267383e+02 3.72510591e-02 7.68552219e-03 1.96838145e-03
6.96767421e+02 3.74258585e-02 7.68517420e-03 1.96787926e-03
6.98267458e+02 3.76008908e-02 7.68482583e-03 1.96737567e-03
6.99767496e+02 3.77765871e-02 7.68447623e-03 1.96686941e-03
7.01267533e+02 3.79529172e-02 7.68412545e-03 1.96636057e-03
7.02767571e+02 3.81298020e-02 7.68377366e-03 1.96584935e-03
7.04267608e+02 3.83073158e-02 7.68342071e-03 1.96533554e-03
7.05767646e+02 3.84852024e-02 7.68306710e-03 1.96481985e-03
7.07267683e+02 3.86640039e-02 7.68271177e-03 1.96430072e-03
7.08767721e+02 3.88427818e-02 7.68235657e-03 1.96378085e-03
7.10267758e+02 3.90227513e-02 7.68199911e-03 1.96325669e-03
7.11767796e+02 3.92028695e-02 7.68164144e-03 1.96273128e-03
7.13267833e+02 3.93838569e-02 7.68128214e-03 1.96220249e-03
7.14767871e+02 3.95654154e-02 7.68092180e-03 1.96167118e-03
7.16267908e+02 3.97474756e-02 7.68056056e-03 1.96113755e-03
7.17767946e+02 3.99301337e-02 7.68019823e-03 1.96060131e-03
7.19267983e+02 4.01134043e-02 7.67983478e-03 1.96006238e-03
7.20768021e+02 4.02974571e-02 7.67946988e-03 1.95952027e-03
7.22268059e+02 4.04822855e-02 7.67910355e-03 1.95897498e-03
7.23768096e+02 4.06672742e-02 7.67873700e-03 1.95842831e-03
7.25268134e+02 4.08531683e-02 7.67836875e-03 1.95787805e-03
7.26768171e+02 4.10394340e-02 7.67799987e-03 1.95732576e-03
7.28268209e+02 4.12265688e-02 7.67762937e-03 1.95676996e-03
7.29768246e+02 4.14147178e-02 7.67725698e-03 1.95621019e-03
7.31268284e+02 4.16031106e-02 7.67688420e-03 1.95564874e-03
7.32768321e+02 4.17924066e-02 7.67650974e-03 1.95508364e-03
7.34268359e+02 4.19821403e-02 7.67613452e-03 1.95451624e-03
7.35768396e+02 4.21727981e-02 7.67575759e-03 1.95394510e-03
7.37268434e+02 4.23639812e-02 7.67537973e-03 1.95337138e-03
7.38768471e+02 4.25559606e-02 7.67500040e-03 1.95279426e-03
7.40268509e+02 4.27485511e-02 7.67461998e-03 1.95221429e-03
7.41768546e+02 4.29416624e-02 7.67423863e-03 1.95163172e-03
7.43268584e+02 4.31356147e-02 7.67385574e-03 1.95104557e-03
7.44768621e+02 4.33306200e-02 7.67347090e-03 1.95045518e-03
7.46268659e+02 4.35262521e-02 7.67308493e-03 1.94986184e-03
7.47768696e+02 4.37224705e-02 7.67269792e-03 1.94926564e-03
7.49268734e+02 4.39195080e-02 7.67230942e-03 1.94866588e-03
7.50768771e+02 4.41175142e-02 7.67191913e-03 1.94806206e-03
7.52268809e+02 4.43162832e-02 7.67152746e-03 1.94745482e-03
7.53768846e+02 4.45158274e-02 7.67113438e-03 1.94684409e-03
7.55268884e+02 4.47161702e-02 7.67073986e-03 1.94622978e-03
7.56768921e+02 4.49174793e-02 7.67034356e-03 1.94561138e-03
7.58268959e+02 4.51197440e-02 7.66994551e-03 1.94498888e-03
7.59768996e+02 4.53228184e-02 7.66954600e-03 1.94436273e-03
7.61269034e+02 4.55267774e-02 7.66914488e-03 1.94373268e-03
7.62769071e+02 4.57317064e-02 7.66874198e-03 1.94309844e-03
7.64269109e+02 4.59375400e-02 7.66833744e-03 1.94246021e-03
7.65769146e+02 4.61443112e-02 7.66793120e-03 1.94181785e-03
7.67269184e+02 4.63522583e-02 7.66752279e-03 1.94117062e-03
7.68769221e+02 4.65612235e-02 7.66711252e-03 1.94051898e-03
7.70269259e+02 4.67711777e-02 7.66670045e-03 1.93986302e-03
7.71769296e+02 4.69824710e-02 7.66628591e-03 1.93920160e-03
7.73269334e+02 4.71946037e-02 7.66586986e-03 1.93853628e-03
7.74769371e+02 4.74079933e-02 7.66545150e-03 1.93786573e-03
7.76269409e+02 4.76227050e-02 7.66503071e-03 1.93718972e-03
7.77769446e+02 4.78383776e-02 7.66460818e-03 1.93650937e-03
7.79269484e+02 4.80554326e-02 7.66418311e-03 1.93582332e-03
7.80769521e+02 4.82738038e-02 7.66375562e-03 1.93513178e-03
7.82269559e+02 4.84934864e-02 7.66332573e-03 1.93443472e-03
7.83769596e+02 4.87144654e-02 7.66289347e-03 1.93373217e-03
7.85269634e+02 4.89369580e-02 7.66245843e-03 1.93302342e-03
7.86769671e+02 4.91608643e-02 7.66202079e-03 1.93230876e-03
7.88269709e+02 4.93862512e-02 7.66158043e-03 1.93158795e-03
7.89769746e+02 4.96130849e-02 7.66113743e-03 1.93086108e-03
7.91269784e+02 4.98414220e-02 7.66069167e-03 1.93012794e-03
7.92769821e+02 5.00713118e-02 7.66024307e-03 1.92938834e-03
7.94269859e+02 5.03029743e-02 7.65979120e-03 1.92864156e-03
7.95769896e+02 5.05363321e-02 7.65933622e-03 1.92788780e-03
7.97269934e+02 5.07712665e-02 7.65887836e-03 1.92712744e-03
7.98769971e+02 5.10082137e-02 7.65841679e-03 1.92635902e-03
8.00270009e+02 5.12469612e-02 7.65795191e-03 1.92558321e-03
8.01770046e+02 5.14876118e-02 7.65748354e-03 1.92479964e-03
8.03270084e+02 5.17300116e-02 7.65701197e-03 1.92400878e-03
8.04770121e+02 5.19742903e-02 7.65653697e-03 1.92321018e-03
8.06270159e+02 5.22207951e-02 7.65605787e-03 1.92240267e-03
8.07770196e+02 5.24691660e-02 7.65557536e-03 1.92158740e-03
8.09270234e+02 5.27196935e-02 7.65508890e-03 1.92076338e-03
8.10770271e+02 5.29721531e-02 7.65459892e-03 1.91993133e-03
8.12270309e+02 5.32270666e-02 7.65410442e-03 1.91908949e-03
8.13770346e+02 5.34840555e-02 7.65360614e-03 1.91823906e-03
8.15270384e+02 5.37434735e-02 7.65310341e-03 1.91737886e-03
8.16770421e+02 5.40050353e-02 7.65259678e-03 1.91650978e-03
8.18270459e+02 5.42693855e-02 7.65208501e-03 1.91562966e-03
8.19770496e+02 5.45357676e-02 7.65156957e-03 1.91474097e-03
8.21270534e+02 5.48051120e-02 7.65104869e-03 1.91384058e-03
8.22770571e+02 5.50765937e-02 7.65052394e-03 1.91293120e-03
8.24270609e+02 5.53505985e-02 7.64999460e-03 1.91201151e-03
8.25770646e+02 5.56272837e-02 7.64946038e-03 1.91108096e-03
8.27270684e+02 5.59062884e-02 7.64892196e-03 1.91014071e-03
8.28770721e+02 5.61882576e-02 7.64837814e-03 1.90918856e-03
8.30270759e+02 5.64726440e-02 7.64782996e-03 1.90822633e-03
8.31770796e+02 5.67595940e-02 7.64727714e-03 1.90725348e-03
8.33270834e+02 5.70494153e-02 7.64671912e-03 1.90626895e-03
8.34770871e+02 5.73421078e-02 7.64615590e-03 1.90527270e-03
8.36270909e+02 5.76374359e-02 7.64558794e-03 1.90426549e-03
8.37770946e+02 5.79356659e-02 7.64501474e-03 1.90324640e-03
8.39270984e+02 5.82363718e-02 7.64443711e-03 1.90221685e-03
8.40771021e+02 5.85401843e-02 7.64385388e-03 1.90117465e-03
8.42271059e+02 5.88466685e-02 7.64326588e-03 1.90012126e-03
8.43771096e+02 5.91560769e-02 7.64267263e-03 1.89905580e-03
8.45271134e+02 5.94681188e-02 7.64207470e-03 1.89797925e-03
8.46771171e+02 5.97832502e-02 7.64147124e-03 1.89689000e-03
8.48271209e+02 6.01009947e-02 7.64086315e-03 1.89578969e-03
8.49771246e+02 6.04215906e-02 7.64024999e-03 1.89467747e-03
8.51271284e+02 6.07449154e-02 7.63963201e-03 1.89355376e-03
8.52771321e+02 6.10711338e-02 7.63900891e-03 1.89241796e-03
8.54271359e+02 6.14000120e-02 7.63838113e-03 1.89127089e-03
8.55771396e+02 6.17320958e-02 7.63774766e-03 1.89011062e-03
8.57271434e+02 6.20668120e-02 7.63710959e-03 1.88893915e-03
8.58771471e+02 6.24043001e-02 7.63646667e-03 1.88775599e-03
8.60271509e+02 6.27445813e-02 7.63581887e-03 1.88656106e-03
8.61771546e+02 6.30874253e-02 7.63516663e-03 1.88535518e-03
8.63271584e+02 6.34331756e-02 7.63450932e-03 1.88413714e-03
8.64771621e+02 6.37816348e-02 7.63384732e-03 1.88290764e-03
8.66271659e+02 6.41326928e-02 7.63318084e-03 1.88166707e-03
8.67771696e+02 6.44866456e-02 7.63250935e-03 1.88041441e-03
8.69271734e+02 6.48429780e-02 7.63183381e-03 1.87915149e-03
8.70771771e+02 6.52023250e-02 7.63115306e-03 1.87787608e-03
8.72271809e+02 6.55638327e-02 7.63046869e-03 1.87659123e-03
8.73771846e+02 6.59280177e-02 7.62977976e-03 1.87529513e-03
8.75271884e+02 6.62946180e-02 7.62908677e-03 1.87398873e-03
8.76771921e+02 6.66637032e-02 7.62838959e-03 1.87267182e-03
8.78271959e+02 6.70353341e-02 7.62768812e-03 1.87134421e-03
8.79771996e+02 6.74091808e-02 7.62698300e-03 1.87000712e-03
8.81272034e+02 6.77854295e-02 7.62627387e-03 1.86865991e-03
8.82772072e+02 6.81638796e-02 7.62556113e-03 1.86730335e-03
8.84272109e+02 6.85447646e-02 7.62484435e-03 1.86593665e-03
8.85772147e+02 6.89280155e-02 7.62412367e-03 1.86456008e-03
8.87272184e+02 6.93132948e-02 7.62339972e-03 1.86317491e-03
8.88772222e+02 6.97004895e-02 7.62267274e-03 1.86178160e-03
8.90272259e+02 7.00897800e-02 7.62194238e-03 1.86037955e-03
8.91772297e+02 7.04810232e-02 7.62120893e-03 1.85896933e-03
8.93272334e+02 7.08743467e-02 7.62047216e-03 1.85755053e-03
8.94772372e+02 7.12693846e-02 7.61973275e-03 1.85612454e-03
8.96272409e+02 7.16665217e-02 7.61899001e-03 1.85469001e-03
8.97772447e+02 7.20653200e-02 7.61824474e-03 1.85324859e-03
8.99272484e+02 7.24659753e-02 7.61749660e-03 1.85179964e-03
9.00772522e+02 7.28683337e-02 7.61674588e-03 1.85034377e-03
9.02272559e+02 7.32725974e-02 7.61599221e-03 1.84888031e-03
9.03772597e+02 7.36780754e-02 7.61523688e-03 1.84741183e-03
9.05272634e+02 7.40853163e-02 7.61447888e-03 1.84593639e-03
9.06772672e+02 7.44939745e-02 7.61371886e-03 1.84445532e-03
9.08272709e+02 7.49039627e-02 7.61295698e-03 1.84296900e-03
9.09772747e+02 7.53155497e-02 7.61219276e-03 1.84147652e-03
9.11272784e+02 7.57288038e-02 7.61142607e-03 1.83997768e-03
9.12772822e+02 7.61431888e-02 7.61065791e-03 1.83847450e-03
9.14272859e+02 7.65590138e-02 7.60988772e-03 1.83696591e-03
9.15772897e+02 7.69763065e-02 7.60911545e-03 1.83545187e-03
9.17272934e+02 7.73949522e-02 7.60834132e-03 1.83393286e-03
9.18772972e+02 7.78146697e-02 7.60756586e-03 1.83240996e-03
9.20273009e+02 7.82357060e-02 7.60678860e-03 1.83088232e-03
9.21773047e+02 7.86581779e-02 7.60600936e-03 1.82934958e-03
9.23273084e+02 7.90819490e-02 7.60522837e-03 1.82781229e-03
9.24773122e+02 7.95068317e-02 7.60444600e-03 1.82627116e-03
9.26273159e+02 7.99331485e-02 7.60366166e-03 1.82472510e-03
9.27773197e+02 8.03607909e-02 7.60287554e-03 1.82317452e-03
9.29273234e+02 8.07895805e-02 7.60208799e-03 1.82162014e-03
9.30773272e+02 8.12200277e-02 7.60129808e-03 1.82006012e-03
9.32273309e+02 8.16518307e-02 7.60050637e-03 1.81849563e-03
9.33773347e+02 8.20847237e-02 7.59971334e-03 1.81692764e-03
9.35273384e+02 8.25192092e-02 7.59891809e-03 1.81535438e-03
9.36773422e+02 8.29549488e-02 7.59812124e-03 1.81377711e-03
9.38273459e+02 8.33923137e-02 7.59732212e-03 1.81219451e-03
9.39773497e+02 8.38313568e-02 7.59652064e-03 1.81060641e-03
9.41273534e+02 8.42719228e-02 7.59571710e-03 1.80901340e-03
9.42773572e+02 8.47143532e-02 7.59491088e-03 1.80741427e-03
9.44273609e+02 8.51581713e-02 7.59410286e-03 1.80581076e-03
9.45773647e+02 8.56040658e-02 7.59329179e-03 1.80420040e-03
9.47273684e+02 8.60515523e-02 7.59247856e-03 1.80258493e-03
9.48773722e+02 8.65012865e-02 7.59166200e-03 1.80096202e-03
9.50273759e+02 8.69528250e-02 7.59084291e-03 1.79933325e-03
9.51773797e+02 8.74064647e-02 7.59002078e-03 1.79769757e-03
9.53273834e+02 8.78625173e-02 7.58919505e-03 1.79605383e-03
9.54773872e+02 8.83207454e-02 7.58836615e-03 1.79440290e-03
9.56273909e+02 8.87812482e-02 7.58753393e-03 1.79274440e-03
9.57773947e+02 8.92443737e-02 7.58669777e-03 1.79107706e-03
9.59273984e+02 8.97100601e-02 7.58585780e-03 1.78940108e-03
9.60774022e+02 9.01783915e-02 7.58501387e-03 1.78771615e-03
9.62274059e+02 9.06496874e-02 7.58416544e-03 1.78602107e-03
9.63774097e+02 9.11236706e-02 7.58331300e-03 1.78431681e-03
9.65274134e+02 9.16008146e-02 7.58245573e-03 1.78260163e-03
9.66774172e+02 9.20809039e-02 7.58159404e-03 1.78087625e-03
9.68274209e+02 9.25644053e-02 7.58072710e-03 1.77913895e-03
9.69774247e+02 9.30511402e-02 7.57985525e-03 1.77739030e-03
9.71274284e+02 9.35415510e-02 7.57897772e-03 1.77562866e-03
9.72774322e+02 9.40354954e-02 7.57809479e-03 1.77385446e-03
9.74274359e+02 9.45331128e-02 7.57720623e-03 1.77206712e-03
9.75774397e+02 9.50343905e-02 7.57631208e-03 1.77026660e-03
9.77274434e+02 9.55397089e-02 7.57541169e-03 1.76845143e-03
9.78774472e+02 9.60489840e-02 7.57450523e-03 1.76662182e-03
9.80274509e+02 9.65626217e-02 7.57359201e-03 1.76477620e-03
9.81774547e+02 9.70804870e-02 7.57267228e-03 1.76291492e-03
9.83274584e+02 9.76028389e-02 7.57174563e-03 1.76103693e-03
9.84774622e+02 9.81294975e-02 7.57081238e-03 1.75914272e-03
9.86274659e+02 9.86607057e-02 7.56987215e-03 1.75723128e-03
9.87774697e+02 9.91967984e-02 7.56892436e-03 1.75530123e-03
9.89274734e+02 9.97377627e-02 7.56796907e-03 1.75335244e-03
9.90774772e+02 1.00283115e-01 7.56700717e-03 1.75138649e-03
9.92274809e+02 1.00833810e-01 7.56603700e-03 1.74939971e-03
9.93774847e+02 1.01389578e-01 7.56505907e-03 1.74739289e-03
9.95274884e+02 1.01950235e-01 7.56407373e-03 1.74536645e-03
9.96774922e+02 1.02516398e-01 7.56307995e-03 1.74331794e-03
9.98274959e+02 1.03087557e-01 7.56207864e-03 1.74124897e-03
9.99774997e+02 1.03664385e-01 7.56106867e-03 1.73915683e-03
1.00127503e+03 1.04246270e-01 7.56005113e-03 1.73704346e-03
1.00277507e+03 1.04833853e-01 7.55902496e-03 1.73490627e-03
1.00427511e+03 1.05426926e-01 7.55799055e-03 1.73274571e-03
1.00577515e+03 1.06025805e-01 7.55694740e-03 1.73056033e-03
1.00727518e+03 1.06630082e-01 7.55589624e-03 1.72835129e-03
1.00877522e+03 1.07240165e-01 7.55483642e-03 1.72611678e-03
1.01027526e+03 1.07855874e-01 7.55376828e-03 1.72385710e-03
1.01177530e+03 1.08477495e-01 7.55269139e-03 1.72157088e-03
1.01327533e+03 1.09104853e-01 7.55160607e-03 1.71925838e-03
1.01477537e+03 1.09738484e-01 7.55051147e-03 1.71691727e-03
1.01627541e+03 1.10377528e-01 7.54940909e-03 1.71455033e-03
1.01777545e+03 1.11022979e-01 7.54829729e-03 1.71215352e-03
1.01927548e+03 1.11674049e-01 7.54717745e-03 1.70972937e-03
1.02077552e+03 1.12331426e-01 7.54604846e-03 1.70727492e-03
1.02227556e+03 1.12994594e-01 7.54491124e-03 1.70479170e-03
1.02377560e+03 1.13664125e-01 7.54376488e-03 1.70227717e-03
1.02527563e+03 1.14339774e-01 7.54260983e-03 1.69973186e-03
1.02677567e+03 1.15021606e-01 7.54144605e-03 1.69715510e-03
1.02827571e+03 1.15709520e-01 7.54027375e-03 1.69454691e-03
1.02977575e+03 1.16404080e-01 7.53909205e-03 1.69190473e-03
1.03127578e+03 1.17104682e-01 7.53790202e-03 1.68923048e-03
1.03277582e+03 1.17811658e-01 7.53670315e-03 1.68652252e-03
1.03427586e+03 1.18525100e-01 7.53549536e-03 1.68378013e-03
1.03577590e+03 1.19244934e-01 7.53427882e-03 1.68100323e-03
1.03727593e+03 1.19971242e-01 7.53305347e-03 1.67819116e-03
1.03877597e+03 1.20704102e-01 7.53181923e-03 1.67534330e-03
1.04027601e+03 1.21443675e-01 7.53057590e-03 1.67245871e-03
1.04177605e+03 1.22189786e-01 7.52932385e-03 1.66953778e-03
1.04327608e+03 1.22942851e-01 7.52806243e-03 1.66657862e-03
1.04477612e+03 1.23702484e-01 7.52679238e-03 1.66358250e-03
1.04627616e+03 1.24469202e-01 7.52551289e-03 1.66054716e-03
1.04777620e+03 1.25242848e-01 7.52422431e-03 1.65747305e-03
1.04927623e+03 1.26023594e-01 7.52292642e-03 1.65435931e-03
1.05077627e+03 1.26811501e-01 7.52161920e-03 1.65120559e-03
1.05227631e+03 1.27606720e-01 7.52030247e-03 1.64801118e-03
1.05377635e+03 1.28409126e-01 7.51897654e-03 1.64477655e-03
1.05527638e+03 1.29219196e-01 7.51764068e-03 1.64149976e-03
1.05677642e+03 1.30036642e-01 7.51629546e-03 1.63818201e-03
1.05827646e+03 1.30861988e-01 7.51494011e-03 1.63482125e-03
1.05977650e+03 1.31695336e-01 7.51357455e-03 1.63141717e-03
1.06127653e+03 1.32536421e-01 7.51219930e-03 1.62797103e-03
1.06277657e+03 1.33385638e-01 7.51081382e-03 1.62448143e-03
1.06427661e+03 1.34243278e-01 7.50941772e-03 1.62094743e-03
1.06577665e+03 1.35109226e-01 7.50801129e-03 1.61736982e-03
1.06727668e+03 1.35983716e-01 7.50659426e-03 1.61374801e-03
1.06877672e+03 1.36866963e-01 7.50516637e-03 1.61008154e-03
1.07027676e+03 1.37759117e-01 7.50372749e-03 1.60637024e-03
1.07177680e+03 1.38660172e-01 7.50227774e-03 1.60261469e-03
1.07327683e+03 1.39570424e-01 7.50081675e-03 1.59881422e-03
1.07477687e+03 1.40490047e-01 7.49934435e-03 1.59496874e-03
1.07627691e+03 1.41419049e-01 7.49786065e-03 1.59107890e-03
1.07777695e+03 1.42357976e-01 7.49636490e-03 1.58714315e-03
1.07927698e+03 1.43306584e-01 7.49485761e-03 1.58316329e-03
1.08077702e+03 1.44265268e-01 7.49333826e-03 1.57913849e-03
1.08227706e+03 1.45233687e-01 7.49180752e-03 1.57507105e-03
1.08377710e+03 1.46212452e-01 7.49026456e-03 1.57095928e-03
1.08527713e+03 1.47201811e-01 7.48870911e-03 1.56680307e-03
1.08677717e+03 1.48201562e-01 7.48714162e-03 1.56260423e-03
1.08827721e+03 1.49211762e-01 7.48556213e-03 1.55836347e-03
1.08977725e+03 1.50233012e-01 7.48396984e-03 1.55407923e-03
1.09127728e+03 1.51265008e-01 7.48236536e-03 1.54975377e-03
1.09277732e+03 1.52308361e-01 7.48074788e-03 1.54538549e-03
1.09427736e+03 1.53362771e-01 7.47911801e-03 1.54097658e-03
1.09577740e+03 1.54428424e-01 7.47747559e-03 1.53652715e-03
1.09727743e+03 1.55505422e-01 7.47582063e-03 1.53203766e-03
1.09877747e+03 1.56593834e-01 7.47415316e-03 1.52750861e-03
1.10027751e+03 1.57693664e-01 7.47247332e-03 1.52294072e-03
1.10177755e+03 1.58805376e-01 7.47078054e-03 1.51833272e-03
1.10327758e+03 1.59928778e-01 7.46907529e-03 1.51368596e-03
1.10477762e+03 1.61063864e-01 7.46735772e-03 1.50900092e-03
1.10627766e+03 1.62210882e-01 7.46562761e-03 1.50427691e-03
1.10777770e+03 1.63370275e-01 7.46388445e-03 1.49951230e-03
1.10927773e+03 1.64541283e-01 7.46212956e-03 1.49471029e-03
1.11077777e+03 1.65724390e-01 7.46036236e-03 1.48986877e-03
1.11227781e+03 1.66920232e-01 7.45858208e-03 1.48498491e-03
1.11377785e+03 1.68128032e-01 7.45679004e-03 1.48006144e-03
1.11527788e+03 1.69348241e-01 7.45498575e-03 1.47509593e-03
1.11677792e+03 1.70580556e-01 7.45316983e-03 1.47008884e-03
1.11827796e+03 1.71825181e-01 7.45134216e-03 1.46503839e-03
1.11977800e+03 1.73082798e-01 7.44950193e-03 1.45994066e-03
1.12127803e+03 1.74352638e-01 7.44765045e-03 1.45479749e-03
1.12277807e+03 1.75635178e-01 7.44578722e-03 1.44960548e-03
1.12427811e+03 1.76930274e-01 7.44391265e-03 1.44436358e-03
1.12577815e+03 1.78237874e-01 7.44202701e-03 1.43907027e-03
1.12727818e+03 1.79558269e-01 7.44013009e-03 1.43372247e-03
1.12877822e+03 1.80891502e-01 7.43822205e-03 1.42831806e-03
1.13027826e+03 1.82237460e-01 7.43630327e-03 1.42285543e-03
1.13177830e+03 1.83596162e-01 7.43437394e-03 1.41733241e-03
1.13327833e+03 1.84968013e-01 7.43243372e-03 1.41174524e-03
1.13477837e+03 1.86352309e-01 7.43048385e-03 1.40609469e-03
1.13627841e+03 1.87749613e-01 7.42852377e-03 1.40037642e-03
1.13777845e+03 1.89159731e-01 7.42655400e-03 1.39458927e-03
1.13927848e+03 1.90582837e-01 7.42457455e-03 1.38873070e-03
1.14077852e+03 1.92018850e-01 7.42258579e-03 1.38279939e-03
1.14227856e+03 1.93467731e-01 7.42058804e-03 1.37679405e-03
1.14377860e+03 1.94929483e-01 7.41858157e-03 1.37071346e-03
1.14527863e+03 1.96404215e-01 7.41656648e-03 1.36455625e-03
1.14677867e+03 1.97892042e-01 7.41454292e-03 1.35832135e-03
1.14827871e+03 1.99392928e-01 7.41251119e-03 1.35200862e-03
1.14977875e+03 2.00906531e-01 7.41047205e-03 1.34561964e-03
1.15127878e+03 2.02433200e-01 7.40842531e-03 1.33915344e-03
1.15277882e+03 2.03973087e-01 7.40637105e-03 1.33261030e-03
1.15427886e+03 2.05525936e-01 7.40430990e-03 1.32599263e-03
1.15577890e+03 2.07091930e-01 7.40224191e-03 1.31930141e-03
1.15727893e+03 2.08671169e-01 7.40016723e-03 1.31253836e-03
1.15877897e+03 2.10263571e-01 7.39808626e-03 1.30570641e-03
1.16027901e+03 2.11869311e-01 7.39599905e-03 1.29880771e-03
1.16177905e+03 2.13488659e-01 7.39390554e-03 1.29184437e-03
1.16327908e+03 2.15121241e-01 7.39180650e-03 1.28482155e-03
1.16477912e+03 2.16767413e-01 7.38970175e-03 1.27774151e-03
1.16627916e+03 2.18427133e-01 7.38759162e-03 1.27060842e-03
1.16777920e+03 2.20100645e-01 7.38547608e-03 1.26342533e-03
1.16927923e+03 2.21787791e-01 7.38335559e-03 1.25619707e-03
1.17077927e+03 2.23488953e-01 7.38122994e-03 1.24892613e-03
1.17227931e+03 2.25204219e-01 7.37909931e-03 1.24161614e-03
1.17377935e+03 2.26933211e-01 7.37696440e-03 1.23427254e-03
1.17527938e+03 2.28676768e-01 7.37482446e-03 1.22689530e-03
1.17677942e+03 2.30434489e-01 7.37268023e-03 1.21948933e-03
1.17827946e+03 2.32206593e-01 7.37053170e-03 1.21205646e-03
1.17977950e+03 2.33993315e-01 7.36837885e-03 1.20459797e-03
1.18127953e+03 2.35794564e-01 7.36622206e-03 1.19711592e-03
1.18277957e+03 2.37610719e-01 7.36406112e-03 1.18960983e-03
1.18427961e+03 2.39441833e-01 7.36189624e-03 1.18207990e-03
1.18577965e+03 2.41287992e-01 7.35972760e-03 1.17452552e-03
1.18727968e+03 2.43149245e-01 7.35755542e-03 1.16694555e-03
1.18877972e+03 2.45025872e-01 7.35537965e-03 1.15933724e-03
1.19027976e+03 2.46917987e-01 7.35320045e-03 1.15169785e-03
1.19177980e+03 2.48825764e-01 7.35101794e-03 1.14402385e-03
1.19327983e+03 2.50749183e-01 7.34883246e-03 1.13631191e-03
1.19477987e+03 2.52688407e-01 7.34664414e-03 1.12855758e-03
1.19627991e+03 2.54643789e-01 7.34445294e-03 1.12075530e-03
1.19777995e+03 2.56615200e-01 7.34225935e-03 1.11290123e-03
1.19927998e+03 2.58602972e-01 7.34006339e-03 1.10498964e-03
1.20078002e+03 2.60606931e-01 7.33786562e-03 1.09701690e-03
1.20228006e+03 2.62627425e-01 7.33566606e-03 1.08897755e-03
1.20378010e+03 2.64664728e-01 7.33346483e-03 1.08086681e-03
1.20528014e+03 2.66718935e-01 7.33126226e-03 1.07268118e-03
1.20678017e+03 2.68790132e-01 7.32905870e-03 1.06441793e-03
1.20828021e+03 2.70878286e-01 7.32685462e-03 1.05607562e-03
1.20978025e+03 2.72983607e-01 7.32465026e-03 1.04765281e-03
1.21128029e+03 2.75106594e-01 7.32244556e-03 1.03914796e-03
1.21278032e+03 2.77246941e-01 7.32024130e-03 1.03056389e-03
1.21428036e+03 2.79404974e-01 7.31803762e-03 1.02190200e-03
1.21578040e+03 2.81580956e-01 7.31583471e-03 1.01316512e-03
1.21728044e+03 2.83774545e-01 7.31363338e-03 1.00435959e-03
1.21878047e+03 2.85986304e-01 7.31143351e-03 9.95489109e-04
1.22028051e+03 2.88216389e-01 7.30923540e-03 9.86559911e-04
1.22178055e+03 2.90464694e-01 7.30703958e-03 9.77579968e-04
1.22328059e+03 2.92731496e-01 7.30484621e-03 9.68556245e-04
1.22478062e+03 2.95016925e-01 7.30265557e-03 9.59496553e-04
1.22628066e+03 2.97321218e-01 7.30046783e-03 9.50408318e-04
1.22778070e+03 2.99644247e-01 7.29828349e-03 9.41300154e-04
1.22928074e+03 3.01986436e-01 7.29610252e-03 9.32177986e-04
1.23078077e+03 3.04347931e-01 7.29392517e-03 9.23048070e-04
1.23228081e+03 3.06728581e-01 7.29175190e-03 9.13916768e-04
1.23378085e+03 3.09128782e-01 7.28958271e-03 9.04787112e-04
1.23528089e+03 3.11548444e-01 7.28741803e-03 8.95662576e-04
1.23678092e+03 3.13987836e-01 7.28525795e-03 8.86543749e-04
1.23828096e+03 3.16446934e-01 7.28310283e-03 8.77430746e-04
1.23978100e+03 3.18925943e-01 7.28095286e-03 8.68321257e-04
1.24128104e+03 3.21425094e-01 7.27880821e-03 8.59211415e-04
1.24278107e+03 3.23944587e-01 7.27666907e-03 8.50096156e-04
1.24428111e+03 3.26484348e-01 7.27453593e-03 8.40970318e-04
1.24578115e+03 3.29044521e-01 7.27240907e-03 8.31827165e-04
1.24728119e+03 3.31625387e-01 7.27028871e-03 8.22659028e-04
1.24878122e+03 3.34227047e-01 7.26817523e-03 8.13458845e-04
1.25028126e+03 3.36849469e-01 7.26606914e-03 8.04220391e-04
1.25178130e+03 3.39492768e-01 7.26397086e-03 7.94937692e-04
1.25328134e+03 3.42157344e-01 7.26188059e-03 7.85604973e-04
1.25478137e+03 3.44843137e-01 7.25979891e-03 7.76219616e-04
1.25628141e+03 3.47550169e-01 7.25772636e-03 7.66780543e-04
1.25778145e+03 3.50278787e-01 7.25566321e-03 7.57287603e-04
1.25928149e+03 3.53028893e-01 7.25361008e-03 7.47744352e-04
1.26078152e+03 3.55800742e-01 7.25156731e-03 7.38155279e-04
1.26228156e+03 3.58594392e-01 7.24953538e-03 7.28527602e-04
1.26378160e+03 3.61409871e-01 7.24751476e-03 7.18870443e-04
1.26528164e+03 3.64247289e-01 7.24550584e-03 7.09194083e-04
1.26678167e+03 3.67107143e-01 7.24350871e-03 6.99508489e-04
1.26828171e+03 3.69989227e-01 7.24152394e-03 6.89826503e-04
1.26978175e+03 3.72893398e-01 7.23955199e-03 6.80160620e-04
1.27128179e+03 3.75820299e-01 7.23759278e-03 6.70520023e-04
1.27278182e+03 3.78769961e-01 7.23564661e-03 6.60914693e-04
1.27428186e+03 3.81741957e-01 7.23371407e-03 6.51354288e-04
1.27578190e+03 3.84736853e-01 7.23179506e-03 6.41843046e-04
1.27728194e+03 3.87754569e-01 7.22988992e-03 6.32384807e-04
1.27878197e+03 3.90795371e-01 7.22799874e-03 6.22979697e-04
1.28028201e+03 3.93859494e-01 7.22612166e-03 6.13625365e-04
1.28178205e+03 3.96946698e-01 7.22425912e-03 6.04318514e-04
1.28328209e+03 4.00057264e-01 7.22241125e-03 5.95052260e-04
1.28478212e+03 4.03191115e-01 7.22057844e-03 5.85819313e-04
1.28628216e+03 4.06348549e-01 7.21876087e-03 5.76610478e-04
1.28778220e+03 4.09529554e-01 7.21695893e-03 5.67417391e-04
1.28928224e+03 4.12734269e-01 7.21517296e-03 5.58231954e-04
1.29078227e+03 4.15962760e-01 7.21340335e-03 5.49047724e-04
1.29228231e+03 4.19215171e-01 7.21165047e-03 5.39860139e-04
1.29378235e+03 4.22491389e-01 7.20991484e-03 5.30667994e-04
1.29528239e+03 4.25791761e-01 7.20819671e-03 5.21471757e-04
1.29678242e+03 4.29116270e-01 7.20649655e-03 5.12275997e-04
1.29828246e+03 4.32465043e-01 7.20481468e-03 5.03087852e-04
1.29978250e+03 4.35837885e-01 7.20315160e-03 4.93917914e-04
1.30128254e+03 4.39235135e-01 7.20150747e-03 4.84777333e-04
1.30278257e+03 4.42656927e-01 7.19988251e-03 4.75679069e-04
1.30428261e+03 4.46103371e-01 7.19827693e-03 4.66636504e-04
1.30578265e+03 4.49574404e-01 7.19669096e-03 4.57662886e-04
1.30728269e+03 4.53069910e-01 7.19512480e-03 4.48770063e-04
1.30878272e+03 4.56590393e-01 7.19357835e-03 4.39966006e-04
1.31028276e+03 4.60135644e-01 7.19205179e-03 4.31257559e-04
1.31178280e+03 4.63705590e-01 7.19054525e-03 4.22647867e-04
1.31328284e+03 4.67300670e-01 7.18905861e-03 4.14135456e-04
1.31478287e+03 4.70920825e-01 7.18759199e-03 4.05716861e-04
1.31628291e+03 4.74566143e-01 7.18614546e-03 3.97385594e-04
1.31778295e+03 4.78236501e-01 7.18471920e-03 3.89133731e-04
1.31928299e+03 4.81932037e-01 7.18331331e-03 3.80951814e-04
1.32078302e+03 4.85652893e-01 7.18192794e-03 3.72830512e-04
1.32228306e+03 4.89399168e-01 7.18056325e-03 3.64761799e-04
1.32378310e+03 4.93170809e-01 7.17921950e-03 3.56740134e-04
1.32528314e+03 4.96967670e-01 7.17789698e-03 3.48763091e-04
1.32678317e+03 5.00790144e-01 7.17659578e-03 3.40830492e-04
1.32828321e+03 5.04638510e-01 7.17531604e-03 3.32945942e-04
1.32978325e+03 5.08512160e-01 7.17405812e-03 3.25118111e-04
1.33128329e+03 5.12411540e-01 7.17282204e-03 3.17356174e-04
1.33278332e+03 5.16336487e-01 7.17160792e-03 3.09672299e-04
1.33428336e+03 5.20287191e-01 7.17041574e-03 3.02078620e-04
1.33578340e+03 5.24263895e-01 7.16924543e-03 2.94586678e-04
1.33728344e+03 5.28266293e-01 7.16809699e-03 2.87207387e-04
1.33878347e+03 5.32294843e-01 7.16697021e-03 2.79947619e-04
1.34028351e+03 5.36349074e-01 7.16586508e-03 2.72812625e-04
1.34178355e+03 5.40429250e-01 7.16478140e-03 2.65802698e-04
1.34328359e+03 5.44535448e-01 7.16371901e-03 2.58914962e-04
1.34478362e+03 5.48667394e-01 7.16267786e-03 2.52144099e-04
1.34628366e+03 5.52825539e-01 7.16165774e-03 2.45481441e-04
1.34778370e+03 5.57009819e-01 7.16065859e-03 2.38918136e-04
1.34928374e+03 5.61220167e-01 7.15968040e-03 2.32445503e-04
1.35078377e+03 5.65456726e-01 7.15872311e-03 2.26055924e-04
1.35228381e+03 5.69719288e-01 7.15778679e-03 2.19744698e-04
1.35378385e+03 5.74008191e-01 7.15687135e-03 2.13509415e-04
1.35528389e+03 5.78323220e-01 7.15597684e-03 2.07351861e-04
1.35678392e+03 5.82664441e-01 7.15510320e-03 2.01276637e-04
1.35828396e+03 5.87031822e-01 7.15425038e-03 1.95291117e-04
1.35978400e+03 5.91425493e-01 7.15341822e-03 1.89404149e-04
1.36128404e+03 5.95845312e-01 7.15260658e-03 1.83625473e-04
1.36278407e+03 6.00291493e-01 7.15181521e-03 1.77963648e-04
1.36428411e+03 6.04763713e-01 7.15104392e-03 1.72426069e-04
1.36578415e+03 6.09262125e-01 7.15029239e-03 1.67016794e-04
1.36728419e+03 6.13786832e-01 7.14956030e-03 1.61736740e-04
1.36878422e+03 6.18337858e-01 7.14884736e-03 1.56583663e-04
1.37028426e+03 6.22915024e-01 7.14815330e-03 1.51552685e-04
1.37178430e+03 6.27518415e-01 7.14747785e-03 1.46636588e-04
1.37328434e+03 6.32147965e-01 7.14682079e-03 1.41827350e-04
1.37478437e+03 6.36803738e-01 7.14618189e-03 1.37117041e-04
1.37628441e+03 6.41485409e-01 7.14556101e-03 1.32499474e-04
1.37778445e+03 6.46193222e-01 7.14495795e-03 1.27970128e-04
1.37928449e+03 6.50927090e-01 7.14437254e-03 1.23527571e-04
1.38078452e+03 6.55686897e-01 7.14380462e-03 1.19173215e-04
1.38228456e+03 6.60472897e-01 7.14325393e-03 1.14910572e-04
1.38378460e+03 6.65284691e-01 7.14272029e-03 1.10745408e-04
1.38528464e+03 6.70122426e-01 7.14220339e-03 1.06683648e-04
1.38678467e+03 6.74985854e-01 7.14170295e-03 1.02731090e-04
1.38828471e+03 6.79874836e-01 7.14121862e-03 9.88919515e-05
1.38978475e+03 6.84789374e-01 7.14075005e-03 9.51681157e-05
1.39128479e+03 6.89729716e-01 7.14029683e-03 9.15587075e-05
1.39278482e+03 6.94695339e-01 7.13985866e-03 8.80608936e-05
1.39428486e+03 6.99686335e-01 7.13943516e-03 8.46693372e-05
1.39578490e+03 7.04702573e-01 7.13902602e-03 8.13776141e-05
1.39728494e+03 7.09743762e-01 7.13863096e-03 7.81791238e-05
1.39878497e+03 7.14810179e-01 7.13824968e-03 7.50676108e-05
1.40028501e+03 7.19901077e-01 7.13788196e-03 7.20389580e-05
1.40178505e+03 7.25016693e-01 7.13752754e-03 6.90904514e-05
1.40328509e+03 7.30156753e-01 7.13718616e-03 6.62217999e-05
1.40478512e+03 7.35321399e-01 7.13685754e-03 6.34343144e-05
1.40628516e+03 7.40510145e-01 7.13654141e-03 6.07308678e-05
1.40778520e+03 7.45722606e-01 7.13623748e-03 5.81146630e-05
1.40928524e+03 7.50958630e-01 7.13594541e-03 5.55883246e-05
1.41078527e+03 7.56218329e-01 7.13566484e-03 5.31531696e-05
1.41228531e+03 7.61501159e-01 7.13539543e-03 5.08091522e-05
1.41378535e+03 7.66806569e-01 7.13513684e-03 4.85543832e-05
1.41528539e+03 7.72134780e-01 7.13488872e-03 4.63850248e-05
1.41678542e+03 7.77484951e-01 7.13465076e-03 4.42965534e-05
1.41828546e+03 7.82857152e-01 7.13442265e-03 4.22836330e-05
1.41978550e+03 7.88250588e-01 7.13420413e-03 4.03415352e-05
1.42128554e+03 7.93665176e-01 7.13399492e-03 3.84661673e-05
1.42278557e+03 7.99100127e-01 7.13379477e-03 3.66549818e-05
1.42428561e+03 8.04555333e-01 7.13360343e-03 3.49066083e-05
1.42578565e+03 8.10030149e-01 7.13342065e-03 3.32210797e-05
1.42728569e+03 8.15523742e-01 7.13324617e-03 3.15992743e-05
1.42878572e+03 8.21035671e-01 7.13307972e-03 3.00421847e-05
1.43028576e+03 8.26565190e-01 7.13292100e-03 2.85505551e-05
1.43178580e+03 8.32111817e-01 7.13276972e-03 2.71242576e-05
1.43328584e+03 8.37674543e-01 7.13262561e-03 2.57622345e-05
1.43478587e+03 8.43252649e-01 7.13248838e-03 2.44622581e-05
1.43628591e+03 8.48845146e-01 7.13235776e-03 2.32212784e-05
1.43778595e+03 8.54451465e-01 7.13223349e-03 2.20356426e-05
1.43928599e+03 8.60070524e-01 7.13211533e-03 2.09017547e-05
1.44078602e+03 8.65701273e-01 7.13200306e-03 1.98163770e-05
1.44228606e+03 8.71342786e-01 7.13189646e-03 1.87769282e-05
1.44378610e+03 8.76994061e-01 7.13179532e-03 1.77816626e-05
1.44528614e+03 8.82654252e-01 7.13169944e-03 1.68295794e-05
1.44678617e+03 8.88322346e-01 7.13160860e-03 1.59202707e-05
1.44828621e+03 8.93997235e-01 7.13152259e-03 1.50535953e-05
1.44978625e+03 8.99678376e-01 7.13144119e-03 1.42292544e-05
1.45128629e+03 9.05364559e-01 7.13136419e-03 1.34467016e-05
1.45278632e+03 9.11055470e-01 7.13129138e-03 1.27047538e-05
1.45428636e+03 9.16750560e-01 7.13122254e-03 1.20017274e-05
1.45578640e+03 9.22449368e-01 7.13115748e-03 1.13354885e-05
1.45728644e+03 9.28151509e-01 7.13109600e-03 1.07036458e-05
1.45878647e+03 9.33857221e-01 7.13103792e-03 1.01037290e-05
1.46028651e+03 9.39566316e-01 7.13098309e-03 9.53352572e-06
1.46178655e+03 9.45279331e-01 7.13093133e-03 8.99112196e-06
1.46328659e+03 9.50996675e-01 7.13088250e-03 8.47506641e-06
1.46478662e+03 9.56718813e-01 7.13083646e-03 7.98432893e-06
1.46628666e+03 9.62446791e-01 7.13079305e-03 7.51815909e-06
1.46778670e+03 9.68181164e-01 7.13075214e-03 7.07602966e-06
1.46928674e+03 9.73923079e-01 7.13071360e-03 6.65738966e-06
1.47078677e+03 9.79673307e-01 7.13067729e-03 6.26160536e-06
1.47228681e+03 9.85432935e-01 7.13064309e-03 5.88782426e-06
1.47378685e+03 9.91202487e-01 7.13061088e-03 5.53501139e-06
1.47528689e+03 9.96982763e-01 7.13058055e-03 5.20193112e-06
1.47678692e+03 1.00277435e+00 7.13055200e-03 4.88726222e-06
1.47828696e+03 1.00857741e+00 7.13052512e-03 4.58971166e-06
1.47978700e+03 1.01439224e+00 7.13049984e-03 4.30808419e-06
1.48128704e+03 1.02021860e+00 7.13047608e-03 4.04138871e-06
1.48278707e+03 1.02605608e+00 7.13045375e-03 3.78885245e-06
1.48428711e+03 1.03190437e+00 7.13043278e-03 3.54989401e-06
1.48578715e+03 1.03776268e+00 7.13041312e-03 3.32409967e-06
1.48728719e+03 1.04363063e+00 7.13039468e-03 3.11111527e-06
1.48878722e+03 1.04950701e+00 7.13037740e-03 2.91061362e-06
1.49028726e+03 1.05539106e+00 7.13036121e-03 2.72218766e-06
1.49178730e+03 1.06128248e+00 7.13034606e-03 2.54531872e-06
1.49328734e+03 1.06718037e+00 7.13033188e-03 2.37940693e-06
1.49478737e+03 1.07308408e+00 7.13031861e-03 2.22376928e-06
1.49628741e+03 1.07899336e+00 7.13030620e-03 2.07768265e-06
1.49778745e+03 1.08490844e+00 7.13029459e-03 1.94043580e-06
1.49928749e+03 1.09082908e+00 7.13028375e-03 1.81139711e-06
1.50078752e+03 1.09675590e+00 7.13027362e-03 1.69001242e-06
1.50228756e+03 1.10268939e+00 7.13026416e-03 1.57583658e-06
1.50378760e+03 1.10863011e+00 7.13025533e-03 1.46851580e-06
1.50528764e+03 1.11457919e+00 7.13024710e-03 1.36775322e-06
1.50678767e+03 1.12053740e+00 7.13023942e-03 1.27329129e-06
1.50828771e+03 1.12650579e+00 7.13023226e-03 1.18486882e-06
1.50978775e+03 1.13248579e+00 7.13022559e-03 1.10219761e-06
1.51128779e+03 1.13847792e+00 7.13021937e-03 1.02496997e-06
1.51278782e+03 1.14448340e+00 7.13021357e-03 9.52838291e-07
1.51428786e+03 1.15050366e+00 7.13020817e-03 8.85437485e-07
1.51578790e+03 1.15653894e+00 7.13020314e-03 8.22419448e-07
1.51728794e+03 1.16259064e+00 7.13019846e-03 7.63447260e-07
1.51878797e+03 1.16865931e+00 7.13019410e-03 7.08232165e-07
1.52028801e+03 1.17474563e+00 7.13019005e-03 6.56530617e-07
1.52178805e+03 1.18085023e+00 7.13018629e-03 6.08144626e-07
1.52328809e+03 1.18697370e+00 7.13018279e-03 5.62912132e-07
1.52478812e+03 1.19311623e+00 7.13017954e-03 5.20695503e-07
1.52628816e+03 1.19927864e+00 7.13017653e-03 4.81358987e-07
1.52778820e+03 1.20546088e+00 7.13017374e-03 4.44766786e-07
1.52928824e+03 1.21166330e+00 7.13017115e-03 4.10767648e-07
1.53078827e+03 1.21788642e+00 7.13016875e-03 3.79196406e-07
1.53228831e+03 1.22412992e+00 7.13016653e-03 3.49883933e-07
1.53378835e+03 1.23039452e+00 7.13016448e-03 3.22656207e-07
1.53528839e+03 1.23668016e+00 7.13016258e-03 2.97352539e-07
1.53678842e+03 1.24298738e+00 7.13016082e-03 2.73826744e-07
1.53828846e+03 1.24931582e+00 7.13015920e-03 2.51956950e-07
1.53978850e+03 1.25566605e+00 7.13015770e-03 2.31638357e-07
1.54128854e+03 1.26203761e+00 7.13015632e-03 2.12786028e-07
1.54278857e+03 1.26843117e+00 7.13015505e-03 1.95321574e-07
1.54428861e+03 1.27484647e+00 7.13015388e-03 1.79173000e-07
1.54578865e+03 1.28128390e+00 7.13015280e-03 1.64265020e-07
1.54728869e+03 1.28774358e+00 7.13015181e-03 1.50518907e-07
1.54878872e+03 1.29422537e+00 7.13015090e-03 1.37852510e-07
1.55028876e+03 1.30072961e+00 7.13015006e-03 1.26181269e-07
1.55178880e+03 1.30725614e+00 7.13014929e-03 1.15423972e-07
1.55328884e+03 1.31380532e+00 7.13014859e-03 1.05504660e-07
1.55478887e+03 1.32037715e+00 7.13014794e-03 9.63568261e-08
1.55628891e+03 1.32697182e+00 7.13014735e-03 8.79232791e-08
1.55778895e+03 1.33358937e+00 7.13014681e-03 8.01557701e-08
1.55928899e+03 1.34023056e+00 7.13014631e-03 7.30116751e-08
1.56078902e+03 1.34689488e+00 7.13014586e-03 6.64533925e-08
1.56228906e+03 1.35358325e+00 7.13014544e-03 6.04428903e-08
1.56378910e+03 1.36029551e+00 7.13014507e-03 5.49427145e-08
1.56528914e+03 1.36703195e+00 7.13014472e-03 4.99140295e-08
1.56678917e+03 1.37379318e+00 7.13014441e-03 4.53176213e-08
1.56828921e+03 1.38057951e+00 7.13014412e-03 4.11157231e-08
1.56978925e+03 1.38739131e+00 7.13014386e-03 3.72732336e-08
1.57128929e+03 1.39422900e+00 7.13014363e-03 3.37588715e-08
1.57278932e+03 1.40109310e+00 7.13014341e-03 3.05455785e-08
1.57428936e+03 1.40798388e+00 7.13014322e-03 2.76103329e-08
1.57578940e+03 1.41490212e+00 7.13014304e-03 2.49329120e-08
1.57728944e+03 1.42184758e+00 7.13014288e-03 2.24953266e-08
1.57878947e+03 1.42882156e+00 7.13014273e-03 2.02798530e-08
1.58028951e+03 1.43582373e+00 7.13014260e-03 1.82694833e-08
1.58178955e+03 1.44285518e+00 7.13014248e-03 1.64467950e-08
1.58328959e+03 1.44991528e+00 7.13014237e-03 1.47951229e-08
1.58478962e+03 1.45700518e+00 7.13014228e-03 1.32981849e-08
1.58628966e+03 1.46412437e+00 7.13014219e-03 1.19414400e-08
1.58778970e+03 1.47127336e+00 7.13014211e-03 1.07118409e-08
1.58928974e+03 1.47845228e+00 7.13014204e-03 9.59819133e-09
1.59078977e+03 1.48566069e+00 7.13014198e-03 8.59090448e-09
1.59228981e+03 1.49289876e+00 7.13014192e-03 7.68140740e-09
1.59378985e+03 1.50016593e+00 7.13014187e-03 6.86188195e-09
1.59528989e+03 1.50746239e+00 7.13014182e-03 6.12474453e-09
1.59678992e+03 1.51478728e+00 7.13014178e-03 5.46268108e-09
1.59828996e+03 1.52214035e+00 7.13014174e-03 4.86850307e-09
1.59979000e+03 1.52952111e+00 7.13014171e-03 4.33539587e-09
1.60129004e+03 1.53692857e+00 7.13014168e-03 3.85712701e-09
1.60279007e+03 1.54436216e+00 7.13014165e-03 3.42811703e-09
1.60429011e+03 1.55182134e+00 7.13014163e-03 3.04351746e-09
1.60579015e+03 1.55930528e+00 7.13014161e-03 2.69915030e-09
1.60729019e+03 1.56681284e+00 7.13014159e-03 2.39135152e-09
1.60879022e+03 1.57434323e+00 7.13014157e-03 2.11677775e-09
1.61029026e+03 1.58189619e+00 7.13014156e-03 1.87227697e-09
1.61179030e+03 1.58947013e+00 7.13014155e-03 1.65488353e-09
1.61329034e+03 1.59706516e+00 7.13014153e-03 1.46172454e-09
1.61479037e+03 1.60468007e+00 7.13014152e-03 1.29015683e-09
1.61629041e+03 1.61231479e+00 7.13014152e-03 1.13775917e-09
1.61779045e+03 1.61996912e+00 7.13014151e-03 1.00240310e-09
1.61929049e+03 1.62764267e+00 7.13014150e-03 8.82251149e-10
1.62079052e+03 1.63533589e+00 7.13014149e-03 7.75705783e-10
1.62229056e+03 1.64304869e+00 7.13014149e-03 6.81376163e-10
1.62379060e+03 1.65078167e+00 7.13014148e-03 5.98003552e-10
1.62529064e+03 1.65853487e+00 7.13014148e-03 5.24433562e-10
1.62679067e+03 1.66630957e+00 7.13014148e-03 4.59579024e-10
1.62829071e+03 1.67410568e+00 7.13014147e-03 4.02444202e-10
1.62979075e+03 1.68192431e+00 7.13014147e-03 3.52113400e-10
1.63129079e+03 1.68976584e+00 7.13014147e-03 3.07778487e-10
1.63279082e+03 1.69763082e+00 7.13014147e-03 2.68735512e-10
1.63429086e+03 1.70551923e+00 7.13014146e-03 2.34381344e-10
1.63579090e+03 1.71343121e+00 7.13014146e-03 2.04193748e-10
1.63729094e+03 1.72136680e+00 7.13014146e-03 1.77713306e-10
1.63879097e+03 1.72932531e+00 7.13014146e-03 1.54527917e-10
1.64029101e+03 1.73730679e+00 7.13014146e-03 1.34257491e-10
1.64179105e+03 1.74530994e+00 7.13014146e-03 1.16555530e-10
1.64329109e+03 1.75333463e+00 7.13014146e-03 1.01103961e-10
1.64479112e+03 1.76137963e+00 7.13014146e-03 8.76212184e-11
1.64629116e+03 1.76944462e+00 7.13014145e-03 7.58597473e-11
1.64779120e+03 1.77752886e+00 7.13014145e-03 6.56069532e-11
1.64929124e+03 1.78563183e+00 7.13014145e-03 5.66798210e-11
1.65079127e+03 1.79375299e+00 7.13014145e-03 4.89192877e-11
1.65229131e+03 1.80189248e+00 7.13014145e-03 4.21840348e-11
1.65379135e+03 1.81005010e+00 7.13014145e-03 3.63474425e-11
1.65529139e+03 1.81822613e+00 7.13014145e-03 3.12947876e-11
1.65679142e+03 1.82642079e+00 7.13014145e-03 2.69232054e-11
1.65829146e+03 1.83463457e+00 7.13014145e-03 2.31417181e-11
1.65979150e+03 1.84286827e+00 7.13014145e-03 1.98712792e-11
1.66129154e+03 1.85112233e+00 7.13014145e-03 1.70443470e-11
1.66279157e+03 1.85939737e+00 7.13014145e-03 1.46032107e-11
1.66429161e+03 1.86769411e+00 7.13014145e-03 1.24981905e-11
1.66579165e+03 1.87601349e+00 7.13014145e-03 1.06858717e-11
1.66729169e+03 1.88435594e+00 7.13014145e-03 9.12793388e-12
1.66879172e+03 1.89272191e+00 7.13014145e-03 7.79021084e-12
1.67029176e+03 1.90111204e+00 7.13014145e-03 6.64237435e-12
1.67179180e+03 1.90952688e+00 7.13014145e-03 5.65788196e-12
1.67329184e+03 1.91796654e+00 7.13014145e-03 4.81388173e-12
1.67479187e+03 1.92643201e+00 7.13014145e-03 4.09079084e-12
1.67629191e+03 1.93492300e+00 7.13014145e-03 3.47205580e-12
1.67779195e+03 1.94343994e+00 7.13014145e-03 2.94342571e-12
1.67929199e+03 1.95198299e+00 7.13014145e-03 2.49255386e-12
1.68079202e+03 1.96055245e+00 7.13014145e-03 2.10860012e-12
1.68229206e+03 1.96914810e+00 7.13014145e-03 1.78204123e-12
1.68379210e+03 1.97777006e+00 7.13014145e-03 1.50452173e-12
1.68529214e+03 1.98641839e+00 7.13014145e-03 1.26881476e-12
1.68679217e+03 1.99509262e+00 7.13014145e-03 1.06875888e-12
1.68829221e+03 2.00379289e+00 7.13014145e-03 8.99117476e-13
1.68979225e+03 2.01251863e+00 7.13014145e-03 7.55468302e-13
1.69129229e+03 2.02126998e+00 7.13014145e-03 6.34024370e-13
1.69279232e+03 2.03004588e+00 7.13014145e-03 5.31536750e-13
1.69429236e+03 2.03884672e+00 7.13014145e-03 4.45167169e-13
1.69579240e+03 2.04767153e+00 7.13014145e-03 3.72466098e-13
1.69729244e+03 2.05651998e+00 7.13014145e-03 3.11317214e-13
1.69879247e+03 2.06539174e+00 7.13014145e-03 2.59918024e-13
1.70029251e+03 2.07428639e+00 7.13014145e-03 2.16748968e-13
1.70179255e+03 2.08320322e+00 7.13014145e-03 1.80534489e-13
1.70329259e+03 2.09214178e+00 7.13014145e-03 1.50198581e-13
1.70479262e+03 2.10110190e+00 7.13014145e-03 1.24827221e-13
1.70629266e+03 2.11008298e+00 7.13014145e-03 1.03640341e-13
1.70779270e+03 2.11908476e+00 7.13014145e-03 8.59688567e-14
1.70929274e+03 2.12810648e+00 7.13014145e-03 7.12427963e-14
1.71079277e+03 2.13714781e+00 7.13014145e-03 5.89793219e-14
1.71229281e+03 2.14620836e+00 7.13014145e-03 4.87738981e-14
1.71379285e+03 2.15528799e+00 7.13014145e-03 4.02891217e-14
1.71529289e+03 2.16438586e+00 7.13014145e-03 3.32441803e-14
1.71679292e+03 2.17350171e+00 7.13014145e-03 2.74031826e-14
1.71829296e+03 2.18263499e+00 7.13014145e-03 2.25673761e-14
1.71979300e+03 2.19178512e+00 7.13014145e-03 1.85686542e-14
1.72129304e+03 2.20095168e+00 7.13014145e-03 1.52650644e-14
1.72279307e+03 2.21013408e+00 7.13014145e-03 1.25376757e-14
1.72429311e+03 2.21933202e+00 7.13014145e-03 1.02874566e-14
1.72579315e+03 2.22854461e+00 7.13014145e-03 8.43259443e-15
1.72729319e+03 2.23777164e+00 7.13014145e-03 6.90528274e-15
1.72879322e+03 2.24701229e+00 7.13014145e-03 5.64935780e-15
1.73029326e+03 2.25626628e+00 7.13014145e-03 4.61791519e-15
1.73179330e+03 2.26553343e+00 7.13014145e-03 3.77175617e-15
1.73329334e+03 2.27481281e+00 7.13014145e-03 3.07822856e-15
1.73479337e+03 2.28410426e+00 7.13014145e-03 2.51015583e-15
1.73629341e+03 2.29340730e+00 7.13014145e-03 2.04513574e-15
1.73779345e+03 2.30272168e+00 7.13014145e-03 1.66475649e-15
1.73929349e+03 2.31204700e+00 7.13014145e-03 1.35391665e-15
1.74079352e+03 2.32138322e+00 7.13014145e-03 1.10018348e-15
1.74229356e+03 2.33072981e+00 7.13014145e-03 8.93307923e-16
1.74379360e+03 2.34008707e+00 7.13014145e-03 7.24795308e-16
1.74529364e+03 2.34945440e+00 7.13014145e-03 5.87645073e-16
1.74679367e+03 2.35883201e+00 7.13014145e-03 4.76084161e-16
1.74829371e+03 2.36821981e+00 7.13014145e-03 3.85391033e-16
1.74979375e+03 2.37761796e+00 7.13014145e-03 3.11711950e-16
1.75129379e+03 2.38702612e+00 7.13014145e-03 2.51909591e-16
1.75279382e+03 2.39644447e+00 7.13014145e-03 2.03418317e-16
1.75429386e+03 2.40587308e+00 7.13014145e-03 1.64138610e-16
1.75579390e+03 2.41531170e+00 7.13014145e-03 1.32350256e-16
1.75729394e+03 2.42476079e+00 7.13014145e-03 1.06642199e-16
1.75879397e+03 2.43422023e+00 7.13014145e-03 8.58644394e-17
1.76029401e+03 2.44368955e+00 7.13014145e-03 6.90821824e-17
1.76179405e+03 2.45316937e+00 7.13014145e-03 5.55355885e-17
1.76329409e+03 2.46265911e+00 7.13014145e-03 4.46106146e-17
1.76479412e+03 2.47215904e+00 7.13014145e-03 3.58078843e-17
1.76629416e+03 2.48166911e+00 7.13014145e-03 2.87218074e-17
1.76779420e+03 2.49118925e+00 7.13014145e-03 2.30224062e-17
1.76929424e+03 2.50071930e+00 7.13014145e-03 1.84415618e-17
1.77079427e+03 2.51025932e+00 7.13014145e-03 1.47619308e-17
1.77229431e+03 2.51980875e+00 7.13014145e-03 1.18081208e-17
1.77379435e+03 2.52936800e+00 7.13014145e-03 9.43845521e-18
1.77529439e+03 2.53893682e+00 7.13014145e-03 7.53894810e-18
1.77679442e+03 2.54851493e+00 7.13014145e-03 6.01764605e-18
1.77829446e+03 2.55810245e+00 7.13014145e-03 4.80023732e-18
1.77979450e+03 2.56769931e+00 7.13014145e-03 3.82673835e-18
1.78129454e+03 2.57730543e+00 7.13014145e-03 3.04877887e-18
1.78279457e+03 2.58692076e+00 7.13014145e-03 2.42743455e-18
1.78429461e+03 2.59654535e+00 7.13014145e-03 1.93145855e-18
1.78579465e+03 2.60617897e+00 7.13014145e-03 1.53581836e-18
1.78729469e+03 2.61582212e+00 7.13014145e-03 1.22042768e-18
1.78879472e+03 2.62547418e+00 7.13014145e-03 9.69215618e-19
1.79029476e+03 2.63513541e+00 7.13014145e-03 7.69262024e-19
1.79179480e+03 2.64480577e+00 7.13014145e-03 6.10211766e-19
1.79329484e+03 2.65448502e+00 7.13014145e-03 4.83772797e-19
1.79479487e+03 2.66417354e+00 7.13014145e-03 3.83307985e-19
1.79629491e+03 2.67387075e+00 7.13014145e-03 3.03530219e-19
1.79779495e+03 2.68357688e+00 7.13014145e-03 2.40216125e-19
1.79929499e+03 2.69329127e+00 7.13014145e-03 1.90004011e-19
1.80079502e+03 2.70301409e+00 7.13014145e-03 1.50207683e-19
1.80229506e+03 2.71274497e+00 7.13014145e-03 1.18687056e-19
1.80379510e+03 2.72248360e+00 7.13014145e-03 9.37354953e-20
1.80529514e+03 2.73222950e+00 7.13014145e-03 7.39943612e-20
1.80679517e+03 2.74198209e+00 7.13014145e-03 5.83835517e-20
1.80829521e+03 2.75174105e+00 7.13014145e-03 4.60449720e-20
1.80979525e+03 2.76150558e+00 7.13014145e-03 3.62982209e-20
1.81129529e+03 2.77127549e+00 7.13014145e-03 2.86028419e-20
1.81279532e+03 2.78104997e+00 7.13014145e-03 2.25304937e-20
1.81429536e+03 2.79082806e+00 7.13014145e-03 1.77413555e-20
1.81579540e+03 2.80060911e+00 7.13014145e-03 1.39658401e-20
1.81729544e+03 2.81039245e+00 7.13014145e-03 1.09905320e-20
1.81879547e+03 2.82017724e+00 7.13014145e-03 8.64669013e-21
1.82029551e+03 2.82996270e+00 7.13014145e-03 6.80096388e-21
1.82179555e+03 2.83974773e+00 7.13014145e-03 5.34806083e-21
1.82329559e+03 2.84953189e+00 7.13014145e-03 4.20473515e-21
1.82479562e+03 2.85931371e+00 7.13014145e-03 3.30536714e-21
1.82629566e+03 2.86909304e+00 7.13014145e-03 2.59803935e-21
1.82779570e+03 2.87886853e+00 7.13014145e-03 2.04189323e-21
1.82929574e+03 2.88863956e+00 7.13014145e-03 1.60468230e-21
1.83079577e+03 2.89840497e+00 7.13014145e-03 1.26103461e-21
1.83229581e+03 2.90816459e+00 7.13014145e-03 9.90949162e-22
1.83379585e+03 2.91791704e+00 7.13014145e-03 7.78719361e-22
1.83529589e+03 2.92766194e+00 7.13014145e-03 6.11963137e-22
1.83679592e+03 2.93739815e+00 7.13014145e-03 4.80951250e-22
1.83829596e+03 2.94712528e+00 7.13014145e-03 3.78020889e-22
1.83979600e+03 2.95684254e+00 7.13014145e-03 2.97152548e-22
1.84129604e+03 2.96654945e+00 7.13014145e-03 2.33613821e-22
1.84279607e+03 2.97624536e+00 7.13014145e-03 1.83688277e-22
1.84429611e+03 2.98592949e+00 7.13014145e-03 1.44457176e-22
1.84579615e+03 2.99560150e+00 7.13014145e-03 1.13626319e-22
1.84729619e+03 3.00526085e+00 7.13014145e-03 8.93943971e-23
1.84879622e+03 3.01490748e+00 7.13014145e-03 7.03456214e-23
1.85029626e+03 3.02454055e+00 7.13014145e-03 5.53694761e-23
1.85179630e+03 3.03416015e+00 7.13014145e-03 4.35924081e-23
1.85329634e+03 3.04376593e+00 7.13014145e-03 3.43291717e-23
1.85479637e+03 3.05335739e+00 7.13014145e-03 2.70417486e-23
1.85629641e+03 3.06293493e+00 7.13014145e-03 2.13070287e-23
1.85779645e+03 3.07249815e+00 7.13014145e-03 1.67932463e-23
1.85929649e+03 3.08204721e+00 7.13014145e-03 1.32394779e-23
1.86079652e+03 3.09158214e+00 7.13014145e-03 1.04407831e-23
1.86229656e+03 3.10110316e+00 7.13014145e-03 8.23607924e-24
1.86379660e+03 3.11061039e+00 7.13014145e-03 6.49879593e-24
1.86529664e+03 3.12010437e+00 7.13014145e-03 5.12938655e-24
1.86679667e+03 3.12958492e+00 7.13014145e-03 4.04968497e-24
1.86829671e+03 3.13905277e+00 7.13014145e-03 3.19811363e-24
1.86979675e+03 3.14850798e+00 7.13014145e-03 2.52629757e-24
1.87129679e+03 3.15795166e+00 7.13014145e-03 1.99610096e-24
1.87279682e+03 3.16738408e+00 7.13014145e-03 1.57756121e-24
1.87429686e+03 3.17680574e+00 7.13014145e-03 1.24707091e-24
1.87579690e+03 3.18621768e+00 7.13014145e-03 9.86023030e-25
1.87729694e+03 3.19562071e+00 7.13014145e-03 7.79768390e-25
1.87879697e+03 3.20501603e+00 7.13014145e-03 6.16757946e-25
1.88029701e+03 3.21440486e+00 7.13014145e-03 4.87890382e-25
1.88179705e+03 3.22378912e+00 7.13014145e-03 3.85982947e-25
1.88329709e+03 3.23317056e+00 7.13014145e-03 3.05375628e-25
1.88479712e+03 3.24255105e+00 7.13014145e-03 2.41602599e-25
1.88629716e+03 3.25193281e+00 7.13014145e-03 1.91137584e-25
1.88779720e+03 3.26131866e+00 7.13014145e-03 1.51195190e-25
1.88929724e+03 3.27071058e+00 7.13014145e-03 1.19579344e-25
1.89079727e+03 3.28011126e+00 7.13014145e-03 9.45522591e-26
1.89229731e+03 3.28952236e+00 7.13014145e-03 7.47425186e-26
1.89379735e+03 3.29894600e+00 7.13014145e-03 5.90637834e-26
1.89529739e+03 3.30838339e+00 7.13014145e-03 4.66573340e-26
1.89679742e+03 3.31783569e+00 7.13014145e-03 3.68426993e-26
1.89829746e+03 3.32730308e+00 7.13014145e-03 2.90813403e-26
1.89979750e+03 3.33678594e+00 7.13014145e-03 2.29458816e-26
1.90129754e+03 3.34628427e+00 7.13014145e-03 1.80976827e-26
1.90279757e+03 3.35579764e+00 7.13014145e-03 1.42683549e-26
1.90429761e+03 3.36532615e+00 7.13014145e-03 1.12449314e-26
1.90579765e+03 3.37487003e+00 7.13014145e-03 8.85868951e-27
1.90729769e+03 3.38442923e+00 7.13014145e-03 6.97610201e-27
1.90879772e+03 3.39400451e+00 7.13014145e-03 5.49134789e-27
1.91029776e+03 3.40359704e+00 7.13014145e-03 4.32070952e-27
1.91179780e+03 3.41320776e+00 7.13014145e-03 3.39806353e-27
1.91329784e+03 3.42283757e+00 7.13014145e-03 2.67115007e-27
1.91479787e+03 3.43248821e+00 7.13014145e-03 2.09863574e-27
1.91629791e+03 3.44216055e+00 7.13014145e-03 1.64792846e-27
1.91779795e+03 3.45185597e+00 7.13014145e-03 1.29326448e-27
1.91929799e+03 3.46157536e+00 7.13014145e-03 1.01431911e-27
1.92079802e+03 3.47131980e+00 7.13014145e-03 7.95039115e-28
1.92229806e+03 3.48109040e+00 7.13014145e-03 6.22755039e-28
1.92379810e+03 3.49088790e+00 7.13014145e-03 4.87475262e-28
1.92529814e+03 3.50071327e+00 7.13014145e-03 3.81315448e-28
1.92679817e+03 3.51056756e+00 7.13014145e-03 2.98058296e-28
1.92829821e+03 3.52045138e+00 7.13014145e-03 2.32807287e-28
1.92979825e+03 3.53036559e+00 7.13014145e-03 1.81702630e-28
1.93129829e+03 3.54031093e+00 7.13014145e-03 1.41705628e-28
1.93279832e+03 3.55028793e+00 7.13014145e-03 1.10425303e-28
1.93429836e+03 3.56029656e+00 7.13014145e-03 8.59817228e-29
1.93579840e+03 3.57033731e+00 7.13014145e-03 6.68951216e-29
1.93729844e+03 3.58041020e+00 7.13014145e-03 5.20035833e-29
1.93879847e+03 3.59051525e+00 7.13014145e-03 4.03945314e-29
1.94029851e+03 3.60065171e+00 7.13014145e-03 3.13523690e-29
1.94179855e+03 3.61081949e+00 7.13014145e-03 2.43151982e-29
1.94329859e+03 3.62101765e+00 7.13014145e-03 1.88432200e-29
1.94479862e+03 3.63124538e+00 7.13014145e-03 1.45918730e-29
1.94629866e+03 3.64150182e+00 7.13014145e-03 1.12915890e-29
1.94779870e+03 3.65178542e+00 7.13014145e-03 8.73180279e-30
1.94929874e+03 3.66209481e+00 7.13014145e-03 6.74796163e-30
1.95079877e+03 3.67242855e+00 7.13014145e-03 5.21166828e-30
1.95229881e+03 3.68278540e+00 7.13014145e-03 4.02281306e-30
1.95379885e+03 3.69316342e+00 7.13014145e-03 3.10350877e-30
1.95529889e+03 3.70356168e+00 7.13014145e-03 2.39307484e-30
1.95679892e+03 3.71397891e+00 7.13014145e-03 1.84439347e-30
1.95829896e+03 3.72441406e+00 7.13014145e-03 1.42087682e-30
1.95979900e+03 3.73486635e+00 7.13014145e-03 1.09414102e-30
1.96129904e+03 3.74533522e+00 7.13014145e-03 8.42190714e-31
1.96279907e+03 3.75581986e+00 7.13014145e-03 6.48003084e-31
1.96429911e+03 3.76631971e+00 7.13014145e-03 4.98401898e-31
1.96579915e+03 3.77683414e+00 7.13014145e-03 3.83200433e-31
1.96729919e+03 3.78736278e+00 7.13014145e-03 2.94524381e-31
1.96879922e+03 3.79790489e+00 7.13014145e-03 2.26295602e-31
1.97029926e+03 3.80845949e+00 7.13014145e-03 1.73822165e-31
1.97179930e+03 3.81902578e+00 7.13014145e-03 1.33482334e-31
1.97329934e+03 3.82960320e+00 7.13014145e-03 1.02482549e-31
1.97479937e+03 3.84019058e+00 7.13014145e-03 7.86712476e-32
1.97629941e+03 3.85078670e+00 7.13014145e-03 6.03905614e-32
1.97779945e+03 3.86139025e+00 7.13014145e-03 4.63639493e-32
1.97929949e+03 3.87200003e+00 7.13014145e-03 3.56090236e-32
1.98079952e+03 3.88261425e+00 7.13014145e-03 2.73710649e-32
1.98229956e+03 3.89323174e+00 7.13014145e-03 2.10700513e-32
1.98379960e+03 3.90385070e+00 7.13014145e-03 1.62617237e-32
1.98529964e+03 3.91446984e+00 7.13014145e-03 1.26061534e-32
1.98679967e+03 3.92508757e+00 7.13014145e-03 9.84459789e-33
1.98829971e+03 3.93570267e+00 7.13014145e-03 7.78121179e-33
1.98979975e+03 3.94631415e+00 7.13014145e-03 6.26947990e-33
1.99129979e+03 3.95692110e+00 7.13014145e-03 5.20194094e-33
1.99279982e+03 3.96752247e+00 7.13014145e-03 4.50261775e-33
1.99429986e+03 3.97811830e+00 7.13014145e-03 4.12154942e-33
1.99579990e+03 3.98870810e+00 7.13014145e-03 4.03135527e-33
1.99729994e+03 3.99929232e+00 7.13014145e-03 4.22519397e-33
1.99879997e+03 4.00987098e+00 7.13014145e-03 4.71625292e-33
2.00030001e+03 4.02044536e+00 7.13014145e-03 5.53869859e-33
2.00180005e+03 4.03101636e+00 7.13014145e-03 6.75002228e-33
2.00330009e+03 4.04158449e+00 7.13014145e-03 8.43499578e-33
2.00480013e+03 4.05215086e+00 7.13014145e-03 1.07117531e-32
2.00630016e+03 4.06271599e+00 7.13014145e-03 1.37399286e-32
2.00780020e+03 4.07328002e+00 7.13014145e-03 1.77317658e-32
2.00930024e+03 4.08384228e+00 7.13014145e-03 2.29665800e-32
2.01080028e+03 4.09440129e+00 7.13014145e-03 2.98096786e-32
2.01230031e+03 4.10495568e+00 7.13014145e-03 3.87376415e-32
2.01380035e+03 4.11550308e+00 7.13014145e-03 5.03694983e-32
2.01530039e+03 4.12604122e+00 7.13014145e-03 6.55087286e-32
2.01680043e+03 4.13656796e+00 7.13014145e-03 8.51968818e-32
2.01830046e+03 4.14708175e+00 7.13014145e-03 1.10783823e-31
2.01980050e+03 4.15758093e+00 7.13014145e-03 1.44016081e-31
2.02130054e+03 4.16806524e+00 7.13014145e-03 1.87157839e-31
2.02280058e+03 4.17853504e+00 7.13014145e-03 2.43143015e-31
2.02430061e+03 4.18899063e+00 7.13014145e-03 3.15768992e-31
2.02580065e+03 4.19943292e+00 7.13014145e-03 4.09956451e-31
2.02730069e+03 4.20986269e+00 7.13014145e-03 5.32075203e-31
2.02880073e+03 4.22028011e+00 7.13014145e-03 6.90360167e-31
2.03030076e+03 4.23068548e+00 7.13014145e-03 8.95465072e-31
2.03180080e+03 4.24107853e+00 7.13014145e-03 1.16115006e-30
2.03330084e+03 4.25145853e+00 7.13014145e-03 1.50517402e-30
2.03480088e+03 4.26182487e+00 7.13014145e-03 1.95045888e-30
2.03630091e+03 4.27217607e+00 7.13014145e-03 2.52651933e-30
2.03780095e+03 4.28251202e+00 7.13014145e-03 3.27146815e-30
2.03930099e+03 4.29283250e+00 7.13014145e-03 4.23442944e-30
2.04080103e+03 4.30313731e+00 7.13014145e-03 5.47868977e-30
2.04230106e+03 4.31342689e+00 7.13014145e-03 7.08586845e-30
2.04380110e+03 4.32370142e+00 7.13014145e-03 9.16106337e-30
2.04530114e+03 4.33396187e+00 7.13014145e-03 1.18398344e-29
2.04680118e+03 4.34420843e+00 7.13014145e-03 1.52965790e-29
2.04830121e+03 4.35444112e+00 7.13014145e-03 1.97556884e-29
2.04980125e+03 4.36466020e+00 7.13014145e-03 2.55059773e-29
2.05130129e+03 4.37486529e+00 7.13014145e-03 3.29184639e-29
2.05280133e+03 4.38505646e+00 7.13014145e-03 4.24703324e-29
2.05430136e+03 4.39523322e+00 7.13014145e-03 5.47740436e-29
2.05580140e+03 4.40539589e+00 7.13014145e-03 7.06172175e-29
2.05730144e+03 4.41554466e+00 7.13014145e-03 9.10112501e-29
2.05880148e+03 4.42567999e+00 7.13014145e-03 1.17255419e-28
2.06030151e+03 4.43580236e+00 7.13014145e-03 1.51018275e-28
2.06180155e+03 4.44591171e+00 7.13014145e-03 1.94439273e-28
2.06330159e+03 4.45600881e+00 7.13014145e-03 2.50267670e-28
2.06480163e+03 4.46609317e+00 7.13014145e-03 3.22022553e-28
2.06630166e+03 4.47616431e+00 7.13014145e-03 4.14212657e-28
2.06780170e+03 4.48622106e+00 7.13014145e-03 5.32602469e-28
2.06930174e+03 4.49626254e+00 7.13014145e-03 6.84567162e-28
2.07080178e+03 4.50628706e+00 7.13014145e-03 8.79515679e-28
2.07230181e+03 4.51629360e+00 7.13014145e-03 1.12946919e-27
2.07380185e+03 4.52628134e+00 7.13014145e-03 1.44977154e-27
2.07530189e+03 4.53624983e+00 7.13014145e-03 1.86000433e-27
2.07680193e+03 4.54619852e+00 7.13014145e-03 2.38512801e-27
2.07830196e+03 4.55612836e+00 7.13014145e-03 3.05705050e-27
2.07980200e+03 4.56603926e+00 7.13014145e-03 3.91638904e-27
2.08130204e+03 4.57593250e+00 7.13014145e-03 5.01504480e-27
2.08280208e+03 4.58580836e+00 7.13014145e-03 6.41907510e-27
2.08430211e+03 4.59566782e+00 7.13014145e-03 8.21275976e-27
2.08580215e+03 4.60551121e+00 7.13014145e-03 1.05033537e-26
2.08730219e+03 4.61533890e+00 7.13014145e-03 1.34274365e-26
2.08880223e+03 4.62515177e+00 7.13014145e-03 1.71590625e-26
2.09030226e+03 4.63494950e+00 7.13014145e-03 2.19192457e-26
2.09180230e+03 4.64473261e+00 7.13014145e-03 2.79894666e-26
2.09330234e+03 4.65450125e+00 7.13014145e-03 3.57274205e-26
2.09480238e+03 4.66425565e+00 7.13014145e-03 4.55878243e-26
2.09630241e+03 4.67399624e+00 7.13014145e-03 5.81487595e-26
2.09780245e+03 4.68372312e+00 7.13014145e-03 7.41441955e-26
2.09930249e+03 4.69343599e+00 7.13014145e-03 9.45050606e-26
2.10080253e+03 4.70313446e+00 7.13014145e-03 1.20412012e-25
2.10230256e+03 4.71281820e+00 7.13014145e-03 1.53361789e-25
2.10380260e+03 4.72248659e+00 7.13014145e-03 1.95249442e-25
2.10530264e+03 4.73213904e+00 7.13014145e-03 2.48473834e-25
2.10680268e+03 4.74177486e+00 7.13014145e-03 3.16068527e-25
2.10830271e+03 4.75139329e+00 7.13014145e-03 4.01867531e-25
2.10980275e+03 4.76099452e+00 7.13014145e-03 5.10724931e-25
2.11130279e+03 4.77057846e+00 7.13014145e-03 6.48771963e-25
2.11280283e+03 4.78014566e+00 7.13014145e-03 8.23764881e-25
2.11430286e+03 4.78969631e+00 7.13014145e-03 1.04549525e-24
2.11580290e+03 4.79923107e+00 7.13014145e-03 1.32633895e-24
2.11730294e+03 4.80875043e+00 7.13014145e-03 1.68191769e-24
2.11880298e+03 4.81825461e+00 7.13014145e-03 2.13193527e-24
2.12030301e+03 4.82774415e+00 7.13014145e-03 2.70126437e-24
2.12180305e+03 4.83721923e+00 7.13014145e-03 3.42125403e-24
2.12330309e+03 4.84667930e+00 7.13014145e-03 4.33133514e-24
2.12480313e+03 4.85612507e+00 7.13014145e-03 5.48129978e-24
2.12630316e+03 4.86555608e+00 7.13014145e-03 6.93368972e-24
2.12780320e+03 4.87497308e+00 7.13014145e-03 8.76740034e-24
2.12930324e+03 4.88437573e+00 7.13014145e-03 1.10814726e-23
2.13080328e+03 4.89376429e+00 7.13014145e-03 1.40005584e-23
2.13230331e+03 4.90313901e+00 7.13014145e-03 1.76813762e-23
2.13380335e+03 4.91250005e+00 7.13014145e-03 2.23208194e-23
2.13530339e+03 4.92184773e+00 7.13014145e-03 2.81663427e-23
2.13680343e+03 4.93118198e+00 7.13014145e-03 3.55283623e-23
2.13830346e+03 4.94050307e+00 7.13014145e-03 4.47966658e-23
2.13980350e+03 4.94981106e+00 7.13014145e-03 5.64599089e-23
2.14130354e+03 4.95910584e+00 7.13014145e-03 7.11303974e-23
2.14280358e+03 4.96838739e+00 7.13014145e-03 8.95753013e-23
2.14430361e+03 4.97765578e+00 7.13014145e-03 1.12755653e-22
2.14580365e+03 4.98691087e+00 7.13014145e-03 1.41874018e-22
2.14730369e+03 4.99615300e+00 7.13014145e-03 1.78437016e-22
2.14880373e+03 5.00538196e+00 7.13014145e-03 2.24326850e-22
2.15030376e+03 5.01459767e+00 7.13014145e-03 2.81895993e-22
2.15180380e+03 5.02380040e+00 7.13014145e-03 3.54085379e-22
2.15330384e+03 5.03299013e+00 7.13014145e-03 4.44564708e-22
2.15480388e+03 5.04216694e+00 7.13014145e-03 5.57914312e-22
2.15630391e+03 5.05133106e+00 7.13014145e-03 6.99851836e-22
2.15780395e+03 5.06048238e+00 7.13014145e-03 8.77503058e-22
2.15930399e+03 5.06962128e+00 7.13014145e-03 1.09976195e-21
2.16080403e+03 5.07874836e+00 7.13014145e-03 1.37772389e-21
2.16230406e+03 5.08786281e+00 7.13014145e-03 1.72515571e-21
2.16380410e+03 5.09696543e+00 7.13014145e-03 2.15924550e-21
2.16530414e+03 5.10605558e+00 7.13014145e-03 2.70129640e-21
2.16680418e+03 5.11513321e+00 7.13014145e-03 3.37780236e-21
2.16830421e+03 5.12419793e+00 7.13014145e-03 4.22164072e-21
2.16980425e+03 5.13324964e+00 7.13014145e-03 5.27365134e-21
2.17130429e+03 5.14228795e+00 7.13014145e-03 6.58446885e-21
2.17280433e+03 5.15131270e+00 7.13014145e-03 8.21689519e-21
2.17430436e+03 5.16032345e+00 7.13014145e-03 1.02486375e-20
2.17580440e+03 5.16931977e+00 7.13014145e-03 1.27757846e-20
2.17730444e+03 5.17830203e+00 7.13014145e-03 1.59173513e-20
2.17880448e+03 5.18726969e+00 7.13014145e-03 1.98200454e-20
2.18030451e+03 5.19622285e+00 7.13014145e-03 2.46653162e-20
2.18180455e+03 5.20516149e+00 7.13014145e-03 3.06771929e-20
2.18330459e+03 5.21408525e+00 7.13014145e-03 3.81319391e-20
2.18480463e+03 5.22299440e+00 7.13014145e-03 4.73708187e-20
2.18630466e+03 5.23188881e+00 7.13014145e-03 5.88138854e-20
2.18780470e+03 5.24076804e+00 7.13014145e-03 7.29773679e-20
2.18930474e+03 5.24963190e+00 7.13014145e-03 9.04956959e-20
2.19080478e+03 5.25847969e+00 7.13014145e-03 1.12146272e-19
2.19230481e+03 5.26731165e+00 7.13014145e-03 1.38885350e-19
2.19380485e+03 5.27612697e+00 7.13014145e-03 1.71882751e-19
2.19530489e+03 5.28492580e+00 7.13014145e-03 2.12576716e-19
2.19680493e+03 5.29370816e+00 7.13014145e-03 2.62730191e-19
2.19830496e+03 5.30247488e+00 7.13014145e-03 3.24508573e-19
2.19980500e+03 5.31122687e+00 7.13014145e-03 4.00564533e-19
2.20130504e+03 5.31996592e+00 7.13014145e-03 4.94153651e-19
2.20280508e+03 5.32869403e+00 7.13014145e-03 6.09266887e-19
2.20430511e+03 5.33741318e+00 7.13014145e-03 7.50796129e-19
2.20580515e+03 5.34612583e+00 7.13014145e-03 9.24754301e-19
2.20730519e+03 5.35483320e+00 7.13014145e-03 1.13850188e-18
2.20880523e+03 5.36353601e+00 7.13014145e-03 1.40105577e-18
2.21030526e+03 5.37223382e+00 7.13014145e-03 1.72342195e-18
2.21180530e+03 5.38092513e+00 7.13014145e-03 2.11898812e-18
2.21330534e+03 5.38960702e+00 7.13014145e-03 2.60394841e-18
2.21480538e+03 5.39827606e+00 7.13014145e-03 3.19786065e-18
2.21630541e+03 5.40692802e+00 7.13014145e-03 3.92424807e-18
2.21780545e+03 5.41555922e+00 7.13014145e-03 4.81146933e-18
2.21930549e+03 5.42416655e+00 7.13014145e-03 5.89372405e-18
2.22080553e+03 5.43274825e+00 7.13014145e-03 7.21238690e-18
2.22230556e+03 5.44130376e+00 7.13014145e-03 8.81755167e-18
2.22380560e+03 5.44983445e+00 7.13014145e-03 1.07700522e-17
2.22530564e+03 5.45834243e+00 7.13014145e-03 1.31435204e-17
2.22680568e+03 5.46683100e+00 7.13014145e-03 1.60272306e-17
2.22830571e+03 5.47530297e+00 7.13014145e-03 1.95288346e-17
2.22980575e+03 5.48376119e+00 7.13014145e-03 2.37784068e-17
2.23130579e+03 5.49220704e+00 7.13014145e-03 2.89323792e-17
2.23280583e+03 5.50064047e+00 7.13014145e-03 3.51786948e-17
2.23430586e+03 5.50906003e+00 7.13014145e-03 4.27426752e-17
2.23580590e+03 5.51746337e+00 7.13014145e-03 5.18939392e-17
2.23730594e+03 5.52584709e+00 7.13014145e-03 6.29533450e-17
2.23880598e+03 5.53420820e+00 7.13014145e-03 7.63027581e-17
2.24030601e+03 5.54254405e+00 7.13014145e-03 9.23948845e-17
2.24180605e+03 5.55085263e+00 7.13014145e-03 1.11766142e-16
2.24330609e+03 5.55913370e+00 7.13014145e-03 1.35055640e-16
2.24480613e+03 5.56738830e+00 7.13014145e-03 1.63026637e-16
2.24630616e+03 5.57561767e+00 7.13014145e-03 1.96590197e-16
2.24780620e+03 5.58382436e+00 7.13014145e-03 2.36841235e-16
2.24930624e+03 5.59201013e+00 7.13014145e-03 2.85085684e-16
2.25080628e+03 5.60017674e+00 7.13014145e-03 3.42881615e-16
2.25230631e+03 5.60832485e+00 7.13014145e-03 4.12072070e-16
2.25380635e+03 5.61645360e+00 7.13014145e-03 4.94820301e-16
2.25530639e+03 5.62456215e+00 7.13014145e-03 5.93670962e-16
2.25680643e+03 5.63264826e+00 7.13014145e-03 7.11593018e-16
2.25830646e+03 5.64070993e+00 7.13014145e-03 8.52072743e-16
2.25980650e+03 5.64874581e+00 7.13014145e-03 1.01922006e-15
2.26130654e+03 5.65675472e+00 7.13014145e-03 1.21787939e-15
2.26280658e+03 5.66473682e+00 7.13014145e-03 1.45379369e-15
2.26430661e+03 5.67269315e+00 7.13014145e-03 1.73375566e-15
2.26580665e+03 5.68062523e+00 7.13014145e-03 2.06576684e-15
2.26730669e+03 5.68853485e+00 7.13014145e-03 2.45921752e-15
2.26880673e+03 5.69642358e+00 7.13014145e-03 2.92507800e-15
2.27030676e+03 5.70429179e+00 7.13014145e-03 3.47608120e-15
2.27180680e+03 5.71213938e+00 7.13014145e-03 4.12705518e-15
2.27330684e+03 5.71996455e+00 7.13014145e-03 4.89516325e-15
2.27480688e+03 5.72776431e+00 7.13014145e-03 5.80028437e-15
2.27630691e+03 5.73553556e+00 7.13014145e-03 6.86551411e-15
2.27780695e+03 5.74327403e+00 7.13014145e-03 8.11739167e-15
2.27930699e+03 5.75097652e+00 7.13014145e-03 9.58657325e-15
2.28080703e+03 5.75864007e+00 7.13014145e-03 1.13081101e-14
2.28230706e+03 5.76626320e+00 7.13014145e-03 1.33221942e-14
2.28380710e+03 5.77384581e+00 7.13014145e-03 1.56749203e-14
2.28530714e+03 5.78138911e+00 7.13014145e-03 1.84193638e-14
2.28680718e+03 5.78889559e+00 7.13014145e-03 2.16170554e-14
2.28830721e+03 5.79636854e+00 7.13014145e-03 2.53397080e-14
2.28980725e+03 5.80381111e+00 7.13014145e-03 2.96708006e-14
2.29130729e+03 5.81122712e+00 7.13014145e-03 3.47082355e-14
2.29280733e+03 5.81861993e+00 7.13014145e-03 4.05658843e-14
2.29430736e+03 5.82599176e+00 7.13014145e-03 4.73748776e-14
2.29580740e+03 5.83334499e+00 7.13014145e-03 5.52864444e-14
2.29730744e+03 5.84068094e+00 7.13014145e-03 6.44727994e-14
2.29880748e+03 5.84800006e+00 7.13014145e-03 7.51293030e-14
2.30030751e+03 5.85530169e+00 7.13014145e-03 8.74768142e-14
2.30180755e+03 5.86258479e+00 7.13014145e-03 1.01766443e-13
2.30330759e+03 5.86984753e+00 7.13014145e-03 1.18283652e-13
2.30480763e+03 5.87708700e+00 7.13014145e-03 1.37352264e-13
2.30630766e+03 5.88430019e+00 7.13014145e-03 1.59341341e-13
2.30780770e+03 5.89148358e+00 7.13014145e-03 1.84668312e-13
2.30930774e+03 5.89863420e+00 7.13014145e-03 2.13805085e-13
2.31080778e+03 5.90574976e+00 7.13014145e-03 2.47282123e-13
2.31230781e+03 5.91282888e+00 7.13014145e-03 2.85693589e-13
2.31380785e+03 5.91987194e+00 7.13014145e-03 3.29709422e-13
2.31530789e+03 5.92688105e+00 7.13014145e-03 3.80090067e-13
2.31680793e+03 5.93385943e+00 7.13014145e-03 4.37702121e-13
2.31830796e+03 5.94081095e+00 7.13014145e-03 5.03540399e-13
2.31980800e+03 5.94774033e+00 7.13014145e-03 5.78758940e-13
2.32130804e+03 5.95465141e+00 7.13014145e-03 6.64684814e-13
2.32280808e+03 5.96154708e+00 7.13014145e-03 7.62839233e-13
2.32430811e+03 5.96842826e+00 7.13014145e-03 8.74938545e-13
2.32580815e+03 5.97529489e+00 7.13014145e-03 1.00291176e-12
2.32730819e+03 5.98214406e+00 7.13014145e-03 1.14886114e-12
2.32880823e+03 5.98897314e+00 7.13014145e-03 1.31510919e-12
2.33030826e+03 5.99577781e+00 7.13014145e-03 1.50415457e-12
2.33180830e+03 6.00255500e+00 7.13014145e-03 1.71875559e-12
2.33330834e+03 6.00930255e+00 7.13014145e-03 1.96197201e-12
2.33480838e+03 6.01602035e+00 7.13014145e-03 2.23728146e-12
2.33630841e+03 6.02270927e+00 7.13014145e-03 2.54864492e-12
2.33780845e+03 6.02937235e+00 7.13014145e-03 2.90067527e-12
2.33930849e+03 6.03601276e+00 7.13014145e-03 3.29865927e-12
2.34080853e+03 6.04263350e+00 7.13014145e-03 3.74861366e-12
2.34230856e+03 6.04923658e+00 7.13014145e-03 4.25726832e-12
2.34380860e+03 6.05582267e+00 7.13014145e-03 4.83203305e-12
2.34530864e+03 6.06239058e+00 7.13014145e-03 5.48089575e-12
2.34680868e+03 6.06893728e+00 7.13014145e-03 6.21235044e-12
2.34830871e+03 6.07545953e+00 7.13014145e-03 7.03553423e-12
2.34980875e+03 6.08195365e+00 7.13014145e-03 7.96025266e-12
2.35130879e+03 6.08841667e+00 7.13014145e-03 8.99726770e-12
2.35280883e+03 6.09484762e+00 7.13014145e-03 1.01587631e-11
2.35430886e+03 6.10124689e+00 7.13014145e-03 1.14586085e-11
2.35580890e+03 6.10761623e+00 7.13014145e-03 1.29127058e-11
2.35730894e+03 6.11395919e+00 7.13014145e-03 1.45394451e-11
2.35880898e+03 6.12027891e+00 7.13014145e-03 1.63594457e-11
2.36030901e+03 6.12657830e+00 7.13014145e-03 1.83956334e-11
2.36180905e+03 6.13285953e+00 7.13014145e-03 2.06730855e-11
2.36330909e+03 6.13912226e+00 7.13014145e-03 2.32182089e-11
2.36480913e+03 6.14536566e+00 7.13014145e-03 2.60592484e-11
2.36630916e+03 6.15158698e+00 7.13014145e-03 2.92256034e-11
2.36780920e+03 6.15778299e+00 7.13014145e-03 3.27485003e-11
2.36930924e+03 6.16394972e+00 7.13014145e-03 3.66610918e-11
2.37080928e+03 6.17008351e+00 7.13014145e-03 4.09994542e-11
2.37230931e+03 6.17618187e+00 7.13014145e-03 4.58038077e-11
2.37380935e+03 6.18224318e+00 7.13014145e-03 5.11189945e-11
2.37530939e+03 6.18826704e+00 7.13014145e-03 5.69953052e-11
2.37680943e+03 6.19425407e+00 7.13014145e-03 6.34887417e-11
2.37830946e+03 6.20020626e+00 7.13014145e-03 7.06616449e-11
2.37980950e+03 6.20612547e+00 7.13014145e-03 7.85812228e-11
2.38130954e+03 6.21201404e+00 7.13014145e-03 8.73202027e-11
2.38280958e+03 6.21787323e+00 7.13014145e-03 9.69546218e-11
2.38430961e+03 6.22370384e+00 7.13014145e-03 1.07564650e-10
2.38580965e+03 6.22950509e+00 7.13014144e-03 1.19232860e-10
2.38730969e+03 6.23527629e+00 7.13014144e-03 1.32047727e-10
2.38880973e+03 6.24101616e+00 7.13014144e-03 1.46103730e-10
2.39030976e+03 6.24672374e+00 7.13014144e-03 1.61504622e-10
2.39180980e+03 6.25239921e+00 7.13014144e-03 1.78367783e-10
2.39330984e+03 6.25804422e+00 7.13014144e-03 1.96827767e-10
2.39480988e+03 6.26366064e+00 7.13014144e-03 2.17034346e-10
2.39630991e+03 6.26925146e+00 7.13014144e-03 2.39156635e-10
2.39780995e+03 6.27481901e+00 7.13014144e-03 2.63376419e-10
2.39930999e+03 6.28036455e+00 7.13014144e-03 2.89884419e-10
2.40081003e+03 6.28588847e+00 7.13014143e-03 3.18878040e-10
2.40231006e+03 6.29138858e+00 7.13014143e-03 3.50548920e-10
2.40381010e+03 6.29686182e+00 7.13014143e-03 3.85087174e-10
2.40531014e+03 6.30230440e+00 7.13014143e-03 4.22680822e-10
2.40681018e+03 6.30771260e+00 7.13014143e-03 4.63521267e-10
2.40831021e+03 6.31308361e+00 7.13014142e-03 5.07813240e-10
2.40981025e+03 6.31841673e+00 7.13014142e-03 5.55791690e-10
2.41131029e+03 6.32371236e+00 7.13014142e-03 6.07722979e-10
2.41281033e+03 6.32897302e+00 7.13014141e-03 6.63922678e-10
2.41431036e+03 6.33420174e+00 7.13014141e-03 7.24747936e-10
2.41581040e+03 6.33940175e+00 7.13014141e-03 7.90596160e-10
2.41731044e+03 6.34457609e+00 7.13014140e-03 8.61900557e-10
2.41881048e+03 6.34972635e+00 7.13014140e-03 9.39107273e-10
2.42031051e+03 6.35485334e+00 7.13014139e-03 1.02267475e-09
2.42181055e+03 6.35995660e+00 7.13014139e-03 1.11305688e-09
2.42331059e+03 6.36503568e+00 7.13014138e-03 1.21071671e-09
2.42481063e+03 6.37008978e+00 7.13014138e-03 1.31611806e-09
2.42631066e+03 6.37511810e+00 7.13014137e-03 1.42973422e-09
2.42781070e+03 6.38012057e+00 7.13014136e-03 1.55207101e-09
2.42931074e+03 6.38509754e+00 7.13014136e-03 1.68367615e-09
2.43081078e+03 6.39004942e+00 7.13014135e-03 1.82514179e-09
2.43231081e+03 6.39497661e+00 7.13014134e-03 1.97711515e-09
2.43381085e+03 6.39987979e+00 7.13014133e-03 2.14031736e-09
2.43531089e+03 6.40475950e+00 7.13014132e-03 2.31553765e-09
2.43681093e+03 6.40961628e+00 7.13014131e-03 2.50363904e-09
2.43831096e+03 6.41445099e+00 7.13014130e-03 2.70556718e-09
2.43981100e+03 6.41926476e+00 7.13014129e-03 2.92234821e-09
2.44131104e+03 6.42405851e+00 7.13014127e-03 3.15505632e-09
2.44281108e+03 6.42883418e+00 7.13014126e-03 3.40486786e-09
2.44431111e+03 6.43359282e+00 7.13014124e-03 3.67296052e-09
2.44581115e+03 6.43833492e+00 7.13014122e-03 3.96051309e-09
2.44731119e+03 6.44306112e+00 7.13014121e-03 4.26873827e-09
2.44881123e+03 6.44777046e+00 7.13014119e-03 4.59877090e-09
2.45031126e+03 6.45246228e+00 7.13014117e-03 4.95178626e-09
2.45181130e+03 6.45713535e+00 7.13014114e-03 5.32895688e-09
2.45331134e+03 6.46178903e+00 7.13014112e-03 5.73156248e-09
2.45481138e+03 6.46642331e+00 7.13014109e-03 6.16103709e-09
2.45631141e+03 6.47103843e+00 7.13014107e-03 6.61897034e-09
2.45781145e+03 6.47563546e+00 7.13014104e-03 7.10720551e-09
2.45931149e+03 6.48021578e+00 7.13014100e-03 7.62781517e-09
2.46081153e+03 6.48478076e+00 7.13014097e-03 8.18307567e-09
2.46231156e+03 6.48933085e+00 7.13014094e-03 8.77534084e-09
2.46381160e+03 6.49386672e+00 7.13014090e-03 9.40714491e-09
2.46531164e+03 6.49838889e+00 7.13014086e-03 1.00811248e-08
2.46681168e+03 6.50289746e+00 7.13014081e-03 1.07999340e-08
2.46831171e+03 6.50739291e+00 7.13014076e-03 1.15663415e-08
2.46981175e+03 6.51187631e+00 7.13014071e-03 1.23832559e-08
2.47131179e+03 6.51634922e+00 7.13014066e-03 1.32537522e-08
2.47281183e+03 6.52081220e+00 7.13014060e-03 1.41807948e-08
2.47431186e+03 6.52526620e+00 7.13014054e-03 1.51675234e-08
2.47581190e+03 6.52971171e+00 7.13014048e-03 1.62171356e-08
2.47731194e+03 6.53414863e+00 7.13014041e-03 1.73328848e-08
2.47881198e+03 6.53857681e+00 7.13014033e-03 1.85182584e-08
2.48031201e+03 6.54299586e+00 7.13014025e-03 1.97769886e-08
2.48181205e+03 6.54740656e+00 7.13014017e-03 2.11135359e-08
2.48331209e+03 6.55180927e+00 7.13014008e-03 2.25327196e-08
2.48481213e+03 6.55620475e+00 7.13013998e-03 2.40399751e-08
2.48631216e+03 6.56059398e+00 7.13013988e-03 2.56413433e-08
2.48781220e+03 6.56497695e+00 7.13013977e-03 2.73429597e-08
2.48931224e+03 6.56935359e+00 7.13013965e-03 2.91512768e-08
2.49081228e+03 6.57372274e+00 7.13013953e-03 3.10724823e-08
2.49231231e+03 6.57808351e+00 7.13013940e-03 3.31129205e-08
2.49381235e+03 6.58243543e+00 7.13013926e-03 3.52790824e-08
2.49531239e+03 6.58677871e+00 7.13013911e-03 3.75777485e-08
2.49681243e+03 6.59111513e+00 7.13013895e-03 4.00165881e-08
2.49831246e+03 6.59544683e+00 7.13013879e-03 4.26037240e-08
2.49981250e+03 6.59977660e+00 7.13013861e-03 4.53480923e-08
2.50131254e+03 6.60410785e+00 7.13013842e-03 4.82597429e-08
2.50281258e+03 6.60844243e+00 7.13013821e-03 5.13485769e-08
2.50431261e+03 6.61278243e+00 7.13013800e-03 5.46257011e-08
2.50581265e+03 6.61712862e+00 7.13013777e-03 5.81024606e-08
2.50731269e+03 6.62148161e+00 7.13013752e-03 6.17913622e-08
2.50881273e+03 6.62584145e+00 7.13013726e-03 6.57058972e-08
2.51031276e+03 6.63020848e+00 7.13013698e-03 6.98612758e-08
2.51181280e+03 6.63458320e+00 7.13013669e-03 7.42744201e-08
2.51331284e+03 6.63896618e+00 7.13013637e-03 7.89638206e-08
2.51481288e+03 6.64335758e+00 7.13013603e-03 8.39487917e-08
2.51631291e+03 6.64775711e+00 7.13013567e-03 8.92490993e-08
2.51781295e+03 6.65216377e+00 7.13013529e-03 9.48841156e-08
2.51931299e+03 6.65657608e+00 7.13013489e-03 1.00872537e-07
2.52081303e+03 6.66099360e+00 7.13013445e-03 1.07234176e-07
2.52231306e+03 6.66541574e+00 7.13013399e-03 1.13988391e-07
2.52381310e+03 6.66984343e+00 7.13013350e-03 1.21156828e-07
2.52531314e+03 6.67427910e+00 7.13013298e-03 1.28764354e-07
2.52681318e+03 6.67872603e+00 7.13013242e-03 1.36839057e-07
2.52831321e+03 6.68318803e+00 7.13013183e-03 1.45412856e-07
2.52981325e+03 6.68766834e+00 7.13013120e-03 1.54520339e-07
2.53131329e+03 6.69216892e+00 7.13013052e-03 1.64197922e-07
2.53281333e+03 6.69669069e+00 7.13012980e-03 1.74484482e-07
2.53431336e+03 6.70123274e+00 7.13012903e-03 1.85419610e-07
2.53581340e+03 6.70579343e+00 7.13012821e-03 1.97045440e-07
2.53731344e+03 6.71037105e+00 7.13012733e-03 2.09407957e-07
2.53881348e+03 6.71496476e+00 7.13012639e-03 2.22559072e-07
2.54031351e+03 6.71957466e+00 7.13012539e-03 2.36556692e-07
2.54181355e+03 6.72420201e+00 7.13012433e-03 2.51465171e-07
2.54331359e+03 6.72884866e+00 7.13012319e-03 2.67353376e-07
2.54481363e+03 6.73351670e+00 7.13012197e-03 2.84293032e-07
2.54631366e+03 6.73820803e+00 7.13012067e-03 3.02356811e-07
2.54781370e+03 6.74292341e+00 7.13011928e-03 3.21614113e-07
2.54931374e+03 6.74766327e+00 7.13011780e-03 3.42133956e-07
2.55081378e+03 6.75242763e+00 7.13011621e-03 3.63985698e-07
2.55231381e+03 6.75721676e+00 7.13011451e-03 3.87243931e-07
2.55381385e+03 6.76203109e+00 7.13011269e-03 4.11991343e-07
2.55531389e+03 6.76687097e+00 7.13011074e-03 4.38320487e-07
2.55681393e+03 6.77173698e+00 7.13010866e-03 4.66338991e-07
2.55831396e+03 6.77662948e+00 7.13010643e-03 4.96169369e-07
2.55981400e+03 6.78154830e+00 7.13010404e-03 5.27947844e-07
2.56131404e+03 6.78649237e+00 7.13010149e-03 5.61820592e-07
2.56281408e+03 6.79146147e+00 7.13009876e-03 5.97952835e-07
2.56431411e+03 6.79645500e+00 7.13009584e-03 6.36516779e-07
2.56581415e+03 6.80147309e+00 7.13009272e-03 6.77695566e-07
2.56731419e+03 6.80651655e+00 7.13008938e-03 7.21679862e-07
2.56881423e+03 6.81158667e+00 7.13008580e-03 7.68663208e-07
2.57031426e+03 6.81668437e+00 7.13008196e-03 8.18833660e-07
2.57181430e+03 6.82181025e+00 7.13007785e-03 8.72374315e-07
2.57331434e+03 6.82696354e+00 7.13007345e-03 9.29454785e-07
2.57481438e+03 6.83214335e+00 7.13006873e-03 9.90249597e-07
2.57631441e+03 6.83734786e+00 7.13006368e-03 1.05493853e-06
2.57781445e+03 6.84257559e+00 7.13005827e-03 1.12373097e-06
2.57931449e+03 6.84782471e+00 7.13005249e-03 1.19686812e-06
2.58081453e+03 6.85309513e+00 7.13004630e-03 1.27465938e-06
2.58231456e+03 6.85838649e+00 7.13003968e-03 1.35745895e-06
2.58381460e+03 6.86369928e+00 7.13003260e-03 1.44567854e-06
2.58531464e+03 6.86903426e+00 7.13002503e-03 1.53976939e-06
2.58681468e+03 6.87439275e+00 7.13001693e-03 1.64021364e-06
2.58831471e+03 6.87977574e+00 7.13000826e-03 1.74749060e-06
2.58981475e+03 6.88518502e+00 7.12999897e-03 1.86208477e-06
2.59131479e+03 6.89062240e+00 7.12998902e-03 1.98446187e-06
2.59281483e+03 6.89608966e+00 7.12997835e-03 2.11507115e-06
2.59431486e+03 6.90158828e+00 7.12996692e-03 2.25434960e-06
2.59581490e+03 6.90711867e+00 7.12995465e-03 2.40272762e-06
2.59731494e+03 6.91267923e+00 7.12994151e-03 2.56062881e-06
2.59881498e+03 6.91826746e+00 7.12992742e-03 2.72852786e-06
2.60031501e+03 6.92387979e+00 7.12991234e-03 2.90697200e-06
2.60181505e+03 6.92951157e+00 7.12989622e-03 3.09658732e-06
2.60331509e+03 6.93515910e+00 7.12987899e-03 3.29813676e-06
2.60481513e+03 6.94081918e+00 7.12986059e-03 3.51247878e-06
2.60631516e+03 6.94648985e+00 7.12984096e-03 3.74054927e-06
2.60781520e+03 6.95217049e+00 7.12982002e-03 3.98331547e-06
2.60931524e+03 6.95786202e+00 7.12979766e-03 4.24173916e-06
2.61081528e+03 6.96356616e+00 7.12977381e-03 4.51672003e-06
2.61231531e+03 6.96928541e+00 7.12974833e-03 4.80909658e-06
2.61381535e+03 6.97502233e+00 7.12972111e-03 5.11964662e-06
2.61531539e+03 6.98077966e+00 7.12969202e-03 5.44916849e-06
2.61681543e+03 6.98655961e+00 7.12966093e-03 5.79853861e-06
2.61831546e+03 6.99236419e+00 7.12962770e-03 6.16884304e-06
2.61981550e+03 6.99819531e+00 7.12959216e-03 6.56148077e-06
2.62131554e+03 7.00405435e+00 7.12955418e-03 6.97819600e-06
2.62281558e+03 7.00994325e+00 7.12951356e-03 7.42115490e-06
2.62431561e+03 7.01586365e+00 7.12947012e-03 7.89281524e-06
2.62581565e+03 7.02181745e+00 7.12942364e-03 8.39583640e-06
2.62731569e+03 7.02780674e+00 7.12937389e-03 8.93289915e-06
2.62881573e+03 7.03383320e+00 7.12932062e-03 9.50648186e-06
2.63031576e+03 7.03989793e+00 7.12926354e-03 1.01187054e-05
2.63181580e+03 7.04600174e+00 7.12920238e-03 1.07713291e-05
2.63331584e+03 7.05214443e+00 7.12913683e-03 1.14657705e-05
2.63481588e+03 7.05832537e+00 7.12906660e-03 1.22033880e-05
2.63631591e+03 7.06454322e+00 7.12899138e-03 1.29857660e-05
2.63781595e+03 7.07079627e+00 7.12891085e-03 1.38150872e-05
2.63931599e+03 7.07708211e+00 7.12882470e-03 1.46943265e-05
2.64081603e+03 7.08339876e+00 7.12873258e-03 1.56274617e-05
2.64231606e+03 7.08974428e+00 7.12863415e-03 1.66192285e-05
2.64381610e+03 7.09611780e+00 7.12852897e-03 1.76748849e-05
2.64531614e+03 7.10251863e+00 7.12841660e-03 1.87995102e-05
2.64681618e+03 7.10894725e+00 7.12829653e-03 1.99976579e-05
2.64831621e+03 7.11540456e+00 7.12816821e-03 2.12728838e-05
2.64981625e+03 7.12189164e+00 7.12803103e-03 2.26276933e-05
2.65131629e+03 7.12840935e+00 7.12788439e-03 2.40638486e-05
2.65281633e+03 7.13495854e+00 7.12772763e-03 2.55831748e-05
2.65431636e+03 7.14153923e+00 7.12756013e-03 2.71883240e-05
2.65581640e+03 7.14815137e+00 7.12738120e-03 2.88838263e-05
2.65731644e+03 7.15479470e+00 7.12719016e-03 3.06765651e-05
2.65881648e+03 7.16146882e+00 7.12698626e-03 3.25756658e-05
2.66031651e+03 7.16817404e+00 7.12676866e-03 3.45919071e-05
2.66181655e+03 7.17491097e+00 7.12653644e-03 3.67362619e-05
2.66331659e+03 7.18168021e+00 7.12628857e-03 3.90182575e-05
2.66481663e+03 7.18848307e+00 7.12602392e-03 4.14449998e-05
2.66631666e+03 7.19532045e+00 7.12574130e-03 4.40204100e-05
2.66781670e+03 7.20219376e+00 7.12543945e-03 4.67463012e-05
2.66931674e+03 7.20910436e+00 7.12511708e-03 4.96240235e-05
2.67081678e+03 7.21605405e+00 7.12477280e-03 5.26571697e-05
2.67231681e+03 7.22304514e+00 7.12440519e-03 5.58540890e-05
2.67381685e+03 7.23007938e+00 7.12401271e-03 5.92288095e-05
2.67531689e+03 7.23715866e+00 7.12359371e-03 6.28010415e-05
2.67681693e+03 7.24428436e+00 7.12314638e-03 6.65935904e-05
2.67831696e+03 7.25145655e+00 7.12266878e-03 7.06280986e-05
2.67981700e+03 7.25867332e+00 7.12215894e-03 7.49202950e-05
2.68131704e+03 7.26593159e+00 7.12161485e-03 7.94773579e-05
2.68281708e+03 7.27322618e+00 7.12103461e-03 8.42968794e-05
2.68431711e+03 7.28055127e+00 7.12041645e-03 8.93706728e-05
2.68581715e+03 7.28790080e+00 7.11975875e-03 9.46907487e-05
2.68731719e+03 7.29526909e+00 7.11905997e-03 1.00256261e-04
2.68881723e+03 7.30265248e+00 7.11831845e-03 1.06079288e-04
2.69031726e+03 7.31004878e+00 7.11753234e-03 1.12185034e-04
2.69181730e+03 7.31745748e+00 7.11669942e-03 1.18607534e-04
2.69331734e+03 7.32487900e+00 7.11581713e-03 1.25381038e-04
2.69481738e+03 7.33231523e+00 7.11488242e-03 1.32531553e-04
2.69631741e+03 7.33976767e+00 7.11389205e-03 1.40068922e-04
2.69781745e+03 7.34723872e+00 7.11284254e-03 1.47987447e-04
2.69931749e+03 7.35472981e+00 7.11173050e-03 1.56270227e-04
2.70081753e+03 7.36224127e+00 7.11055280e-03 1.64900212e-04
2.70231756e+03 7.36977235e+00 7.10930658e-03 1.73872929e-04
2.70381760e+03 7.37732167e+00 7.10798912e-03 1.83205877e-04
2.70531764e+03 7.38488638e+00 7.10659786e-03 1.92938017e-04
2.70681768e+03 7.39246464e+00 7.10512980e-03 2.03123539e-04
2.70831771e+03 7.40005351e+00 7.10358179e-03 2.13812536e-04
2.70981775e+03 7.40765143e+00 7.10195009e-03 2.25036394e-04
2.71131779e+03 7.41525532e+00 7.10023112e-03 2.36792172e-04
2.71281783e+03 7.42286304e+00 7.09842118e-03 2.49046433e-04
2.71431786e+03 7.43047112e+00 7.09651726e-03 2.61745396e-04
2.71581790e+03 7.43807649e+00 7.09451677e-03 2.74840302e-04
2.71731794e+03 7.44567605e+00 7.09241762e-03 2.88309637e-04
2.71881798e+03 7.45326748e+00 7.09021777e-03 3.02173693e-04
2.72031801e+03 7.46084934e+00 7.08791480e-03 3.16491978e-04
2.72181805e+03 7.46842059e+00 7.08550583e-03 3.31342841e-04
2.72331809e+03 7.47598099e+00 7.08298713e-03 3.46795232e-04
2.72481813e+03 7.48353094e+00 7.08035430e-03 3.62881037e-04
2.72631816e+03 7.49107033e+00 7.07760289e-03 3.79578505e-04
2.72781820e+03 7.49860040e+00 7.07472814e-03 3.96821878e-04
2.72931824e+03 7.50612134e+00 7.07172619e-03 4.14521326e-04
2.73081828e+03 7.51363383e+00 7.06859364e-03 4.32602139e-04
2.73231831e+03 7.52113758e+00 7.06532803e-03 4.51034226e-04
2.73381835e+03 7.52863155e+00 7.06192746e-03 4.69848889e-04
2.73531839e+03 7.53611468e+00 7.05838986e-03 4.89132241e-04
2.73681843e+03 7.54358633e+00 7.05471232e-03 5.08994838e-04
2.73831846e+03 7.55104624e+00 7.05089100e-03 5.29527968e-04
2.73981850e+03 7.55849566e+00 7.04692062e-03 5.50767876e-04
2.74131854e+03 7.56593661e+00 7.04279518e-03 5.72675445e-04
2.74281858e+03 7.57337169e+00 7.03850857e-03 5.95146190e-04
2.74431861e+03 7.58080329e+00 7.03405547e-03 6.18044929e-04
2.74581865e+03 7.58823317e+00 7.02943176e-03 6.41256167e-04
2.74731869e+03 7.59566280e+00 7.02463424e-03 6.64731867e-04
2.74881873e+03 7.60309292e+00 7.01966039e-03 6.88513763e-04
2.75031876e+03 7.61052343e+00 7.01450784e-03 7.12722045e-04
2.75181880e+03 7.61795354e+00 7.00917381e-03 7.37510985e-04
2.75331884e+03 7.62538150e+00 7.00365511e-03 7.63005356e-04
2.75481888e+03 7.63280510e+00 6.99794823e-03 7.89244016e-04
2.75631891e+03 7.64022136e+00 6.99205025e-03 8.16149702e-04
2.75781895e+03 7.64762768e+00 6.98595883e-03 8.43546691e-04
2.75931899e+03 7.65502177e+00 6.97967300e-03 8.71213593e-04
2.76081903e+03 7.66240115e+00 6.97319378e-03 8.98955694e-04
2.76231906e+03 7.66976365e+00 6.96652349e-03 9.26673492e-04
2.76381910e+03 7.67710675e+00 6.95966559e-03 9.54393281e-04
2.76531914e+03 7.68442885e+00 6.95262252e-03 9.82256445e-04
2.76681918e+03 7.69172851e+00 6.94539561e-03 1.01045739e-03
2.76831921e+03 7.69900494e+00 6.93798423e-03 1.03916361e-03
2.76981925e+03 7.70625876e+00 6.93038521e-03 1.06844539e-03
2.77131929e+03 7.71349179e+00 6.92259374e-03 1.09823716e-03
2.77281933e+03 7.72070649e+00 6.91460472e-03 1.12834810e-03
2.77431936e+03 7.72790553e+00 6.90641416e-03 1.15851897e-03
2.77581940e+03 7.73509116e+00 6.89802018e-03 1.18850545e-03
2.77731944e+03 7.74226642e+00 6.88942144e-03 1.21816602e-03
2.77881948e+03 7.74943296e+00 6.88061889e-03 1.24750305e-03
2.78031951e+03 7.75659308e+00 6.87161233e-03 1.27666982e-03
2.78181955e+03 7.76374723e+00 6.86240245e-03 1.30590541e-03
2.78331959e+03 7.77089591e+00 6.85298811e-03 1.33545099e-03
2.78481963e+03 7.77803848e+00 6.84336803e-03 1.36544891e-03
2.78631966e+03 7.78517394e+00 6.83354067e-03 1.39587903e-03
2.78781970e+03 7.79230082e+00 6.82350558e-03 1.42654694e-03
2.78931974e+03 7.79941777e+00 6.81326394e-03 1.45713615e-03
2.79081978e+03 7.80652314e+00 6.80281982e-03 1.48730215e-03
2.79231981e+03 7.81361475e+00 6.79218066e-03 1.51677994e-03
2.79381985e+03 7.82069088e+00 6.78135503e-03 1.54547069e-03
2.79531989e+03 7.82774914e+00 6.77035312e-03 1.57346329e-03
2.79681993e+03 7.83478772e+00 6.75918340e-03 1.60099893e-03
2.79831996e+03 7.84180528e+00 6.74785197e-03 1.62837617e-03
2.79982000e+03 7.84880042e+00 6.73636296e-03 1.65583494e-03
2.80132004e+03 7.85577217e+00 6.72471846e-03 1.68346319e-03
2.80282008e+03 7.86271942e+00 6.71292052e-03 1.71115187e-03
2.80432012e+03 7.86964098e+00 6.70097255e-03 1.73861882e-03
2.80582015e+03 7.87653613e+00 6.68887938e-03 1.76549331e-03
2.80732019e+03 7.88340391e+00 6.67664890e-03 1.79142612e-03
2.80882023e+03 7.89024338e+00 6.66429117e-03 1.81619646e-03
2.81032027e+03 7.89705399e+00 6.65181686e-03 1.83977655e-03
2.81182030e+03 7.90383505e+00 6.63923655e-03 1.86233096e-03
2.81332034e+03 7.91058656e+00 6.62655820e-03 1.88415827e-03
2.81482038e+03 7.91730808e+00 6.61378829e-03 1.90558576e-03
2.81632042e+03 7.92400038e+00 6.60092890e-03 1.92686489e-03
2.81782045e+03 7.93066349e+00 6.58798198e-03 1.94808246e-03
2.81932049e+03 7.93729700e+00 6.57495012e-03 1.96913043e-03
2.82082053e+03 7.94390009e+00 6.56183783e-03 1.98973493e-03
2.82232057e+03 7.95047173e+00 6.54865205e-03 2.00953629e-03
2.82382060e+03 7.95701053e+00 6.53540289e-03 2.02819262e-03
2.82532064e+03 7.96351428e+00 6.52210418e-03 2.04547598e-03
2.82682068e+03 7.96998092e+00 6.50877063e-03 2.06133614e-03
2.82832072e+03 7.97640754e+00 6.49541863e-03 2.07590558e-03
2.82982075e+03 7.98279126e+00 6.48206329e-03 2.08945553e-03
2.83132079e+03 7.98912854e+00 6.46871918e-03 2.10231018e-03
2.83282083e+03 7.99541636e+00 6.45539774e-03 2.11475340e-03
2.83432087e+03 8.00165153e+00 6.44210926e-03 2.12694846e-03
2.83582090e+03 8.00783246e+00 6.42885988e-03 2.13890109e-03
2.83732094e+03 8.01395779e+00 6.41565564e-03 2.15046269e-03
2.83882098e+03 8.02002818e+00 6.40249931e-03 2.16138097e-03
2.84032102e+03 8.02604389e+00 6.38939611e-03 2.17136709e-03
2.84182105e+03 8.03200690e+00 6.37634911e-03 2.18017537e-03
2.84332109e+03 8.03791817e+00 6.36336465e-03 2.18765989e-03
2.84482113e+03 8.04377833e+00 6.35045023e-03 2.19380894e-03
2.84632117e+03 8.04958760e+00 6.33761372e-03 2.19874417e-03
2.84782120e+03 8.05534588e+00 6.32486267e-03 2.20268845e-03
2.84932124e+03 8.06105277e+00 6.31220358e-03 2.20591256e-03
2.85082128e+03 8.06670794e+00 6.29964118e-03 2.20867455e-03
2.85232132e+03 8.07231080e+00 6.28717932e-03 2.21116622e-03
2.85382135e+03 8.07786096e+00 6.27482037e-03 2.21347853e-03
2.85532139e+03 8.08335805e+00 6.26256646e-03 2.21559137e-03
2.85682143e+03 8.08880074e+00 6.25042213e-03 2.21738778e-03
2.85832147e+03 8.09418746e+00 6.23839319e-03 2.21868819e-03
2.85982150e+03 8.09951603e+00 6.22648777e-03 2.21929501e-03
2.86132154e+03 8.10478331e+00 6.21471715e-03 2.21903781e-03
2.86282158e+03 8.10998582e+00 6.20309387e-03 2.21780979e-03
2.86432162e+03 8.11511965e+00 6.19163173e-03 2.21558852e-03
2.86582165e+03 8.12018110e+00 6.18034374e-03 2.21243787e-03
2.86732169e+03 8.12516756e+00 6.16923973e-03 2.20849249e-03
2.86882173e+03 8.13007785e+00 6.15832538e-03 2.20393061e-03
2.87032177e+03 8.13491203e+00 6.14760258e-03 2.19894271e-03
2.87182180e+03 8.13967092e+00 6.13707046e-03 2.19370277e-03
2.87332184e+03 8.14435679e+00 6.12672419e-03 2.18834498e-03
2.87482188e+03 8.14897160e+00 6.11655911e-03 2.18295251e-03
2.87632192e+03 8.15351674e+00 6.10657146e-03 2.17755404e-03
2.87782195e+03 8.15799364e+00 6.09675750e-03 2.17212783e-03
2.87932199e+03 8.16240258e+00 6.08711609e-03 2.16661423e-03
2.88082203e+03 8.16674267e+00 6.07764900e-03 2.16093128e-03
2.88232207e+03 8.17101217e+00 6.06836014e-03 2.15499116e-03
2.88382210e+03 8.17520863e+00 6.05925527e-03 2.14871611e-03
2.88532214e+03 8.17932937e+00 6.05034079e-03 2.14205046e-03
2.88682218e+03 8.18337197e+00 6.04162260e-03 2.13496793e-03
2.88832222e+03 8.18733409e+00 6.03310628e-03 2.12747469e-03
2.88982225e+03 8.19121464e+00 6.02479458e-03 2.11960517e-03
2.89132229e+03 8.19501412e+00 6.01668650e-03 2.11141512e-03
2.89282233e+03 8.19873423e+00 6.00877827e-03 2.10297437e-03
2.89432237e+03 8.20237757e+00 6.00106388e-03 2.09435885e-03
2.89582240e+03 8.20594708e+00 5.99353634e-03 2.08564438e-03
2.89732244e+03 8.20944600e+00 5.98618785e-03 2.07690054e-03
2.89882248e+03 8.21287666e+00 5.97901230e-03 2.06818901e-03
2.90032252e+03 8.21624103e+00 5.97200423e-03 2.05955936e-03
2.90182255e+03 8.21953974e+00 5.96516080e-03 2.05105000e-03
2.90332259e+03 8.22277298e+00 5.95848007e-03 2.04268575e-03
2.90482263e+03 8.22594036e+00 5.95196120e-03 2.03447910e-03
2.90632267e+03 8.22904138e+00 5.94560362e-03 2.02643099e-03
2.90782270e+03 8.23207513e+00 5.93940759e-03 2.01853405e-03
2.90932274e+03 8.23504090e+00 5.93337302e-03 2.01077396e-03
2.91082278e+03 8.23793892e+00 5.92749805e-03 2.00313042e-03
2.91232282e+03 8.24076991e+00 5.92177988e-03 1.99558081e-03
2.91382285e+03 8.24353469e+00 5.91621566e-03 1.98810342e-03
2.91532289e+03 8.24623478e+00 5.91080118e-03 1.98067727e-03
2.91682293e+03 8.24887079e+00 5.90553419e-03 1.97328780e-03
2.91832297e+03 8.25144244e+00 5.90041419e-03 1.96592753e-03
2.91982300e+03 8.25394811e+00 5.89544334e-03 1.95859799e-03
2.92132304e+03 8.25638593e+00 5.89062422e-03 1.95130666e-03
2.92282308e+03 8.25875343e+00 5.88596051e-03 1.94406784e-03
2.92432312e+03 8.26104913e+00 5.88145391e-03 1.93689702e-03
2.92582315e+03 8.26327219e+00 5.87710481e-03 1.92981097e-03
2.92732319e+03 8.26542421e+00 5.87290888e-03 1.92282060e-03
2.92882323e+03 8.26750655e+00 5.86886225e-03 1.91593841e-03
2.93032327e+03 8.26952165e+00 5.86495904e-03 1.90917341e-03
2.93182330e+03 8.27147111e+00 5.86119505e-03 1.90253694e-03
2.93332334e+03 8.27335710e+00 5.85756494e-03 1.89603737e-03
2.93482338e+03 8.27518089e+00 5.85406524e-03 1.88968516e-03
2.93632342e+03 8.27694395e+00 5.85069206e-03 1.88348861e-03
2.93782345e+03 8.27864861e+00 5.84743996e-03 1.87745155e-03
2.93932349e+03 8.28029716e+00 5.84430364e-03 1.87157636e-03
2.94082353e+03 8.28189242e+00 5.84127692e-03 1.86586212e-03
2.94232357e+03 8.28343693e+00 5.83835415e-03 1.86030735e-03
2.94382360e+03 8.28493259e+00 5.83553099e-03 1.85491162e-03
2.94532364e+03 8.28638020e+00 5.83280518e-03 1.84967745e-03
2.94682368e+03 8.28777908e+00 5.83017718e-03 1.84461155e-03
2.94832372e+03 8.28912762e+00 5.82764921e-03 1.83972328e-03
2.94982375e+03 8.29042346e+00 5.82522481e-03 1.83502384e-03
2.95132379e+03 8.29166439e+00 5.82290726e-03 1.83052324e-03
2.95282383e+03 8.29284927e+00 5.82069786e-03 1.82622695e-03
2.95432387e+03 8.29397793e+00 5.81859619e-03 1.82213644e-03
2.95582390e+03 8.29505154e+00 5.81659937e-03 1.81824784e-03
2.95732394e+03 8.29607167e+00 5.81470396e-03 1.81455569e-03
2.95882398e+03 8.29703973e+00 5.81290676e-03 1.81105473e-03
2.96032402e+03 8.29795619e+00 5.81120635e-03 1.80774304e-03
2.96182405e+03 8.29882072e+00 5.80960280e-03 1.80462146e-03
2.96332409e+03 8.29963277e+00 5.80809657e-03 1.80169158e-03
2.96482413e+03 8.30039156e+00 5.80668862e-03 1.79895583e-03
2.96632417e+03 8.30109746e+00 5.80537779e-03 1.79641238e-03
2.96782420e+03 8.30175109e+00 5.80416256e-03 1.79405863e-03
2.96932424e+03 8.30235369e+00 5.80304034e-03 1.79188975e-03
2.97082428e+03 8.30290750e+00 5.80200676e-03 1.78989734e-03
2.97232432e+03 8.30341396e+00 5.80105897e-03 1.78807596e-03
2.97382435e+03 8.30387526e+00 5.80019279e-03 1.78641752e-03
2.97532439e+03 8.30429303e+00 5.79940506e-03 1.78491595e-03
2.97682443e+03 8.30466954e+00 5.79869157e-03 1.78356300e-03
2.97832447e+03 8.30500663e+00 5.79804886e-03 1.78235192e-03
2.97982450e+03 8.30530605e+00 5.79747364e-03 1.78127629e-03
2.98132454e+03 8.30556902e+00 5.79696363e-03 1.78033173e-03
2.98282458e+03 8.30579510e+00 5.79651952e-03 1.77951976e-03
2.98432462e+03 8.30598261e+00 5.79614414e-03 1.77884635e-03
2.98582465e+03 8.30612820e+00 5.79584335e-03 1.77832351e-03
2.98732469e+03 8.30622731e+00 5.79562512e-03 1.77796760e-03
2.98882473e+03 8.30627655e+00 5.79549539e-03 1.77779075e-03
2.99032477e+03 8.30627364e+00 5.79545816e-03 1.77780121e-03
2.99182480e+03 8.30621897e+00 5.79551274e-03 1.77799755e-03
2.99332484e+03 8.30611498e+00 5.79565477e-03 1.77837097e-03
2.99482488e+03 8.30596575e+00 5.79587713e-03 1.77890690e-03
2.99632492e+03 8.30577621e+00 5.79617107e-03 1.77958758e-03
2.99782495e+03 8.30555131e+00 5.79652796e-03 1.78039535e-03
2.99932499e+03 8.30529511e+00 5.79694065e-03 1.78131561e-03
3.00082503e+03 8.30501066e+00 5.79740377e-03 1.78233743e-03
3.00232507e+03 8.30469921e+00 5.79791522e-03 1.78345638e-03
3.00382510e+03 8.30436028e+00 5.79847593e-03 1.78467430e-03
3.00532514e+03 8.30399162e+00 5.79908997e-03 1.78599928e-03
3.00682518e+03 8.30358970e+00 5.79976371e-03 1.78744409e-03
3.00832522e+03 8.30315132e+00 5.80050301e-03 1.78902044e-03
3.00982525e+03 8.30267298e+00 5.80131423e-03 1.79074096e-03
3.01132529e+03 8.30215174e+00 5.80220284e-03 1.79261651e-03
3.01282533e+03 8.30158480e+00 5.80317403e-03 1.79465733e-03
3.01432537e+03 8.30096911e+00 5.80423354e-03 1.79687474e-03
3.01582540e+03 8.30030179e+00 5.80538681e-03 1.79927939e-03
3.01732544e+03 8.29958096e+00 5.80663757e-03 1.80187845e-03
3.01882548e+03 8.29880616e+00 5.80798706e-03 1.80467401e-03
3.02032552e+03 8.29797954e+00 5.80943183e-03 1.80765869e-03
3.02182555e+03 8.29710567e+00 5.81096409e-03 1.81081634e-03
3.02332559e+03 8.29619069e+00 5.81257322e-03 1.81412511e-03
3.02482563e+03 8.29524041e+00 5.81424909e-03 1.81756406e-03
3.02632567e+03 8.29426006e+00 5.81598260e-03 1.82111429e-03
3.02782570e+03 8.29325303e+00 5.81776791e-03 1.82476338e-03
3.02932574e+03 8.29222080e+00 5.81960258e-03 1.82850554e-03
3.03082578e+03 8.29116300e+00 5.82148757e-03 1.83234160e-03
3.03232582e+03 8.29007824e+00 5.82342572e-03 1.83627588e-03
3.03382585e+03 8.28896451e+00 5.82542102e-03 1.84031470e-03
3.03532589e+03 8.28781977e+00 5.82747750e-03 1.84446410e-03
3.03682593e+03 8.28664266e+00 5.82959808e-03 1.84872746e-03
3.03832597e+03 8.28543348e+00 5.83178258e-03 1.85310167e-03
3.03982600e+03 8.28419396e+00 5.83402822e-03 1.85757807e-03
3.04132604e+03 8.28292797e+00 5.83632823e-03 1.86213992e-03
3.04282608e+03 8.28163970e+00 5.83867517e-03 1.86676904e-03
3.04432612e+03 8.28033295e+00 5.84106228e-03 1.87144847e-03
3.04582615e+03 8.27900900e+00 5.84348737e-03 1.87617004e-03
3.04732619e+03 8.27766610e+00 5.84595395e-03 1.88093621e-03
3.04882623e+03 8.27629847e+00 5.84847309e-03 1.88576317e-03
3.05032627e+03 8.27489771e+00 5.85106092e-03 1.89067551e-03
3.05182630e+03 8.27345419e+00 5.85373599e-03 1.89570083e-03
3.05332634e+03 8.27195898e+00 5.85651577e-03 1.90086278e-03
3.05482638e+03 8.27040502e+00 5.85941440e-03 1.90617696e-03
3.05632642e+03 8.26878821e+00 5.86244051e-03 1.91164723e-03
3.05782645e+03 8.26710628e+00 5.86559940e-03 1.91727008e-03
3.05932649e+03 8.26536058e+00 5.86888946e-03 1.92302911e-03
3.06082653e+03 8.26355372e+00 5.87230666e-03 1.92890374e-03
3.06232657e+03 8.26169012e+00 5.87584344e-03 1.93486815e-03
3.06382660e+03 8.25977569e+00 5.87948926e-03 1.94089322e-03
3.06532664e+03 8.25781707e+00 5.88323198e-03 1.94694969e-03
3.06682668e+03 8.25582161e+00 5.88705794e-03 1.95300896e-03
3.06832672e+03 8.25379650e+00 5.89095359e-03 1.95904613e-03
3.06982675e+03 8.25174762e+00 5.89490771e-03 1.96504342e-03
3.07132679e+03 8.24967733e+00 5.89891589e-03 1.97099626e-03
3.07282683e+03 8.24758424e+00 5.90298100e-03 1.97691284e-03
3.07432687e+03 8.24546321e+00 5.90711337e-03 1.98281317e-03
3.07582690e+03 8.24330633e+00 5.91132889e-03 1.98872553e-03
3.07732694e+03 8.24110511e+00 5.91564485e-03 1.99468027e-03
3.07882698e+03 8.23885332e+00 5.92007423e-03 2.00070214e-03
3.08032702e+03 8.23654785e+00 5.92462394e-03 2.00680844e-03
3.08182705e+03 8.23418971e+00 5.92929281e-03 2.01300649e-03
3.08332709e+03 8.23178325e+00 5.93407285e-03 2.01929527e-03
3.08482713e+03 8.22933526e+00 5.93895121e-03 2.02566727e-03
3.08632717e+03 8.22685281e+00 5.94391422e-03 2.03211270e-03
3.08782720e+03 8.22434240e+00 5.94894932e-03 2.03862081e-03
3.08932724e+03 8.22180813e+00 5.95404862e-03 2.04518338e-03
3.09082728e+03 8.21925187e+00 5.95920871e-03 2.05179380e-03
3.09232732e+03 8.21667257e+00 5.96443217e-03 2.05844824e-03
3.09382735e+03 8.21406727e+00 5.96972546e-03 2.06514277e-03
3.09532739e+03 8.21143221e+00 5.97509676e-03 2.07187030e-03
3.09682743e+03 8.20876409e+00 5.98055345e-03 2.07861751e-03
3.09832747e+03 8.20606181e+00 5.98609828e-03 2.08536050e-03
3.09982750e+03 8.20332698e+00 5.99172843e-03 2.09206480e-03
3.10132754e+03 8.20056538e+00 5.99743217e-03 2.09868349e-03
3.10282758e+03 8.19778437e+00 6.00319427e-03 2.10516625e-03
3.10432762e+03 8.19499258e+00 6.00899650e-03 2.11146283e-03
3.10582765e+03 8.19219723e+00 6.01482336e-03 2.11753165e-03
3.10732769e+03 8.18940291e+00 6.02066454e-03 2.12334359e-03
3.10882773e+03 8.18661220e+00 6.02651391e-03 2.12888107e-03
3.11032777e+03 8.18382802e+00 6.03236444e-03 2.13413352e-03
3.11182780e+03 8.18105484e+00 6.03820579e-03 2.13909576e-03
3.11332784e+03 8.17830279e+00 6.04401535e-03 2.14376148e-03
3.11482788e+03 8.17558560e+00 6.04976267e-03 2.14812817e-03
3.11632792e+03 8.17292131e+00 6.05540788e-03 2.15219562e-03
3.11782795e+03 8.17033074e+00 6.06090491e-03 2.15596677e-03
3.11932799e+03 8.16783647e+00 6.06620372e-03 2.15944670e-03
3.12082803e+03 8.16546193e+00 6.07125226e-03 2.16264075e-03
3.12232807e+03 8.16323180e+00 6.07599570e-03 2.16555115e-03
3.12382810e+03 8.16117073e+00 6.08037914e-03 2.16817666e-03
3.12532814e+03 8.15930401e+00 6.08434629e-03 2.17051051e-03
3.12682818e+03 8.15765527e+00 6.08784444e-03 2.17254298e-03
3.12832822e+03 8.15624594e+00 6.09082563e-03 2.17426236e-03
3.12982825e+03 8.15509324e+00 6.09325124e-03 2.17565817e-03
3.13132829e+03 8.15420943e+00 6.09509351e-03 2.17672276e-03
3.13282833e+03 8.15360206e+00 6.09633518e-03 2.17745180e-03
3.13432837e+03 8.15327614e+00 6.09696473e-03 2.17784219e-03
3.13582840e+03 8.15323540e+00 6.09697378e-03 2.17789095e-03
3.13732844e+03 8.15348424e+00 6.09635274e-03 2.17759299e-03
3.13882848e+03 8.15402656e+00 6.09509341e-03 2.17694247e-03
3.14032852e+03 8.15486619e+00 6.09318810e-03 2.17593210e-03
3.14182855e+03 8.15600490e+00 6.09063397e-03 2.17455497e-03
3.14332859e+03 8.15744534e+00 6.08742658e-03 2.17280007e-03
3.14482863e+03 8.15919052e+00 6.08356116e-03 2.17065122e-03
3.14632867e+03 8.16124552e+00 6.07902892e-03 2.16808235e-03
3.14782870e+03 8.16361777e+00 6.07381653e-03 2.16505298e-03
3.14932874e+03 8.16631526e+00 6.06791023e-03 2.16150509e-03
3.15082878e+03 8.16934698e+00 6.06129495e-03 2.15735583e-03
3.15232882e+03 8.17272177e+00 6.05395715e-03 2.15249226e-03
3.15382885e+03 8.17644917e+00 6.04588323e-03 2.14676520e-03
3.15532889e+03 8.18053934e+00 6.03706015e-03 2.13998901e-03
3.15682893e+03 8.18500347e+00 6.02747490e-03 2.13194926e-03
3.15832897e+03 8.18985333e+00 6.01711589e-03 2.12242456e-03
3.15982900e+03 8.19510202e+00 6.00597153e-03 2.11122030e-03
3.16132904e+03 8.20076301e+00 5.99403225e-03 2.09821549e-03
3.16282908e+03 8.20685012e+00 5.98129027e-03 2.08340439e-03
3.16432912e+03 8.21337650e+00 5.96774101e-03 2.06691133e-03
3.16582915e+03 8.22035501e+00 5.95338205e-03 2.04894253e-03
3.16732919e+03 8.22779747e+00 5.93821495e-03 2.02966143e-03
3.16882923e+03 8.23571461e+00 5.92224697e-03 2.00900330e-03
3.17032927e+03 8.24411595e+00 5.90549471e-03 1.98651588e-03
3.17182930e+03 8.25300959e+00 5.88798806e-03 1.96136236e-03
3.17332934e+03 8.26240347e+00 5.86976989e-03 1.93259660e-03
3.17482938e+03 8.27230475e+00 5.85089480e-03 1.89967319e-03
3.17632942e+03 8.28272015e+00 5.83142163e-03 1.86288766e-03
3.17782945e+03 8.29365500e+00 5.81140734e-03 1.82330656e-03
3.17932949e+03 8.30511176e+00 5.79090834e-03 1.78197423e-03
3.18082953e+03 8.31708822e+00 5.76999326e-03 1.73884996e-03
3.18232957e+03 8.32957720e+00 5.74875818e-03 1.69252648e-03
3.18382960e+03 8.34256736e+00 5.72732885e-03 1.64142972e-03
3.18532964e+03 8.35604704e+00 5.70583662e-03 1.58563145e-03
3.18682968e+03 8.37000558e+00 5.68439048e-03 1.52717647e-03
3.18832972e+03 8.38443442e+00 5.66307176e-03 1.46798982e-03
3.18982975e+03 8.39932561e+00 5.64196495e-03 1.40758040e-03
3.19132979e+03 8.41466867e+00 5.62118794e-03 1.34380128e-03
3.19282983e+03 8.43045003e+00 5.60087450e-03 1.27622414e-03
3.19432987e+03 8.44665443e+00 5.58112742e-03 1.20739692e-03
3.19582990e+03 8.46326867e+00 5.56200771e-03 1.13958516e-03
3.19732994e+03 8.48028346e+00 5.54357845e-03 1.07176584e-03
3.19882998e+03 8.49769366e+00 5.52592871e-03 1.00199943e-03
3.20033002e+03 8.51549656e+00 5.50913337e-03 9.31484720e-04
3.20183005e+03 8.53368974e+00 5.49321856e-03 8.63105802e-04
3.20333009e+03 8.55226980e+00 5.47819916e-03 7.96895819e-04
3.20483013e+03 8.57123242e+00 5.46412004e-03 7.30913605e-04
3.20633017e+03 8.59057254e+00 5.45102091e-03 6.65880099e-04
3.20783020e+03 8.61028543e+00 5.43889371e-03 6.04308099e-04
3.20933024e+03 8.63036732e+00 5.42771871e-03 5.46017869e-04
3.21083028e+03 8.65081569e+00 5.41750027e-03 4.89475334e-04
3.21233032e+03 8.67163129e+00 5.40822689e-03 4.35750769e-04
3.21383035e+03 8.69281549e+00 5.39985063e-03 3.86366712e-04
3.21533039e+03 8.71437054e+00 5.39233065e-03 3.40320300e-04
3.21683043e+03 8.73629571e+00 5.38564110e-03 2.97018455e-04
3.21833047e+03 8.75858576e+00 5.37973235e-03 2.57730927e-04
3.21983050e+03 8.78122937e+00 5.37454427e-03 2.22431226e-04
3.22133054e+03 8.80421071e+00 5.37003306e-03 1.90128839e-04
3.22283058e+03 8.82751436e+00 5.36614646e-03 1.61284738e-04
3.22433062e+03 8.85113001e+00 5.36281778e-03 1.36129122e-04
3.22583065e+03 8.87505504e+00 5.35999148e-03 1.13816704e-04
3.22733069e+03 8.89929513e+00 5.35761437e-03 9.42995571e-05
3.22883073e+03 8.92385909e+00 5.35562684e-03 7.76930227e-05
3.23033077e+03 8.94875395e+00 5.35397921e-03 6.33811427e-05
3.23183080e+03 8.97397955e+00 5.35262793e-03 5.11816871e-05
3.23333084e+03 8.99952720e+00 5.35152790e-03 4.10735233e-05
3.23483088e+03 9.02538205e+00 5.35064132e-03 3.26167630e-05
3.23633092e+03 9.05152937e+00 5.34993497e-03 2.56380104e-05
3.23783095e+03 9.07796055e+00 5.34937646e-03 2.00197668e-05
3.23933099e+03 9.10467301e+00 5.34893940e-03 1.54538934e-05
3.24083103e+03 9.13167067e+00 5.34860104e-03 1.18126478e-05
3.24233107e+03 9.15896065e+00 5.34834106e-03 8.95897895e-06
3.24383110e+03 9.18655197e+00 5.34814360e-03 6.70742075e-06
3.24533114e+03 9.21445500e+00 5.34799515e-03 4.97523615e-06
3.24683118e+03 9.24268137e+00 5.34788457e-03 3.65263559e-06
3.24833122e+03 9.27124250e+00 5.34780325e-03 2.64517749e-06
3.24983125e+03 9.30014658e+00 5.34774404e-03 1.89805376e-06
3.25133129e+03 9.32939571e+00 5.34770146e-03 1.34363401e-06
3.25283133e+03 9.35898514e+00 5.34767125e-03 9.39390487e-07
3.25433137e+03 9.38890529e+00 5.34765005e-03 6.49781167e-07
3.25583140e+03 9.41914787e+00 5.34763539e-03 4.42755418e-07
3.25733144e+03 9.44971148e+00 5.34762537e-03 2.98526621e-07
3.25883148e+03 9.48060520e+00 5.34761861e-03 1.98382729e-07
3.26033152e+03 9.51184950e+00 5.34761411e-03 1.30042888e-07
3.26183155e+03 9.54347261e+00 5.34761116e-03 8.41213174e-08
3.26333159e+03 9.57550658e+00 5.34760924e-03 5.34934589e-08
3.26483163e+03 9.60798254e+00 5.34760802e-03 3.35534581e-08
3.26633167e+03 9.64092336e+00 5.34760725e-03 2.06549628e-08
3.26783170e+03 9.67434052e+00 5.34760678e-03 1.25185032e-08
3.26933174e+03 9.70823600e+00 5.34760649e-03 7.44638674e-09
3.27083178e+03 9.74260840e+00 5.34760632e-03 4.35224757e-09
3.27233182e+03 9.77745925e+00 5.34760622e-03 2.49740593e-09
3.27383185e+03 9.81279725e+00 5.34760616e-03 1.40543091e-09
3.27533189e+03 9.84863548e+00 5.34760613e-03 7.76149401e-10
3.27683193e+03 9.88498736e+00 5.34760611e-03 4.19638653e-10
3.27833197e+03 9.92186182e+00 5.34760610e-03 2.22461048e-10
3.27983200e+03 9.95926295e+00 5.34760609e-03 1.15367458e-10
3.28133204e+03 9.99718761e+00 5.34760609e-03 5.87123381e-11
3.28283208e+03 1.00356289e+01 5.34760609e-03 2.94398196e-11
3.28433212e+03 1.00745770e+01 5.34760609e-03 1.49731309e-11
3.28583215e+03 1.01140213e+01 5.34760609e-03 8.58373748e-12
3.28733219e+03 1.01539531e+01 5.34760609e-03 7.21185485e-12
3.28883223e+03 1.01943678e+01 5.34760609e-03 1.02817715e-11
3.29033227e+03 1.02352682e+01 5.34760609e-03 1.97379423e-11
3.29183230e+03 1.02766657e+01 5.34760609e-03 4.11869916e-11
3.29333234e+03 1.03185819e+01 5.34760608e-03 8.73073650e-11
3.29483238e+03 1.03610475e+01 5.34760608e-03 1.84694215e-10
3.29633242e+03 1.04040957e+01 5.34760606e-03 3.88724155e-10
3.29783245e+03 1.04477557e+01 5.34760603e-03 8.13793785e-10
3.29933249e+03 1.04920454e+01 5.34760597e-03 1.68984105e-09
3.30083253e+03 1.05369729e+01 5.34760584e-03 3.48854808e-09
3.30233257e+03 1.05825425e+01 5.34760556e-03 7.13143516e-09
3.30383260e+03 1.06287632e+01 5.34760499e-03 1.44524237e-08
3.30533264e+03 1.06756504e+01 5.34760384e-03 2.90249030e-08
3.30683268e+03 1.07232250e+01 5.34760152e-03 5.75740134e-08
3.30833272e+03 1.07715071e+01 5.34759687e-03 1.13113613e-07
3.30983275e+03 1.08205127e+01 5.34758772e-03 2.19483119e-07
3.31133279e+03 1.08702524e+01 5.34756991e-03 4.19735317e-07
3.31283283e+03 1.09207330e+01 5.34753571e-03 7.92975876e-07
3.31433287e+03 1.09719576e+01 5.34747103e-03 1.47481983e-06
3.31583290e+03 1.10239303e+01 5.34735069e-03 2.69416315e-06
3.31733294e+03 1.10766546e+01 5.34713048e-03 4.84444372e-06
3.31883298e+03 1.11301355e+01 5.34673500e-03 8.55449255e-06
3.32033302e+03 1.11843792e+01 5.34603880e-03 1.47810171e-05
3.32183305e+03 1.12393933e+01 5.34483750e-03 2.50155365e-05
3.32333309e+03 1.12951856e+01 5.34280908e-03 4.14807304e-05
3.32483313e+03 1.13517646e+01 5.33946397e-03 6.71561618e-05
3.32633317e+03 1.14091382e+01 5.33408079e-03 1.05895271e-04
3.32783320e+03 1.14673134e+01 5.32563320e-03 1.62733210e-04
3.32933324e+03 1.15262954e+01 5.31272791e-03 2.43689738e-04
3.33083328e+03 1.15860869e+01 5.29357177e-03 3.54660052e-04
3.33233332e+03 1.16466874e+01 5.26598249e-03 5.00187798e-04
3.33383335e+03 1.17080929e+01 5.22747264e-03 6.82746857e-04
3.33533339e+03 1.17702954e+01 5.17544995e-03 9.01742892e-04
3.33683343e+03 1.18332835e+01 5.10755195e-03 1.15143869e-03
3.33833347e+03 1.18970430e+01 5.02208325e-03 1.41877724e-03
3.33983350e+03 1.19615583e+01 4.91847879e-03 1.68309166e-03
3.34133354e+03 1.20268146e+01 4.79770056e-03 1.91855715e-03
3.34283358e+03 1.20927989e+01 4.66246749e-03 2.09851314e-03
3.34433362e+03 1.21595028e+01 4.51722287e-03 2.20019452e-03
3.34583365e+03 1.22269229e+01 4.36778440e-03 2.20887204e-03
3.34733369e+03 1.22950625e+01 4.22069325e-03 2.12084228e-03
3.34883373e+03 1.23639305e+01 4.08237511e-03 1.94468522e-03
3.35033377e+03 1.24335404e+01 3.95828704e-03 1.70020631e-03
3.35183380e+03 1.25039088e+01 3.85223820e-03 1.41494632e-03
3.35333384e+03 1.25750538e+01 3.76603166e-03 1.11899166e-03
3.35483388e+03 1.26469919e+01 3.69948506e-03 8.39503617e-04
3.35633392e+03 1.27197370e+01 3.65078488e-03 5.96465763e-04
3.35783395e+03 1.27933001e+01 3.61705610e-03 4.00656129e-04
3.35933399e+03 1.28676869e+01 3.59498773e-03 2.54002364e-04
3.36083403e+03 1.29429007e+01 3.58137061e-03 1.51718620e-04
3.36233407e+03 1.30189412e+01 3.57346031e-03 8.52384965e-05
3.36383410e+03 1.30958052e+01 3.56914156e-03 4.49674834e-05
3.36533414e+03 1.31734891e+01 3.56692915e-03 2.22386527e-05
3.36683418e+03 1.32519875e+01 3.56586741e-03 1.02935800e-05
3.36833422e+03 1.33312961e+01 3.56539084e-03 4.45239133e-06
3.36983425e+03 1.34114099e+01 3.56519107e-03 1.79696295e-06
3.37133429e+03 1.34923246e+01 3.56511298e-03 6.75737912e-07
3.37283433e+03 1.35740370e+01 3.56508456e-03 2.36426873e-07
3.37433437e+03 1.36565440e+01 3.56507494e-03 7.68567752e-08
3.37583440e+03 1.37398439e+01 3.56507192e-03 2.31795403e-08
3.37733444e+03 1.38239353e+01 3.56507104e-03 6.47639654e-09
3.37883448e+03 1.39088177e+01 3.56507080e-03 1.67411656e-09
3.38033452e+03 1.39944912e+01 3.56507074e-03 3.99952634e-10
3.38183455e+03 1.40809570e+01 3.56507073e-03 8.82516753e-11
3.38333459e+03 1.41682162e+01 3.56507073e-03 1.79802253e-11
3.38483463e+03 1.42562716e+01 3.56507073e-03 3.38161308e-12
3.38633467e+03 1.43451261e+01 3.56507073e-03 5.86969595e-13
3.38783470e+03 1.44347833e+01 3.56507073e-03 9.40446872e-14
3.38933474e+03 1.45252479e+01 3.56507073e-03 1.39230561e-14
3.39083478e+03 1.46165251e+01 3.56507073e-03 1.90864584e-15
3.39233482e+03 1.47086209e+01 3.56507073e-03 2.42945634e-16
3.39383485e+03 1.48015419e+01 3.56507073e-03 2.88107530e-17
3.39533489e+03 1.48952958e+01 3.56507073e-03 3.19748222e-18
3.39683493e+03 1.49898910e+01 3.56507073e-03 3.34029225e-19
3.39833497e+03 1.50853365e+01 3.56507073e-03 3.30613839e-20
3.39983500e+03 1.51816423e+01 3.56507073e-03 3.12132223e-21
3.40133504e+03 1.52788192e+01 3.56507073e-03 2.82947903e-22
3.40283508e+03 1.53768788e+01 3.56507073e-03 2.47729132e-23
3.40433512e+03 1.54758337e+01 3.56507073e-03 2.10440106e-24
3.40583515e+03 1.55756974e+01 3.56507073e-03 1.73985485e-25
3.40733519e+03 1.56764838e+01 3.56507073e-03 1.40257679e-26
3.40883523e+03 1.57782074e+01 3.56507073e-03 1.10341138e-27
3.41033527e+03 1.58808828e+01 3.56507073e-03 8.47308592e-29
3.41183530e+03 1.59845226e+01 3.56507073e-03 6.35057863e-30
3.41333534e+03 1.60891361e+01 3.56507073e-03 4.64517435e-31
3.41483538e+03 1.61947252e+01 3.56507073e-03 3.32794102e-32
3.41633542e+03 1.63012811e+01 3.56507073e-03 4.06485318e-33
3.41783545e+03 1.64087844e+01 3.56507073e-03 2.59428651e-32
3.41933549e+03 1.65172084e+01 3.56507073e-03 3.87781201e-31
3.42083553e+03 1.66265308e+01 3.56507073e-03 5.96376632e-30
3.42233557e+03 1.67367470e+01 3.56507073e-03 9.37883533e-29
3.42383560e+03 1.68478794e+01 3.56507073e-03 1.50885727e-27
3.42533564e+03 1.69599743e+01 3.56507073e-03 2.48517396e-26
3.42683568e+03 1.70730882e+01 3.56507073e-03 4.19238293e-25
3.42833572e+03 1.71872726e+01 3.56507073e-03 7.23671475e-24
3.42983575e+03 1.73025651e+01 3.56507073e-03 1.27369292e-22
3.43133579e+03 1.74189888e+01 3.56507073e-03 2.26961847e-21
3.43283583e+03 1.75365581e+01 3.56507073e-03 4.05013751e-20
3.43433587e+03 1.76552855e+01 3.56507073e-03 7.13447376e-19
3.43583590e+03 1.77751833e+01 3.56507073e-03 1.22084285e-17
3.43733594e+03 1.78962659e+01 3.56507073e-03 1.99497552e-16
3.43883598e+03 1.80185493e+01 3.56507073e-03 3.06436402e-15
3.44033602e+03 1.81420511e+01 3.56507073e-03 4.36221989e-14
3.44183605e+03 1.82667899e+01 3.56507073e-03 5.67665030e-13
3.44333609e+03 1.83927863e+01 3.56507072e-03 6.68407753e-12
3.44483613e+03 1.85200635e+01 3.56507072e-03 7.05319186e-11
3.44633617e+03 1.86486485e+01 3.56507067e-03 6.60277738e-10
3.44783620e+03 1.87785737e+01 3.56507026e-03 5.44499401e-09
3.44933624e+03 1.89098755e+01 3.56506722e-03 3.93123805e-08
3.45083628e+03 1.90425921e+01 3.56504739e-03 2.46498022e-07
3.45233632e+03 1.91767609e+01 3.56493566e-03 1.33184668e-06
3.45383635e+03 1.93124155e+01 3.56439435e-03 6.16387717e-06
3.45533639e+03 1.94495800e+01 3.56215392e-03 2.42940278e-05
3.45683643e+03 1.95882600e+01 3.55428541e-03 8.09772000e-05
3.45833647e+03 1.97284279e+01 3.53100168e-03 2.26507744e-04
3.45983650e+03 1.98700080e+01 3.47336444e-03 5.27681095e-04
3.46133654e+03 2.00128784e+01 3.35482434e-03 1.01683069e-03
3.46283658e+03 2.01569039e+01 3.15349232e-03 1.61115311e-03
3.46433662e+03 2.03019897e+01 2.87247994e-03 2.08856399e-03
3.46583665e+03 2.04481258e+01 2.55141196e-03 2.20506998e-03
3.46733669e+03 2.05953900e+01 2.25225212e-03 1.88741089e-03
3.46883673e+03 2.07439123e+01 2.02591536e-03 1.30297803e-03
3.47033677e+03 2.08938283e+01 1.88760805e-03 7.21251240e-04
3.47183680e+03 2.10452483e+01 1.81976260e-03 3.18084152e-04
3.47333684e+03 2.11982446e+01 1.79321950e-03 1.11029184e-04
3.47483688e+03 2.13528562e+01 1.78499146e-03 3.04735907e-05
3.47633692e+03 2.15090987e+01 1.78298325e-03 6.53496963e-06
3.47783695e+03 2.16669746e+01 1.78259962e-03 1.08840434e-06
3.47933699e+03 2.18264806e+01 1.78254256e-03 1.40029698e-07
3.48083703e+03 2.19876124e+01 1.78253599e-03 1.38562299e-08
3.48233707e+03 2.21503668e+01 1.78253540e-03 1.05157597e-09
3.48383710e+03 2.23147414e+01 1.78253536e-03 6.13123689e-11
3.48533714e+03 2.24807396e+01 1.78253536e-03 7.39787635e-12
3.48683718e+03 2.26483730e+01 1.78253535e-03 1.03903157e-10
3.48833722e+03 2.28176594e+01 1.78253520e-03 1.85334060e-09
3.48983725e+03 2.29886189e+01 1.78253295e-03 2.61571322e-08
3.49133729e+03 2.31612683e+01 1.78250675e-03 2.88379685e-07
3.49283733e+03 2.33356204e+01 1.78227018e-03 2.45385977e-06
3.49433737e+03 2.35116809e+01 1.78063069e-03 1.58743263e-05
3.49583740e+03 2.36894387e+01 1.77199647e-03 7.74656268e-05
3.49733744e+03 2.38688477e+01 1.73780870e-03 2.82063579e-04
3.49883748e+03 2.40498048e+01 1.63704487e-03 7.55225045e-04
3.50033752e+03 2.42321494e+01 1.41786629e-03 1.48293666e-03
3.50183755e+03 2.44157092e+01 1.06908762e-03 2.10210014e-03
3.50333759e+03 2.46003827e+01 6.65102273e-04 2.15105035e-03
3.50483763e+03 2.47861991e+01 3.26535059e-04 1.57096078e-03
3.50633767e+03 2.49732934e+01 1.22139425e-04 8.16783826e-04
3.50783770e+03 2.51618244e+01 3.38932812e-05 2.99154738e-04
3.50933774e+03 2.53519071e+01 6.82970324e-06 7.68402799e-05
3.51083778e+03 2.55435978e+01 9.83687740e-07 1.36851413e-05
3.51233782e+03 2.57369084e+01 9.99248404e-08 1.68699236e-06
3.51383785e+03 2.59318293e+01 7.09742448e-09 1.42410811e-07
3.51533789e+03 2.61283410e+01 3.50103968e-10 8.24255790e-09
3.51683793e+03 2.63264213e+01 1.19705359e-11 3.25990415e-10
3.51833797e+03 2.65260481e+01 2.84616530e-13 8.84030240e-12
3.51983800e+03 2.67272003e+01 4.75596542e-15 1.66290009e-13
3.52133804e+03 2.69298580e+01 5.71656722e-17 2.21158635e-15
3.52283808e+03 2.71340028e+01 5.14424187e-19 2.15637862e-17
3.52433812e+03 2.73396177e+01 3.67862059e-21 1.63065794e-19
3.52583815e+03 2.75466863e+01 2.24700831e-23 1.02780596e-21
3.52733819e+03 2.77551940e+01 1.25049996e-25 5.79723123e-24
3.52883823e+03 2.79651264e+01 6.59181818e-28 3.07068695e-26
3.53033827e+03 2.81764704e+01 3.34103855e-30 1.55985073e-28
3.53183830e+03 2.83892134e+01 1.63436695e-32 7.64365257e-31
3.53333834e+03 2.86033434e+01 7.72254261e-35 3.61757215e-33
3.53483838e+03 2.88188492e+01 3.52577081e-37 1.65422066e-35
3.53633842e+03 2.90357199e+01 1.55578169e-39 7.31054222e-38
3.53783845e+03 2.92539452e+01 6.63674976e-42 3.12318521e-40
3.53933849e+03 2.94735155e+01 2.73766510e-44 1.29016231e-42
3.54083853e+03 2.96944211e+01 1.09225728e-46 5.15456040e-45
3.54233857e+03 2.99166532e+01 4.21586241e-49 1.99221947e-47
3.54383860e+03 3.01402029e+01 1.57456723e-51 7.45037123e-50
3.54533864e+03 3.03650621e+01 5.69160773e-54 2.69649699e-52
3.54683868e+03 3.05912226e+01 1.99157833e-56 9.44698827e-55
3.54833872e+03 3.08186767e+01 6.74732118e-59 3.20436141e-57
3.54983875e+03 3.10474170e+01 2.21369339e-61 1.05250746e-59
3.55133879e+03 3.12774362e+01 7.03451514e-64 3.34829193e-62
3.55283883e+03 3.15087275e+01 2.16548623e-66 1.03183476e-64
3.55433887e+03 3.17412839e+01 6.45886352e-69 3.08078133e-67
3.55583890e+03 3.19750992e+01 1.86682894e-71 8.91341397e-70
3.55733894e+03 3.22101666e+01 5.22964624e-74 2.49937647e-72
3.55883898e+03 3.24464807e+01 1.42010407e-76 6.79336021e-75
3.56033902e+03 3.26840349e+01 3.73867052e-79 1.79007947e-77
3.56183905e+03 3.29228237e+01 9.54385639e-82 4.57357122e-80
3.56333909e+03 3.31628416e+01 2.36265901e-84 1.13316993e-82
3.56483913e+03 3.34040827e+01 5.67295888e-87 2.72302928e-85
3.56633917e+03 3.36465421e+01 1.32131131e-89 6.34721127e-88
3.56783920e+03 3.38902146e+01 2.98567634e-92 1.43529873e-90
3.56933924e+03 3.41350953e+01 6.54600187e-95 3.14908450e-93
3.57083928e+03 3.43811791e+01 1.39270506e-97 6.70444738e-96
3.57233932e+03 3.46284614e+01 2.87569544e-100 1.38525451e-98
3.57383935e+03 3.48769374e+01 5.76340370e-103 2.77802378e-101
3.57533939e+03 3.51266029e+01 1.12127740e-105 5.40788898e-104
3.57683943e+03 3.53774532e+01 2.11784643e-108 1.02200884e-106
3.57833947e+03 3.56294841e+01 3.88391926e-111 1.87526970e-109
3.57983950e+03 3.58826913e+01 6.91650066e-114 3.34119124e-112
3.58133954e+03 3.61370710e+01 1.19614639e-116 5.78107726e-115
3.58283958e+03 3.63926190e+01 2.00913768e-119 9.71475744e-118
3.58433962e+03 3.66493315e+01 3.27795371e-122 1.58566463e-120
3.58583965e+03 3.69072047e+01 5.19524408e-125 2.51413911e-123
3.58733969e+03 3.71662348e+01 7.99942564e-128 3.87262701e-126
3.58883973e+03 3.74264181e+01 1.19674421e-130 5.79562842e-129
3.59033977e+03 3.76877513e+01 1.73968919e-133 8.42775944e-132
3.59183980e+03 3.79502307e+01 2.45757710e-136 1.19090724e-134
3.59333984e+03 3.82138530e+01 3.37399501e-139 1.63544034e-137
3.59483988e+03 3.84786148e+01 4.50216175e-142 2.18283103e-140
3.59633992e+03 3.87445130e+01 5.83942565e-145 2.83183077e-143
3.59783995e+03 3.90115443e+01 7.36253309e-148 3.57118248e-146
3.59933999e+03 3.92797057e+01 9.02451901e-151 4.37810377e-149
3.60084003e+03 3.95489940e+01 1.07546842e-153 5.21826986e-152
3.60234007e+03 3.98194062e+01 1.24616994e-156 6.04731800e-155
3.60384011e+03 4.00909395e+01 1.40409123e-159 6.81439644e-158
3.60534014e+03 4.03635909e+01 1.53845198e-162 7.46710925e-161
3.60684018e+03 4.06373578e+01 1.63934742e-165 7.95730679e-164
3.60834022e+03 4.09122374e+01 1.69897707e-168 8.24706267e-167
3.60984026e+03 4.11882268e+01 1.71262742e-171 8.31345530e-170
3.61134029e+03 4.14653236e+01 1.67928879e-174 8.15156989e-173
3.61284033e+03 4.17435252e+01 1.60178156e-177 7.77511340e-176
3.61434037e+03 4.20228289e+01 1.48635964e-180 7.21448577e-179
3.61584041e+03 4.23032322e+01 1.34188284e-183 6.51275355e-182
3.61734044e+03 4.25847329e+01 1.17869287e-186 5.72018237e-185
3.61884048e+03 4.28673284e+01 1.00741506e-189 4.88840881e-188
3.62034052e+03 4.31510166e+01 8.37842671e-193 4.06501510e-191
3.62184056e+03 4.34357949e+01 6.78093880e-196 3.28943224e-194
3.62334059e+03 4.37216611e+01 5.34090573e-199 2.59040909e-197
3.62484063e+03 4.40086132e+01 4.09410810e-202 1.98529948e-200
3.62634067e+03 4.42966488e+01 3.05455112e-205 1.48087507e-203
3.62784071e+03 4.45857660e+01 2.21820913e-208 1.07514960e-206
3.62934074e+03 4.48759626e+01 1.56800144e-211 7.59800197e-210
3.63084078e+03 4.51672364e+01 1.07895425e-214 5.22677397e-213
3.63234082e+03 4.54595856e+01 7.22758534e-218 3.50020056e-216
3.63384086e+03 4.57530082e+01 4.71343059e-221 2.28190289e-219
3.63534089e+03 4.60475022e+01 2.99266122e-224 1.44833600e-222
3.63684093e+03 4.63430657e+01 1.85001136e-227 8.95012973e-226
3.63834097e+03 4.66396969e+01 1.11354455e-230 5.38514246e-229
3.63984101e+03 4.69373940e+01 6.52643735e-234 3.15494642e-232
3.64134104e+03 4.72361550e+01 3.72478971e-237 1.79984619e-235
3.64284108e+03 4.75359784e+01 2.07015079e-240 9.99873571e-239
3.64434112e+03 4.78368622e+01 1.12046000e-243 5.40929479e-242
3.64584116e+03 4.81388050e+01 5.90610303e-247 2.84995663e-245
3.64734119e+03 4.84418048e+01 3.03205725e-250 1.46237710e-248
3.64884123e+03 4.87458602e+01 1.51607603e-253 7.30835382e-252
3.65034127e+03 4.90509697e+01 7.38360992e-257 3.55742566e-255
3.65184131e+03 4.93571315e+01 3.50266790e-260 1.68665597e-258
3.65334134e+03 4.96643439e+01 1.61856366e-263 7.78950355e-262
3.65484138e+03 4.99726057e+01 7.28577444e-267 3.50429136e-265
3.65634142e+03 5.02819154e+01 3.19485907e-270 1.53572257e-268
3.65784146e+03 5.05922714e+01 1.36482030e-273 6.55639693e-272
3.65934149e+03 5.09036722e+01 5.68019114e-277 2.72692750e-275
3.66084153e+03 5.12161166e+01 2.30318122e-280 1.10497344e-278
3.66234157e+03 5.15296030e+01 9.09886545e-284 4.36230788e-282
3.66384161e+03 5.18441303e+01 3.50229847e-287 1.67795327e-285
3.66534164e+03 5.21596969e+01 1.31353791e-290 6.28867703e-289
3.66684168e+03 5.24763015e+01 4.80030920e-294 2.29650945e-292
3.66834172e+03 5.27939431e+01 1.70940462e-297 8.17181750e-296
3.66984176e+03 5.31126201e+01 5.93179115e-301 2.83352368e-299
3.67134179e+03 5.34323314e+01 2.00587692e-304 9.57425467e-303
3.67284183e+03 5.37530759e+01 6.61018049e-308 3.15258085e-306
3.67434187e+03 5.40748522e+01 2.12283999e-311 1.01161430e-309
3.67584191e+03 5.43976593e+01 6.63217741e-315 3.16101218e-313
3.67734194e+03 5.47214960e+01 1.97551160e-318 9.39823776e-317
3.67884198e+03 5.50463611e+01 5.13828272e-322 2.41449881e-320
3.68034202e+03 5.53722535e+01 0.00000000e+00 0.00000000e+00
3.68184206e+03 5.56991723e+01 0.00000000e+00 0.00000000e+00
3.68334209e+03 5.60271164e+01 0.00000000e+00 0.00000000e+00
3.68484213e+03 5.63560844e+01 0.00000000e+00 0.00000000e+00
3.68634217e+03 5.66860756e+01 0.00000000e+00 0.00000000e+00
3.68784221e+03 5.70170887e+01 0.00000000e+00 0.00000000e+00
3.68934224e+03 5.73491232e+01 0.00000000e+00 0.00000000e+00
3.69084228e+03 5.76821778e+01 0.00000000e+00 0.00000000e+00
3.69234232e+03 5.80162517e+01 0.00000000e+00 0.00000000e+00
3.69384236e+03 5.83513439e+01 0.00000000e+00 0.00000000e+00
3.69534239e+03 5.86874535e+01 0.00000000e+00 0.00000000e+00
3.69684243e+03 5.90245795e+01 0.00000000e+00 0.00000000e+00
3.69834247e+03 5.93627211e+01 0.00000000e+00 0.00000000e+00
3.69984251e+03 5.97018777e+01 0.00000000e+00 0.00000000e+00
3.70134254e+03 6.00420479e+01 0.00000000e+00 0.00000000e+00
3.70284258e+03 6.03832312e+01 0.00000000e+00 0.00000000e+00
3.70434262e+03 6.07254270e+01 0.00000000e+00 0.00000000e+00
3.70584266e+03 6.10686344e+01 0.00000000e+00 0.00000000e+00
3.70734269e+03 6.14128523e+01 0.00000000e+00 0.00000000e+00
3.70884273e+03 6.17580803e+01 0.00000000e+00 0.00000000e+00
3.71034277e+03 6.21043174e+01 0.00000000e+00 0.00000000e+00
3.71184281e+03 6.24515632e+01 0.00000000e+00 0.00000000e+00
3.71334284e+03 6.27998168e+01 0.00000000e+00 0.00000000e+00
3.71484288e+03 6.31490773e+01 0.00000000e+00 0.00000000e+00
3.71634292e+03 6.34993444e+01 0.00000000e+00 0.00000000e+00
3.71784296e+03 6.38506173e+01 0.00000000e+00 0.00000000e+00
3.71934299e+03 6.42028952e+01 0.00000000e+00 0.00000000e+00
3.72084303e+03 6.45561776e+01 0.00000000e+00 0.00000000e+00
3.72234307e+03 6.49104641e+01 0.00000000e+00 0.00000000e+00
3.72384311e+03 6.52657536e+01 0.00000000e+00 0.00000000e+00
3.72534314e+03 6.56220459e+01 0.00000000e+00 0.00000000e+00
3.72684318e+03 6.59793403e+01 0.00000000e+00 0.00000000e+00
3.72834322e+03 6.63376363e+01 0.00000000e+00 0.00000000e+00
3.72984326e+03 6.66969332e+01 0.00000000e+00 0.00000000e+00
3.73134329e+03 6.70572305e+01 0.00000000e+00 0.00000000e+00
3.73284333e+03 6.74185278e+01 0.00000000e+00 0.00000000e+00
3.73434337e+03 6.77808245e+01 0.00000000e+00 0.00000000e+00
3.73584341e+03 6.81441203e+01 0.00000000e+00 0.00000000e+00
3.73734344e+03 6.85084144e+01 0.00000000e+00 0.00000000e+00
3.73884348e+03 6.88737065e+01 0.00000000e+00 0.00000000e+00
3.74034352e+03 6.92399961e+01 0.00000000e+00 0.00000000e+00
3.74184356e+03 6.96072828e+01 0.00000000e+00 0.00000000e+00
3.74334359e+03 6.99755662e+01 0.00000000e+00 0.00000000e+00
3.74484363e+03 7.03448456e+01 0.00000000e+00 0.00000000e+00
3.74634367e+03 7.07151210e+01 0.00000000e+00 0.00000000e+00
3.74784371e+03 7.10863919e+01 0.00000000e+00 0.00000000e+00
3.74934374e+03 7.14586577e+01 0.00000000e+00 0.00000000e+00
3.75084378e+03 7.18319183e+01 0.00000000e+00 0.00000000e+00
3.75234382e+03 7.22061731e+01 0.00000000e+00 0.00000000e+00
3.75384386e+03 7.25814220e+01 0.00000000e+00 0.00000000e+00
3.75534389e+03 7.29576644e+01 0.00000000e+00 0.00000000e+00
3.75684393e+03 7.33349002e+01 0.00000000e+00 0.00000000e+00
3.75834397e+03 7.37131289e+01 0.00000000e+00 0.00000000e+00
3.75984401e+03 7.40923504e+01 0.00000000e+00 0.00000000e+00
3.76134404e+03 7.44725641e+01 0.00000000e+00 0.00000000e+00
3.76284408e+03 7.48537700e+01 0.00000000e+00 0.00000000e+00
3.76434412e+03 7.52359678e+01 0.00000000e+00 0.00000000e+00
3.76584416e+03 7.56191573e+01 0.00000000e+00 0.00000000e+00
3.76734419e+03 7.60033378e+01 0.00000000e+00 0.00000000e+00
3.76884423e+03 7.63885097e+01 0.00000000e+00 0.00000000e+00
3.77034427e+03 7.67746724e+01 0.00000000e+00 0.00000000e+00
3.77184431e+03 7.71618256e+01 0.00000000e+00 0.00000000e+00
3.77334434e+03 7.75499693e+01 0.00000000e+00 0.00000000e+00
3.77484438e+03 7.79391033e+01 0.00000000e+00 0.00000000e+00
3.77634442e+03 7.83292275e+01 0.00000000e+00 0.00000000e+00
3.77784446e+03 7.87203415e+01 0.00000000e+00 0.00000000e+00
3.77934449e+03 7.91124451e+01 0.00000000e+00 0.00000000e+00
3.78084453e+03 7.95055385e+01 0.00000000e+00 0.00000000e+00
3.78234457e+03 7.98996211e+01 0.00000000e+00 0.00000000e+00
3.78384461e+03 8.02946932e+01 0.00000000e+00 0.00000000e+00
3.78534464e+03 8.06907542e+01 0.00000000e+00 0.00000000e+00
3.78684468e+03 8.10878044e+01 0.00000000e+00 0.00000000e+00
3.78834472e+03 8.14858436e+01 0.00000000e+00 0.00000000e+00
3.78984476e+03 8.18848714e+01 0.00000000e+00 0.00000000e+00
3.79134479e+03 8.22848881e+01 0.00000000e+00 0.00000000e+00
3.79284483e+03 8.26858934e+01 0.00000000e+00 0.00000000e+00
3.79434487e+03 8.30878874e+01 0.00000000e+00 0.00000000e+00
3.79584491e+03 8.34908699e+01 0.00000000e+00 0.00000000e+00
3.79734494e+03 8.38948408e+01 0.00000000e+00 0.00000000e+00
3.79884498e+03 8.42998002e+01 0.00000000e+00 0.00000000e+00
3.80034502e+03 8.47057479e+01 0.00000000e+00 0.00000000e+00
3.80184506e+03 8.51126841e+01 0.00000000e+00 0.00000000e+00
3.80334509e+03 8.55206086e+01 0.00000000e+00 0.00000000e+00
3.80484513e+03 8.59295215e+01 0.00000000e+00 0.00000000e+00
3.80634517e+03 8.63394228e+01 0.00000000e+00 0.00000000e+00
3.80784521e+03 8.67503123e+01 0.00000000e+00 0.00000000e+00
3.80934524e+03 8.71621904e+01 0.00000000e+00 0.00000000e+00
3.81084528e+03 8.75750567e+01 0.00000000e+00 0.00000000e+00
3.81234532e+03 8.79889115e+01 0.00000000e+00 0.00000000e+00
3.81384536e+03 8.84037547e+01 0.00000000e+00 0.00000000e+00
3.81534539e+03 8.88195865e+01 0.00000000e+00 0.00000000e+00
3.81684543e+03 8.92364069e+01 0.00000000e+00 0.00000000e+00
3.81834547e+03 8.96542160e+01 0.00000000e+00 0.00000000e+00
3.81984551e+03 9.00730139e+01 0.00000000e+00 0.00000000e+00
3.82134554e+03 9.04928006e+01 0.00000000e+00 0.00000000e+00
3.82284558e+03 9.09135761e+01 0.00000000e+00 0.00000000e+00
3.82434562e+03 9.13353406e+01 0.00000000e+00 0.00000000e+00
3.82584566e+03 9.17580945e+01 0.00000000e+00 0.00000000e+00
3.82734569e+03 9.21818374e+01 0.00000000e+00 0.00000000e+00
3.82884573e+03 9.26065698e+01 0.00000000e+00 0.00000000e+00
3.83034577e+03 9.30322917e+01 0.00000000e+00 0.00000000e+00
3.83184581e+03 9.34590031e+01 0.00000000e+00 0.00000000e+00
3.83334584e+03 9.38867044e+01 0.00000000e+00 0.00000000e+00
3.83484588e+03 9.43153956e+01 0.00000000e+00 0.00000000e+00
3.83634592e+03 9.47450769e+01 0.00000000e+00 0.00000000e+00
3.83784596e+03 9.51757485e+01 0.00000000e+00 0.00000000e+00
3.83934599e+03 9.56074107e+01 0.00000000e+00 0.00000000e+00
3.84084603e+03 9.60400635e+01 0.00000000e+00 0.00000000e+00
3.84234607e+03 9.64737070e+01 0.00000000e+00 0.00000000e+00
3.84384611e+03 9.69083417e+01 0.00000000e+00 0.00000000e+00
3.84534614e+03 9.73439676e+01 0.00000000e+00 0.00000000e+00
3.84684618e+03 9.77805851e+01 0.00000000e+00 0.00000000e+00
3.84834622e+03 9.82181941e+01 0.00000000e+00 0.00000000e+00
3.84984626e+03 9.86567951e+01 0.00000000e+00 0.00000000e+00
3.85134629e+03 9.90963882e+01 0.00000000e+00 0.00000000e+00
3.85284633e+03 9.95369739e+01 0.00000000e+00 0.00000000e+00
3.85434637e+03 9.99785522e+01 0.00000000e+00 0.00000000e+00
3.85584641e+03 1.00421123e+02 0.00000000e+00 0.00000000e+00
3.85734644e+03 1.00864688e+02 0.00000000e+00 0.00000000e+00
3.85884648e+03 1.01309246e+02 0.00000000e+00 0.00000000e+00
3.86034652e+03 1.01754797e+02 0.00000000e+00 0.00000000e+00
3.86184656e+03 1.02201343e+02 0.00000000e+00 0.00000000e+00
3.86334659e+03 1.02648883e+02 0.00000000e+00 0.00000000e+00
3.86484663e+03 1.03097418e+02 0.00000000e+00 0.00000000e+00
3.86634667e+03 1.03546947e+02 0.00000000e+00 0.00000000e+00
3.86784671e+03 1.03997472e+02 0.00000000e+00 0.00000000e+00
3.86934674e+03 1.04448993e+02 0.00000000e+00 0.00000000e+00
3.87084678e+03 1.04901509e+02 0.00000000e+00 0.00000000e+00
3.87234682e+03 1.05355022e+02 0.00000000e+00 0.00000000e+00
3.87384686e+03 1.05809531e+02 0.00000000e+00 0.00000000e+00
3.87534689e+03 1.06265038e+02 0.00000000e+00 0.00000000e+00
3.87684693e+03 1.06721541e+02 0.00000000e+00 0.00000000e+00
3.87834697e+03 1.07179043e+02 0.00000000e+00 0.00000000e+00
3.87984701e+03 1.07637542e+02 0.00000000e+00 0.00000000e+00
3.88134704e+03 1.08097040e+02 0.00000000e+00 0.00000000e+00
3.88284708e+03 1.08557537e+02 0.00000000e+00 0.00000000e+00
3.88434712e+03 1.09019032e+02 0.00000000e+00 0.00000000e+00
3.88584716e+03 1.09481528e+02 0.00000000e+00 0.00000000e+00
3.88734719e+03 1.09945023e+02 0.00000000e+00 0.00000000e+00
3.88884723e+03 1.10409519e+02 0.00000000e+00 0.00000000e+00
3.89034727e+03 1.10875016e+02 0.00000000e+00 0.00000000e+00
3.89184731e+03 1.11341515e+02 0.00000000e+00 0.00000000e+00
3.89334734e+03 1.11809014e+02 0.00000000e+00 0.00000000e+00
3.89484738e+03 1.12277516e+02 0.00000000e+00 0.00000000e+00
3.89634742e+03 1.12747021e+02 0.00000000e+00 0.00000000e+00
3.89784746e+03 1.13217529e+02 0.00000000e+00 0.00000000e+00
3.89934749e+03 1.13689040e+02 0.00000000e+00 0.00000000e+00
3.90084753e+03 1.14161555e+02 0.00000000e+00 0.00000000e+00
3.90234757e+03 1.14635075e+02 0.00000000e+00 0.00000000e+00
3.90384761e+03 1.15109599e+02 0.00000000e+00 0.00000000e+00
3.90534764e+03 1.15585129e+02 0.00000000e+00 0.00000000e+00
3.90684768e+03 1.16061665e+02 0.00000000e+00 0.00000000e+00
3.90834772e+03 1.16539208e+02 0.00000000e+00 0.00000000e+00
3.90984776e+03 1.17017757e+02 0.00000000e+00 0.00000000e+00
3.91134779e+03 1.17497313e+02 0.00000000e+00 0.00000000e+00
3.91284783e+03 1.17977878e+02 0.00000000e+00 0.00000000e+00
3.91434787e+03 1.18459451e+02 0.00000000e+00 0.00000000e+00
3.91584791e+03 1.18942033e+02 0.00000000e+00 0.00000000e+00
3.91734794e+03 1.19425625e+02 0.00000000e+00 0.00000000e+00
3.91884798e+03 1.19910226e+02 0.00000000e+00 0.00000000e+00
3.92034802e+03 1.20395838e+02 0.00000000e+00 0.00000000e+00
3.92184806e+03 1.20882462e+02 0.00000000e+00 0.00000000e+00
3.92334809e+03 1.21370097e+02 0.00000000e+00 0.00000000e+00
3.92484813e+03 1.21858744e+02 0.00000000e+00 0.00000000e+00
3.92634817e+03 1.22348404e+02 0.00000000e+00 0.00000000e+00
3.92784821e+03 1.22839078e+02 0.00000000e+00 0.00000000e+00
3.92934824e+03 1.23330766e+02 0.00000000e+00 0.00000000e+00
3.93084828e+03 1.23823468e+02 0.00000000e+00 0.00000000e+00
3.93234832e+03 1.24317186e+02 0.00000000e+00 0.00000000e+00
3.93384836e+03 1.24811919e+02 0.00000000e+00 0.00000000e+00
3.93534839e+03 1.25307669e+02 0.00000000e+00 0.00000000e+00
3.93684843e+03 1.25804436e+02 0.00000000e+00 0.00000000e+00
3.93834847e+03 1.26302220e+02 0.00000000e+00 0.00000000e+00
3.93984851e+03 1.26801023e+02 0.00000000e+00 0.00000000e+00
3.94134854e+03 1.27300845e+02 0.00000000e+00 0.00000000e+00
3.94284858e+03 1.27801686e+02 0.00000000e+00 0.00000000e+00
3.94434862e+03 1.28303547e+02 0.00000000e+00 0.00000000e+00
3.94584866e+03 1.28806430e+02 0.00000000e+00 0.00000000e+00
3.94734869e+03 1.29310334e+02 0.00000000e+00 0.00000000e+00
3.94884873e+03 1.29815260e+02 0.00000000e+00 0.00000000e+00
3.95034877e+03 1.30321209e+02 0.00000000e+00 0.00000000e+00
3.95184881e+03 1.30828182e+02 0.00000000e+00 0.00000000e+00
3.95334884e+03 1.31336178e+02 0.00000000e+00 0.00000000e+00
3.95484888e+03 1.31845200e+02 0.00000000e+00 0.00000000e+00
3.95634892e+03 1.32355247e+02 0.00000000e+00 0.00000000e+00
3.95784896e+03 1.32866320e+02 0.00000000e+00 0.00000000e+00
3.95934899e+03 1.33378421e+02 0.00000000e+00 0.00000000e+00
3.96084903e+03 1.33891549e+02 0.00000000e+00 0.00000000e+00
3.96234907e+03 1.34405706e+02 0.00000000e+00 0.00000000e+00
3.96384911e+03 1.34920892e+02 0.00000000e+00 0.00000000e+00
3.96534914e+03 1.35437108e+02 0.00000000e+00 0.00000000e+00
3.96684918e+03 1.35954354e+02 0.00000000e+00 0.00000000e+00
3.96834922e+03 1.36472632e+02 0.00000000e+00 0.00000000e+00
3.96984926e+03 1.36991942e+02 0.00000000e+00 0.00000000e+00
3.97134929e+03 1.37512284e+02 0.00000000e+00 0.00000000e+00
3.97284933e+03 1.38033661e+02 0.00000000e+00 0.00000000e+00
3.97434937e+03 1.38556072e+02 0.00000000e+00 0.00000000e+00
3.97584941e+03 1.39079518e+02 0.00000000e+00 0.00000000e+00
3.97734944e+03 1.39603999e+02 0.00000000e+00 0.00000000e+00
3.97884948e+03 1.40129518e+02 0.00000000e+00 0.00000000e+00
3.98034952e+03 1.40656074e+02 0.00000000e+00 0.00000000e+00
3.98184956e+03 1.41183669e+02 0.00000000e+00 0.00000000e+00
3.98334959e+03 1.41712302e+02 0.00000000e+00 0.00000000e+00
3.98484963e+03 1.42241976e+02 0.00000000e+00 0.00000000e+00
3.98634967e+03 1.42772690e+02 0.00000000e+00 0.00000000e+00
3.98784971e+03 1.43304446e+02 0.00000000e+00 0.00000000e+00
3.98934974e+03 1.43837244e+02 0.00000000e+00 0.00000000e+00
3.99084978e+03 1.44371086e+02 0.00000000e+00 0.00000000e+00
3.99234982e+03 1.44905971e+02 0.00000000e+00 0.00000000e+00
3.99384986e+03 1.45441902e+02 0.00000000e+00 0.00000000e+00
3.99534989e+03 1.45978878e+02 0.00000000e+00 0.00000000e+00
3.99684993e+03 1.46516901e+02 0.00000000e+00 0.00000000e+00
3.99834997e+03 1.47055971e+02 0.00000000e+00 0.00000000e+00
3.99985001e+03 1.47596089e+02 0.00000000e+00 0.00000000e+00
4.00135004e+03 1.48137257e+02 0.00000000e+00 0.00000000e+00
4.00285008e+03 1.48679475e+02 0.00000000e+00 0.00000000e+00
4.00435012e+03 1.49222744e+02 0.00000000e+00 0.00000000e+00
4.00585016e+03 1.49767064e+02 0.00000000e+00 0.00000000e+00
4.00735019e+03 1.50312438e+02 0.00000000e+00 0.00000000e+00
4.00885023e+03 1.50858865e+02 0.00000000e+00 0.00000000e+00
4.01035027e+03 1.51406346e+02 0.00000000e+00 0.00000000e+00
4.01185031e+03 1.51954884e+02 0.00000000e+00 0.00000000e+00
4.01335034e+03 1.52504477e+02 0.00000000e+00 0.00000000e+00
4.01485038e+03 1.53055128e+02 0.00000000e+00 0.00000000e+00
4.01635042e+03 1.53606837e+02 0.00000000e+00 0.00000000e+00
4.01785046e+03 1.54159605e+02 0.00000000e+00 0.00000000e+00
4.01935049e+03 1.54713433e+02 0.00000000e+00 0.00000000e+00
4.02085053e+03 1.55268323e+02 0.00000000e+00 0.00000000e+00
4.02235057e+03 1.55824274e+02 0.00000000e+00 0.00000000e+00
4.02385061e+03 1.56381289e+02 0.00000000e+00 0.00000000e+00
4.02535064e+03 1.56939367e+02 0.00000000e+00 0.00000000e+00
4.02685068e+03 1.57498510e+02 0.00000000e+00 0.00000000e+00
4.02835072e+03 1.58058719e+02 0.00000000e+00 0.00000000e+00
4.02985076e+03 1.58619995e+02 0.00000000e+00 0.00000000e+00
4.03135079e+03 1.59182339e+02 0.00000000e+00 0.00000000e+00
4.03285083e+03 1.59745752e+02 0.00000000e+00 0.00000000e+00
4.03435087e+03 1.60310235e+02 0.00000000e+00 0.00000000e+00
4.03585091e+03 1.60875789e+02 0.00000000e+00 0.00000000e+00
4.03735094e+03 1.61442414e+02 0.00000000e+00 0.00000000e+00
4.03885098e+03 1.62010113e+02 0.00000000e+00 0.00000000e+00
4.04035102e+03 1.62578885e+02 0.00000000e+00 0.00000000e+00
4.04185106e+03 1.63148733e+02 0.00000000e+00 0.00000000e+00
4.04335109e+03 1.63719656e+02 0.00000000e+00 0.00000000e+00
4.04485113e+03 1.64291656e+02 0.00000000e+00 0.00000000e+00
4.04635117e+03 1.64864735e+02 0.00000000e+00 0.00000000e+00
4.04785121e+03 1.65438893e+02 0.00000000e+00 0.00000000e+00
4.04935124e+03 1.66014131e+02 0.00000000e+00 0.00000000e+00
4.05085128e+03 1.66590450e+02 0.00000000e+00 0.00000000e+00
4.05235132e+03 1.67167852e+02 0.00000000e+00 0.00000000e+00
4.05385136e+03 1.67746337e+02 0.00000000e+00 0.00000000e+00
4.05535139e+03 1.68325906e+02 0.00000000e+00 0.00000000e+00
4.05685143e+03 1.68906561e+02 0.00000000e+00 0.00000000e+00
4.05835147e+03 1.69488303e+02 0.00000000e+00 0.00000000e+00
4.05985151e+03 1.70071133e+02 0.00000000e+00 0.00000000e+00
4.06135154e+03 1.70655052e+02 0.00000000e+00 0.00000000e+00
4.06285158e+03 1.71240060e+02 0.00000000e+00 0.00000000e+00
4.06435162e+03 1.71826160e+02 0.00000000e+00 0.00000000e+00
4.06585166e+03 1.72413353e+02 0.00000000e+00 0.00000000e+00
4.06735169e+03 1.73001638e+02 0.00000000e+00 0.00000000e+00
4.06885173e+03 1.73591018e+02 0.00000000e+00 0.00000000e+00
4.07035177e+03 1.74181494e+02 0.00000000e+00 0.00000000e+00
4.07185181e+03 1.74773067e+02 0.00000000e+00 0.00000000e+00
4.07335184e+03 1.75365738e+02 0.00000000e+00 0.00000000e+00
4.07485188e+03 1.75959508e+02 0.00000000e+00 0.00000000e+00
4.07635192e+03 1.76554378e+02 0.00000000e+00 0.00000000e+00
4.07785196e+03 1.77150350e+02 0.00000000e+00 0.00000000e+00
4.07935199e+03 1.77747424e+02 0.00000000e+00 0.00000000e+00
4.08085203e+03 1.78345603e+02 0.00000000e+00 0.00000000e+00
4.08235207e+03 1.78944887e+02 0.00000000e+00 0.00000000e+00
4.08385211e+03 1.79545276e+02 0.00000000e+00 0.00000000e+00
4.08535214e+03 1.80146774e+02 0.00000000e+00 0.00000000e+00
4.08685218e+03 1.80749380e+02 0.00000000e+00 0.00000000e+00
4.08835222e+03 1.81353096e+02 0.00000000e+00 0.00000000e+00
4.08985226e+03 1.81957923e+02 0.00000000e+00 0.00000000e+00
4.09135229e+03 1.82563862e+02 0.00000000e+00 0.00000000e+00
4.09285233e+03 1.83170916e+02 0.00000000e+00 0.00000000e+00
4.09435237e+03 1.83779084e+02 0.00000000e+00 0.00000000e+00
4.09585241e+03 1.84388368e+02 0.00000000e+00 0.00000000e+00
4.09735244e+03 1.84998769e+02 0.00000000e+00 0.00000000e+00
4.09885248e+03 1.85610290e+02 0.00000000e+00 0.00000000e+00
4.10035252e+03 1.86222930e+02 0.00000000e+00 0.00000000e+00
4.10185256e+03 1.86836691e+02 0.00000000e+00 0.00000000e+00
4.10335259e+03 1.87451575e+02 0.00000000e+00 0.00000000e+00
4.10485263e+03 1.88067582e+02 0.00000000e+00 0.00000000e+00
4.10635267e+03 1.88684714e+02 0.00000000e+00 0.00000000e+00
4.10785271e+03 1.89302973e+02 0.00000000e+00 0.00000000e+00
4.10935274e+03 1.89922360e+02 0.00000000e+00 0.00000000e+00
4.11085278e+03 1.90542875e+02 0.00000000e+00 0.00000000e+00
4.11235282e+03 1.91164521e+02 0.00000000e+00 0.00000000e+00
4.11385286e+03 1.91787298e+02 0.00000000e+00 0.00000000e+00
4.11535289e+03 1.92411208e+02 0.00000000e+00 0.00000000e+00
4.11685293e+03 1.93036253e+02 0.00000000e+00 0.00000000e+00
4.11835297e+03 1.93662433e+02 0.00000000e+00 0.00000000e+00
4.11985301e+03 1.94289750e+02 0.00000000e+00 0.00000000e+00
4.12135304e+03 1.94918205e+02 0.00000000e+00 0.00000000e+00
4.12285308e+03 1.95547800e+02 0.00000000e+00 0.00000000e+00
4.12435312e+03 1.96178536e+02 0.00000000e+00 0.00000000e+00
4.12585316e+03 1.96810414e+02 0.00000000e+00 0.00000000e+00
4.12735319e+03 1.97443437e+02 0.00000000e+00 0.00000000e+00
4.12885323e+03 1.98077604e+02 0.00000000e+00 0.00000000e+00
4.13035327e+03 1.98712918e+02 0.00000000e+00 0.00000000e+00
4.13185331e+03 1.99349380e+02 0.00000000e+00 0.00000000e+00
4.13335334e+03 1.99986992e+02 0.00000000e+00 0.00000000e+00
4.13485338e+03 2.00625754e+02 0.00000000e+00 0.00000000e+00
4.13635342e+03 2.01265669e+02 0.00000000e+00 0.00000000e+00
4.13785346e+03 2.01906737e+02 0.00000000e+00 0.00000000e+00
4.13935349e+03 2.02548960e+02 0.00000000e+00 0.00000000e+00
4.14085353e+03 2.03192340e+02 0.00000000e+00 0.00000000e+00
4.14235357e+03 2.03836877e+02 0.00000000e+00 0.00000000e+00
4.14385361e+03 2.04482575e+02 0.00000000e+00 0.00000000e+00
4.14535364e+03 2.05129433e+02 0.00000000e+00 0.00000000e+00
4.14685368e+03 2.05777453e+02 0.00000000e+00 0.00000000e+00
4.14835372e+03 2.06426637e+02 0.00000000e+00 0.00000000e+00
4.14985376e+03 2.07076987e+02 0.00000000e+00 0.00000000e+00
4.15135379e+03 2.07728503e+02 0.00000000e+00 0.00000000e+00
4.15285383e+03 2.08381188e+02 0.00000000e+00 0.00000000e+00
4.15435387e+03 2.09035042e+02 0.00000000e+00 0.00000000e+00
4.15585391e+03 2.09690068e+02 0.00000000e+00 0.00000000e+00
4.15735394e+03 2.10346266e+02 0.00000000e+00 0.00000000e+00
4.15885398e+03 2.11003639e+02 0.00000000e+00 0.00000000e+00
4.16035402e+03 2.11662188e+02 0.00000000e+00 0.00000000e+00
4.16185406e+03 2.12321914e+02 0.00000000e+00 0.00000000e+00
4.16335409e+03 2.12982819e+02 0.00000000e+00 0.00000000e+00
4.16485413e+03 2.13644905e+02 0.00000000e+00 0.00000000e+00
4.16635417e+03 2.14308172e+02 0.00000000e+00 0.00000000e+00
4.16785421e+03 2.14972623e+02 0.00000000e+00 0.00000000e+00
4.16935424e+03 2.15638260e+02 0.00000000e+00 0.00000000e+00
4.17085428e+03 2.16305083e+02 0.00000000e+00 0.00000000e+00
4.17235432e+03 2.16973094e+02 0.00000000e+00 0.00000000e+00
4.17385436e+03 2.17642296e+02 0.00000000e+00 0.00000000e+00
4.17535439e+03 2.18312688e+02 0.00000000e+00 0.00000000e+00
4.17685443e+03 2.18984274e+02 0.00000000e+00 0.00000000e+00
4.17835447e+03 2.19657055e+02 0.00000000e+00 0.00000000e+00
4.17985451e+03 2.20331032e+02 0.00000000e+00 0.00000000e+00
4.18135454e+03 2.21006207e+02 0.00000000e+00 0.00000000e+00
4.18285458e+03 2.21682581e+02 0.00000000e+00 0.00000000e+00
4.18435462e+03 2.22360157e+02 0.00000000e+00 0.00000000e+00
4.18585466e+03 2.23038936e+02 0.00000000e+00 0.00000000e+00
4.18735469e+03 2.23718919e+02 0.00000000e+00 0.00000000e+00
4.18885473e+03 2.24400108e+02 0.00000000e+00 0.00000000e+00
4.19035477e+03 2.25082505e+02 0.00000000e+00 0.00000000e+00
4.19185481e+03 2.25766112e+02 0.00000000e+00 0.00000000e+00
4.19335484e+03 2.26450930e+02 0.00000000e+00 0.00000000e+00
4.19485488e+03 2.27136960e+02 0.00000000e+00 0.00000000e+00
4.19635492e+03 2.27824206e+02 0.00000000e+00 0.00000000e+00
4.19785496e+03 2.28512667e+02 0.00000000e+00 0.00000000e+00
4.19935499e+03 2.29202347e+02 0.00000000e+00 0.00000000e+00
4.20085503e+03 2.29893246e+02 0.00000000e+00 0.00000000e+00
4.20235507e+03 2.30585367e+02 0.00000000e+00 0.00000000e+00
4.20385511e+03 2.31278711e+02 0.00000000e+00 0.00000000e+00
4.20535514e+03 2.31973280e+02 0.00000000e+00 0.00000000e+00
4.20685518e+03 2.32669075e+02 0.00000000e+00 0.00000000e+00
4.20835522e+03 2.33366099e+02 0.00000000e+00 0.00000000e+00
4.20985526e+03 2.34064353e+02 0.00000000e+00 0.00000000e+00
4.21135529e+03 2.34763839e+02 0.00000000e+00 0.00000000e+00
4.21285533e+03 2.35464558e+02 0.00000000e+00 0.00000000e+00
4.21435537e+03 2.36166513e+02 0.00000000e+00 0.00000000e+00
4.21585541e+03 2.36869706e+02 0.00000000e+00 0.00000000e+00
4.21735544e+03 2.37574137e+02 0.00000000e+00 0.00000000e+00
4.21885548e+03 2.38279809e+02 0.00000000e+00 0.00000000e+00
4.22035552e+03 2.38986724e+02 0.00000000e+00 0.00000000e+00
4.22185556e+03 2.39694884e+02 0.00000000e+00 0.00000000e+00
4.22335559e+03 2.40404290e+02 0.00000000e+00 0.00000000e+00
4.22485563e+03 2.41114944e+02 0.00000000e+00 0.00000000e+00
4.22635567e+03 2.41826848e+02 0.00000000e+00 0.00000000e+00
4.22785571e+03 2.42540004e+02 0.00000000e+00 0.00000000e+00
4.22935574e+03 2.43254413e+02 0.00000000e+00 0.00000000e+00
4.23085578e+03 2.43970078e+02 0.00000000e+00 0.00000000e+00
4.23235582e+03 2.44687001e+02 0.00000000e+00 0.00000000e+00
4.23385586e+03 2.45405183e+02 0.00000000e+00 0.00000000e+00
4.23535589e+03 2.46124626e+02 0.00000000e+00 0.00000000e+00
4.23685593e+03 2.46845332e+02 0.00000000e+00 0.00000000e+00
4.23835597e+03 2.47567304e+02 0.00000000e+00 0.00000000e+00
4.23985601e+03 2.48290542e+02 0.00000000e+00 0.00000000e+00
4.24135604e+03 2.49015049e+02 0.00000000e+00 0.00000000e+00
4.24285608e+03 2.49740827e+02 0.00000000e+00 0.00000000e+00
4.24435612e+03 2.50467878e+02 0.00000000e+00 0.00000000e+00
4.24585616e+03 2.51196203e+02 0.00000000e+00 0.00000000e+00
4.24735619e+03 2.51925805e+02 0.00000000e+00 0.00000000e+00
4.24885623e+03 2.52656685e+02 0.00000000e+00 0.00000000e+00
4.25035627e+03 2.53388847e+02 0.00000000e+00 0.00000000e+00
4.25185631e+03 2.54122290e+02 0.00000000e+00 0.00000000e+00
4.25335634e+03 2.54857018e+02 0.00000000e+00 0.00000000e+00
4.25485638e+03 2.55593033e+02 0.00000000e+00 0.00000000e+00
4.25635642e+03 2.56330336e+02 0.00000000e+00 0.00000000e+00
4.25785646e+03 2.57068930e+02 0.00000000e+00 0.00000000e+00
4.25935649e+03 2.57808816e+02 0.00000000e+00 0.00000000e+00
4.26085653e+03 2.58549997e+02 0.00000000e+00 0.00000000e+00
4.26235657e+03 2.59292474e+02 0.00000000e+00 0.00000000e+00
4.26385661e+03 2.60036250e+02 0.00000000e+00 0.00000000e+00
4.26535664e+03 2.60781326e+02 0.00000000e+00 0.00000000e+00
4.26685668e+03 2.61527706e+02 0.00000000e+00 0.00000000e+00
4.26835672e+03 2.62275390e+02 0.00000000e+00 0.00000000e+00
4.26985676e+03 2.63024381e+02 0.00000000e+00 0.00000000e+00
4.27135679e+03 2.63774681e+02 0.00000000e+00 0.00000000e+00
4.27285683e+03 2.64526292e+02 0.00000000e+00 0.00000000e+00
4.27435687e+03 2.65279216e+02 0.00000000e+00 0.00000000e+00
4.27585691e+03 2.66033456e+02 0.00000000e+00 0.00000000e+00
4.27735694e+03 2.66789012e+02 0.00000000e+00 0.00000000e+00
4.27885698e+03 2.67545889e+02 0.00000000e+00 0.00000000e+00
4.28035702e+03 2.68304087e+02 0.00000000e+00 0.00000000e+00
4.28185706e+03 2.69063609e+02 0.00000000e+00 0.00000000e+00
4.28335709e+03 2.69824456e+02 0.00000000e+00 0.00000000e+00
4.28485713e+03 2.70586632e+02 0.00000000e+00 0.00000000e+00
4.28635717e+03 2.71350138e+02 0.00000000e+00 0.00000000e+00
4.28785721e+03 2.72114976e+02 0.00000000e+00 0.00000000e+00
4.28935724e+03 2.72881150e+02 0.00000000e+00 0.00000000e+00
4.29085728e+03 2.73648660e+02 0.00000000e+00 0.00000000e+00
4.29235732e+03 2.74417508e+02 0.00000000e+00 0.00000000e+00
4.29385736e+03 2.75187699e+02 0.00000000e+00 0.00000000e+00
4.29535739e+03 2.75959232e+02 0.00000000e+00 0.00000000e+00
4.29685743e+03 2.76732112e+02 0.00000000e+00 0.00000000e+00
4.29835747e+03 2.77506339e+02 0.00000000e+00 0.00000000e+00
4.29985751e+03 2.78281916e+02 0.00000000e+00 0.00000000e+00
4.30135754e+03 2.79058846e+02 0.00000000e+00 0.00000000e+00
4.30285758e+03 2.79837131e+02 0.00000000e+00 0.00000000e+00
4.30435762e+03 2.80616772e+02 0.00000000e+00 0.00000000e+00
4.30585766e+03 2.81397773e+02 0.00000000e+00 0.00000000e+00
4.30735769e+03 2.82180136e+02 0.00000000e+00 0.00000000e+00
4.30885773e+03 2.82963862e+02 0.00000000e+00 0.00000000e+00
4.31035777e+03 2.83748954e+02 0.00000000e+00 0.00000000e+00
4.31185781e+03 2.84535415e+02 0.00000000e+00 0.00000000e+00
4.31335784e+03 2.85323247e+02 0.00000000e+00 0.00000000e+00
4.31485788e+03 2.86112452e+02 0.00000000e+00 0.00000000e+00
4.31635792e+03 2.86903032e+02 0.00000000e+00 0.00000000e+00
4.31785796e+03 2.87694990e+02 0.00000000e+00 0.00000000e+00
4.31935799e+03 2.88488329e+02 0.00000000e+00 0.00000000e+00
4.32085803e+03 2.89283050e+02 0.00000000e+00 0.00000000e+00
4.32235807e+03 2.90079156e+02 0.00000000e+00 0.00000000e+00
4.32385811e+03 2.90876650e+02 0.00000000e+00 0.00000000e+00
4.32535814e+03 2.91675533e+02 0.00000000e+00 0.00000000e+00
4.32685818e+03 2.92475809e+02 0.00000000e+00 0.00000000e+00
4.32835822e+03 2.93277479e+02 0.00000000e+00 0.00000000e+00
4.32985826e+03 2.94080546e+02 0.00000000e+00 0.00000000e+00
4.33135829e+03 2.94885013e+02 0.00000000e+00 0.00000000e+00
4.33285833e+03 2.95690882e+02 0.00000000e+00 0.00000000e+00
4.33435837e+03 2.96498156e+02 0.00000000e+00 0.00000000e+00
4.33585841e+03 2.97306836e+02 0.00000000e+00 0.00000000e+00
4.33735844e+03 2.98116925e+02 0.00000000e+00 0.00000000e+00
4.33885848e+03 2.98928427e+02 0.00000000e+00 0.00000000e+00
4.34035852e+03 2.99741343e+02 0.00000000e+00 0.00000000e+00
4.34185856e+03 3.00555676e+02 0.00000000e+00 0.00000000e+00
4.34335859e+03 3.01371428e+02 0.00000000e+00 0.00000000e+00
4.34485863e+03 3.02188603e+02 0.00000000e+00 0.00000000e+00
4.34635867e+03 3.03007201e+02 0.00000000e+00 0.00000000e+00
4.34785871e+03 3.03827227e+02 0.00000000e+00 0.00000000e+00
4.34935874e+03 3.04648683e+02 0.00000000e+00 0.00000000e+00
4.35085878e+03 3.05471571e+02 0.00000000e+00 0.00000000e+00
4.35235882e+03 3.06295894e+02 0.00000000e+00 0.00000000e+00
4.35385886e+03 3.07121654e+02 0.00000000e+00 0.00000000e+00
4.35535889e+03 3.07948854e+02 0.00000000e+00 0.00000000e+00
4.35685893e+03 3.08777496e+02 0.00000000e+00 0.00000000e+00
4.35835897e+03 3.09607584e+02 0.00000000e+00 0.00000000e+00
4.35985901e+03 3.10439120e+02 0.00000000e+00 0.00000000e+00
4.36135904e+03 3.11272106e+02 0.00000000e+00 0.00000000e+00
4.36285908e+03 3.12106546e+02 0.00000000e+00 0.00000000e+00
4.36435912e+03 3.12942441e+02 0.00000000e+00 0.00000000e+00
4.36585916e+03 3.13779795e+02 0.00000000e+00 0.00000000e+00
4.36735919e+03 3.14618611e+02 0.00000000e+00 0.00000000e+00
4.36885923e+03 3.15458890e+02 0.00000000e+00 0.00000000e+00
4.37035927e+03 3.16300635e+02 0.00000000e+00 0.00000000e+00
4.37185931e+03 3.17143851e+02 0.00000000e+00 0.00000000e+00
4.37335934e+03 3.17988538e+02 0.00000000e+00 0.00000000e+00
4.37485938e+03 3.18834700e+02 0.00000000e+00 0.00000000e+00
4.37635942e+03 3.19682340e+02 0.00000000e+00 0.00000000e+00
4.37785946e+03 3.20531460e+02 0.00000000e+00 0.00000000e+00
4.37935949e+03 3.21382063e+02 0.00000000e+00 0.00000000e+00
4.38085953e+03 3.22234152e+02 0.00000000e+00 0.00000000e+00
4.38235957e+03 3.23087730e+02 0.00000000e+00 0.00000000e+00
4.38385961e+03 3.23942799e+02 0.00000000e+00 0.00000000e+00
4.38535964e+03 3.24799363e+02 0.00000000e+00 0.00000000e+00
4.38685968e+03 3.25657424e+02 0.00000000e+00 0.00000000e+00
4.38835972e+03 3.26516985e+02 0.00000000e+00 0.00000000e+00
4.38985976e+03 3.27378049e+02 0.00000000e+00 0.00000000e+00
4.39135979e+03 3.28240619e+02 0.00000000e+00 0.00000000e+00
4.39285983e+03 3.29104697e+02 0.00000000e+00 0.00000000e+00
4.39435987e+03 3.29970287e+02 0.00000000e+00 0.00000000e+00
4.39585991e+03 3.30837391e+02 0.00000000e+00 0.00000000e+00
4.39735994e+03 3.31706013e+02 0.00000000e+00 0.00000000e+00
4.39885998e+03 3.32576155e+02 0.00000000e+00 0.00000000e+00
4.40036002e+03 3.33447820e+02 0.00000000e+00 0.00000000e+00
4.40186006e+03 3.34321011e+02 0.00000000e+00 0.00000000e+00
4.40336010e+03 3.35195731e+02 0.00000000e+00 0.00000000e+00
4.40486013e+03 3.36071984e+02 0.00000000e+00 0.00000000e+00
4.40636017e+03 3.36949771e+02 0.00000000e+00 0.00000000e+00
4.40786021e+03 3.37829097e+02 0.00000000e+00 0.00000000e+00
4.40936025e+03 3.38709964e+02 0.00000000e+00 0.00000000e+00
4.41086028e+03 3.39592375e+02 0.00000000e+00 0.00000000e+00
4.41236032e+03 3.40476332e+02 0.00000000e+00 0.00000000e+00
4.41386036e+03 3.41361840e+02 0.00000000e+00 0.00000000e+00
4.41536040e+03 3.42248902e+02 0.00000000e+00 0.00000000e+00
4.41686043e+03 3.43137519e+02 0.00000000e+00 0.00000000e+00
4.41836047e+03 3.44027696e+02 0.00000000e+00 0.00000000e+00
4.41986051e+03 3.44919436e+02 0.00000000e+00 0.00000000e+00
4.42136055e+03 3.45812741e+02 0.00000000e+00 0.00000000e+00
4.42286058e+03 3.46707614e+02 0.00000000e+00 0.00000000e+00
4.42436062e+03 3.47604060e+02 0.00000000e+00 0.00000000e+00
4.42586066e+03 3.48502080e+02 0.00000000e+00 0.00000000e+00
4.42736070e+03 3.49401679e+02 0.00000000e+00 0.00000000e+00
4.42886073e+03 3.50302859e+02 0.00000000e+00 0.00000000e+00
4.43036077e+03 3.51205623e+02 0.00000000e+00 0.00000000e+00
4.43186081e+03 3.52109975e+02 0.00000000e+00 0.00000000e+00
4.43336085e+03 3.53015918e+02 0.00000000e+00 0.00000000e+00
4.43486088e+03 3.53923455e+02 0.00000000e+00 0.00000000e+00
4.43636092e+03 3.54832589e+02 0.00000000e+00 0.00000000e+00
4.43786096e+03 3.55743324e+02 0.00000000e+00 0.00000000e+00
4.43936100e+03 3.56655662e+02 0.00000000e+00 0.00000000e+00
4.44086103e+03 3.57569608e+02 0.00000000e+00 0.00000000e+00
4.44236107e+03 3.58485164e+02 0.00000000e+00 0.00000000e+00
4.44386111e+03 3.59402334e+02 0.00000000e+00 0.00000000e+00
4.44536115e+03 3.60321121e+02 0.00000000e+00 0.00000000e+00
4.44686118e+03 3.61241528e+02 0.00000000e+00 0.00000000e+00
4.44836122e+03 3.62163559e+02 0.00000000e+00 0.00000000e+00
4.44986126e+03 3.63087216e+02 0.00000000e+00 0.00000000e+00
4.45136130e+03 3.64012504e+02 0.00000000e+00 0.00000000e+00
4.45286133e+03 3.64939426e+02 0.00000000e+00 0.00000000e+00
4.45436137e+03 3.65867985e+02 0.00000000e+00 0.00000000e+00
4.45586141e+03 3.66798185e+02 0.00000000e+00 0.00000000e+00
4.45736145e+03 3.67730028e+02 0.00000000e+00 0.00000000e+00
4.45886148e+03 3.68663519e+02 0.00000000e+00 0.00000000e+00
4.46036152e+03 3.69598661e+02 0.00000000e+00 0.00000000e+00
4.46186156e+03 3.70535457e+02 0.00000000e+00 0.00000000e+00
4.46336160e+03 3.71473911e+02 0.00000000e+00 0.00000000e+00
4.46486163e+03 3.72414026e+02 0.00000000e+00 0.00000000e+00
4.46636167e+03 3.73355806e+02 0.00000000e+00 0.00000000e+00
4.46786171e+03 3.74299254e+02 0.00000000e+00 0.00000000e+00
4.46936175e+03 3.75244374e+02 0.00000000e+00 0.00000000e+00
4.47086178e+03 3.76191169e+02 0.00000000e+00 0.00000000e+00
4.47236182e+03 3.77139643e+02 0.00000000e+00 0.00000000e+00
4.47386186e+03 3.78089800e+02 0.00000000e+00 0.00000000e+00
4.47536190e+03 3.79041643e+02 0.00000000e+00 0.00000000e+00
4.47686193e+03 3.79995176e+02 0.00000000e+00 0.00000000e+00
4.47836197e+03 3.80950402e+02 0.00000000e+00 0.00000000e+00
4.47986201e+03 3.81907325e+02 0.00000000e+00 0.00000000e+00
4.48136205e+03 3.82865948e+02 0.00000000e+00 0.00000000e+00
4.48286208e+03 3.83826276e+02 0.00000000e+00 0.00000000e+00
4.48436212e+03 3.84788312e+02 0.00000000e+00 0.00000000e+00
4.48586216e+03 3.85752059e+02 0.00000000e+00 0.00000000e+00
4.48736220e+03 3.86717522e+02 0.00000000e+00 0.00000000e+00
4.48886223e+03 3.87684704e+02 0.00000000e+00 0.00000000e+00
4.49036227e+03 3.88653608e+02 0.00000000e+00 0.00000000e+00
4.49186231e+03 3.89624240e+02 0.00000000e+00 0.00000000e+00
4.49336235e+03 3.90596601e+02 0.00000000e+00 0.00000000e+00
4.49486238e+03 3.91570697e+02 0.00000000e+00 0.00000000e+00
4.49636242e+03 3.92546531e+02 0.00000000e+00 0.00000000e+00
4.49786246e+03 3.93524106e+02 0.00000000e+00 0.00000000e+00
4.49936250e+03 3.94503427e+02 0.00000000e+00 0.00000000e+00
4.50086253e+03 3.95484497e+02 0.00000000e+00 0.00000000e+00
4.50236257e+03 3.96467321e+02 0.00000000e+00 0.00000000e+00
4.50386261e+03 3.97451902e+02 0.00000000e+00 0.00000000e+00
4.50536265e+03 3.98438244e+02 0.00000000e+00 0.00000000e+00
4.50686268e+03 3.99426351e+02 0.00000000e+00 0.00000000e+00
4.50836272e+03 4.00416227e+02 0.00000000e+00 0.00000000e+00
4.50986276e+03 4.01407875e+02 0.00000000e+00 0.00000000e+00
4.51136280e+03 4.02401301e+02 0.00000000e+00 0.00000000e+00
4.51286283e+03 4.03396507e+02 0.00000000e+00 0.00000000e+00
4.51436287e+03 4.04393498e+02 0.00000000e+00 0.00000000e+00
4.51586291e+03 4.05392278e+02 0.00000000e+00 0.00000000e+00
4.51736295e+03 4.06392851e+02 0.00000000e+00 0.00000000e+00
4.51886298e+03 4.07395221e+02 0.00000000e+00 0.00000000e+00
4.52036302e+03 4.08399391e+02 0.00000000e+00 0.00000000e+00
4.52186306e+03 4.09405367e+02 0.00000000e+00 0.00000000e+00
4.52336310e+03 4.10413152e+02 0.00000000e+00 0.00000000e+00
4.52486313e+03 4.11422749e+02 0.00000000e+00 0.00000000e+00
4.52636317e+03 4.12434165e+02 0.00000000e+00 0.00000000e+00
4.52786321e+03 4.13447401e+02 0.00000000e+00 0.00000000e+00
4.52936325e+03 4.14462464e+02 0.00000000e+00 0.00000000e+00
4.53086328e+03 4.15479356e+02 0.00000000e+00 0.00000000e+00
4.53236332e+03 4.16498082e+02 0.00000000e+00 0.00000000e+00
4.53386336e+03 4.17518647e+02 0.00000000e+00 0.00000000e+00
4.53536340e+03 4.18541053e+02 0.00000000e+00 0.00000000e+00
4.53686343e+03 4.19565307e+02 0.00000000e+00 0.00000000e+00
4.53836347e+03 4.20591412e+02 0.00000000e+00 0.00000000e+00
4.53986351e+03 4.21619372e+02 0.00000000e+00 0.00000000e+00
4.54136355e+03 4.22649191e+02 0.00000000e+00 0.00000000e+00
4.54286358e+03 4.23680875e+02 0.00000000e+00 0.00000000e+00
4.54436362e+03 4.24714426e+02 0.00000000e+00 0.00000000e+00
4.54586366e+03 4.25749851e+02 0.00000000e+00 0.00000000e+00
4.54736370e+03 4.26787152e+02 0.00000000e+00 0.00000000e+00
4.54886373e+03 4.27826334e+02 0.00000000e+00 0.00000000e+00
4.55036377e+03 4.28867403e+02 0.00000000e+00 0.00000000e+00
4.55186381e+03 4.29910361e+02 0.00000000e+00 0.00000000e+00
4.55336385e+03 4.30955215e+02 0.00000000e+00 0.00000000e+00
4.55486388e+03 4.32001967e+02 0.00000000e+00 0.00000000e+00
4.55636392e+03 4.33050623e+02 0.00000000e+00 0.00000000e+00
4.55786396e+03 4.34101188e+02 0.00000000e+00 0.00000000e+00
4.55936400e+03 4.35153664e+02 0.00000000e+00 0.00000000e+00
4.56086403e+03 4.36208058e+02 0.00000000e+00 0.00000000e+00
4.56236407e+03 4.37264374e+02 0.00000000e+00 0.00000000e+00
4.56386411e+03 4.38322616e+02 0.00000000e+00 0.00000000e+00
4.56536415e+03 4.39382790e+02 0.00000000e+00 0.00000000e+00
4.56686418e+03 4.40444898e+02 0.00000000e+00 0.00000000e+00
4.56836422e+03 4.41508947e+02 0.00000000e+00 0.00000000e+00
4.56986426e+03 4.42574941e+02 0.00000000e+00 0.00000000e+00
4.57136430e+03 4.43642884e+02 0.00000000e+00 0.00000000e+00
4.57286433e+03 4.44712782e+02 0.00000000e+00 0.00000000e+00
4.57436437e+03 4.45784639e+02 0.00000000e+00 0.00000000e+00
4.57586441e+03 4.46858459e+02 0.00000000e+00 0.00000000e+00
4.57736445e+03 4.47934248e+02 0.00000000e+00 0.00000000e+00
4.57886448e+03 4.49012010e+02 0.00000000e+00 0.00000000e+00
4.58036452e+03 4.50091750e+02 0.00000000e+00 0.00000000e+00
4.58186456e+03 4.51173474e+02 0.00000000e+00 0.00000000e+00
4.58336460e+03 4.52257184e+02 0.00000000e+00 0.00000000e+00
4.58486463e+03 4.53342888e+02 0.00000000e+00 0.00000000e+00
4.58636467e+03 4.54430589e+02 0.00000000e+00 0.00000000e+00
4.58786471e+03 4.55520292e+02 0.00000000e+00 0.00000000e+00
4.58936475e+03 4.56612003e+02 0.00000000e+00 0.00000000e+00
4.59086478e+03 4.57705726e+02 0.00000000e+00 0.00000000e+00
4.59236482e+03 4.58801466e+02 0.00000000e+00 0.00000000e+00
4.59386486e+03 4.59899229e+02 0.00000000e+00 0.00000000e+00
4.59536490e+03 4.60999018e+02 0.00000000e+00 0.00000000e+00
4.59686493e+03 4.62100840e+02 0.00000000e+00 0.00000000e+00
4.59836497e+03 4.63204700e+02 0.00000000e+00 0.00000000e+00
4.59986501e+03 4.64310602e+02 0.00000000e+00 0.00000000e+00
4.60136505e+03 4.65418551e+02 0.00000000e+00 0.00000000e+00
4.60286508e+03 4.66528553e+02 0.00000000e+00 0.00000000e+00
4.60436512e+03 4.67640613e+02 0.00000000e+00 0.00000000e+00
4.60586516e+03 4.68754735e+02 0.00000000e+00 0.00000000e+00
4.60736520e+03 4.69870926e+02 0.00000000e+00 0.00000000e+00
4.60886523e+03 4.70989190e+02 0.00000000e+00 0.00000000e+00
4.61036527e+03 4.72109533e+02 0.00000000e+00 0.00000000e+00
4.61186531e+03 4.73231960e+02 0.00000000e+00 0.00000000e+00
4.61336535e+03 4.74356476e+02 0.00000000e+00 0.00000000e+00
4.61486538e+03 4.75483086e+02 0.00000000e+00 0.00000000e+00
4.61636542e+03 4.76611796e+02 0.00000000e+00 0.00000000e+00
4.61786546e+03 4.77742611e+02 0.00000000e+00 0.00000000e+00
4.61936550e+03 4.78875537e+02 0.00000000e+00 0.00000000e+00
4.62086553e+03 4.80010578e+02 0.00000000e+00 0.00000000e+00
4.62236557e+03 4.81147741e+02 0.00000000e+00 0.00000000e+00
4.62386561e+03 4.82287030e+02 0.00000000e+00 0.00000000e+00
4.62536565e+03 4.83428452e+02 0.00000000e+00 0.00000000e+00
4.62686568e+03 4.84572011e+02 0.00000000e+00 0.00000000e+00
4.62836572e+03 4.85717714e+02 0.00000000e+00 0.00000000e+00
4.62986576e+03 4.86865565e+02 0.00000000e+00 0.00000000e+00
4.63136580e+03 4.88015571e+02 0.00000000e+00 0.00000000e+00
4.63286583e+03 4.89167737e+02 0.00000000e+00 0.00000000e+00
4.63436587e+03 4.90322068e+02 0.00000000e+00 0.00000000e+00
4.63586591e+03 4.91478570e+02 0.00000000e+00 0.00000000e+00
4.63736595e+03 4.92637249e+02 0.00000000e+00 0.00000000e+00
4.63886598e+03 4.93798111e+02 0.00000000e+00 0.00000000e+00
4.64036602e+03 4.94961160e+02 0.00000000e+00 0.00000000e+00
4.64186606e+03 4.96126404e+02 0.00000000e+00 0.00000000e+00
4.64336610e+03 4.97293848e+02 0.00000000e+00 0.00000000e+00
4.64486613e+03 4.98463497e+02 0.00000000e+00 0.00000000e+00
4.64636617e+03 4.99635357e+02 0.00000000e+00 0.00000000e+00
4.64786621e+03 5.00809435e+02 0.00000000e+00 0.00000000e+00
4.64936625e+03 5.01985735e+02 0.00000000e+00 0.00000000e+00
4.65086628e+03 5.03164265e+02 0.00000000e+00 0.00000000e+00
4.65236632e+03 5.04345029e+02 0.00000000e+00 0.00000000e+00
4.65386636e+03 5.05528034e+02 0.00000000e+00 0.00000000e+00
4.65536640e+03 5.06713286e+02 0.00000000e+00 0.00000000e+00
4.65686643e+03 5.07900791e+02 0.00000000e+00 0.00000000e+00
4.65836647e+03 5.09090554e+02 0.00000000e+00 0.00000000e+00
4.65986651e+03 5.10282583e+02 0.00000000e+00 0.00000000e+00
4.66136655e+03 5.11476882e+02 0.00000000e+00 0.00000000e+00
4.66286658e+03 5.12673458e+02 0.00000000e+00 0.00000000e+00
4.66436662e+03 5.13872318e+02 0.00000000e+00 0.00000000e+00
4.66586666e+03 5.15073466e+02 0.00000000e+00 0.00000000e+00
4.66736670e+03 5.16276911e+02 0.00000000e+00 0.00000000e+00
4.66886673e+03 5.17482657e+02 0.00000000e+00 0.00000000e+00
4.67036677e+03 5.18690711e+02 0.00000000e+00 0.00000000e+00
4.67186681e+03 5.19901079e+02 0.00000000e+00 0.00000000e+00
4.67336685e+03 5.21113768e+02 0.00000000e+00 0.00000000e+00
4.67486688e+03 5.22328784e+02 0.00000000e+00 0.00000000e+00
4.67636692e+03 5.23546133e+02 0.00000000e+00 0.00000000e+00
4.67786696e+03 5.24765822e+02 0.00000000e+00 0.00000000e+00
4.67936700e+03 5.25987857e+02 0.00000000e+00 0.00000000e+00
4.68086703e+03 5.27212244e+02 0.00000000e+00 0.00000000e+00
4.68236707e+03 5.28438990e+02 0.00000000e+00 0.00000000e+00
4.68386711e+03 5.29668102e+02 0.00000000e+00 0.00000000e+00
4.68536715e+03 5.30899586e+02 0.00000000e+00 0.00000000e+00
4.68686718e+03 5.32133448e+02 0.00000000e+00 0.00000000e+00
4.68836722e+03 5.33369696e+02 0.00000000e+00 0.00000000e+00
4.68986726e+03 5.34608336e+02 0.00000000e+00 0.00000000e+00
4.69136730e+03 5.35849374e+02 0.00000000e+00 0.00000000e+00
4.69286733e+03 5.37092817e+02 0.00000000e+00 0.00000000e+00
4.69436737e+03 5.38338672e+02 0.00000000e+00 0.00000000e+00
4.69586741e+03 5.39586945e+02 0.00000000e+00 0.00000000e+00
4.69736745e+03 5.40837645e+02 0.00000000e+00 0.00000000e+00
4.69886748e+03 5.42090776e+02 0.00000000e+00 0.00000000e+00
4.70036752e+03 5.43346346e+02 0.00000000e+00 0.00000000e+00
4.70186756e+03 5.44604363e+02 0.00000000e+00 0.00000000e+00
4.70336760e+03 5.45864832e+02 0.00000000e+00 0.00000000e+00
4.70486763e+03 5.47127761e+02 0.00000000e+00 0.00000000e+00
4.70636767e+03 5.48393157e+02 0.00000000e+00 0.00000000e+00
4.70786771e+03 5.49661026e+02 0.00000000e+00 0.00000000e+00
4.70936775e+03 5.50931376e+02 0.00000000e+00 0.00000000e+00
4.71086778e+03 5.52204214e+02 0.00000000e+00 0.00000000e+00
4.71236782e+03 5.53479547e+02 0.00000000e+00 0.00000000e+00
4.71386786e+03 5.54757383e+02 0.00000000e+00 0.00000000e+00
4.71536790e+03 5.56037727e+02 0.00000000e+00 0.00000000e+00
4.71686793e+03 5.57320588e+02 0.00000000e+00 0.00000000e+00
4.71836797e+03 5.58605973e+02 0.00000000e+00 0.00000000e+00
4.71986801e+03 5.59893888e+02 0.00000000e+00 0.00000000e+00
4.72136805e+03 5.61184342e+02 0.00000000e+00 0.00000000e+00
4.72286808e+03 5.62477341e+02 0.00000000e+00 0.00000000e+00
4.72436812e+03 5.63772894e+02 0.00000000e+00 0.00000000e+00
4.72586816e+03 5.65071006e+02 0.00000000e+00 0.00000000e+00
4.72736820e+03 5.66371687e+02 0.00000000e+00 0.00000000e+00
4.72886823e+03 5.67674943e+02 0.00000000e+00 0.00000000e+00
4.73036827e+03 5.68980782e+02 0.00000000e+00 0.00000000e+00
4.73186831e+03 5.70289211e+02 0.00000000e+00 0.00000000e+00
4.73336835e+03 5.71600238e+02 0.00000000e+00 0.00000000e+00
4.73486838e+03 5.72913870e+02 0.00000000e+00 0.00000000e+00
4.73636842e+03 5.74230116e+02 0.00000000e+00 0.00000000e+00
4.73786846e+03 5.75548982e+02 0.00000000e+00 0.00000000e+00
4.73936850e+03 5.76870477e+02 0.00000000e+00 0.00000000e+00
4.74086853e+03 5.78194609e+02 0.00000000e+00 0.00000000e+00
4.74236857e+03 5.79521384e+02 0.00000000e+00 0.00000000e+00
4.74386861e+03 5.80850812e+02 0.00000000e+00 0.00000000e+00
4.74536865e+03 5.82182900e+02 0.00000000e+00 0.00000000e+00
4.74686868e+03 5.83517655e+02 0.00000000e+00 0.00000000e+00
4.74836872e+03 5.84855086e+02 0.00000000e+00 0.00000000e+00
4.74986876e+03 5.86195201e+02 0.00000000e+00 0.00000000e+00
4.75136880e+03 5.87538007e+02 0.00000000e+00 0.00000000e+00
4.75286883e+03 5.88883514e+02 0.00000000e+00 0.00000000e+00
4.75436887e+03 5.90231728e+02 0.00000000e+00 0.00000000e+00
4.75586891e+03 5.91582658e+02 0.00000000e+00 0.00000000e+00
4.75736895e+03 5.92936313e+02 0.00000000e+00 0.00000000e+00
4.75886898e+03 5.94292700e+02 0.00000000e+00 0.00000000e+00
4.76036902e+03 5.95651828e+02 0.00000000e+00 0.00000000e+00
4.76186906e+03 5.97013704e+02 0.00000000e+00 0.00000000e+00
4.76336910e+03 5.98378338e+02 0.00000000e+00 0.00000000e+00
4.76486913e+03 5.99745738e+02 0.00000000e+00 0.00000000e+00
4.76636917e+03 6.01115912e+02 0.00000000e+00 0.00000000e+00
4.76786921e+03 6.02488869e+02 0.00000000e+00 0.00000000e+00
4.76936925e+03 6.03864617e+02 0.00000000e+00 0.00000000e+00
4.77086928e+03 6.05243164e+02 0.00000000e+00 0.00000000e+00
4.77236932e+03 6.06624520e+02 0.00000000e+00 0.00000000e+00
4.77386936e+03 6.08008692e+02 0.00000000e+00 0.00000000e+00
4.77536940e+03 6.09395690e+02 0.00000000e+00 0.00000000e+00
4.77686943e+03 6.10785523e+02 0.00000000e+00 0.00000000e+00
4.77836947e+03 6.12178198e+02 0.00000000e+00 0.00000000e+00
4.77986951e+03 6.13573725e+02 0.00000000e+00 0.00000000e+00
4.78136955e+03 6.14972113e+02 0.00000000e+00 0.00000000e+00
4.78286958e+03 6.16373370e+02 0.00000000e+00 0.00000000e+00
4.78436962e+03 6.17777506e+02 0.00000000e+00 0.00000000e+00
4.78586966e+03 6.19184529e+02 0.00000000e+00 0.00000000e+00
4.78736970e+03 6.20594449e+02 0.00000000e+00 0.00000000e+00
4.78886973e+03 6.22007274e+02 0.00000000e+00 0.00000000e+00
4.79036977e+03 6.23423014e+02 0.00000000e+00 0.00000000e+00
4.79186981e+03 6.24841678e+02 0.00000000e+00 0.00000000e+00
4.79336985e+03 6.26263274e+02 0.00000000e+00 0.00000000e+00
4.79486988e+03 6.27687813e+02 0.00000000e+00 0.00000000e+00
4.79636992e+03 6.29115303e+02 0.00000000e+00 0.00000000e+00
4.79786996e+03 6.30545754e+02 0.00000000e+00 0.00000000e+00
4.79937000e+03 6.31979175e+02 0.00000000e+00 0.00000000e+00
4.80087003e+03 6.33415576e+02 0.00000000e+00 0.00000000e+00
4.80237007e+03 6.34854966e+02 0.00000000e+00 0.00000000e+00
4.80387011e+03 6.36297355e+02 0.00000000e+00 0.00000000e+00
4.80537015e+03 6.37742752e+02 0.00000000e+00 0.00000000e+00
4.80687018e+03 6.39191166e+02 0.00000000e+00 0.00000000e+00
4.80837022e+03 6.40642608e+02 0.00000000e+00 0.00000000e+00
4.80987026e+03 6.42097087e+02 0.00000000e+00 0.00000000e+00
4.81137030e+03 6.43554614e+02 0.00000000e+00 0.00000000e+00
4.81287033e+03 6.45015197e+02 0.00000000e+00 0.00000000e+00
4.81437037e+03 6.46478846e+02 0.00000000e+00 0.00000000e+00
4.81587041e+03 6.47945572e+02 0.00000000e+00 0.00000000e+00
4.81737045e+03 6.49415385e+02 0.00000000e+00 0.00000000e+00
4.81887048e+03 6.50888294e+02 0.00000000e+00 0.00000000e+00
4.82037052e+03 6.52364310e+02 0.00000000e+00 0.00000000e+00
4.82187056e+03 6.53843442e+02 0.00000000e+00 0.00000000e+00
4.82337060e+03 6.55325701e+02 0.00000000e+00 0.00000000e+00
4.82487063e+03 6.56811097e+02 0.00000000e+00 0.00000000e+00
4.82637067e+03 6.58299641e+02 0.00000000e+00 0.00000000e+00
4.82787071e+03 6.59791342e+02 0.00000000e+00 0.00000000e+00
4.82937075e+03 6.61286211e+02 0.00000000e+00 0.00000000e+00
4.83087078e+03 6.62784259e+02 0.00000000e+00 0.00000000e+00
4.83237082e+03 6.64285495e+02 0.00000000e+00 0.00000000e+00
4.83387086e+03 6.65789931e+02 0.00000000e+00 0.00000000e+00
4.83537090e+03 6.67297578e+02 0.00000000e+00 0.00000000e+00
4.83687093e+03 6.68808444e+02 0.00000000e+00 0.00000000e+00
4.83837097e+03 6.70322542e+02 0.00000000e+00 0.00000000e+00
4.83987101e+03 6.71839883e+02 0.00000000e+00 0.00000000e+00
4.84137105e+03 6.73360476e+02 0.00000000e+00 0.00000000e+00
4.84287108e+03 6.74884333e+02 0.00000000e+00 0.00000000e+00
4.84437112e+03 6.76411464e+02 0.00000000e+00 0.00000000e+00
4.84587116e+03 6.77941882e+02 0.00000000e+00 0.00000000e+00
4.84737120e+03 6.79475596e+02 0.00000000e+00 0.00000000e+00
4.84887123e+03 6.81012618e+02 0.00000000e+00 0.00000000e+00
4.85037127e+03 6.82552958e+02 0.00000000e+00 0.00000000e+00
4.85187131e+03 6.84096630e+02 0.00000000e+00 0.00000000e+00
4.85337135e+03 6.85643642e+02 0.00000000e+00 0.00000000e+00
4.85487138e+03 6.87194007e+02 0.00000000e+00 0.00000000e+00
4.85637142e+03 6.88747736e+02 0.00000000e+00 0.00000000e+00
4.85787146e+03 6.90304841e+02 0.00000000e+00 0.00000000e+00
4.85937150e+03 6.91865333e+02 0.00000000e+00 0.00000000e+00
4.86087153e+03 6.93429224e+02 0.00000000e+00 0.00000000e+00
4.86237157e+03 6.94996525e+02 0.00000000e+00 0.00000000e+00
4.86387161e+03 6.96567248e+02 0.00000000e+00 0.00000000e+00
4.86537165e+03 6.98141404e+02 0.00000000e+00 0.00000000e+00
4.86687168e+03 6.99719006e+02 0.00000000e+00 0.00000000e+00
4.86837172e+03 7.01300066e+02 0.00000000e+00 0.00000000e+00
4.86987176e+03 7.02884594e+02 0.00000000e+00 0.00000000e+00
4.87137180e+03 7.04472604e+02 0.00000000e+00 0.00000000e+00
4.87287183e+03 7.06064107e+02 0.00000000e+00 0.00000000e+00
4.87437187e+03 7.07659116e+02 0.00000000e+00 0.00000000e+00
4.87587191e+03 7.09257643e+02 0.00000000e+00 0.00000000e+00
4.87737195e+03 7.10859699e+02 0.00000000e+00 0.00000000e+00
4.87887198e+03 7.12465298e+02 0.00000000e+00 0.00000000e+00
4.88037202e+03 7.14074451e+02 0.00000000e+00 0.00000000e+00
4.88187206e+03 7.15687171e+02 0.00000000e+00 0.00000000e+00
4.88337210e+03 7.17303471e+02 0.00000000e+00 0.00000000e+00
4.88487213e+03 7.18923363e+02 0.00000000e+00 0.00000000e+00
4.88637217e+03 7.20546860e+02 0.00000000e+00 0.00000000e+00
4.88787221e+03 7.22173975e+02 0.00000000e+00 0.00000000e+00
4.88937225e+03 7.23804720e+02 0.00000000e+00 0.00000000e+00
4.89087228e+03 7.25439107e+02 0.00000000e+00 0.00000000e+00
4.89237232e+03 7.27077152e+02 0.00000000e+00 0.00000000e+00
4.89387236e+03 7.28718865e+02 0.00000000e+00 0.00000000e+00
4.89537240e+03 7.30364260e+02 0.00000000e+00 0.00000000e+00
4.89687243e+03 7.32013351e+02 0.00000000e+00 0.00000000e+00
4.89837247e+03 7.33666150e+02 0.00000000e+00 0.00000000e+00
4.89987251e+03 7.35322671e+02 0.00000000e+00 0.00000000e+00
4.90137255e+03 7.36982927e+02 0.00000000e+00 0.00000000e+00
4.90287258e+03 7.38646932e+02 0.00000000e+00 0.00000000e+00
4.90437262e+03 7.40314699e+02 0.00000000e+00 0.00000000e+00
4.90587266e+03 7.41986242e+02 0.00000000e+00 0.00000000e+00
4.90737270e+03 7.43661574e+02 0.00000000e+00 0.00000000e+00
4.90887273e+03 7.45340709e+02 0.00000000e+00 0.00000000e+00
4.91037277e+03 7.47023661e+02 0.00000000e+00 0.00000000e+00
4.91187281e+03 7.48710443e+02 0.00000000e+00 0.00000000e+00
4.91337285e+03 7.50401070e+02 0.00000000e+00 0.00000000e+00
4.91487288e+03 7.52095556e+02 0.00000000e+00 0.00000000e+00
4.91637292e+03 7.53793915e+02 0.00000000e+00 0.00000000e+00
4.91787296e+03 7.55496161e+02 0.00000000e+00 0.00000000e+00
4.91937300e+03 7.57202308e+02 0.00000000e+00 0.00000000e+00
4.92087303e+03 7.58912370e+02 0.00000000e+00 0.00000000e+00
4.92237307e+03 7.60626363e+02 0.00000000e+00 0.00000000e+00
4.92387311e+03 7.62344300e+02 0.00000000e+00 0.00000000e+00
4.92537315e+03 7.64066196e+02 0.00000000e+00 0.00000000e+00
4.92687318e+03 7.65792066e+02 0.00000000e+00 0.00000000e+00
4.92837322e+03 7.67521924e+02 0.00000000e+00 0.00000000e+00
4.92987326e+03 7.69255786e+02 0.00000000e+00 0.00000000e+00
4.93137330e+03 7.70993666e+02 0.00000000e+00 0.00000000e+00
4.93287333e+03 7.72735580e+02 0.00000000e+00 0.00000000e+00
4.93437337e+03 7.74481541e+02 0.00000000e+00 0.00000000e+00
4.93587341e+03 7.76231566e+02 0.00000000e+00 0.00000000e+00
4.93737345e+03 7.77985670e+02 0.00000000e+00 0.00000000e+00
4.93887348e+03 7.79743868e+02 0.00000000e+00 0.00000000e+00
4.94037352e+03 7.81506176e+02 0.00000000e+00 0.00000000e+00
4.94187356e+03 7.83272608e+02 0.00000000e+00 0.00000000e+00
4.94337360e+03 7.85043181e+02 0.00000000e+00 0.00000000e+00
4.94487363e+03 7.86817911e+02 0.00000000e+00 0.00000000e+00
4.94637367e+03 7.88596812e+02 0.00000000e+00 0.00000000e+00
4.94787371e+03 7.90379902e+02 0.00000000e+00 0.00000000e+00
4.94937375e+03 7.92167195e+02 0.00000000e+00 0.00000000e+00
4.95087378e+03 7.93958708e+02 0.00000000e+00 0.00000000e+00
4.95237382e+03 7.95754458e+02 0.00000000e+00 0.00000000e+00
4.95387386e+03 7.97554460e+02 0.00000000e+00 0.00000000e+00
4.95537390e+03 7.99358730e+02 0.00000000e+00 0.00000000e+00
4.95687393e+03 8.01167286e+02 0.00000000e+00 0.00000000e+00
4.95837397e+03 8.02980143e+02 0.00000000e+00 0.00000000e+00
4.95987401e+03 8.04797318e+02 0.00000000e+00 0.00000000e+00
4.96137405e+03 8.06618828e+02 0.00000000e+00 0.00000000e+00
4.96287408e+03 8.08444690e+02 0.00000000e+00 0.00000000e+00
4.96437412e+03 8.10274921e+02 0.00000000e+00 0.00000000e+00
4.96587416e+03 8.12109537e+02 0.00000000e+00 0.00000000e+00
4.96737420e+03 8.13948556e+02 0.00000000e+00 0.00000000e+00
4.96887423e+03 8.15791995e+02 0.00000000e+00 0.00000000e+00
4.97037427e+03 8.17639871e+02 0.00000000e+00 0.00000000e+00
4.97187431e+03 8.19492202e+02 0.00000000e+00 0.00000000e+00
4.97337435e+03 8.21349004e+02 0.00000000e+00 0.00000000e+00
4.97487438e+03 8.23210297e+02 0.00000000e+00 0.00000000e+00
4.97637442e+03 8.25076097e+02 0.00000000e+00 0.00000000e+00
4.97787446e+03 8.26946422e+02 0.00000000e+00 0.00000000e+00
4.97937450e+03 8.28821290e+02 0.00000000e+00 0.00000000e+00
4.98087453e+03 8.30700720e+02 0.00000000e+00 0.00000000e+00
4.98237457e+03 8.32584729e+02 0.00000000e+00 0.00000000e+00
4.98387461e+03 8.34473335e+02 0.00000000e+00 0.00000000e+00
4.98537465e+03 8.36366557e+02 0.00000000e+00 0.00000000e+00
4.98687468e+03 8.38264414e+02 0.00000000e+00 0.00000000e+00
4.98837472e+03 8.40166923e+02 0.00000000e+00 0.00000000e+00
4.98987476e+03 8.42074104e+02 0.00000000e+00 0.00000000e+00
4.99137480e+03 8.43985975e+02 0.00000000e+00 0.00000000e+00
4.99287483e+03 8.45902556e+02 0.00000000e+00 0.00000000e+00
4.99437487e+03 8.47823865e+02 0.00000000e+00 0.00000000e+00
4.99587491e+03 8.49749921e+02 0.00000000e+00 0.00000000e+00
4.99737495e+03 8.51680744e+02 0.00000000e+00 0.00000000e+00
4.99887498e+03 8.53616352e+02 0.00000000e+00 0.00000000e+00
5.00037502e+03 8.55556767e+02 0.00000000e+00 0.00000000e+00
5.00187506e+03 8.57502006e+02 0.00000000e+00 0.00000000e+00
5.00337510e+03 8.59452090e+02 0.00000000e+00 0.00000000e+00
5.00487513e+03 8.61407038e+02 0.00000000e+00 0.00000000e+00
5.00637517e+03 8.63366871e+02 0.00000000e+00 0.00000000e+00
5.00787521e+03 8.65331609e+02 0.00000000e+00 0.00000000e+00
5.00937525e+03 8.67301271e+02 0.00000000e+00 0.00000000e+00
5.01087528e+03 8.69275878e+02 0.00000000e+00 0.00000000e+00
5.01237532e+03 8.71255451e+02 0.00000000e+00 0.00000000e+00
5.01387536e+03 8.73240010e+02 0.00000000e+00 0.00000000e+00
5.01537540e+03 8.75229575e+02 0.00000000e+00 0.00000000e+00
5.01687543e+03 8.77224168e+02 0.00000000e+00 0.00000000e+00
5.01837547e+03 8.79223810e+02 0.00000000e+00 0.00000000e+00
5.01987551e+03 8.81228521e+02 0.00000000e+00 0.00000000e+00
5.02137555e+03 8.83238323e+02 0.00000000e+00 0.00000000e+00
5.02287558e+03 8.85253237e+02 0.00000000e+00 0.00000000e+00
5.02437562e+03 8.87273284e+02 0.00000000e+00 0.00000000e+00
5.02587566e+03 8.89298486e+02 0.00000000e+00 0.00000000e+00
5.02737570e+03 8.91328866e+02 0.00000000e+00 0.00000000e+00
5.02887573e+03 8.93364444e+02 0.00000000e+00 0.00000000e+00
5.03037577e+03 8.95405242e+02 0.00000000e+00 0.00000000e+00
5.03187581e+03 8.97451284e+02 0.00000000e+00 0.00000000e+00
5.03337585e+03 8.99502591e+02 0.00000000e+00 0.00000000e+00
5.03487588e+03 9.01559185e+02 0.00000000e+00 0.00000000e+00
5.03637592e+03 9.03621089e+02 0.00000000e+00 0.00000000e+00
5.03787596e+03 9.05688326e+02 0.00000000e+00 0.00000000e+00
5.03937600e+03 9.07760918e+02 0.00000000e+00 0.00000000e+00
5.04087603e+03 9.09838889e+02 0.00000000e+00 0.00000000e+00
5.04237607e+03 9.11922262e+02 0.00000000e+00 0.00000000e+00
5.04387611e+03 9.14011060e+02 0.00000000e+00 0.00000000e+00
5.04537615e+03 9.16105306e+02 0.00000000e+00 0.00000000e+00
5.04687618e+03 9.18205024e+02 0.00000000e+00 0.00000000e+00
5.04837622e+03 9.20310237e+02 0.00000000e+00 0.00000000e+00
5.04987626e+03 9.22420971e+02 0.00000000e+00 0.00000000e+00
5.05137630e+03 9.24537247e+02 0.00000000e+00 0.00000000e+00
5.05287633e+03 9.26659091e+02 0.00000000e+00 0.00000000e+00
5.05437637e+03 9.28786528e+02 0.00000000e+00 0.00000000e+00
5.05587641e+03 9.30919581e+02 0.00000000e+00 0.00000000e+00
5.05737645e+03 9.33058275e+02 0.00000000e+00 0.00000000e+00
5.05887648e+03 9.35202634e+02 0.00000000e+00 0.00000000e+00
5.06037652e+03 9.37352685e+02 0.00000000e+00 0.00000000e+00
5.06187656e+03 9.39508452e+02 0.00000000e+00 0.00000000e+00
5.06337660e+03 9.41669960e+02 0.00000000e+00 0.00000000e+00
5.06487663e+03 9.43837234e+02 0.00000000e+00 0.00000000e+00
5.06637667e+03 9.46010301e+02 0.00000000e+00 0.00000000e+00
5.06787671e+03 9.48189186e+02 0.00000000e+00 0.00000000e+00
5.06937675e+03 9.50373915e+02 0.00000000e+00 0.00000000e+00
5.07087678e+03 9.52564514e+02 0.00000000e+00 0.00000000e+00
5.07237682e+03 9.54761010e+02 0.00000000e+00 0.00000000e+00
5.07387686e+03 9.56963428e+02 0.00000000e+00 0.00000000e+00
5.07537690e+03 9.59171796e+02 0.00000000e+00 0.00000000e+00
5.07687693e+03 9.61386140e+02 0.00000000e+00 0.00000000e+00
5.07837697e+03 9.63606487e+02 0.00000000e+00 0.00000000e+00
5.07987701e+03 9.65832865e+02 0.00000000e+00 0.00000000e+00
5.08137705e+03 9.68065300e+02 0.00000000e+00 0.00000000e+00
5.08287708e+03 9.70303820e+02 0.00000000e+00 0.00000000e+00
5.08437712e+03 9.72548454e+02 0.00000000e+00 0.00000000e+00
5.08587716e+03 9.74799228e+02 0.00000000e+00 0.00000000e+00
5.08737720e+03 9.77056170e+02 0.00000000e+00 0.00000000e+00
5.08887723e+03 9.79319310e+02 0.00000000e+00 0.00000000e+00
5.09037727e+03 9.81588676e+02 0.00000000e+00 0.00000000e+00
5.09187731e+03 9.83864295e+02 0.00000000e+00 0.00000000e+00
5.09337735e+03 9.86146198e+02 0.00000000e+00 0.00000000e+00
5.09487738e+03 9.88434412e+02 0.00000000e+00 0.00000000e+00
5.09637742e+03 9.90728967e+02 0.00000000e+00 0.00000000e+00
5.09787746e+03 9.93029893e+02 0.00000000e+00 0.00000000e+00
5.09937750e+03 9.95337219e+02 0.00000000e+00 0.00000000e+00
5.10087753e+03 9.97650975e+02 0.00000000e+00 0.00000000e+00
5.10237757e+03 9.99971190e+02 0.00000000e+00 0.00000000e+00
5.10387761e+03 1.00229790e+03 0.00000000e+00 0.00000000e+00
5.10537765e+03 1.00463112e+03 0.00000000e+00 0.00000000e+00
5.10687768e+03 1.00697090e+03 0.00000000e+00 0.00000000e+00
5.10837772e+03 1.00931726e+03 0.00000000e+00 0.00000000e+00
5.10987776e+03 1.01167023e+03 0.00000000e+00 0.00000000e+00
5.11137780e+03 1.01402985e+03 0.00000000e+00 0.00000000e+00
5.11287783e+03 1.01639614e+03 0.00000000e+00 0.00000000e+00
5.11437787e+03 1.01876914e+03 0.00000000e+00 0.00000000e+00
5.11587791e+03 1.02114888e+03 0.00000000e+00 0.00000000e+00
5.11737795e+03 1.02353538e+03 0.00000000e+00 0.00000000e+00
5.11887798e+03 1.02592870e+03 0.00000000e+00 0.00000000e+00
5.12037802e+03 1.02832885e+03 0.00000000e+00 0.00000000e+00
5.12187806e+03 1.03073586e+03 0.00000000e+00 0.00000000e+00
5.12337810e+03 1.03314978e+03 0.00000000e+00 0.00000000e+00
5.12487813e+03 1.03557064e+03 0.00000000e+00 0.00000000e+00
5.12637817e+03 1.03799846e+03 0.00000000e+00 0.00000000e+00
5.12787821e+03 1.04043329e+03 0.00000000e+00 0.00000000e+00
5.12937825e+03 1.04287515e+03 0.00000000e+00 0.00000000e+00
5.13087828e+03 1.04532408e+03 0.00000000e+00 0.00000000e+00
5.13237832e+03 1.04778012e+03 0.00000000e+00 0.00000000e+00
5.13387836e+03 1.05024329e+03 0.00000000e+00 0.00000000e+00
5.13537840e+03 1.05271364e+03 0.00000000e+00 0.00000000e+00
5.13687843e+03 1.05519120e+03 0.00000000e+00 0.00000000e+00
5.13837847e+03 1.05767601e+03 0.00000000e+00 0.00000000e+00
5.13987851e+03 1.06016809e+03 0.00000000e+00 0.00000000e+00
5.14137855e+03 1.06266749e+03 0.00000000e+00 0.00000000e+00
5.14287858e+03 1.06517425e+03 0.00000000e+00 0.00000000e+00
5.14437862e+03 1.06768839e+03 0.00000000e+00 0.00000000e+00
5.14587866e+03 1.07020996e+03 0.00000000e+00 0.00000000e+00
5.14737870e+03 1.07273899e+03 0.00000000e+00 0.00000000e+00
5.14887873e+03 1.07527552e+03 0.00000000e+00 0.00000000e+00
5.15037877e+03 1.07781958e+03 0.00000000e+00 0.00000000e+00
5.15187881e+03 1.08037122e+03 0.00000000e+00 0.00000000e+00
5.15337885e+03 1.08293048e+03 0.00000000e+00 0.00000000e+00
5.15487888e+03 1.08549738e+03 0.00000000e+00 0.00000000e+00
5.15637892e+03 1.08807197e+03 0.00000000e+00 0.00000000e+00
5.15787896e+03 1.09065430e+03 0.00000000e+00 0.00000000e+00
5.15937900e+03 1.09324439e+03 0.00000000e+00 0.00000000e+00
5.16087903e+03 1.09584228e+03 0.00000000e+00 0.00000000e+00
5.16237907e+03 1.09844802e+03 0.00000000e+00 0.00000000e+00
5.16387911e+03 1.10106165e+03 0.00000000e+00 0.00000000e+00
5.16537915e+03 1.10368321e+03 0.00000000e+00 0.00000000e+00
5.16687918e+03 1.10631273e+03 0.00000000e+00 0.00000000e+00
5.16837922e+03 1.10895026e+03 0.00000000e+00 0.00000000e+00
5.16987926e+03 1.11159584e+03 0.00000000e+00 0.00000000e+00
5.17137930e+03 1.11424951e+03 0.00000000e+00 0.00000000e+00
5.17287933e+03 1.11691131e+03 0.00000000e+00 0.00000000e+00
5.17437937e+03 1.11958129e+03 0.00000000e+00 0.00000000e+00
5.17587941e+03 1.12225948e+03 0.00000000e+00 0.00000000e+00
5.17737945e+03 1.12494593e+03 0.00000000e+00 0.00000000e+00
5.17887948e+03 1.12764069e+03 0.00000000e+00 0.00000000e+00
5.18037952e+03 1.13034379e+03 0.00000000e+00 0.00000000e+00
5.18187956e+03 1.13305527e+03 0.00000000e+00 0.00000000e+00
5.18337960e+03 1.13577520e+03 0.00000000e+00 0.00000000e+00
5.18487963e+03 1.13850360e+03 0.00000000e+00 0.00000000e+00
5.18637967e+03 1.14124052e+03 0.00000000e+00 0.00000000e+00
5.18787971e+03 1.14398601e+03 0.00000000e+00 0.00000000e+00
5.18937975e+03 1.14674011e+03 0.00000000e+00 0.00000000e+00
5.19087978e+03 1.14950287e+03 0.00000000e+00 0.00000000e+00
5.19237982e+03 1.15227433e+03 0.00000000e+00 0.00000000e+00
5.19387986e+03 1.15505454e+03 0.00000000e+00 0.00000000e+00
5.19537990e+03 1.15784355e+03 0.00000000e+00 0.00000000e+00
5.19687993e+03 1.16064140e+03 0.00000000e+00 0.00000000e+00
5.19837997e+03 1.16344815e+03 0.00000000e+00 0.00000000e+00
5.19988001e+03 1.16626383e+03 0.00000000e+00 0.00000000e+00
5.20138005e+03 1.16908850e+03 0.00000000e+00 0.00000000e+00
5.20288009e+03 1.17192221e+03 0.00000000e+00 0.00000000e+00
5.20438012e+03 1.17476500e+03 0.00000000e+00 0.00000000e+00
5.20588016e+03 1.17761693e+03 0.00000000e+00 0.00000000e+00
5.20738020e+03 1.18047804e+03 0.00000000e+00 0.00000000e+00
5.20888024e+03 1.18334838e+03 0.00000000e+00 0.00000000e+00
5.21038027e+03 1.18622801e+03 0.00000000e+00 0.00000000e+00
5.21188031e+03 1.18911697e+03 0.00000000e+00 0.00000000e+00
5.21338035e+03 1.19201531e+03 0.00000000e+00 0.00000000e+00
5.21488039e+03 1.19492310e+03 0.00000000e+00 0.00000000e+00
5.21638042e+03 1.19784037e+03 0.00000000e+00 0.00000000e+00
5.21788046e+03 1.20076719e+03 0.00000000e+00 0.00000000e+00
5.21938050e+03 1.20370359e+03 0.00000000e+00 0.00000000e+00
5.22088054e+03 1.20664965e+03 0.00000000e+00 0.00000000e+00
5.22238057e+03 1.20960541e+03 0.00000000e+00 0.00000000e+00
5.22388061e+03 1.21257092e+03 0.00000000e+00 0.00000000e+00
5.22538065e+03 1.21554625e+03 0.00000000e+00 0.00000000e+00
5.22688069e+03 1.21853144e+03 0.00000000e+00 0.00000000e+00
5.22838072e+03 1.22152654e+03 0.00000000e+00 0.00000000e+00
5.22988076e+03 1.22453163e+03 0.00000000e+00 0.00000000e+00
5.23138080e+03 1.22754675e+03 0.00000000e+00 0.00000000e+00
5.23288084e+03 1.23057195e+03 0.00000000e+00 0.00000000e+00
5.23438087e+03 1.23360730e+03 0.00000000e+00 0.00000000e+00
5.23588091e+03 1.23665286e+03 0.00000000e+00 0.00000000e+00
5.23738095e+03 1.23970867e+03 0.00000000e+00 0.00000000e+00
5.23888099e+03 1.24277481e+03 0.00000000e+00 0.00000000e+00
5.24038102e+03 1.24585133e+03 0.00000000e+00 0.00000000e+00
5.24188106e+03 1.24893828e+03 0.00000000e+00 0.00000000e+00
5.24338110e+03 1.25203573e+03 0.00000000e+00 0.00000000e+00
5.24488114e+03 1.25514374e+03 0.00000000e+00 0.00000000e+00
5.24638117e+03 1.25826238e+03 0.00000000e+00 0.00000000e+00
5.24788121e+03 1.26139169e+03 0.00000000e+00 0.00000000e+00
5.24938125e+03 1.26453175e+03 0.00000000e+00 0.00000000e+00
5.25088129e+03 1.26768261e+03 0.00000000e+00 0.00000000e+00
5.25238132e+03 1.27084434e+03 0.00000000e+00 0.00000000e+00
5.25388136e+03 1.27401700e+03 0.00000000e+00 0.00000000e+00
5.25538140e+03 1.27720066e+03 0.00000000e+00 0.00000000e+00
5.25688144e+03 1.28039538e+03 0.00000000e+00 0.00000000e+00
5.25838147e+03 1.28360123e+03 0.00000000e+00 0.00000000e+00
5.25988151e+03 1.28681827e+03 0.00000000e+00 0.00000000e+00
5.26138155e+03 1.29004656e+03 0.00000000e+00 0.00000000e+00
5.26288159e+03 1.29328618e+03 0.00000000e+00 0.00000000e+00
5.26438162e+03 1.29653719e+03 0.00000000e+00 0.00000000e+00
5.26588166e+03 1.29979966e+03 0.00000000e+00 0.00000000e+00
5.26738170e+03 1.30307366e+03 0.00000000e+00 0.00000000e+00
5.26888174e+03 1.30635925e+03 0.00000000e+00 0.00000000e+00
5.27038177e+03 1.30965651e+03 0.00000000e+00 0.00000000e+00
5.27188181e+03 1.31296551e+03 0.00000000e+00 0.00000000e+00
5.27338185e+03 1.31628632e+03 0.00000000e+00 0.00000000e+00
5.27488189e+03 1.31961900e+03 0.00000000e+00 0.00000000e+00
5.27638192e+03 1.32296363e+03 0.00000000e+00 0.00000000e+00
5.27788196e+03 1.32632029e+03 0.00000000e+00 0.00000000e+00
5.27938200e+03 1.32968904e+03 0.00000000e+00 0.00000000e+00
5.28088204e+03 1.33306996e+03 0.00000000e+00 0.00000000e+00
5.28238207e+03 1.33646313e+03 0.00000000e+00 0.00000000e+00
5.28388211e+03 1.33986862e+03 0.00000000e+00 0.00000000e+00
5.28538215e+03 1.34328650e+03 0.00000000e+00 0.00000000e+00
5.28688219e+03 1.34671685e+03 0.00000000e+00 0.00000000e+00
5.28838222e+03 1.35015976e+03 0.00000000e+00 0.00000000e+00
5.28988226e+03 1.35361528e+03 0.00000000e+00 0.00000000e+00
5.29138230e+03 1.35708352e+03 0.00000000e+00 0.00000000e+00
5.29288234e+03 1.36056453e+03 0.00000000e+00 0.00000000e+00
5.29438237e+03 1.36405842e+03 0.00000000e+00 0.00000000e+00
5.29588241e+03 1.36756524e+03 0.00000000e+00 0.00000000e+00
5.29738245e+03 1.37108509e+03 0.00000000e+00 0.00000000e+00
5.29888249e+03 1.37461805e+03 0.00000000e+00 0.00000000e+00
5.30038252e+03 1.37816420e+03 0.00000000e+00 0.00000000e+00
5.30188256e+03 1.38172362e+03 0.00000000e+00 0.00000000e+00
5.30338260e+03 1.38529639e+03 0.00000000e+00 0.00000000e+00
5.30488264e+03 1.38888261e+03 0.00000000e+00 0.00000000e+00
5.30638267e+03 1.39248236e+03 0.00000000e+00 0.00000000e+00
5.30788271e+03 1.39609572e+03 0.00000000e+00 0.00000000e+00
5.30938275e+03 1.39972278e+03 0.00000000e+00 0.00000000e+00
5.31088279e+03 1.40336364e+03 0.00000000e+00 0.00000000e+00
5.31238282e+03 1.40701837e+03 0.00000000e+00 0.00000000e+00
5.31388286e+03 1.41068706e+03 0.00000000e+00 0.00000000e+00
5.31538290e+03 1.41436982e+03 0.00000000e+00 0.00000000e+00
5.31688294e+03 1.41806672e+03 0.00000000e+00 0.00000000e+00
5.31838297e+03 1.42177786e+03 0.00000000e+00 0.00000000e+00
5.31988301e+03 1.42550334e+03 0.00000000e+00 0.00000000e+00
5.32138305e+03 1.42924324e+03 0.00000000e+00 0.00000000e+00
5.32288309e+03 1.43299767e+03 0.00000000e+00 0.00000000e+00
5.32438312e+03 1.43676671e+03 0.00000000e+00 0.00000000e+00
5.32588316e+03 1.44055047e+03 0.00000000e+00 0.00000000e+00
5.32738320e+03 1.44434904e+03 0.00000000e+00 0.00000000e+00
5.32888324e+03 1.44816251e+03 0.00000000e+00 0.00000000e+00
5.33038327e+03 1.45199099e+03 0.00000000e+00 0.00000000e+00
5.33188331e+03 1.45583458e+03 0.00000000e+00 0.00000000e+00
5.33338335e+03 1.45969338e+03 0.00000000e+00 0.00000000e+00
5.33488339e+03 1.46356748e+03 0.00000000e+00 0.00000000e+00
5.33638342e+03 1.46745700e+03 0.00000000e+00 0.00000000e+00
5.33788346e+03 1.47136204e+03 0.00000000e+00 0.00000000e+00
5.33938350e+03 1.47528269e+03 0.00000000e+00 0.00000000e+00
5.34088354e+03 1.47921908e+03 0.00000000e+00 0.00000000e+00
5.34238357e+03 1.48317129e+03 0.00000000e+00 0.00000000e+00
5.34388361e+03 1.48713944e+03 0.00000000e+00 0.00000000e+00
5.34538365e+03 1.49112365e+03 0.00000000e+00 0.00000000e+00
5.34688369e+03 1.49512401e+03 0.00000000e+00 0.00000000e+00
5.34838372e+03 1.49914064e+03 0.00000000e+00 0.00000000e+00
5.34988376e+03 1.50317366e+03 0.00000000e+00 0.00000000e+00
5.35138380e+03 1.50722316e+03 0.00000000e+00 0.00000000e+00
5.35288384e+03 1.51128928e+03 0.00000000e+00 0.00000000e+00
5.35438387e+03 1.51537211e+03 0.00000000e+00 0.00000000e+00
5.35588391e+03 1.51947179e+03 0.00000000e+00 0.00000000e+00
5.35738395e+03 1.52358842e+03 0.00000000e+00 0.00000000e+00
5.35888399e+03 1.52772213e+03 0.00000000e+00 0.00000000e+00
5.36038402e+03 1.53187303e+03 0.00000000e+00 0.00000000e+00
5.36188406e+03 1.53604125e+03 0.00000000e+00 0.00000000e+00
5.36338410e+03 1.54022690e+03 0.00000000e+00 0.00000000e+00
5.36488414e+03 1.54443012e+03 0.00000000e+00 0.00000000e+00
5.36638417e+03 1.54865101e+03 0.00000000e+00 0.00000000e+00
5.36788421e+03 1.55288972e+03 0.00000000e+00 0.00000000e+00
5.36938425e+03 1.55714636e+03 0.00000000e+00 0.00000000e+00
5.37088429e+03 1.56142107e+03 0.00000000e+00 0.00000000e+00
5.37238432e+03 1.56571397e+03 0.00000000e+00 0.00000000e+00
5.37388436e+03 1.57002520e+03 0.00000000e+00 0.00000000e+00
5.37538440e+03 1.57435488e+03 0.00000000e+00 0.00000000e+00
5.37688444e+03 1.57870316e+03 0.00000000e+00 0.00000000e+00
5.37838447e+03 1.58307015e+03 0.00000000e+00 0.00000000e+00
5.37988451e+03 1.58745601e+03 0.00000000e+00 0.00000000e+00
5.38138455e+03 1.59186086e+03 0.00000000e+00 0.00000000e+00
5.38288459e+03 1.59628485e+03 0.00000000e+00 0.00000000e+00
5.38438462e+03 1.60072812e+03 0.00000000e+00 0.00000000e+00
5.38588466e+03 1.60519080e+03 0.00000000e+00 0.00000000e+00
5.38738470e+03 1.60967304e+03 0.00000000e+00 0.00000000e+00
5.38888474e+03 1.61417499e+03 0.00000000e+00 0.00000000e+00
5.39038477e+03 1.61869679e+03 0.00000000e+00 0.00000000e+00
5.39188481e+03 1.62323858e+03 0.00000000e+00 0.00000000e+00
5.39338485e+03 1.62780053e+03 0.00000000e+00 0.00000000e+00
5.39488489e+03 1.63238277e+03 0.00000000e+00 0.00000000e+00
5.39638492e+03 1.63698546e+03 0.00000000e+00 0.00000000e+00
5.39788496e+03 1.64160875e+03 0.00000000e+00 0.00000000e+00
5.39938500e+03 1.64625280e+03 0.00000000e+00 0.00000000e+00
5.40088504e+03 1.65091777e+03 0.00000000e+00 0.00000000e+00
5.40238507e+03 1.65560381e+03 0.00000000e+00 0.00000000e+00
5.40388511e+03 1.66031108e+03 0.00000000e+00 0.00000000e+00
5.40538515e+03 1.66503975e+03 0.00000000e+00 0.00000000e+00
5.40688519e+03 1.66978998e+03 0.00000000e+00 0.00000000e+00
5.40838522e+03 1.67456193e+03 0.00000000e+00 0.00000000e+00
5.40988526e+03 1.67935577e+03 0.00000000e+00 0.00000000e+00
5.41138530e+03 1.68417167e+03 0.00000000e+00 0.00000000e+00
5.41288534e+03 1.68900981e+03 0.00000000e+00 0.00000000e+00
5.41438537e+03 1.69387034e+03 0.00000000e+00 0.00000000e+00
5.41588541e+03 1.69875345e+03 0.00000000e+00 0.00000000e+00
5.41738545e+03 1.70365932e+03 0.00000000e+00 0.00000000e+00
5.41888549e+03 1.70858812e+03 0.00000000e+00 0.00000000e+00
5.42038552e+03 1.71354003e+03 0.00000000e+00 0.00000000e+00
5.42188556e+03 1.71851523e+03 0.00000000e+00 0.00000000e+00
5.42338560e+03 1.72351391e+03 0.00000000e+00 0.00000000e+00
5.42488564e+03 1.72853625e+03 0.00000000e+00 0.00000000e+00
5.42638567e+03 1.73358245e+03 0.00000000e+00 0.00000000e+00
5.42788571e+03 1.73865268e+03 0.00000000e+00 0.00000000e+00
5.42938575e+03 1.74374715e+03 0.00000000e+00 0.00000000e+00
5.43088579e+03 1.74886605e+03 0.00000000e+00 0.00000000e+00
5.43238582e+03 1.75400957e+03 0.00000000e+00 0.00000000e+00
5.43388586e+03 1.75917791e+03 0.00000000e+00 0.00000000e+00
5.43538590e+03 1.76437128e+03 0.00000000e+00 0.00000000e+00
5.43688594e+03 1.76958987e+03 0.00000000e+00 0.00000000e+00
5.43838597e+03 1.77483390e+03 0.00000000e+00 0.00000000e+00
5.43988601e+03 1.78010356e+03 0.00000000e+00 0.00000000e+00
5.44138605e+03 1.78539908e+03 0.00000000e+00 0.00000000e+00
5.44288609e+03 1.79072065e+03 0.00000000e+00 0.00000000e+00
5.44438612e+03 1.79606850e+03 0.00000000e+00 0.00000000e+00
5.44588616e+03 1.80144285e+03 0.00000000e+00 0.00000000e+00
5.44738620e+03 1.80684391e+03 0.00000000e+00 0.00000000e+00
5.44888624e+03 1.81227191e+03 0.00000000e+00 0.00000000e+00
5.45038627e+03 1.81772707e+03 0.00000000e+00 0.00000000e+00
5.45188631e+03 1.82320961e+03 0.00000000e+00 0.00000000e+00
5.45338635e+03 1.82871978e+03 0.00000000e+00 0.00000000e+00
5.45488639e+03 1.83425779e+03 0.00000000e+00 0.00000000e+00
5.45638642e+03 1.83982389e+03 0.00000000e+00 0.00000000e+00
5.45788646e+03 1.84541832e+03 0.00000000e+00 0.00000000e+00
5.45938650e+03 1.85104131e+03 0.00000000e+00 0.00000000e+00
5.46088654e+03 1.85669310e+03 0.00000000e+00 0.00000000e+00
5.46238657e+03 1.86237396e+03 0.00000000e+00 0.00000000e+00
5.46388661e+03 1.86808412e+03 0.00000000e+00 0.00000000e+00
5.46538665e+03 1.87382384e+03 0.00000000e+00 0.00000000e+00
5.46688669e+03 1.87959337e+03 0.00000000e+00 0.00000000e+00
5.46838672e+03 1.88539297e+03 0.00000000e+00 0.00000000e+00
5.46988676e+03 1.89122291e+03 0.00000000e+00 0.00000000e+00
5.47138680e+03 1.89708344e+03 0.00000000e+00 0.00000000e+00
5.47288684e+03 1.90297484e+03 0.00000000e+00 0.00000000e+00
5.47438687e+03 1.90889738e+03 0.00000000e+00 0.00000000e+00
5.47588691e+03 1.91485133e+03 0.00000000e+00 0.00000000e+00
5.47738695e+03 1.92083697e+03 0.00000000e+00 0.00000000e+00
5.47888699e+03 1.92685457e+03 0.00000000e+00 0.00000000e+00
5.48038702e+03 1.93290444e+03 0.00000000e+00 0.00000000e+00
5.48188706e+03 1.93898685e+03 0.00000000e+00 0.00000000e+00
5.48338710e+03 1.94510209e+03 0.00000000e+00 0.00000000e+00
5.48488714e+03 1.95125046e+03 0.00000000e+00 0.00000000e+00
5.48638717e+03 1.95743227e+03 0.00000000e+00 0.00000000e+00
5.48788721e+03 1.96364780e+03 0.00000000e+00 0.00000000e+00
5.48938725e+03 1.96989737e+03 0.00000000e+00 0.00000000e+00
5.49088729e+03 1.97618129e+03 0.00000000e+00 0.00000000e+00
5.49238732e+03 1.98249988e+03 0.00000000e+00 0.00000000e+00
5.49388736e+03 1.98885344e+03 0.00000000e+00 0.00000000e+00
5.49538740e+03 1.99524231e+03 0.00000000e+00 0.00000000e+00
5.49688744e+03 2.00166681e+03 0.00000000e+00 0.00000000e+00
5.49838747e+03 2.00812726e+03 0.00000000e+00 0.00000000e+00
5.49988751e+03 2.01462401e+03 0.00000000e+00 0.00000000e+00
5.50138755e+03 2.02115740e+03 0.00000000e+00 0.00000000e+00
5.50288759e+03 2.02772775e+03 0.00000000e+00 0.00000000e+00
5.50438762e+03 2.03433544e+03 0.00000000e+00 0.00000000e+00
5.50588766e+03 2.04098079e+03 0.00000000e+00 0.00000000e+00
5.50738770e+03 2.04766418e+03 0.00000000e+00 0.00000000e+00
5.50888774e+03 2.05438597e+03 0.00000000e+00 0.00000000e+00
5.51038777e+03 2.06114651e+03 0.00000000e+00 0.00000000e+00
5.51188781e+03 2.06794618e+03 0.00000000e+00 0.00000000e+00
5.51338785e+03 2.07478536e+03 0.00000000e+00 0.00000000e+00
5.51488789e+03 2.08166443e+03 0.00000000e+00 0.00000000e+00
5.51638792e+03 2.08858377e+03 0.00000000e+00 0.00000000e+00
5.51788796e+03 2.09554377e+03 0.00000000e+00 0.00000000e+00
5.51938800e+03 2.10254483e+03 0.00000000e+00 0.00000000e+00
5.52088804e+03 2.10958735e+03 0.00000000e+00 0.00000000e+00
5.52238807e+03 2.11667174e+03 0.00000000e+00 0.00000000e+00
5.52388811e+03 2.12379840e+03 0.00000000e+00 0.00000000e+00
5.52538815e+03 2.13096777e+03 0.00000000e+00 0.00000000e+00
5.52688819e+03 2.13818025e+03 0.00000000e+00 0.00000000e+00
5.52838822e+03 2.14543628e+03 0.00000000e+00 0.00000000e+00
5.52988826e+03 2.15273630e+03 0.00000000e+00 0.00000000e+00
5.53138830e+03 2.16008075e+03 0.00000000e+00 0.00000000e+00
5.53288834e+03 2.16747006e+03 0.00000000e+00 0.00000000e+00
5.53438837e+03 2.17490471e+03 0.00000000e+00 0.00000000e+00
5.53588841e+03 2.18238513e+03 0.00000000e+00 0.00000000e+00
5.53738845e+03 2.18991181e+03 0.00000000e+00 0.00000000e+00
5.53888849e+03 2.19748521e+03 0.00000000e+00 0.00000000e+00
5.54038852e+03 2.20510582e+03 0.00000000e+00 0.00000000e+00
5.54188856e+03 2.21277411e+03 0.00000000e+00 0.00000000e+00
5.54338860e+03 2.22049059e+03 0.00000000e+00 0.00000000e+00
5.54488864e+03 2.22825574e+03 0.00000000e+00 0.00000000e+00
5.54638867e+03 2.23607009e+03 0.00000000e+00 0.00000000e+00
5.54788871e+03 2.24393413e+03 0.00000000e+00 0.00000000e+00
5.54938875e+03 2.25184840e+03 0.00000000e+00 0.00000000e+00
5.55088879e+03 2.25981341e+03 0.00000000e+00 0.00000000e+00
5.55238882e+03 2.26782972e+03 0.00000000e+00 0.00000000e+00
5.55388886e+03 2.27589786e+03 0.00000000e+00 0.00000000e+00
5.55538890e+03 2.28401838e+03 0.00000000e+00 0.00000000e+00
5.55688894e+03 2.29219184e+03 0.00000000e+00 0.00000000e+00
5.55838897e+03 2.30041882e+03 0.00000000e+00 0.00000000e+00
5.55988901e+03 2.30869989e+03 0.00000000e+00 0.00000000e+00
5.56138905e+03 2.31703563e+03 0.00000000e+00 0.00000000e+00
5.56288909e+03 2.32542664e+03 0.00000000e+00 0.00000000e+00
5.56438912e+03 2.33387352e+03 0.00000000e+00 0.00000000e+00
5.56588916e+03 2.34237688e+03 0.00000000e+00 0.00000000e+00
5.56738920e+03 2.35093735e+03 0.00000000e+00 0.00000000e+00
5.56888924e+03 2.35955555e+03 0.00000000e+00 0.00000000e+00
5.57038927e+03 2.36823212e+03 0.00000000e+00 0.00000000e+00
5.57188931e+03 2.37696772e+03 0.00000000e+00 0.00000000e+00
5.57338935e+03 2.38576300e+03 0.00000000e+00 0.00000000e+00
5.57488939e+03 2.39461863e+03 0.00000000e+00 0.00000000e+00
5.57638942e+03 2.40353529e+03 0.00000000e+00 0.00000000e+00
5.57788946e+03 2.41251368e+03 0.00000000e+00 0.00000000e+00
5.57938950e+03 2.42155449e+03 0.00000000e+00 0.00000000e+00
5.58088954e+03 2.43065843e+03 0.00000000e+00 0.00000000e+00
5.58238957e+03 2.43982623e+03 0.00000000e+00 0.00000000e+00
5.58388961e+03 2.44905862e+03 0.00000000e+00 0.00000000e+00
5.58538965e+03 2.45835635e+03 0.00000000e+00 0.00000000e+00
5.58688969e+03 2.46772017e+03 0.00000000e+00 0.00000000e+00
5.58838972e+03 2.47715085e+03 0.00000000e+00 0.00000000e+00
5.58988976e+03 2.48664919e+03 0.00000000e+00 0.00000000e+00
5.59138980e+03 2.49621596e+03 0.00000000e+00 0.00000000e+00
5.59288984e+03 2.50585198e+03 0.00000000e+00 0.00000000e+00
5.59438987e+03 2.51555806e+03 0.00000000e+00 0.00000000e+00
5.59588991e+03 2.52533505e+03 0.00000000e+00 0.00000000e+00
5.59738995e+03 2.53518379e+03 0.00000000e+00 0.00000000e+00
5.59888999e+03 2.54510513e+03 0.00000000e+00 0.00000000e+00
5.60039002e+03 2.55509996e+03 0.00000000e+00 0.00000000e+00
5.60189006e+03 2.56516915e+03 0.00000000e+00 0.00000000e+00
5.60339010e+03 2.57531363e+03 0.00000000e+00 0.00000000e+00
5.60489014e+03 2.58553429e+03 0.00000000e+00 0.00000000e+00
5.60639017e+03 2.59583209e+03 0.00000000e+00 0.00000000e+00
5.60789021e+03 2.60620797e+03 0.00000000e+00 0.00000000e+00
5.60939025e+03 2.61666289e+03 0.00000000e+00 0.00000000e+00
5.61089029e+03 2.62719784e+03 0.00000000e+00 0.00000000e+00
5.61239032e+03 2.63781381e+03 0.00000000e+00 0.00000000e+00
5.61389036e+03 2.64851183e+03 0.00000000e+00 0.00000000e+00
5.61539040e+03 2.65929292e+03 0.00000000e+00 0.00000000e+00
5.61689044e+03 2.67015814e+03 0.00000000e+00 0.00000000e+00
5.61839047e+03 2.68110855e+03 0.00000000e+00 0.00000000e+00
5.61989051e+03 2.69214524e+03 0.00000000e+00 0.00000000e+00
5.62139055e+03 2.70326933e+03 0.00000000e+00 0.00000000e+00
5.62289059e+03 2.71448193e+03 0.00000000e+00 0.00000000e+00
5.62439062e+03 2.72578419e+03 0.00000000e+00 0.00000000e+00
5.62589066e+03 2.73717729e+03 0.00000000e+00 0.00000000e+00
5.62739070e+03 2.74866239e+03 0.00000000e+00 0.00000000e+00
5.62889074e+03 2.76024072e+03 0.00000000e+00 0.00000000e+00
5.63039077e+03 2.77191351e+03 0.00000000e+00 0.00000000e+00
5.63189081e+03 2.78368200e+03 0.00000000e+00 0.00000000e+00
5.63339085e+03 2.79554746e+03 0.00000000e+00 0.00000000e+00
5.63489089e+03 2.80751121e+03 0.00000000e+00 0.00000000e+00
5.63639092e+03 2.81957455e+03 0.00000000e+00 0.00000000e+00
5.63789096e+03 2.83173884e+03 0.00000000e+00 0.00000000e+00
5.63939100e+03 2.84400545e+03 0.00000000e+00 0.00000000e+00
5.64089104e+03 2.85637576e+03 0.00000000e+00 0.00000000e+00
5.64239107e+03 2.86885121e+03 0.00000000e+00 0.00000000e+00
5.64389111e+03 2.88143323e+03 0.00000000e+00 0.00000000e+00
5.64539115e+03 2.89412332e+03 0.00000000e+00 0.00000000e+00
5.64689119e+03 2.90692296e+03 0.00000000e+00 0.00000000e+00
5.64839122e+03 2.91983370e+03 0.00000000e+00 0.00000000e+00
5.64989126e+03 2.93285709e+03 0.00000000e+00 0.00000000e+00
5.65139130e+03 2.94599472e+03 0.00000000e+00 0.00000000e+00
5.65289134e+03 2.95924823e+03 0.00000000e+00 0.00000000e+00
5.65439137e+03 2.97261925e+03 0.00000000e+00 0.00000000e+00
5.65589141e+03 2.98610948e+03 0.00000000e+00 0.00000000e+00
5.65739145e+03 2.99972063e+03 0.00000000e+00 0.00000000e+00
5.65889149e+03 3.01345446e+03 0.00000000e+00 0.00000000e+00
5.66039152e+03 3.02731275e+03 0.00000000e+00 0.00000000e+00
5.66189156e+03 3.04129733e+03 0.00000000e+00 0.00000000e+00
5.66339160e+03 3.05541006e+03 0.00000000e+00 0.00000000e+00
5.66489164e+03 3.06965282e+03 0.00000000e+00 0.00000000e+00
5.66639167e+03 3.08402757e+03 0.00000000e+00 0.00000000e+00
5.66789171e+03 3.09853626e+03 0.00000000e+00 0.00000000e+00
5.66939175e+03 3.11318091e+03 0.00000000e+00 0.00000000e+00
5.67089179e+03 3.12796358e+03 0.00000000e+00 0.00000000e+00
5.67239182e+03 3.14288637e+03 0.00000000e+00 0.00000000e+00
5.67389186e+03 3.15795142e+03 0.00000000e+00 0.00000000e+00
5.67539190e+03 3.17316091e+03 0.00000000e+00 0.00000000e+00
5.67689194e+03 3.18851707e+03 0.00000000e+00 0.00000000e+00
5.67839197e+03 3.20402219e+03 0.00000000e+00 0.00000000e+00
5.67989201e+03 3.21967859e+03 0.00000000e+00 0.00000000e+00
5.68139205e+03 3.23548864e+03 0.00000000e+00 0.00000000e+00
5.68289209e+03 3.25145477e+03 0.00000000e+00 0.00000000e+00
5.68439212e+03 3.26757947e+03 0.00000000e+00 0.00000000e+00
5.68589216e+03 3.28386527e+03 0.00000000e+00 0.00000000e+00
5.68739220e+03 3.30031475e+03 0.00000000e+00 0.00000000e+00
5.68889224e+03 3.31693056e+03 0.00000000e+00 0.00000000e+00
5.69039227e+03 3.33371540e+03 0.00000000e+00 0.00000000e+00
5.69189231e+03 3.35067204e+03 0.00000000e+00 0.00000000e+00
5.69339235e+03 3.36780330e+03 0.00000000e+00 0.00000000e+00
5.69489239e+03 3.38511207e+03 0.00000000e+00 0.00000000e+00
5.69639242e+03 3.40260130e+03 0.00000000e+00 0.00000000e+00
5.69789246e+03 3.42027402e+03 0.00000000e+00 0.00000000e+00
5.69939250e+03 3.43813331e+03 0.00000000e+00 0.00000000e+00
5.70089254e+03 3.45618233e+03 0.00000000e+00 0.00000000e+00
5.70239257e+03 3.47442432e+03 0.00000000e+00 0.00000000e+00
5.70389261e+03 3.49286258e+03 0.00000000e+00 0.00000000e+00
5.70539265e+03 3.51150051e+03 0.00000000e+00 0.00000000e+00
5.70689269e+03 3.53034156e+03 0.00000000e+00 0.00000000e+00
5.70839272e+03 3.54938928e+03 0.00000000e+00 0.00000000e+00
5.70989276e+03 3.56864731e+03 0.00000000e+00 0.00000000e+00
5.71139280e+03 3.58811937e+03 0.00000000e+00 0.00000000e+00
5.71289284e+03 3.60780926e+03 0.00000000e+00 0.00000000e+00
5.71439287e+03 3.62772088e+03 0.00000000e+00 0.00000000e+00
5.71589291e+03 3.64785823e+03 0.00000000e+00 0.00000000e+00
5.71739295e+03 3.66822541e+03 0.00000000e+00 0.00000000e+00
5.71889299e+03 3.68882661e+03 0.00000000e+00 0.00000000e+00
5.72039302e+03 3.70966614e+03 0.00000000e+00 0.00000000e+00
5.72189306e+03 3.73074839e+03 0.00000000e+00 0.00000000e+00
5.72339310e+03 3.75207790e+03 0.00000000e+00 0.00000000e+00
5.72489314e+03 3.77365928e+03 0.00000000e+00 0.00000000e+00
5.72639317e+03 3.79549731e+03 0.00000000e+00 0.00000000e+00
5.72789321e+03 3.81759685e+03 0.00000000e+00 0.00000000e+00
5.72939325e+03 3.83996290e+03 0.00000000e+00 0.00000000e+00
5.73089329e+03 3.86260060e+03 0.00000000e+00 0.00000000e+00
5.73239332e+03 3.88551521e+03 0.00000000e+00 0.00000000e+00
5.73389336e+03 3.90871214e+03 0.00000000e+00 0.00000000e+00
5.73539340e+03 3.93219694e+03 0.00000000e+00 0.00000000e+00
5.73689344e+03 3.95597531e+03 0.00000000e+00 0.00000000e+00
5.73839347e+03 3.98005310e+03 0.00000000e+00 0.00000000e+00
5.73989351e+03 4.00443632e+03 0.00000000e+00 0.00000000e+00
5.74139355e+03 4.02913116e+03 0.00000000e+00 0.00000000e+00
5.74289359e+03 4.05414396e+03 0.00000000e+00 0.00000000e+00
5.74439362e+03 4.07948124e+03 0.00000000e+00 0.00000000e+00
5.74589366e+03 4.10514972e+03 0.00000000e+00 0.00000000e+00
5.74739370e+03 4.13115628e+03 0.00000000e+00 0.00000000e+00
5.74889374e+03 4.15750803e+03 0.00000000e+00 0.00000000e+00
5.75039377e+03 4.18421225e+03 0.00000000e+00 0.00000000e+00
5.75189381e+03 4.21127646e+03 0.00000000e+00 0.00000000e+00
5.75339385e+03 4.23870837e+03 0.00000000e+00 0.00000000e+00
5.75489389e+03 4.26651595e+03 0.00000000e+00 0.00000000e+00
5.75639392e+03 4.29470737e+03 0.00000000e+00 0.00000000e+00
5.75789396e+03 4.32329107e+03 0.00000000e+00 0.00000000e+00
5.75939400e+03 4.35227574e+03 0.00000000e+00 0.00000000e+00
5.76089404e+03 4.38167031e+03 0.00000000e+00 0.00000000e+00
5.76239407e+03 4.41148400e+03 0.00000000e+00 0.00000000e+00
5.76389411e+03 4.44172632e+03 0.00000000e+00 0.00000000e+00
5.76539415e+03 4.47240707e+03 0.00000000e+00 0.00000000e+00
5.76689419e+03 4.50353634e+03 0.00000000e+00 0.00000000e+00
5.76839422e+03 4.53512457e+03 0.00000000e+00 0.00000000e+00
5.76989426e+03 4.56718249e+03 0.00000000e+00 0.00000000e+00
5.77139430e+03 4.59972122e+03 0.00000000e+00 0.00000000e+00
5.77289434e+03 4.63275219e+03 0.00000000e+00 0.00000000e+00
5.77439437e+03 4.66628726e+03 0.00000000e+00 0.00000000e+00
5.77589441e+03 4.70033862e+03 0.00000000e+00 0.00000000e+00
5.77739445e+03 4.73491892e+03 0.00000000e+00 0.00000000e+00
5.77889449e+03 4.77004118e+03 0.00000000e+00 0.00000000e+00
5.78039452e+03 4.80571891e+03 0.00000000e+00 0.00000000e+00
5.78189456e+03 4.84196604e+03 0.00000000e+00 0.00000000e+00
5.78339460e+03 4.87879701e+03 0.00000000e+00 0.00000000e+00
5.78489464e+03 4.91622674e+03 0.00000000e+00 0.00000000e+00
5.78639467e+03 4.95427068e+03 0.00000000e+00 0.00000000e+00
5.78789471e+03 4.99294483e+03 0.00000000e+00 0.00000000e+00
5.78939475e+03 5.03226576e+03 0.00000000e+00 0.00000000e+00
5.79089479e+03 5.07225062e+03 0.00000000e+00 0.00000000e+00
5.79239482e+03 5.11291722e+03 0.00000000e+00 0.00000000e+00
5.79389486e+03 5.15428400e+03 0.00000000e+00 0.00000000e+00
5.79539490e+03 5.19637008e+03 0.00000000e+00 0.00000000e+00
5.79689494e+03 5.23919531e+03 0.00000000e+00 0.00000000e+00
5.79839497e+03 5.28278029e+03 0.00000000e+00 0.00000000e+00
5.79989501e+03 5.32714640e+03 0.00000000e+00 0.00000000e+00
5.80139505e+03 5.37231586e+03 0.00000000e+00 0.00000000e+00
5.80289509e+03 5.41831174e+03 0.00000000e+00 0.00000000e+00
5.80439512e+03 5.46515804e+03 0.00000000e+00 0.00000000e+00
5.80589516e+03 5.51287970e+03 0.00000000e+00 0.00000000e+00
5.80739520e+03 5.56150269e+03 0.00000000e+00 0.00000000e+00
5.80889524e+03 5.61105400e+03 0.00000000e+00 0.00000000e+00
5.81039527e+03 5.66156178e+03 0.00000000e+00 0.00000000e+00
5.81189531e+03 5.71305532e+03 0.00000000e+00 0.00000000e+00
5.81339535e+03 5.76556516e+03 0.00000000e+00 0.00000000e+00
5.81489539e+03 5.81912313e+03 0.00000000e+00 0.00000000e+00
5.81639542e+03 5.87376245e+03 0.00000000e+00 0.00000000e+00
5.81789546e+03 5.92951777e+03 0.00000000e+00 0.00000000e+00
5.81939550e+03 5.98642530e+03 0.00000000e+00 0.00000000e+00
5.82089554e+03 6.04452285e+03 0.00000000e+00 0.00000000e+00
5.82239557e+03 6.10384994e+03 0.00000000e+00 0.00000000e+00
5.82389561e+03 6.16444790e+03 0.00000000e+00 0.00000000e+00
5.82539565e+03 6.22636000e+03 0.00000000e+00 0.00000000e+00
5.82689569e+03 6.28963151e+03 0.00000000e+00 0.00000000e+00
5.82839572e+03 6.35430990e+03 0.00000000e+00 0.00000000e+00
5.82989576e+03 6.42044488e+03 0.00000000e+00 0.00000000e+00
5.83139580e+03 6.48808862e+03 0.00000000e+00 0.00000000e+00
5.83289584e+03 6.55729589e+03 0.00000000e+00 0.00000000e+00
5.83439587e+03 6.62812416e+03 0.00000000e+00 0.00000000e+00
5.83589591e+03 6.70063388e+03 0.00000000e+00 0.00000000e+00
5.83739595e+03 6.77488860e+03 0.00000000e+00 0.00000000e+00
5.83889599e+03 6.85095520e+03 0.00000000e+00 0.00000000e+00
5.84039602e+03 6.92890412e+03 0.00000000e+00 0.00000000e+00
5.84189606e+03 7.00880960e+03 0.00000000e+00 0.00000000e+00
5.84339610e+03 7.09074995e+03 0.00000000e+00 0.00000000e+00
5.84489614e+03 7.17480783e+03 0.00000000e+00 0.00000000e+00
5.84639617e+03 7.26107059e+03 0.00000000e+00 0.00000000e+00
5.84789621e+03 7.34963057e+03 0.00000000e+00 0.00000000e+00
5.84939625e+03 7.44058550e+03 0.00000000e+00 0.00000000e+00
5.85089629e+03 7.53403889e+03 0.00000000e+00 0.00000000e+00
5.85239632e+03 7.63010050e+03 0.00000000e+00 0.00000000e+00
5.85389636e+03 7.72888677e+03 0.00000000e+00 0.00000000e+00
5.85539640e+03 7.83052137e+03 0.00000000e+00 0.00000000e+00
5.85689644e+03 7.93513577e+03 0.00000000e+00 0.00000000e+00
5.85839647e+03 8.04286988e+03 0.00000000e+00 0.00000000e+00
5.85989651e+03 8.15387267e+03 0.00000000e+00 0.00000000e+00
5.86139655e+03 8.26830303e+03 0.00000000e+00 0.00000000e+00
5.86289659e+03 8.38633052e+03 0.00000000e+00 0.00000000e+00
5.86439662e+03 8.50813636e+03 0.00000000e+00 0.00000000e+00
5.86589666e+03 8.63391452e+03 0.00000000e+00 0.00000000e+00
5.86739670e+03 8.76387290e+03 0.00000000e+00 0.00000000e+00
5.86889674e+03 8.89823486e+03 0.00000000e+00 0.00000000e+00
5.87039677e+03 9.03724082e+03 0.00000000e+00 0.00000000e+00
5.87189681e+03 9.18115036e+03 0.00000000e+00 0.00000000e+00
5.87339685e+03 9.33024458e+03 0.00000000e+00 0.00000000e+00
5.87489689e+03 9.48482900e+03 0.00000000e+00 0.00000000e+00
5.87639692e+03 9.64523695e+03 0.00000000e+00 0.00000000e+00
5.87789696e+03 9.81183355e+03 0.00000000e+00 0.00000000e+00
5.87939700e+03 9.98502027e+03 0.00000000e+00 0.00000000e+00
5.88089704e+03 1.01652399e+04 0.00000000e+00 0.00000000e+00
5.88239707e+03 1.03529817e+04 0.00000000e+00 0.00000000e+00
5.88389711e+03 1.05487867e+04 0.00000000e+00 0.00000000e+00
5.88539715e+03 1.07532514e+04 0.00000000e+00 0.00000000e+00
5.88689719e+03 1.09670305e+04 0.00000000e+00 0.00000000e+00
5.88839722e+03 1.11908353e+04 0.00000000e+00 0.00000000e+00
5.88989726e+03 1.14254281e+04 0.00000000e+00 0.00000000e+00
5.89139730e+03 1.16716088e+04 0.00000000e+00 0.00000000e+00
5.89289734e+03 1.19301923e+04 0.00000000e+00 0.00000000e+00
5.89439737e+03 1.22019760e+04 0.00000000e+00 0.00000000e+00
5.89589741e+03 1.24876944e+04 0.00000000e+00 0.00000000e+00
5.89739745e+03 1.27879658e+04 0.00000000e+00 0.00000000e+00
5.89889749e+03 1.31032340e+04 0.00000000e+00 0.00000000e+00
5.90039752e+03 1.34337189e+04 0.00000000e+00 0.00000000e+00
5.90189756e+03 1.37793970e+04 0.00000000e+00 0.00000000e+00
5.90339760e+03 1.41400457e+04 0.00000000e+00 0.00000000e+00
5.90489764e+03 1.45154019e+04 0.00000000e+00 0.00000000e+00
5.90639767e+03 1.49055050e+04 0.00000000e+00 0.00000000e+00
5.90789771e+03 1.53113165e+04 0.00000000e+00 0.00000000e+00
5.90939775e+03 1.57357256e+04 0.00000000e+00 0.00000000e+00
5.91089779e+03 1.61850689e+04 0.00000000e+00 0.00000000e+00
5.91239782e+03 1.66712834e+04 0.00000000e+00 0.00000000e+00
5.91389786e+03 1.72147846e+04 0.00000000e+00 0.00000000e+00
5.91539790e+03 1.78480831e+04 0.00000000e+00 0.00000000e+00
5.91689794e+03 1.86199999e+04 0.00000000e+00 0.00000000e+00
5.91839797e+03 1.96000982e+04 0.00000000e+00 0.00000000e+00
5.91989801e+03 2.08825680e+04 0.00000000e+00 0.00000000e+00
5.92139805e+03 2.25882636e+04 0.00000000e+00 0.00000000e+00
5.92289809e+03 2.48628823e+04 0.00000000e+00 0.00000000e+00
5.92439812e+03 2.78683845e+04 0.00000000e+00 0.00000000e+00
5.92589816e+03 3.17637428e+04 0.00000000e+00 0.00000000e+00
5.92739820e+03 3.66700897e+04 0.00000000e+00 0.00000000e+00
5.92889824e+03 4.26145394e+04 0.00000000e+00 0.00000000e+00
5.93039827e+03 4.94468339e+04 0.00000000e+00 0.00000000e+00
5.93189831e+03 5.67245858e+04 0.00000000e+00 0.00000000e+00
5.93339835e+03 6.35700188e+04 0.00000000e+00 0.00000000e+00
5.93489839e+03 6.85304038e+04 0.00000000e+00 0.00000000e+00
5.93639842e+03 6.95990889e+04 0.00000000e+00 0.00000000e+00
5.93789846e+03 6.50184212e+04 0.00000000e+00 0.00000000e+00
5.93939850e+03 5.61887515e+04 0.00000000e+00 0.00000000e+00
5.94089854e+03 4.93932739e+04 0.00000000e+00 0.00000000e+00
5.94239857e+03 4.78444963e+04 0.00000000e+00 0.00000000e+00
5.94389861e+03 4.99919509e+04 0.00000000e+00 0.00000000e+00
5.94539865e+03 5.39494274e+04 0.00000000e+00 0.00000000e+00
5.94689869e+03 5.86230137e+04 0.00000000e+00 0.00000000e+00
5.94839872e+03 6.34903581e+04 0.00000000e+00 0.00000000e+00
5.94989876e+03 6.83279663e+04 0.00000000e+00 0.00000000e+00
5.95139880e+03 7.30526444e+04 0.00000000e+00 0.00000000e+00
5.95289884e+03 7.76430112e+04 0.00000000e+00 0.00000000e+00
5.95439887e+03 8.21031478e+04 0.00000000e+00 0.00000000e+00
5.95589891e+03 8.64464608e+04 0.00000000e+00 0.00000000e+00
5.95739895e+03 9.06888269e+04 0.00000000e+00 0.00000000e+00
5.95889899e+03 9.48458808e+04 0.00000000e+00 0.00000000e+00
5.96039902e+03 9.89320998e+04 0.00000000e+00 0.00000000e+00
5.96189906e+03 1.02960636e+05 0.00000000e+00 0.00000000e+00
5.96339910e+03 1.06943437e+05 0.00000000e+00 0.00000000e+00
5.96489914e+03 1.10891462e+05 0.00000000e+00 0.00000000e+00
5.96639917e+03 1.14814913e+05 0.00000000e+00 0.00000000e+00
5.96789921e+03 1.18723458e+05 0.00000000e+00 0.00000000e+00
5.96939925e+03 1.22626438e+05 0.00000000e+00 0.00000000e+00
5.97089929e+03 1.26533061e+05 0.00000000e+00 0.00000000e+00
5.97239932e+03 1.30452598e+05 0.00000000e+00 0.00000000e+00
5.97389936e+03 1.34394579e+05 0.00000000e+00 0.00000000e+00
5.97539940e+03 1.38369005e+05 0.00000000e+00 0.00000000e+00
5.97689944e+03 1.42386594e+05 0.00000000e+00 0.00000000e+00
5.97839947e+03 1.46459074e+05 0.00000000e+00 0.00000000e+00
5.97989951e+03 1.50599540e+05 0.00000000e+00 0.00000000e+00
5.98139955e+03 1.54822928e+05 0.00000000e+00 0.00000000e+00
5.98289959e+03 1.59146636e+05 0.00000000e+00 0.00000000e+00
5.98439962e+03 1.63591393e+05 0.00000000e+00 0.00000000e+00
5.98589966e+03 1.68182494e+05 0.00000000e+00 0.00000000e+00
5.98739970e+03 1.72951632e+05 0.00000000e+00 0.00000000e+00
5.98889974e+03 1.77939746e+05 0.00000000e+00 0.00000000e+00
5.99039977e+03 1.83201643e+05 0.00000000e+00 0.00000000e+00
5.99189981e+03 1.88814040e+05 0.00000000e+00 0.00000000e+00
5.99339985e+03 1.94890726e+05 0.00000000e+00 0.00000000e+00
5.99489989e+03 2.01614640e+05 0.00000000e+00 0.00000000e+00
5.99639992e+03 2.09318174e+05 0.00000000e+00 0.00000000e+00
5.99789996e+03 2.18748978e+05 0.00000000e+00 0.00000000e+00
5.99940000e+03 2.32735669e+05 0.00000000e+00 0.00000000e+00
