# Data file for U(x)
# mu = 30.53224494912648
# omB = 12.32
# Columns:
# 1) x
# 2) U(x)
# 
-5.99940000e+03 2.29221220e+05
-5.99789996e+03 2.15622310e+05
-5.99639992e+03 2.06453072e+05
-5.99489989e+03 1.98963365e+05
-5.99339985e+03 1.92426375e+05
-5.99189981e+03 1.86518966e+05
-5.99039977e+03 1.81063280e+05
-5.98889974e+03 1.75948679e+05
-5.98739970e+03 1.71100564e+05
-5.98589966e+03 1.66465641e+05
-5.98439962e+03 1.62004101e+05
-5.98289959e+03 1.57685127e+05
-5.98139955e+03 1.53484124e+05
-5.97989951e+03 1.49380943e+05
-5.97839947e+03 1.45358669e+05
-5.97689944e+03 1.41402789e+05
-5.97539940e+03 1.37500577e+05
-5.97389936e+03 1.33640642e+05
-5.97239932e+03 1.29812574e+05
-5.97089929e+03 1.26006665e+05
-5.96939925e+03 1.22213665e+05
-5.96789921e+03 1.18424582e+05
-5.96639917e+03 1.14630485e+05
-5.96489914e+03 1.10822319e+05
-5.96339910e+03 1.06990715e+05
-5.96189906e+03 1.03125791e+05
-5.96039902e+03 9.92169329e+04
-5.95889899e+03 9.52525746e+04
-5.95739895e+03 9.12199858e+04
-5.95589891e+03 8.71051564e+04
-5.95439887e+03 8.28929584e+04
-5.95289884e+03 7.85680310e+04
-5.95139880e+03 7.41174023e+04
-5.94989876e+03 6.95371172e+04
-5.94839872e+03 6.48478386e+04
-5.94689869e+03 6.01299912e+04
-5.94539865e+03 5.55996448e+04
-5.94389861e+03 5.17618088e+04
-5.94239857e+03 4.96740852e+04
-5.94089854e+03 5.11600804e+04
-5.93939850e+03 5.77188014e+04
-5.93789846e+03 6.62443481e+04
-5.93639842e+03 7.06620414e+04
-5.93489839e+03 6.96179990e+04
-5.93339835e+03 6.48115382e+04
-5.93189831e+03 5.81827121e+04
-5.93039827e+03 5.11360340e+04
-5.92889824e+03 4.45201457e+04
-5.92739820e+03 3.87627496e+04
-5.92589816e+03 3.40091136e+04
-5.92439812e+03 3.02330201e+04
-5.92289809e+03 2.73173535e+04
-5.92139805e+03 2.51084142e+04
-5.91989801e+03 2.34496140e+04
-5.91839797e+03 2.22000879e+04
-5.91689794e+03 2.12429900e+04
-5.91539790e+03 2.04872538e+04
-5.91389786e+03 1.98656224e+04
-5.91239782e+03 1.93308925e+04
-5.91089779e+03 1.88516307e+04
-5.90939775e+03 1.84080967e+04
-5.90789771e+03 1.79887478e+04
-5.90639767e+03 1.75874558e+04
-5.90489764e+03 1.72014255e+04
-5.90339760e+03 1.68297258e+04
-5.90189756e+03 1.64723167e+04
-5.90039752e+03 1.61294511e+04
-5.89889749e+03 1.58013426e+04
-5.89739745e+03 1.54880124e+04
-5.89589741e+03 1.51892466e+04
-5.89439737e+03 1.49046146e+04
-5.89289734e+03 1.46335175e+04
-5.89139730e+03 1.43752437e+04
-5.88989726e+03 1.41290210e+04
-5.88839722e+03 1.38940605e+04
-5.88689719e+03 1.36695875e+04
-5.88539715e+03 1.34548641e+04
-5.88389711e+03 1.32492013e+04
-5.88239707e+03 1.30519652e+04
-5.88089704e+03 1.28625780e+04
-5.87939700e+03 1.26805158e+04
-5.87789696e+03 1.25053045e+04
-5.87639692e+03 1.23365151e+04
-5.87489689e+03 1.21737585e+04
-5.87339685e+03 1.20166809e+04
-5.87189681e+03 1.18649592e+04
-5.87039677e+03 1.17182971e+04
-5.86889674e+03 1.15764222e+04
-5.86739670e+03 1.14390825e+04
-5.86589666e+03 1.13060451e+04
-5.86439662e+03 1.11770931e+04
-5.86289659e+03 1.10520249e+04
-5.86139655e+03 1.09306523e+04
-5.85989651e+03 1.08127993e+04
-5.85839647e+03 1.06983013e+04
-5.85689644e+03 1.05870042e+04
-5.85539640e+03 1.04787633e+04
-5.85389636e+03 1.03734427e+04
-5.85239632e+03 1.02709147e+04
-5.85089629e+03 1.01710591e+04
-5.84939625e+03 1.00737629e+04
-5.84789621e+03 9.97891927e+03
-5.84639617e+03 9.88642774e+03
-5.84489614e+03 9.79619325e+03
-5.84339610e+03 9.70812601e+03
-5.84189606e+03 9.62214109e+03
-5.84039602e+03 9.53815808e+03
-5.83889599e+03 9.45610080e+03
-5.83739595e+03 9.37589700e+03
-5.83589591e+03 9.29747813e+03
-5.83439587e+03 9.22077909e+03
-5.83289584e+03 9.14573800e+03
-5.83139580e+03 9.07229601e+03
-5.82989576e+03 9.00039713e+03
-5.82839572e+03 8.92998802e+03
-5.82689569e+03 8.86101784e+03
-5.82539565e+03 8.79343812e+03
-5.82389561e+03 8.72720262e+03
-5.82239557e+03 8.66226718e+03
-5.82089554e+03 8.59858963e+03
-5.81939550e+03 8.53612963e+03
-5.81789546e+03 8.47484863e+03
-5.81639542e+03 8.41470974e+03
-5.81489539e+03 8.35567762e+03
-5.81339535e+03 8.29771843e+03
-5.81189531e+03 8.24079975e+03
-5.81039527e+03 8.18489048e+03
-5.80889524e+03 8.12996080e+03
-5.80739520e+03 8.07598206e+03
-5.80589516e+03 8.02292678e+03
-5.80439512e+03 7.97076856e+03
-5.80289509e+03 7.91948201e+03
-5.80139505e+03 7.86904274e+03
-5.79989501e+03 7.81942728e+03
-5.79839497e+03 7.77061304e+03
-5.79689494e+03 7.72257828e+03
-5.79539490e+03 7.67530207e+03
-5.79389486e+03 7.62876424e+03
-5.79239482e+03 7.58294536e+03
-5.79089479e+03 7.53782668e+03
-5.78939475e+03 7.49339014e+03
-5.78789471e+03 7.44961828e+03
-5.78639467e+03 7.40649430e+03
-5.78489464e+03 7.36400193e+03
-5.78339460e+03 7.32212550e+03
-5.78189456e+03 7.28084984e+03
-5.78039452e+03 7.24016030e+03
-5.77889449e+03 7.20004272e+03
-5.77739445e+03 7.16048340e+03
-5.77589441e+03 7.12146912e+03
-5.77439437e+03 7.08298703e+03
-5.77289434e+03 7.04502475e+03
-5.77139430e+03 7.00757026e+03
-5.76989426e+03 6.97061193e+03
-5.76839422e+03 6.93413849e+03
-5.76689419e+03 6.89813904e+03
-5.76539415e+03 6.86260299e+03
-5.76389411e+03 6.82752008e+03
-5.76239407e+03 6.79288037e+03
-5.76089404e+03 6.75867421e+03
-5.75939400e+03 6.72489225e+03
-5.75789396e+03 6.69152539e+03
-5.75639392e+03 6.65856483e+03
-5.75489389e+03 6.62600200e+03
-5.75339385e+03 6.59382859e+03
-5.75189381e+03 6.56203653e+03
-5.75039377e+03 6.53061797e+03
-5.74889374e+03 6.49956529e+03
-5.74739370e+03 6.46887108e+03
-5.74589366e+03 6.43852812e+03
-5.74439362e+03 6.40852943e+03
-5.74289359e+03 6.37886818e+03
-5.74139355e+03 6.34953774e+03
-5.73989351e+03 6.32053167e+03
-5.73839347e+03 6.29184369e+03
-5.73689344e+03 6.26346769e+03
-5.73539340e+03 6.23539771e+03
-5.73389336e+03 6.20762797e+03
-5.73239332e+03 6.18015282e+03
-5.73089329e+03 6.15296677e+03
-5.72939325e+03 6.12606446e+03
-5.72789321e+03 6.09944068e+03
-5.72639317e+03 6.07309033e+03
-5.72489314e+03 6.04700845e+03
-5.72339310e+03 6.02119022e+03
-5.72189306e+03 5.99563092e+03
-5.72039302e+03 5.97032594e+03
-5.71889299e+03 5.94527080e+03
-5.71739295e+03 5.92046113e+03
-5.71589291e+03 5.89589265e+03
-5.71439287e+03 5.87156120e+03
-5.71289284e+03 5.84746270e+03
-5.71139280e+03 5.82359318e+03
-5.70989276e+03 5.79994876e+03
-5.70839272e+03 5.77652566e+03
-5.70689269e+03 5.75332016e+03
-5.70539265e+03 5.73032866e+03
-5.70389261e+03 5.70754763e+03
-5.70239257e+03 5.68497361e+03
-5.70089254e+03 5.66260323e+03
-5.69939250e+03 5.64043319e+03
-5.69789246e+03 5.61846026e+03
-5.69639242e+03 5.59668131e+03
-5.69489239e+03 5.57509323e+03
-5.69339235e+03 5.55369303e+03
-5.69189231e+03 5.53247775e+03
-5.69039227e+03 5.51144451e+03
-5.68889224e+03 5.49059048e+03
-5.68739220e+03 5.46991291e+03
-5.68589216e+03 5.44940909e+03
-5.68439212e+03 5.42907638e+03
-5.68289209e+03 5.40891218e+03
-5.68139205e+03 5.38891398e+03
-5.67989201e+03 5.36907927e+03
-5.67839197e+03 5.34940564e+03
-5.67689194e+03 5.32989069e+03
-5.67539190e+03 5.31053211e+03
-5.67389186e+03 5.29132761e+03
-5.67239182e+03 5.27227495e+03
-5.67089179e+03 5.25337194e+03
-5.66939175e+03 5.23461643e+03
-5.66789171e+03 5.21600632e+03
-5.66639167e+03 5.19753954e+03
-5.66489164e+03 5.17921407e+03
-5.66339160e+03 5.16102792e+03
-5.66189156e+03 5.14297917e+03
-5.66039152e+03 5.12506589e+03
-5.65889149e+03 5.10728622e+03
-5.65739145e+03 5.08963832e+03
-5.65589141e+03 5.07212041e+03
-5.65439137e+03 5.05473070e+03
-5.65289134e+03 5.03746748e+03
-5.65139130e+03 5.02032905e+03
-5.64989126e+03 5.00331374e+03
-5.64839122e+03 4.98641991e+03
-5.64689119e+03 4.96964596e+03
-5.64539115e+03 4.95299032e+03
-5.64389111e+03 4.93645144e+03
-5.64239107e+03 4.92002780e+03
-5.64089104e+03 4.90371791e+03
-5.63939100e+03 4.88752031e+03
-5.63789096e+03 4.87143356e+03
-5.63639092e+03 4.85545626e+03
-5.63489089e+03 4.83958701e+03
-5.63339085e+03 4.82382445e+03
-5.63189081e+03 4.80816726e+03
-5.63039077e+03 4.79261410e+03
-5.62889074e+03 4.77716370e+03
-5.62739070e+03 4.76181479e+03
-5.62589066e+03 4.74656611e+03
-5.62439062e+03 4.73141645e+03
-5.62289059e+03 4.71636460e+03
-5.62139055e+03 4.70140938e+03
-5.61989051e+03 4.68654962e+03
-5.61839047e+03 4.67178419e+03
-5.61689044e+03 4.65711195e+03
-5.61539040e+03 4.64253181e+03
-5.61389036e+03 4.62804267e+03
-5.61239032e+03 4.61364348e+03
-5.61089029e+03 4.59933316e+03
-5.60939025e+03 4.58511071e+03
-5.60789021e+03 4.57097509e+03
-5.60639017e+03 4.55692530e+03
-5.60489014e+03 4.54296038e+03
-5.60339010e+03 4.52907933e+03
-5.60189006e+03 4.51528122e+03
-5.60039002e+03 4.50156511e+03
-5.59888999e+03 4.48793007e+03
-5.59738995e+03 4.47437520e+03
-5.59588991e+03 4.46089961e+03
-5.59438987e+03 4.44750241e+03
-5.59288984e+03 4.43418274e+03
-5.59138980e+03 4.42093975e+03
-5.58988976e+03 4.40777261e+03
-5.58838972e+03 4.39468047e+03
-5.58688969e+03 4.38166255e+03
-5.58538965e+03 4.36871802e+03
-5.58388961e+03 4.35584611e+03
-5.58238957e+03 4.34304605e+03
-5.58088954e+03 4.33031705e+03
-5.57938950e+03 4.31765838e+03
-5.57788946e+03 4.30506930e+03
-5.57638942e+03 4.29254906e+03
-5.57488939e+03 4.28009696e+03
-5.57338935e+03 4.26771228e+03
-5.57188931e+03 4.25539433e+03
-5.57038927e+03 4.24314242e+03
-5.56888924e+03 4.23095587e+03
-5.56738920e+03 4.21883402e+03
-5.56588916e+03 4.20677619e+03
-5.56438912e+03 4.19478176e+03
-5.56288909e+03 4.18285008e+03
-5.56138905e+03 4.17098051e+03
-5.55988901e+03 4.15917244e+03
-5.55838897e+03 4.14742526e+03
-5.55688894e+03 4.13573836e+03
-5.55538890e+03 4.12411115e+03
-5.55388886e+03 4.11254304e+03
-5.55238882e+03 4.10103346e+03
-5.55088879e+03 4.08958182e+03
-5.54938875e+03 4.07818758e+03
-5.54788871e+03 4.06685018e+03
-5.54638867e+03 4.05556907e+03
-5.54488864e+03 4.04434371e+03
-5.54338860e+03 4.03317357e+03
-5.54188856e+03 4.02205812e+03
-5.54038852e+03 4.01099686e+03
-5.53888849e+03 3.99998926e+03
-5.53738845e+03 3.98903483e+03
-5.53588841e+03 3.97813307e+03
-5.53438837e+03 3.96728348e+03
-5.53288834e+03 3.95648559e+03
-5.53138830e+03 3.94573892e+03
-5.52988826e+03 3.93504300e+03
-5.52838822e+03 3.92439737e+03
-5.52688819e+03 3.91380156e+03
-5.52538815e+03 3.90325512e+03
-5.52388811e+03 3.89275761e+03
-5.52238807e+03 3.88230859e+03
-5.52088804e+03 3.87190762e+03
-5.51938800e+03 3.86155428e+03
-5.51788796e+03 3.85124813e+03
-5.51638792e+03 3.84098877e+03
-5.51488789e+03 3.83077578e+03
-5.51338785e+03 3.82060874e+03
-5.51188781e+03 3.81048727e+03
-5.51038777e+03 3.80041096e+03
-5.50888774e+03 3.79037942e+03
-5.50738770e+03 3.78039227e+03
-5.50588766e+03 3.77044911e+03
-5.50438762e+03 3.76054958e+03
-5.50288759e+03 3.75069330e+03
-5.50138755e+03 3.74087990e+03
-5.49988751e+03 3.73110901e+03
-5.49838747e+03 3.72138029e+03
-5.49688744e+03 3.71169337e+03
-5.49538740e+03 3.70204791e+03
-5.49388736e+03 3.69244355e+03
-5.49238732e+03 3.68287995e+03
-5.49088729e+03 3.67335679e+03
-5.48938725e+03 3.66387372e+03
-5.48788721e+03 3.65443041e+03
-5.48638717e+03 3.64502654e+03
-5.48488714e+03 3.63566178e+03
-5.48338710e+03 3.62633583e+03
-5.48188706e+03 3.61704836e+03
-5.48038702e+03 3.60779906e+03
-5.47888699e+03 3.59858763e+03
-5.47738695e+03 3.58941376e+03
-5.47588691e+03 3.58027715e+03
-5.47438687e+03 3.57117751e+03
-5.47288684e+03 3.56211454e+03
-5.47138680e+03 3.55308796e+03
-5.46988676e+03 3.54409748e+03
-5.46838672e+03 3.53514281e+03
-5.46688669e+03 3.52622368e+03
-5.46538665e+03 3.51733980e+03
-5.46388661e+03 3.50849092e+03
-5.46238657e+03 3.49967675e+03
-5.46088654e+03 3.49089703e+03
-5.45938650e+03 3.48215149e+03
-5.45788646e+03 3.47343988e+03
-5.45638642e+03 3.46476193e+03
-5.45488639e+03 3.45611740e+03
-5.45338635e+03 3.44750602e+03
-5.45188631e+03 3.43892756e+03
-5.45038627e+03 3.43038175e+03
-5.44888624e+03 3.42186836e+03
-5.44738620e+03 3.41338715e+03
-5.44588616e+03 3.40493788e+03
-5.44438612e+03 3.39652031e+03
-5.44288609e+03 3.38813421e+03
-5.44138605e+03 3.37977934e+03
-5.43988601e+03 3.37145549e+03
-5.43838597e+03 3.36316241e+03
-5.43688594e+03 3.35489990e+03
-5.43538590e+03 3.34666772e+03
-5.43388586e+03 3.33846566e+03
-5.43238582e+03 3.33029351e+03
-5.43088579e+03 3.32215104e+03
-5.42938575e+03 3.31403805e+03
-5.42788571e+03 3.30595432e+03
-5.42638567e+03 3.29789966e+03
-5.42488564e+03 3.28987385e+03
-5.42338560e+03 3.28187669e+03
-5.42188556e+03 3.27390798e+03
-5.42038552e+03 3.26596752e+03
-5.41888549e+03 3.25805511e+03
-5.41738545e+03 3.25017057e+03
-5.41588541e+03 3.24231369e+03
-5.41438537e+03 3.23448429e+03
-5.41288534e+03 3.22668217e+03
-5.41138530e+03 3.21890716e+03
-5.40988526e+03 3.21115906e+03
-5.40838522e+03 3.20343769e+03
-5.40688519e+03 3.19574287e+03
-5.40538515e+03 3.18807443e+03
-5.40388511e+03 3.18043218e+03
-5.40238507e+03 3.17281594e+03
-5.40088504e+03 3.16522556e+03
-5.39938500e+03 3.15766084e+03
-5.39788496e+03 3.15012162e+03
-5.39638492e+03 3.14260774e+03
-5.39488489e+03 3.13511902e+03
-5.39338485e+03 3.12765530e+03
-5.39188481e+03 3.12021642e+03
-5.39038477e+03 3.11280221e+03
-5.38888474e+03 3.10541251e+03
-5.38738470e+03 3.09804716e+03
-5.38588466e+03 3.09070601e+03
-5.38438462e+03 3.08338891e+03
-5.38288459e+03 3.07609568e+03
-5.38138455e+03 3.06882619e+03
-5.37988451e+03 3.06158028e+03
-5.37838447e+03 3.05435780e+03
-5.37688444e+03 3.04715861e+03
-5.37538440e+03 3.03998254e+03
-5.37388436e+03 3.03282947e+03
-5.37238432e+03 3.02569924e+03
-5.37088429e+03 3.01859171e+03
-5.36938425e+03 3.01150675e+03
-5.36788421e+03 3.00444420e+03
-5.36638417e+03 2.99740393e+03
-5.36488414e+03 2.99038580e+03
-5.36338410e+03 2.98338968e+03
-5.36188406e+03 2.97641543e+03
-5.36038402e+03 2.96946292e+03
-5.35888399e+03 2.96253201e+03
-5.35738395e+03 2.95562258e+03
-5.35588391e+03 2.94873448e+03
-5.35438387e+03 2.94186760e+03
-5.35288384e+03 2.93502181e+03
-5.35138380e+03 2.92819697e+03
-5.34988376e+03 2.92139297e+03
-5.34838372e+03 2.91460968e+03
-5.34688369e+03 2.90784697e+03
-5.34538365e+03 2.90110473e+03
-5.34388361e+03 2.89438283e+03
-5.34238357e+03 2.88768115e+03
-5.34088354e+03 2.88099957e+03
-5.33938350e+03 2.87433798e+03
-5.33788346e+03 2.86769626e+03
-5.33638342e+03 2.86107430e+03
-5.33488339e+03 2.85447197e+03
-5.33338335e+03 2.84788917e+03
-5.33188331e+03 2.84132578e+03
-5.33038327e+03 2.83478169e+03
-5.32888324e+03 2.82825679e+03
-5.32738320e+03 2.82175097e+03
-5.32588316e+03 2.81526413e+03
-5.32438312e+03 2.80879614e+03
-5.32288309e+03 2.80234692e+03
-5.32138305e+03 2.79591634e+03
-5.31988301e+03 2.78950432e+03
-5.31838297e+03 2.78311073e+03
-5.31688294e+03 2.77673549e+03
-5.31538290e+03 2.77037848e+03
-5.31388286e+03 2.76403960e+03
-5.31238282e+03 2.75771876e+03
-5.31088279e+03 2.75141586e+03
-5.30938275e+03 2.74513079e+03
-5.30788271e+03 2.73886346e+03
-5.30638267e+03 2.73261377e+03
-5.30488264e+03 2.72638163e+03
-5.30338260e+03 2.72016693e+03
-5.30188256e+03 2.71396959e+03
-5.30038252e+03 2.70778951e+03
-5.29888249e+03 2.70162660e+03
-5.29738245e+03 2.69548077e+03
-5.29588241e+03 2.68935191e+03
-5.29438237e+03 2.68323995e+03
-5.29288234e+03 2.67714479e+03
-5.29138230e+03 2.67106635e+03
-5.28988226e+03 2.66500453e+03
-5.28838222e+03 2.65895925e+03
-5.28688219e+03 2.65293041e+03
-5.28538215e+03 2.64691794e+03
-5.28388211e+03 2.64092175e+03
-5.28238207e+03 2.63494175e+03
-5.28088204e+03 2.62897786e+03
-5.27938200e+03 2.62302999e+03
-5.27788196e+03 2.61709807e+03
-5.27638192e+03 2.61118200e+03
-5.27488189e+03 2.60528171e+03
-5.27338185e+03 2.59939712e+03
-5.27188181e+03 2.59352814e+03
-5.27038177e+03 2.58767471e+03
-5.26888174e+03 2.58183673e+03
-5.26738170e+03 2.57601412e+03
-5.26588166e+03 2.57020683e+03
-5.26438162e+03 2.56441475e+03
-5.26288159e+03 2.55863782e+03
-5.26138155e+03 2.55287597e+03
-5.25988151e+03 2.54712911e+03
-5.25838147e+03 2.54139717e+03
-5.25688144e+03 2.53568008e+03
-5.25538140e+03 2.52997777e+03
-5.25388136e+03 2.52429015e+03
-5.25238132e+03 2.51861717e+03
-5.25088129e+03 2.51295874e+03
-5.24938125e+03 2.50731479e+03
-5.24788121e+03 2.50168526e+03
-5.24638117e+03 2.49607008e+03
-5.24488114e+03 2.49046917e+03
-5.24338110e+03 2.48488246e+03
-5.24188106e+03 2.47930990e+03
-5.24038102e+03 2.47375140e+03
-5.23888099e+03 2.46820690e+03
-5.23738095e+03 2.46267634e+03
-5.23588091e+03 2.45715964e+03
-5.23438087e+03 2.45165675e+03
-5.23288084e+03 2.44616759e+03
-5.23138080e+03 2.44069210e+03
-5.22988076e+03 2.43523022e+03
-5.22838072e+03 2.42978188e+03
-5.22688069e+03 2.42434702e+03
-5.22538065e+03 2.41892557e+03
-5.22388061e+03 2.41351748e+03
-5.22238057e+03 2.40812268e+03
-5.22088054e+03 2.40274111e+03
-5.21938050e+03 2.39737271e+03
-5.21788046e+03 2.39201741e+03
-5.21638042e+03 2.38667516e+03
-5.21488039e+03 2.38134589e+03
-5.21338035e+03 2.37602956e+03
-5.21188031e+03 2.37072609e+03
-5.21038027e+03 2.36543543e+03
-5.20888024e+03 2.36015752e+03
-5.20738020e+03 2.35489231e+03
-5.20588016e+03 2.34963973e+03
-5.20438012e+03 2.34439973e+03
-5.20288009e+03 2.33917226e+03
-5.20138005e+03 2.33395725e+03
-5.19988001e+03 2.32875465e+03
-5.19837997e+03 2.32356441e+03
-5.19687993e+03 2.31838647e+03
-5.19537990e+03 2.31322077e+03
-5.19387986e+03 2.30806727e+03
-5.19237982e+03 2.30292591e+03
-5.19087978e+03 2.29779663e+03
-5.18937975e+03 2.29267938e+03
-5.18787971e+03 2.28757411e+03
-5.18637967e+03 2.28248077e+03
-5.18487963e+03 2.27739931e+03
-5.18337960e+03 2.27232967e+03
-5.18187956e+03 2.26727180e+03
-5.18037952e+03 2.26222566e+03
-5.17887948e+03 2.25719119e+03
-5.17737945e+03 2.25216834e+03
-5.17587941e+03 2.24715706e+03
-5.17437937e+03 2.24215730e+03
-5.17287933e+03 2.23716902e+03
-5.17137930e+03 2.23219216e+03
-5.16987926e+03 2.22722668e+03
-5.16837922e+03 2.22227253e+03
-5.16687918e+03 2.21732965e+03
-5.16537915e+03 2.21239802e+03
-5.16387911e+03 2.20747757e+03
-5.16237907e+03 2.20256825e+03
-5.16087903e+03 2.19767004e+03
-5.15937900e+03 2.19278287e+03
-5.15787896e+03 2.18790670e+03
-5.15637892e+03 2.18304149e+03
-5.15487888e+03 2.17818718e+03
-5.15337885e+03 2.17334375e+03
-5.15187881e+03 2.16851114e+03
-5.15037877e+03 2.16368930e+03
-5.14887873e+03 2.15887820e+03
-5.14737870e+03 2.15407779e+03
-5.14587866e+03 2.14928802e+03
-5.14437862e+03 2.14450886e+03
-5.14287858e+03 2.13974026e+03
-5.14137855e+03 2.13498218e+03
-5.13987851e+03 2.13023457e+03
-5.13837847e+03 2.12549740e+03
-5.13687843e+03 2.12077062e+03
-5.13537840e+03 2.11605419e+03
-5.13387836e+03 2.11134808e+03
-5.13237832e+03 2.10665223e+03
-5.13087828e+03 2.10196661e+03
-5.12937825e+03 2.09729118e+03
-5.12787821e+03 2.09262590e+03
-5.12637817e+03 2.08797072e+03
-5.12487813e+03 2.08332562e+03
-5.12337810e+03 2.07869054e+03
-5.12187806e+03 2.07406546e+03
-5.12037802e+03 2.06945033e+03
-5.11887798e+03 2.06484511e+03
-5.11737795e+03 2.06024977e+03
-5.11587791e+03 2.05566427e+03
-5.11437787e+03 2.05108856e+03
-5.11287783e+03 2.04652262e+03
-5.11137780e+03 2.04196641e+03
-5.10987776e+03 2.03741988e+03
-5.10837772e+03 2.03288300e+03
-5.10687768e+03 2.02835574e+03
-5.10537765e+03 2.02383806e+03
-5.10387761e+03 2.01932991e+03
-5.10237757e+03 2.01483128e+03
-5.10087753e+03 2.01034211e+03
-5.09937750e+03 2.00586239e+03
-5.09787746e+03 2.00139206e+03
-5.09637742e+03 1.99693110e+03
-5.09487738e+03 1.99247946e+03
-5.09337735e+03 1.98803713e+03
-5.09187731e+03 1.98360405e+03
-5.09037727e+03 1.97918020e+03
-5.08887723e+03 1.97476555e+03
-5.08737720e+03 1.97036006e+03
-5.08587716e+03 1.96596369e+03
-5.08437712e+03 1.96157642e+03
-5.08287708e+03 1.95719821e+03
-5.08137705e+03 1.95282902e+03
-5.07987701e+03 1.94846883e+03
-5.07837697e+03 1.94411760e+03
-5.07687693e+03 1.93977530e+03
-5.07537690e+03 1.93544190e+03
-5.07387686e+03 1.93111737e+03
-5.07237682e+03 1.92680167e+03
-5.07087678e+03 1.92249478e+03
-5.06937675e+03 1.91819665e+03
-5.06787671e+03 1.91390727e+03
-5.06637667e+03 1.90962660e+03
-5.06487663e+03 1.90535460e+03
-5.06337660e+03 1.90109126e+03
-5.06187656e+03 1.89683653e+03
-5.06037652e+03 1.89259039e+03
-5.05887648e+03 1.88835281e+03
-5.05737645e+03 1.88412376e+03
-5.05587641e+03 1.87990321e+03
-5.05437637e+03 1.87569113e+03
-5.05287633e+03 1.87148748e+03
-5.05137630e+03 1.86729225e+03
-5.04987626e+03 1.86310540e+03
-5.04837622e+03 1.85892691e+03
-5.04687618e+03 1.85475673e+03
-5.04537615e+03 1.85059486e+03
-5.04387611e+03 1.84644125e+03
-5.04237607e+03 1.84229589e+03
-5.04087603e+03 1.83815873e+03
-5.03937600e+03 1.83402976e+03
-5.03787596e+03 1.82990895e+03
-5.03637592e+03 1.82579627e+03
-5.03487588e+03 1.82169169e+03
-5.03337585e+03 1.81759519e+03
-5.03187581e+03 1.81350673e+03
-5.03037577e+03 1.80942629e+03
-5.02887573e+03 1.80535386e+03
-5.02737570e+03 1.80128938e+03
-5.02587566e+03 1.79723286e+03
-5.02437562e+03 1.79318424e+03
-5.02287558e+03 1.78914352e+03
-5.02137555e+03 1.78511066e+03
-5.01987551e+03 1.78108564e+03
-5.01837547e+03 1.77706844e+03
-5.01687543e+03 1.77305902e+03
-5.01537540e+03 1.76905736e+03
-5.01387536e+03 1.76506344e+03
-5.01237532e+03 1.76107723e+03
-5.01087528e+03 1.75709871e+03
-5.00937525e+03 1.75312785e+03
-5.00787521e+03 1.74916464e+03
-5.00637517e+03 1.74520903e+03
-5.00487513e+03 1.74126101e+03
-5.00337510e+03 1.73732056e+03
-5.00187506e+03 1.73338765e+03
-5.00037502e+03 1.72946226e+03
-4.99887498e+03 1.72554436e+03
-4.99737495e+03 1.72163394e+03
-4.99587491e+03 1.71773095e+03
-4.99437487e+03 1.71383540e+03
-4.99287483e+03 1.70994724e+03
-4.99137480e+03 1.70606646e+03
-4.98987476e+03 1.70219303e+03
-4.98837472e+03 1.69832694e+03
-4.98687468e+03 1.69446815e+03
-4.98537465e+03 1.69061665e+03
-4.98387461e+03 1.68677241e+03
-4.98237457e+03 1.68293542e+03
-4.98087453e+03 1.67910564e+03
-4.97937450e+03 1.67528306e+03
-4.97787446e+03 1.67146766e+03
-4.97637442e+03 1.66765941e+03
-4.97487438e+03 1.66385829e+03
-4.97337435e+03 1.66006428e+03
-4.97187431e+03 1.65627736e+03
-4.97037427e+03 1.65249751e+03
-4.96887423e+03 1.64872470e+03
-4.96737420e+03 1.64495892e+03
-4.96587416e+03 1.64120014e+03
-4.96437412e+03 1.63744834e+03
-4.96287408e+03 1.63370351e+03
-4.96137405e+03 1.62996562e+03
-4.95987401e+03 1.62623465e+03
-4.95837397e+03 1.62251057e+03
-4.95687393e+03 1.61879338e+03
-4.95537390e+03 1.61508305e+03
-4.95387386e+03 1.61137956e+03
-4.95237382e+03 1.60768289e+03
-4.95087378e+03 1.60399302e+03
-4.94937375e+03 1.60030993e+03
-4.94787371e+03 1.59663360e+03
-4.94637367e+03 1.59296402e+03
-4.94487363e+03 1.58930115e+03
-4.94337360e+03 1.58564498e+03
-4.94187356e+03 1.58199550e+03
-4.94037352e+03 1.57835268e+03
-4.93887348e+03 1.57471651e+03
-4.93737345e+03 1.57108696e+03
-4.93587341e+03 1.56746402e+03
-4.93437337e+03 1.56384767e+03
-4.93287333e+03 1.56023789e+03
-4.93137330e+03 1.55663465e+03
-4.92987326e+03 1.55303795e+03
-4.92837322e+03 1.54944777e+03
-4.92687318e+03 1.54586408e+03
-4.92537315e+03 1.54228686e+03
-4.92387311e+03 1.53871611e+03
-4.92237307e+03 1.53515180e+03
-4.92087303e+03 1.53159391e+03
-4.91937300e+03 1.52804243e+03
-4.91787296e+03 1.52449733e+03
-4.91637292e+03 1.52095861e+03
-4.91487288e+03 1.51742624e+03
-4.91337285e+03 1.51390020e+03
-4.91187281e+03 1.51038049e+03
-4.91037277e+03 1.50686707e+03
-4.90887273e+03 1.50335994e+03
-4.90737270e+03 1.49985907e+03
-4.90587266e+03 1.49636446e+03
-4.90437262e+03 1.49287607e+03
-4.90287258e+03 1.48939391e+03
-4.90137255e+03 1.48591794e+03
-4.89987251e+03 1.48244815e+03
-4.89837247e+03 1.47898453e+03
-4.89687243e+03 1.47552707e+03
-4.89537240e+03 1.47207573e+03
-4.89387236e+03 1.46863051e+03
-4.89237232e+03 1.46519139e+03
-4.89087228e+03 1.46175836e+03
-4.88937225e+03 1.45833139e+03
-4.88787221e+03 1.45491048e+03
-4.88637217e+03 1.45149561e+03
-4.88487213e+03 1.44808675e+03
-4.88337210e+03 1.44468390e+03
-4.88187206e+03 1.44128704e+03
-4.88037202e+03 1.43789616e+03
-4.87887198e+03 1.43451123e+03
-4.87737195e+03 1.43113224e+03
-4.87587191e+03 1.42775919e+03
-4.87437187e+03 1.42439204e+03
-4.87287183e+03 1.42103079e+03
-4.87137180e+03 1.41767543e+03
-4.86987176e+03 1.41432593e+03
-4.86837172e+03 1.41098229e+03
-4.86687168e+03 1.40764448e+03
-4.86537165e+03 1.40431249e+03
-4.86387161e+03 1.40098631e+03
-4.86237157e+03 1.39766593e+03
-4.86087153e+03 1.39435132e+03
-4.85937150e+03 1.39104248e+03
-4.85787146e+03 1.38773938e+03
-4.85637142e+03 1.38444202e+03
-4.85487138e+03 1.38115039e+03
-4.85337135e+03 1.37786445e+03
-4.85187131e+03 1.37458422e+03
-4.85037127e+03 1.37130966e+03
-4.84887123e+03 1.36804076e+03
-4.84737120e+03 1.36477751e+03
-4.84587116e+03 1.36151990e+03
-4.84437112e+03 1.35826792e+03
-4.84287108e+03 1.35502154e+03
-4.84137105e+03 1.35178076e+03
-4.83987101e+03 1.34854555e+03
-4.83837097e+03 1.34531592e+03
-4.83687093e+03 1.34209184e+03
-4.83537090e+03 1.33887331e+03
-4.83387086e+03 1.33566030e+03
-4.83237082e+03 1.33245280e+03
-4.83087078e+03 1.32925081e+03
-4.82937075e+03 1.32605430e+03
-4.82787071e+03 1.32286327e+03
-4.82637067e+03 1.31967770e+03
-4.82487063e+03 1.31649758e+03
-4.82337060e+03 1.31332290e+03
-4.82187056e+03 1.31015364e+03
-4.82037052e+03 1.30698978e+03
-4.81887048e+03 1.30383133e+03
-4.81737045e+03 1.30067826e+03
-4.81587041e+03 1.29753057e+03
-4.81437037e+03 1.29438823e+03
-4.81287033e+03 1.29125125e+03
-4.81137030e+03 1.28811959e+03
-4.80987026e+03 1.28499326e+03
-4.80837022e+03 1.28187224e+03
-4.80687018e+03 1.27875652e+03
-4.80537015e+03 1.27564609e+03
-4.80387011e+03 1.27254093e+03
-4.80237007e+03 1.26944103e+03
-4.80087003e+03 1.26634638e+03
-4.79937000e+03 1.26325696e+03
-4.79786996e+03 1.26017278e+03
-4.79636992e+03 1.25709380e+03
-4.79486988e+03 1.25402003e+03
-4.79336985e+03 1.25095145e+03
-4.79186981e+03 1.24788805e+03
-4.79036977e+03 1.24482982e+03
-4.78886973e+03 1.24177674e+03
-4.78736970e+03 1.23872881e+03
-4.78586966e+03 1.23568601e+03
-4.78436962e+03 1.23264833e+03
-4.78286958e+03 1.22961576e+03
-4.78136955e+03 1.22658829e+03
-4.77986951e+03 1.22356590e+03
-4.77836947e+03 1.22054859e+03
-4.77686943e+03 1.21753635e+03
-4.77536940e+03 1.21452916e+03
-4.77386936e+03 1.21152702e+03
-4.77236932e+03 1.20852990e+03
-4.77086928e+03 1.20553781e+03
-4.76936925e+03 1.20255073e+03
-4.76786921e+03 1.19956865e+03
-4.76636917e+03 1.19659155e+03
-4.76486913e+03 1.19361944e+03
-4.76336910e+03 1.19065229e+03
-4.76186906e+03 1.18769009e+03
-4.76036902e+03 1.18473285e+03
-4.75886898e+03 1.18178054e+03
-4.75736895e+03 1.17883315e+03
-4.75586891e+03 1.17589068e+03
-4.75436887e+03 1.17295311e+03
-4.75286883e+03 1.17002044e+03
-4.75136880e+03 1.16709265e+03
-4.74986876e+03 1.16416973e+03
-4.74836872e+03 1.16125168e+03
-4.74686868e+03 1.15833847e+03
-4.74536865e+03 1.15543012e+03
-4.74386861e+03 1.15252659e+03
-4.74236857e+03 1.14962789e+03
-4.74086853e+03 1.14673400e+03
-4.73936850e+03 1.14384491e+03
-4.73786846e+03 1.14096062e+03
-4.73636842e+03 1.13808111e+03
-4.73486838e+03 1.13520637e+03
-4.73336835e+03 1.13233640e+03
-4.73186831e+03 1.12947118e+03
-4.73036827e+03 1.12661070e+03
-4.72886823e+03 1.12375496e+03
-4.72736820e+03 1.12090395e+03
-4.72586816e+03 1.11805765e+03
-4.72436812e+03 1.11521606e+03
-4.72286808e+03 1.11237916e+03
-4.72136805e+03 1.10954695e+03
-4.71986801e+03 1.10671942e+03
-4.71836797e+03 1.10389656e+03
-4.71686793e+03 1.10107836e+03
-4.71536790e+03 1.09826481e+03
-4.71386786e+03 1.09545590e+03
-4.71236782e+03 1.09265162e+03
-4.71086778e+03 1.08985196e+03
-4.70936775e+03 1.08705692e+03
-4.70786771e+03 1.08426648e+03
-4.70636767e+03 1.08148064e+03
-4.70486763e+03 1.07869939e+03
-4.70336760e+03 1.07592271e+03
-4.70186756e+03 1.07315061e+03
-4.70036752e+03 1.07038306e+03
-4.69886748e+03 1.06762007e+03
-4.69736745e+03 1.06486162e+03
-4.69586741e+03 1.06210770e+03
-4.69436737e+03 1.05935831e+03
-4.69286733e+03 1.05661343e+03
-4.69136730e+03 1.05387307e+03
-4.68986726e+03 1.05113720e+03
-4.68836722e+03 1.04840583e+03
-4.68686718e+03 1.04567893e+03
-4.68536715e+03 1.04295652e+03
-4.68386711e+03 1.04023857e+03
-4.68236707e+03 1.03752507e+03
-4.68086703e+03 1.03481603e+03
-4.67936700e+03 1.03211143e+03
-4.67786696e+03 1.02941126e+03
-4.67636692e+03 1.02671551e+03
-4.67486688e+03 1.02402419e+03
-4.67336685e+03 1.02133727e+03
-4.67186681e+03 1.01865475e+03
-4.67036677e+03 1.01597662e+03
-4.66886673e+03 1.01330288e+03
-4.66736670e+03 1.01063352e+03
-4.66586666e+03 1.00796852e+03
-4.66436662e+03 1.00530789e+03
-4.66286658e+03 1.00265160e+03
-4.66136655e+03 9.99999665e+02
-4.65986651e+03 9.97352064e+02
-4.65836647e+03 9.94708793e+02
-4.65686643e+03 9.92069843e+02
-4.65536640e+03 9.89435208e+02
-4.65386636e+03 9.86804878e+02
-4.65236632e+03 9.84178848e+02
-4.65086628e+03 9.81557108e+02
-4.64936625e+03 9.78939653e+02
-4.64786621e+03 9.76326473e+02
-4.64636617e+03 9.73717562e+02
-4.64486613e+03 9.71112912e+02
-4.64336610e+03 9.68512515e+02
-4.64186606e+03 9.65916365e+02
-4.64036602e+03 9.63324454e+02
-4.63886598e+03 9.60736774e+02
-4.63736595e+03 9.58153319e+02
-4.63586591e+03 9.55574081e+02
-4.63436587e+03 9.52999053e+02
-4.63286583e+03 9.50428227e+02
-4.63136580e+03 9.47861597e+02
-4.62986576e+03 9.45299156e+02
-4.62836572e+03 9.42740895e+02
-4.62686568e+03 9.40186809e+02
-4.62536565e+03 9.37636890e+02
-4.62386561e+03 9.35091132e+02
-4.62236557e+03 9.32549526e+02
-4.62086553e+03 9.30012067e+02
-4.61936550e+03 9.27478747e+02
-4.61786546e+03 9.24949560e+02
-4.61636542e+03 9.22424498e+02
-4.61486538e+03 9.19903555e+02
-4.61336535e+03 9.17386725e+02
-4.61186531e+03 9.14873999e+02
-4.61036527e+03 9.12365372e+02
-4.60886523e+03 9.09860837e+02
-4.60736520e+03 9.07360388e+02
-4.60586516e+03 9.04864016e+02
-4.60436512e+03 9.02371717e+02
-4.60286508e+03 8.99883483e+02
-4.60136505e+03 8.97399309e+02
-4.59986501e+03 8.94919186e+02
-4.59836497e+03 8.92443109e+02
-4.59686493e+03 8.89971072e+02
-4.59536490e+03 8.87503068e+02
-4.59386486e+03 8.85039090e+02
-4.59236482e+03 8.82579132e+02
-4.59086478e+03 8.80123188e+02
-4.58936475e+03 8.77671252e+02
-4.58786471e+03 8.75223317e+02
-4.58636467e+03 8.72779377e+02
-4.58486463e+03 8.70339426e+02
-4.58336460e+03 8.67903458e+02
-4.58186456e+03 8.65471465e+02
-4.58036452e+03 8.63043443e+02
-4.57886448e+03 8.60619385e+02
-4.57736445e+03 8.58199286e+02
-4.57586441e+03 8.55783138e+02
-4.57436437e+03 8.53370936e+02
-4.57286433e+03 8.50962673e+02
-4.57136430e+03 8.48558345e+02
-4.56986426e+03 8.46157945e+02
-4.56836422e+03 8.43761467e+02
-4.56686418e+03 8.41368905e+02
-4.56536415e+03 8.38980253e+02
-4.56386411e+03 8.36595506e+02
-4.56236407e+03 8.34214657e+02
-4.56086403e+03 8.31837701e+02
-4.55936400e+03 8.29464632e+02
-4.55786396e+03 8.27095445e+02
-4.55636392e+03 8.24730133e+02
-4.55486388e+03 8.22368690e+02
-4.55336385e+03 8.20011112e+02
-4.55186381e+03 8.17657393e+02
-4.55036377e+03 8.15307526e+02
-4.54886373e+03 8.12961507e+02
-4.54736370e+03 8.10619330e+02
-4.54586366e+03 8.08280989e+02
-4.54436362e+03 8.05946478e+02
-4.54286358e+03 8.03615793e+02
-4.54136355e+03 8.01288928e+02
-4.53986351e+03 7.98965877e+02
-4.53836347e+03 7.96646635e+02
-4.53686343e+03 7.94331196e+02
-4.53536340e+03 7.92019556e+02
-4.53386336e+03 7.89711709e+02
-4.53236332e+03 7.87407649e+02
-4.53086328e+03 7.85107371e+02
-4.52936325e+03 7.82810870e+02
-4.52786321e+03 7.80518141e+02
-4.52636317e+03 7.78229178e+02
-4.52486313e+03 7.75943977e+02
-4.52336310e+03 7.73662532e+02
-4.52186306e+03 7.71384838e+02
-4.52036302e+03 7.69110889e+02
-4.51886298e+03 7.66840682e+02
-4.51736295e+03 7.64574210e+02
-4.51586291e+03 7.62311469e+02
-4.51436287e+03 7.60052453e+02
-4.51286283e+03 7.57797158e+02
-4.51136280e+03 7.55545578e+02
-4.50986276e+03 7.53297710e+02
-4.50836272e+03 7.51053546e+02
-4.50686268e+03 7.48813084e+02
-4.50536265e+03 7.46576318e+02
-4.50386261e+03 7.44343243e+02
-4.50236257e+03 7.42113853e+02
-4.50086253e+03 7.39888146e+02
-4.49936250e+03 7.37666114e+02
-4.49786246e+03 7.35447755e+02
-4.49636242e+03 7.33233063e+02
-4.49486238e+03 7.31022033e+02
-4.49336235e+03 7.28814660e+02
-4.49186231e+03 7.26610941e+02
-4.49036227e+03 7.24410869e+02
-4.48886223e+03 7.22214442e+02
-4.48736220e+03 7.20021653e+02
-4.48586216e+03 7.17832499e+02
-4.48436212e+03 7.15646974e+02
-4.48286208e+03 7.13465075e+02
-4.48136205e+03 7.11286797e+02
-4.47986201e+03 7.09112135e+02
-4.47836197e+03 7.06941084e+02
-4.47686193e+03 7.04773641e+02
-4.47536190e+03 7.02609800e+02
-4.47386186e+03 7.00449558e+02
-4.47236182e+03 6.98292910e+02
-4.47086178e+03 6.96139851e+02
-4.46936175e+03 6.93990378e+02
-4.46786171e+03 6.91844485e+02
-4.46636167e+03 6.89702170e+02
-4.46486163e+03 6.87563426e+02
-4.46336160e+03 6.85428250e+02
-4.46186156e+03 6.83296638e+02
-4.46036152e+03 6.81168586e+02
-4.45886148e+03 6.79044089e+02
-4.45736145e+03 6.76923143e+02
-4.45586141e+03 6.74805744e+02
-4.45436137e+03 6.72691887e+02
-4.45286133e+03 6.70581569e+02
-4.45136130e+03 6.68474786e+02
-4.44986126e+03 6.66371533e+02
-4.44836122e+03 6.64271807e+02
-4.44686118e+03 6.62175603e+02
-4.44536115e+03 6.60082917e+02
-4.44386111e+03 6.57993745e+02
-4.44236107e+03 6.55908084e+02
-4.44086103e+03 6.53825929e+02
-4.43936100e+03 6.51747276e+02
-4.43786096e+03 6.49672122e+02
-4.43636092e+03 6.47600462e+02
-4.43486088e+03 6.45532293e+02
-4.43336085e+03 6.43467610e+02
-4.43186081e+03 6.41406410e+02
-4.43036077e+03 6.39348690e+02
-4.42886073e+03 6.37294445e+02
-4.42736070e+03 6.35243671e+02
-4.42586066e+03 6.33196365e+02
-4.42436062e+03 6.31152523e+02
-4.42286058e+03 6.29112141e+02
-4.42136055e+03 6.27075215e+02
-4.41986051e+03 6.25041742e+02
-4.41836047e+03 6.23011719e+02
-4.41686043e+03 6.20985141e+02
-4.41536040e+03 6.18962004e+02
-4.41386036e+03 6.16942306e+02
-4.41236032e+03 6.14926043e+02
-4.41086028e+03 6.12913210e+02
-4.40936025e+03 6.10903805e+02
-4.40786021e+03 6.08897824e+02
-4.40636017e+03 6.06895264e+02
-4.40486013e+03 6.04896120e+02
-4.40336010e+03 6.02900390e+02
-4.40186006e+03 6.00908069e+02
-4.40036002e+03 5.98919155e+02
-4.39885998e+03 5.96933644e+02
-4.39735994e+03 5.94951533e+02
-4.39585991e+03 5.92972819e+02
-4.39435987e+03 5.90997497e+02
-4.39285983e+03 5.89025564e+02
-4.39135979e+03 5.87057018e+02
-4.38985976e+03 5.85091855e+02
-4.38835972e+03 5.83130071e+02
-4.38685968e+03 5.81171664e+02
-4.38535964e+03 5.79216630e+02
-4.38385961e+03 5.77264965e+02
-4.38235957e+03 5.75316667e+02
-4.38085953e+03 5.73371733e+02
-4.37935949e+03 5.71430159e+02
-4.37785946e+03 5.69491942e+02
-4.37635942e+03 5.67557078e+02
-4.37485938e+03 5.65625566e+02
-4.37335934e+03 5.63697401e+02
-4.37185931e+03 5.61772581e+02
-4.37035927e+03 5.59851102e+02
-4.36885923e+03 5.57932962e+02
-4.36735919e+03 5.56018157e+02
-4.36585916e+03 5.54106684e+02
-4.36435912e+03 5.52198541e+02
-4.36285908e+03 5.50293724e+02
-4.36135904e+03 5.48392230e+02
-4.35985901e+03 5.46494057e+02
-4.35835897e+03 5.44599201e+02
-4.35685893e+03 5.42707660e+02
-4.35535889e+03 5.40819431e+02
-4.35385886e+03 5.38934510e+02
-4.35235882e+03 5.37052896e+02
-4.35085878e+03 5.35174584e+02
-4.34935874e+03 5.33299573e+02
-4.34785871e+03 5.31427859e+02
-4.34635867e+03 5.29559440e+02
-4.34485863e+03 5.27694313e+02
-4.34335859e+03 5.25832475e+02
-4.34185856e+03 5.23973923e+02
-4.34035852e+03 5.22118656e+02
-4.33885848e+03 5.20266669e+02
-4.33735844e+03 5.18417960e+02
-4.33585841e+03 5.16572527e+02
-4.33435837e+03 5.14730367e+02
-4.33285833e+03 5.12891478e+02
-4.33135829e+03 5.11055856e+02
-4.32985826e+03 5.09223499e+02
-4.32835822e+03 5.07394404e+02
-4.32685818e+03 5.05568570e+02
-4.32535814e+03 5.03745993e+02
-4.32385811e+03 5.01926671e+02
-4.32235807e+03 5.00110602e+02
-4.32085803e+03 4.98297782e+02
-4.31935799e+03 4.96488210e+02
-4.31785796e+03 4.94681883e+02
-4.31635792e+03 4.92878798e+02
-4.31485788e+03 4.91078953e+02
-4.31335784e+03 4.89282346e+02
-4.31185781e+03 4.87488975e+02
-4.31035777e+03 4.85698836e+02
-4.30885773e+03 4.83911928e+02
-4.30735769e+03 4.82128248e+02
-4.30585766e+03 4.80347795e+02
-4.30435762e+03 4.78570564e+02
-4.30285758e+03 4.76796555e+02
-4.30135754e+03 4.75025766e+02
-4.29985751e+03 4.73258193e+02
-4.29835747e+03 4.71493834e+02
-4.29685743e+03 4.69732688e+02
-4.29535739e+03 4.67974752e+02
-4.29385736e+03 4.66220024e+02
-4.29235732e+03 4.64468502e+02
-4.29085728e+03 4.62720184e+02
-4.28935724e+03 4.60975067e+02
-4.28785721e+03 4.59233149e+02
-4.28635717e+03 4.57494429e+02
-4.28485713e+03 4.55758904e+02
-4.28335709e+03 4.54026573e+02
-4.28185706e+03 4.52297432e+02
-4.28035702e+03 4.50571481e+02
-4.27885698e+03 4.48848716e+02
-4.27735694e+03 4.47129137e+02
-4.27585691e+03 4.45412741e+02
-4.27435687e+03 4.43699526e+02
-4.27285683e+03 4.41989490e+02
-4.27135679e+03 4.40282632e+02
-4.26985676e+03 4.38578949e+02
-4.26835672e+03 4.36878440e+02
-4.26685668e+03 4.35181102e+02
-4.26535664e+03 4.33486934e+02
-4.26385661e+03 4.31795934e+02
-4.26235657e+03 4.30108100e+02
-4.26085653e+03 4.28423430e+02
-4.25935649e+03 4.26741923e+02
-4.25785646e+03 4.25063577e+02
-4.25635642e+03 4.23388390e+02
-4.25485638e+03 4.21716360e+02
-4.25335634e+03 4.20047485e+02
-4.25185631e+03 4.18381765e+02
-4.25035627e+03 4.16719196e+02
-4.24885623e+03 4.15059778e+02
-4.24735619e+03 4.13403509e+02
-4.24585616e+03 4.11750388e+02
-4.24435612e+03 4.10100412e+02
-4.24285608e+03 4.08453579e+02
-4.24135604e+03 4.06809890e+02
-4.23985601e+03 4.05169341e+02
-4.23835597e+03 4.03531931e+02
-4.23685593e+03 4.01897660e+02
-4.23535589e+03 4.00266525e+02
-4.23385586e+03 3.98638524e+02
-4.23235582e+03 3.97013657e+02
-4.23085578e+03 3.95391922e+02
-4.22935574e+03 3.93773317e+02
-4.22785571e+03 3.92157842e+02
-4.22635567e+03 3.90545494e+02
-4.22485563e+03 3.88936272e+02
-4.22335559e+03 3.87330175e+02
-4.22185556e+03 3.85727201e+02
-4.22035552e+03 3.84127350e+02
-4.21885548e+03 3.82530620e+02
-4.21735544e+03 3.80937009e+02
-4.21585541e+03 3.79346517e+02
-4.21435537e+03 3.77759141e+02
-4.21285533e+03 3.76174882e+02
-4.21135529e+03 3.74593737e+02
-4.20985526e+03 3.73015705e+02
-4.20835522e+03 3.71440786e+02
-4.20685518e+03 3.69868977e+02
-4.20535514e+03 3.68300279e+02
-4.20385511e+03 3.66734689e+02
-4.20235507e+03 3.65172207e+02
-4.20085503e+03 3.63612831e+02
-4.19935499e+03 3.62056561e+02
-4.19785496e+03 3.60503395e+02
-4.19635492e+03 3.58953332e+02
-4.19485488e+03 3.57406372e+02
-4.19335484e+03 3.55862513e+02
-4.19185481e+03 3.54321754e+02
-4.19035477e+03 3.52784095e+02
-4.18885473e+03 3.51249534e+02
-4.18735469e+03 3.49718070e+02
-4.18585466e+03 3.48189703e+02
-4.18435462e+03 3.46664432e+02
-4.18285458e+03 3.45142255e+02
-4.18135454e+03 3.43623172e+02
-4.17985451e+03 3.42107183e+02
-4.17835447e+03 3.40594285e+02
-4.17685443e+03 3.39084479e+02
-4.17535439e+03 3.37577764e+02
-4.17385436e+03 3.36074138e+02
-4.17235432e+03 3.34573602e+02
-4.17085428e+03 3.33076154e+02
-4.16935424e+03 3.31581794e+02
-4.16785421e+03 3.30090521e+02
-4.16635417e+03 3.28602334e+02
-4.16485413e+03 3.27117233e+02
-4.16335409e+03 3.25635216e+02
-4.16185406e+03 3.24156285e+02
-4.16035402e+03 3.22680437e+02
-4.15885398e+03 3.21207673e+02
-4.15735394e+03 3.19737991e+02
-4.15585391e+03 3.18271391e+02
-4.15435387e+03 3.16807873e+02
-4.15285383e+03 3.15347436e+02
-4.15135379e+03 3.13890081e+02
-4.14985376e+03 3.12435805e+02
-4.14835372e+03 3.10984609e+02
-4.14685368e+03 3.09536493e+02
-4.14535364e+03 3.08091455e+02
-4.14385361e+03 3.06649497e+02
-4.14235357e+03 3.05210616e+02
-4.14085353e+03 3.03774814e+02
-4.13935349e+03 3.02342089e+02
-4.13785346e+03 3.00912442e+02
-4.13635342e+03 2.99485871e+02
-4.13485338e+03 2.98062378e+02
-4.13335334e+03 2.96641961e+02
-4.13185331e+03 2.95224621e+02
-4.13035327e+03 2.93810356e+02
-4.12885323e+03 2.92399168e+02
-4.12735319e+03 2.90991056e+02
-4.12585316e+03 2.89586020e+02
-4.12435312e+03 2.88184059e+02
-4.12285308e+03 2.86785174e+02
-4.12135304e+03 2.85389364e+02
-4.11985301e+03 2.83996631e+02
-4.11835297e+03 2.82606972e+02
-4.11685293e+03 2.81220389e+02
-4.11535289e+03 2.79836882e+02
-4.11385286e+03 2.78456450e+02
-4.11235282e+03 2.77079094e+02
-4.11085278e+03 2.75704813e+02
-4.10935274e+03 2.74333608e+02
-4.10785271e+03 2.72965480e+02
-4.10635267e+03 2.71600428e+02
-4.10485263e+03 2.70238452e+02
-4.10335259e+03 2.68879552e+02
-4.10185256e+03 2.67523730e+02
-4.10035252e+03 2.66170984e+02
-4.09885248e+03 2.64821316e+02
-4.09735244e+03 2.63474725e+02
-4.09585241e+03 2.62131213e+02
-4.09435237e+03 2.60790779e+02
-4.09285233e+03 2.59453423e+02
-4.09135229e+03 2.58119146e+02
-4.08985226e+03 2.56787949e+02
-4.08835222e+03 2.55459832e+02
-4.08685218e+03 2.54134795e+02
-4.08535214e+03 2.52812840e+02
-4.08385211e+03 2.51493965e+02
-4.08235207e+03 2.50178173e+02
-4.08085203e+03 2.48865463e+02
-4.07935199e+03 2.47555836e+02
-4.07785196e+03 2.46249293e+02
-4.07635192e+03 2.44945834e+02
-4.07485188e+03 2.43645461e+02
-4.07335184e+03 2.42348173e+02
-4.07185181e+03 2.41053972e+02
-4.07035177e+03 2.39762858e+02
-4.06885173e+03 2.38474831e+02
-4.06735169e+03 2.37189894e+02
-4.06585166e+03 2.35908046e+02
-4.06435162e+03 2.34629289e+02
-4.06285158e+03 2.33353623e+02
-4.06135154e+03 2.32081049e+02
-4.05985151e+03 2.30811568e+02
-4.05835147e+03 2.29545181e+02
-4.05685143e+03 2.28281890e+02
-4.05535139e+03 2.27021695e+02
-4.05385136e+03 2.25764596e+02
-4.05235132e+03 2.24510597e+02
-4.05085128e+03 2.23259696e+02
-4.04935124e+03 2.22011896e+02
-4.04785121e+03 2.20767197e+02
-4.04635117e+03 2.19525602e+02
-4.04485113e+03 2.18287110e+02
-4.04335109e+03 2.17051724e+02
-4.04185106e+03 2.15819444e+02
-4.04035102e+03 2.14590272e+02
-4.03885098e+03 2.13364209e+02
-4.03735094e+03 2.12141256e+02
-4.03585091e+03 2.10921416e+02
-4.03435087e+03 2.09704689e+02
-4.03285083e+03 2.08491077e+02
-4.03135079e+03 2.07280581e+02
-4.02985076e+03 2.06073203e+02
-4.02835072e+03 2.04868945e+02
-4.02685068e+03 2.03667807e+02
-4.02535064e+03 2.02469792e+02
-4.02385061e+03 2.01274901e+02
-4.02235057e+03 2.00083136e+02
-4.02085053e+03 1.98894499e+02
-4.01935049e+03 1.97708991e+02
-4.01785046e+03 1.96526614e+02
-4.01635042e+03 1.95347370e+02
-4.01485038e+03 1.94171261e+02
-4.01335034e+03 1.92998289e+02
-4.01185031e+03 1.91828456e+02
-4.01035027e+03 1.90661763e+02
-4.00885023e+03 1.89498212e+02
-4.00735019e+03 1.88337806e+02
-4.00585016e+03 1.87180547e+02
-4.00435012e+03 1.86026437e+02
-4.00285008e+03 1.84875478e+02
-4.00135004e+03 1.83727671e+02
-3.99985001e+03 1.82583020e+02
-3.99834997e+03 1.81441527e+02
-3.99684993e+03 1.80303193e+02
-3.99534989e+03 1.79168022e+02
-3.99384986e+03 1.78036015e+02
-3.99234982e+03 1.76907175e+02
-3.99084978e+03 1.75781504e+02
-3.98934974e+03 1.74659006e+02
-3.98784971e+03 1.73539682e+02
-3.98634967e+03 1.72423534e+02
-3.98484963e+03 1.71310567e+02
-3.98334959e+03 1.70200781e+02
-3.98184956e+03 1.69094181e+02
-3.98034952e+03 1.67990768e+02
-3.97884948e+03 1.66890545e+02
-3.97734944e+03 1.65793516e+02
-3.97584941e+03 1.64699683e+02
-3.97434937e+03 1.63609049e+02
-3.97284933e+03 1.62521618e+02
-3.97134929e+03 1.61437391e+02
-3.96984926e+03 1.60356372e+02
-3.96834922e+03 1.59278565e+02
-3.96684918e+03 1.58203972e+02
-3.96534914e+03 1.57132596e+02
-3.96384911e+03 1.56064441e+02
-3.96234907e+03 1.54999510e+02
-3.96084903e+03 1.53937807e+02
-3.95934899e+03 1.52879334e+02
-3.95784896e+03 1.51824096e+02
-3.95634892e+03 1.50772095e+02
-3.95484888e+03 1.49723336e+02
-3.95334884e+03 1.48677821e+02
-3.95184881e+03 1.47635555e+02
-3.95034877e+03 1.46596541e+02
-3.94884873e+03 1.45560784e+02
-3.94734869e+03 1.44528286e+02
-3.94584866e+03 1.43499051e+02
-3.94434862e+03 1.42473084e+02
-3.94284858e+03 1.41450389e+02
-3.94134854e+03 1.40430970e+02
-3.93984851e+03 1.39414830e+02
-3.93834847e+03 1.38401974e+02
-3.93684843e+03 1.37392406e+02
-3.93534839e+03 1.36386131e+02
-3.93384836e+03 1.35383152e+02
-3.93234832e+03 1.34383475e+02
-3.93084828e+03 1.33387103e+02
-3.92934824e+03 1.32394041e+02
-3.92784821e+03 1.31404294e+02
-3.92634817e+03 1.30417867e+02
-3.92484813e+03 1.29434763e+02
-3.92334809e+03 1.28454989e+02
-3.92184806e+03 1.27478548e+02
-3.92034802e+03 1.26505446e+02
-3.91884798e+03 1.25535688e+02
-3.91734794e+03 1.24569279e+02
-3.91584791e+03 1.23606224e+02
-3.91434787e+03 1.22646528e+02
-3.91284783e+03 1.21690196e+02
-3.91134779e+03 1.20737235e+02
-3.90984776e+03 1.19787648e+02
-3.90834772e+03 1.18841443e+02
-3.90684768e+03 1.17898625e+02
-3.90534764e+03 1.16959198e+02
-3.90384761e+03 1.16023170e+02
-3.90234757e+03 1.15090546e+02
-3.90084753e+03 1.14161331e+02
-3.89934749e+03 1.13235533e+02
-3.89784746e+03 1.12313156e+02
-3.89634742e+03 1.11394208e+02
-3.89484738e+03 1.10478694e+02
-3.89334734e+03 1.09566621e+02
-3.89184731e+03 1.08657996e+02
-3.89034727e+03 1.07752824e+02
-3.88884723e+03 1.06851114e+02
-3.88734719e+03 1.05952871e+02
-3.88584716e+03 1.05058102e+02
-3.88434712e+03 1.04166815e+02
-3.88284708e+03 1.03279016e+02
-3.88134704e+03 1.02394713e+02
-3.87984701e+03 1.01513912e+02
-3.87834697e+03 1.00636622e+02
-3.87684693e+03 9.97628501e+01
-3.87534689e+03 9.88926037e+01
-3.87384686e+03 9.80258906e+01
-3.87234682e+03 9.71627185e+01
-3.87084678e+03 9.63030955e+01
-3.86934674e+03 9.54470299e+01
-3.86784671e+03 9.45945297e+01
-3.86634667e+03 9.37456033e+01
-3.86484663e+03 9.29002596e+01
-3.86334659e+03 9.20585064e+01
-3.86184656e+03 9.12203531e+01
-3.86034652e+03 9.03858084e+01
-3.85884648e+03 8.95548813e+01
-3.85734644e+03 8.87275811e+01
-3.85584641e+03 8.79039170e+01
-3.85434637e+03 8.70838986e+01
-3.85284633e+03 8.62675353e+01
-3.85134629e+03 8.54548371e+01
-3.84984626e+03 8.46458137e+01
-3.84834622e+03 8.38404751e+01
-3.84684618e+03 8.30388323e+01
-3.84534614e+03 8.22408950e+01
-3.84384611e+03 8.14466742e+01
-3.84234607e+03 8.06561804e+01
-3.84084603e+03 7.98694247e+01
-3.83934599e+03 7.90864181e+01
-3.83784596e+03 7.83071720e+01
-3.83634592e+03 7.75316980e+01
-3.83484588e+03 7.67600078e+01
-3.83334584e+03 7.59921131e+01
-3.83184581e+03 7.52280264e+01
-3.83034577e+03 7.44677598e+01
-3.82884573e+03 7.37113258e+01
-3.82734569e+03 7.29587375e+01
-3.82584566e+03 7.22100076e+01
-3.82434562e+03 7.14651493e+01
-3.82284558e+03 7.07241763e+01
-3.82134554e+03 6.99871019e+01
-3.81984551e+03 6.92539407e+01
-3.81834547e+03 6.85247065e+01
-3.81684543e+03 6.77994138e+01
-3.81534539e+03 6.70780776e+01
-3.81384536e+03 6.63607128e+01
-3.81234532e+03 6.56473350e+01
-3.81084528e+03 6.49379594e+01
-3.80934524e+03 6.42326021e+01
-3.80784521e+03 6.35312796e+01
-3.80634517e+03 6.28340078e+01
-3.80484513e+03 6.21408045e+01
-3.80334509e+03 6.14516864e+01
-3.80184506e+03 6.07666712e+01
-3.80034502e+03 6.00857766e+01
-3.79884498e+03 5.94090215e+01
-3.79734494e+03 5.87364243e+01
-3.79584491e+03 5.80680042e+01
-3.79434487e+03 5.74037806e+01
-3.79284483e+03 5.67437733e+01
-3.79134479e+03 5.60880032e+01
-3.78984476e+03 5.54364906e+01
-3.78834472e+03 5.47892570e+01
-3.78684468e+03 5.41463244e+01
-3.78534464e+03 5.35077151e+01
-3.78384461e+03 5.28734518e+01
-3.78234457e+03 5.22435574e+01
-3.78084453e+03 5.16180565e+01
-3.77934449e+03 5.09969733e+01
-3.77784446e+03 5.03803329e+01
-3.77634442e+03 4.97681611e+01
-3.77484438e+03 4.91604843e+01
-3.77334434e+03 4.85573296e+01
-3.77184431e+03 4.79587242e+01
-3.77034427e+03 4.73646974e+01
-3.76884423e+03 4.67752779e+01
-3.76734419e+03 4.61904960e+01
-3.76584416e+03 4.56103824e+01
-3.76434412e+03 4.50349688e+01
-3.76284408e+03 4.44642881e+01
-3.76134404e+03 4.38983739e+01
-3.75984401e+03 4.33372605e+01
-3.75834397e+03 4.27809839e+01
-3.75684393e+03 4.22295807e+01
-3.75534389e+03 4.16830888e+01
-3.75384386e+03 4.11415472e+01
-3.75234382e+03 4.06049963e+01
-3.75084378e+03 4.00734782e+01
-3.74934374e+03 3.95470357e+01
-3.74784371e+03 3.90257136e+01
-3.74634367e+03 3.85095581e+01
-3.74484363e+03 3.79986171e+01
-3.74334359e+03 3.74929406e+01
-3.74184356e+03 3.69925802e+01
-3.74034352e+03 3.64975892e+01
-3.73884348e+03 3.60080239e+01
-3.73734344e+03 3.55239425e+01
-3.73584341e+03 3.50454051e+01
-3.73434337e+03 3.45724759e+01
-3.73284333e+03 3.41052203e+01
-3.73134329e+03 3.36437083e+01
-3.72984326e+03 3.31880121e+01
-3.72834322e+03 3.27382085e+01
-3.72684318e+03 3.22943778e+01
-3.72534314e+03 3.18566049e+01
-3.72384311e+03 3.14249789e+01
-3.72234307e+03 3.09995952e+01
-3.72084303e+03 3.05805543e+01
-3.71934299e+03 3.01679635e+01
-3.71784296e+03 2.97619377e+01
-3.71634292e+03 2.93625993e+01
-3.71484288e+03 2.89700808e+01
-3.71334284e+03 2.85845252e+01
-3.71184281e+03 2.82060872e+01
-3.71034277e+03 2.78349348e+01
-3.70884273e+03 2.74712520e+01
-3.70734269e+03 2.71152380e+01
-3.70584266e+03 2.67671062e+01
-3.70434262e+03 2.64270774e+01
-3.70284258e+03 2.60953597e+01
-3.70134254e+03 2.57720957e+01
-3.69984251e+03 2.54572392e+01
-3.69834247e+03 2.51502649e+01
-3.69684243e+03 2.48496569e+01
-3.69534239e+03 2.45527878e+01
-3.69384236e+03 2.42574778e+01
-3.69234232e+03 2.39634731e+01
-3.69084228e+03 2.36710327e+01
-3.68934224e+03 2.33812201e+01
-3.68784221e+03 2.30988540e+01
-3.68634217e+03 2.28291021e+01
-3.68484213e+03 2.25715082e+01
-3.68334209e+03 2.23218151e+01
-3.68184206e+03 2.20776034e+01
-3.68034202e+03 2.18411838e+01
-3.67884198e+03 2.16162802e+01
-3.67734194e+03 2.14031311e+01
-3.67584191e+03 2.11987435e+01
-3.67434187e+03 2.09995715e+01
-3.67284183e+03 2.08035316e+01
-3.67134179e+03 2.06111212e+01
-3.66984176e+03 2.04240322e+01
-3.66834172e+03 2.02423195e+01
-3.66684168e+03 2.00639584e+01
-3.66534164e+03 1.98864772e+01
-3.66384161e+03 1.97086326e+01
-3.66234157e+03 1.95313976e+01
-3.66084153e+03 1.93577464e+01
-3.65934149e+03 1.91908593e+01
-3.65784146e+03 1.90319521e+01
-3.65634142e+03 1.88803101e+01
-3.65484138e+03 1.87352232e+01
-3.65334134e+03 1.85967690e+01
-3.65184131e+03 1.84647218e+01
-3.65034127e+03 1.83374794e+01
-3.64884123e+03 1.82123066e+01
-3.64734119e+03 1.80867957e+01
-3.64584116e+03 1.79607467e+01
-3.64434112e+03 1.78367195e+01
-3.64284108e+03 1.77180520e+01
-3.64134104e+03 1.76063278e+01
-3.63984101e+03 1.75008080e+01
-3.63834097e+03 1.73993994e+01
-3.63684093e+03 1.72997444e+01
-3.63534089e+03 1.71999815e+01
-3.63384086e+03 1.70992258e+01
-3.63234082e+03 1.69976689e+01
-3.63084078e+03 1.68962206e+01
-3.62934074e+03 1.67960728e+01
-3.62784071e+03 1.66985057e+01
-3.62634067e+03 1.66045451e+01
-3.62484063e+03 1.65144121e+01
-3.62334059e+03 1.64274277e+01
-3.62184056e+03 1.63424373e+01
-3.62034052e+03 1.62582598e+01
-3.61884048e+03 1.61740262e+01
-3.61734044e+03 1.60894633e+01
-3.61584041e+03 1.60049824e+01
-3.61434037e+03 1.59213806e+01
-3.61284033e+03 1.58393088e+01
-3.61134029e+03 1.57589011e+01
-3.60984026e+03 1.56798087e+01
-3.60834022e+03 1.56015733e+01
-3.60684018e+03 1.55240021e+01
-3.60534014e+03 1.54471467e+01
-3.60384011e+03 1.53709398e+01
-3.60234007e+03 1.52950035e+01
-3.60084003e+03 1.52188875e+01
-3.59933999e+03 1.51425026e+01
-3.59783995e+03 1.50663737e+01
-3.59633992e+03 1.49914467e+01
-3.59483988e+03 1.49185725e+01
-3.59333984e+03 1.48480959e+01
-3.59183980e+03 1.47798231e+01
-3.59033977e+03 1.47132604e+01
-3.58883973e+03 1.46478657e+01
-3.58733969e+03 1.45831834e+01
-3.58583965e+03 1.45188708e+01
-3.58433962e+03 1.44546679e+01
-3.58283958e+03 1.43903505e+01
-3.58133954e+03 1.43256961e+01
-3.57983950e+03 1.42605111e+01
-3.57833947e+03 1.41947370e+01
-3.57683943e+03 1.41285879e+01
-3.57533939e+03 1.40626012e+01
-3.57383935e+03 1.39974937e+01
-3.57233932e+03 1.39338783e+01
-3.57083928e+03 1.38720593e+01
-3.56933924e+03 1.38120387e+01
-3.56783920e+03 1.37536520e+01
-3.56633917e+03 1.36966945e+01
-3.56483913e+03 1.36409827e+01
-3.56333909e+03 1.35863698e+01
-3.56183905e+03 1.35327428e+01
-3.56033902e+03 1.34800221e+01
-3.55883898e+03 1.34281661e+01
-3.55733894e+03 1.33771699e+01
-3.55583890e+03 1.33270566e+01
-3.55433887e+03 1.32778635e+01
-3.55283883e+03 1.32296275e+01
-3.55133879e+03 1.31823790e+01
-3.54983875e+03 1.31361407e+01
-3.54833872e+03 1.30909238e+01
-3.54683868e+03 1.30467234e+01
-3.54533864e+03 1.30035281e+01
-3.54383860e+03 1.29613520e+01
-3.54233857e+03 1.29202648e+01
-3.54083853e+03 1.28803930e+01
-3.53933849e+03 1.28418810e+01
-3.53783845e+03 1.28048393e+01
-3.53633842e+03 1.27693184e+01
-3.53483838e+03 1.27353145e+01
-3.53333834e+03 1.27027889e+01
-3.53183830e+03 1.26716886e+01
-3.53033827e+03 1.26419568e+01
-3.52883823e+03 1.26135365e+01
-3.52733819e+03 1.25863635e+01
-3.52583815e+03 1.25603567e+01
-3.52433812e+03 1.25354262e+01
-3.52283808e+03 1.25115019e+01
-3.52133804e+03 1.24885589e+01
-3.51983800e+03 1.24666071e+01
-3.51833797e+03 1.24456642e+01
-3.51683793e+03 1.24257373e+01
-3.51533789e+03 1.24068238e+01
-3.51383785e+03 1.23889193e+01
-3.51233782e+03 1.23720228e+01
-3.51083778e+03 1.23561384e+01
-3.50933774e+03 1.23412756e+01
-3.50783770e+03 1.23274491e+01
-3.50633767e+03 1.23146783e+01
-3.50483763e+03 1.23029854e+01
-3.50333759e+03 1.22923958e+01
-3.50183755e+03 1.22829329e+01
-3.50033752e+03 1.22746165e+01
-3.49883748e+03 1.22674597e+01
-3.49733744e+03 1.22614657e+01
-3.49583740e+03 1.22566226e+01
-3.49433737e+03 1.22528959e+01
-3.49283733e+03 1.22502192e+01
-3.49133729e+03 1.22484922e+01
-3.48983725e+03 1.22475984e+01
-3.48833722e+03 1.22474311e+01
-3.48683718e+03 1.22479176e+01
-3.48533714e+03 1.22490264e+01
-3.48383710e+03 1.22507544e+01
-3.48233707e+03 1.22530981e+01
-3.48083703e+03 1.22560213e+01
-3.47933699e+03 1.22594362e+01
-3.47783695e+03 1.22631999e+01
-3.47633692e+03 1.22671213e+01
-3.47483688e+03 1.22709773e+01
-3.47333684e+03 1.22745260e+01
-3.47183680e+03 1.22775219e+01
-3.47033677e+03 1.22797264e+01
-3.46883673e+03 1.22809290e+01
-3.46733669e+03 1.22809925e+01
-3.46583665e+03 1.22799273e+01
-3.46433662e+03 1.22779439e+01
-3.46283658e+03 1.22754383e+01
-3.46133654e+03 1.22729008e+01
-3.45983650e+03 1.22708070e+01
-3.45833647e+03 1.22695291e+01
-3.45683643e+03 1.22692960e+01
-3.45533639e+03 1.22701879e+01
-3.45383635e+03 1.22721550e+01
-3.45233632e+03 1.22750507e+01
-3.45083628e+03 1.22786659e+01
-3.44933624e+03 1.22827573e+01
-3.44783620e+03 1.22870695e+01
-3.44633617e+03 1.22913513e+01
-3.44483613e+03 1.22953688e+01
-3.44333609e+03 1.22989174e+01
-3.44183605e+03 1.23018304e+01
-3.44033602e+03 1.23039878e+01
-3.43883598e+03 1.23053217e+01
-3.43733594e+03 1.23058195e+01
-3.43583590e+03 1.23055228e+01
-3.43433587e+03 1.23045201e+01
-3.43283583e+03 1.23029238e+01
-3.43133579e+03 1.23008486e+01
-3.42983575e+03 1.22983836e+01
-3.42833572e+03 1.22955819e+01
-3.42683568e+03 1.22924729e+01
-3.42533564e+03 1.22890907e+01
-3.42383560e+03 1.22854964e+01
-3.42233557e+03 1.22817794e+01
-3.42083553e+03 1.22780397e+01
-3.41933549e+03 1.22743620e+01
-3.41783545e+03 1.22708021e+01
-3.41633542e+03 1.22673814e+01
-3.41483538e+03 1.22640940e+01
-3.41333534e+03 1.22609158e+01
-3.41183530e+03 1.22578088e+01
-3.41033527e+03 1.22547278e+01
-3.40883523e+03 1.22516252e+01
-3.40733519e+03 1.22484603e+01
-3.40583515e+03 1.22452036e+01
-3.40433512e+03 1.22418391e+01
-3.40283508e+03 1.22383624e+01
-3.40133504e+03 1.22347786e+01
-3.39983500e+03 1.22310985e+01
-3.39833497e+03 1.22273380e+01
-3.39683493e+03 1.22235150e+01
-3.39533489e+03 1.22196499e+01
-3.39383485e+03 1.22157633e+01
-3.39233482e+03 1.22118735e+01
-3.39083478e+03 1.22079973e+01
-3.38933474e+03 1.22041474e+01
-3.38783470e+03 1.22003311e+01
-3.38633467e+03 1.21965539e+01
-3.38483463e+03 1.21928199e+01
-3.38333459e+03 1.21891343e+01
-3.38183455e+03 1.21855013e+01
-3.38033452e+03 1.21819214e+01
-3.37883448e+03 1.21783901e+01
-3.37733444e+03 1.21748978e+01
-3.37583440e+03 1.21714335e+01
-3.37433437e+03 1.21679882e+01
-3.37283433e+03 1.21645566e+01
-3.37133429e+03 1.21611373e+01
-3.36983425e+03 1.21577309e+01
-3.36833422e+03 1.21543380e+01
-3.36683418e+03 1.21509603e+01
-3.36533414e+03 1.21476011e+01
-3.36383410e+03 1.21442651e+01
-3.36233407e+03 1.21409598e+01
-3.36083403e+03 1.21376940e+01
-3.35933399e+03 1.21344751e+01
-3.35783395e+03 1.21313080e+01
-3.35633392e+03 1.21281952e+01
-3.35483388e+03 1.21251349e+01
-3.35333384e+03 1.21221228e+01
-3.35183380e+03 1.21191528e+01
-3.35033377e+03 1.21162171e+01
-3.34883373e+03 1.21133079e+01
-3.34733369e+03 1.21104170e+01
-3.34583365e+03 1.21075381e+01
-3.34433362e+03 1.21046650e+01
-3.34283358e+03 1.21017933e+01
-3.34133354e+03 1.20989191e+01
-3.33983350e+03 1.20960400e+01
-3.33833347e+03 1.20931539e+01
-3.33683343e+03 1.20902601e+01
-3.33533339e+03 1.20873578e+01
-3.33383335e+03 1.20844473e+01
-3.33233332e+03 1.20815296e+01
-3.33083328e+03 1.20786062e+01
-3.32933324e+03 1.20756795e+01
-3.32783320e+03 1.20727532e+01
-3.32633317e+03 1.20698317e+01
-3.32483313e+03 1.20669207e+01
-3.32333309e+03 1.20640270e+01
-3.32183305e+03 1.20611599e+01
-3.32033302e+03 1.20583293e+01
-3.31883298e+03 1.20555470e+01
-3.31733294e+03 1.20528268e+01
-3.31583290e+03 1.20501837e+01
-3.31433287e+03 1.20476342e+01
-3.31283283e+03 1.20451939e+01
-3.31133279e+03 1.20428750e+01
-3.30983275e+03 1.20406853e+01
-3.30833272e+03 1.20386230e+01
-3.30683268e+03 1.20366737e+01
-3.30533264e+03 1.20348091e+01
-3.30383260e+03 1.20329904e+01
-3.30233257e+03 1.20311744e+01
-3.30083253e+03 1.20293250e+01
-3.29933249e+03 1.20274230e+01
-3.29783245e+03 1.20254695e+01
-3.29633242e+03 1.20234787e+01
-3.29483238e+03 1.20214662e+01
-3.29333234e+03 1.20194388e+01
-3.29183230e+03 1.20173936e+01
-3.29033227e+03 1.20153254e+01
-3.28883223e+03 1.20132355e+01
-3.28733219e+03 1.20111347e+01
-3.28583215e+03 1.20090431e+01
-3.28433212e+03 1.20069873e+01
-3.28283208e+03 1.20049951e+01
-3.28133204e+03 1.20030910e+01
-3.27983200e+03 1.20012926e+01
-3.27833197e+03 1.19996100e+01
-3.27683193e+03 1.19980412e+01
-3.27533189e+03 1.19965754e+01
-3.27383185e+03 1.19951919e+01
-3.27233182e+03 1.19938675e+01
-3.27083178e+03 1.19925826e+01
-3.26933174e+03 1.19913299e+01
-3.26783170e+03 1.19901156e+01
-3.26633167e+03 1.19889556e+01
-3.26483163e+03 1.19878620e+01
-3.26333159e+03 1.19868343e+01
-3.26183155e+03 1.19858554e+01
-3.26033152e+03 1.19848948e+01
-3.25883148e+03 1.19839176e+01
-3.25733144e+03 1.19828934e+01
-3.25583140e+03 1.19818025e+01
-3.25433137e+03 1.19806402e+01
-3.25283133e+03 1.19794196e+01
-3.25133129e+03 1.19781665e+01
-3.24983125e+03 1.19769125e+01
-3.24833122e+03 1.19756832e+01
-3.24683118e+03 1.19744913e+01
-3.24533114e+03 1.19733335e+01
-3.24383110e+03 1.19721920e+01
-3.24233107e+03 1.19710405e+01
-3.24083103e+03 1.19698508e+01
-3.23933099e+03 1.19685980e+01
-3.23783095e+03 1.19672655e+01
-3.23633092e+03 1.19658503e+01
-3.23483088e+03 1.19643637e+01
-3.23333084e+03 1.19628276e+01
-3.23183080e+03 1.19612654e+01
-3.23033077e+03 1.19596922e+01
-3.22883073e+03 1.19581064e+01
-3.22733069e+03 1.19564910e+01
-3.22583065e+03 1.19548209e+01
-3.22433062e+03 1.19530704e+01
-3.22283058e+03 1.19512233e+01
-3.22133054e+03 1.19492763e+01
-3.21983050e+03 1.19472387e+01
-3.21833047e+03 1.19451281e+01
-3.21683043e+03 1.19429603e+01
-3.21533039e+03 1.19407450e+01
-3.21383035e+03 1.19384792e+01
-3.21233032e+03 1.19361518e+01
-3.21083028e+03 1.19337448e+01
-3.20933024e+03 1.19312395e+01
-3.20783020e+03 1.19286199e+01
-3.20633017e+03 1.19258730e+01
-3.20483013e+03 1.19229891e+01
-3.20333009e+03 1.19199608e+01
-3.20183005e+03 1.19167802e+01
-3.20033002e+03 1.19134388e+01
-3.19882998e+03 1.19099263e+01
-3.19732994e+03 1.19062308e+01
-3.19582990e+03 1.19023420e+01
-3.19432987e+03 1.18982520e+01
-3.19282983e+03 1.18939602e+01
-3.19132979e+03 1.18894723e+01
-3.18982975e+03 1.18847990e+01
-3.18832972e+03 1.18799509e+01
-3.18682968e+03 1.18749377e+01
-3.18532964e+03 1.18697668e+01
-3.18382960e+03 1.18644441e+01
-3.18232957e+03 1.18589733e+01
-3.18082953e+03 1.18533563e+01
-3.17932949e+03 1.18475886e+01
-3.17782945e+03 1.18416603e+01
-3.17632942e+03 1.18355554e+01
-3.17482938e+03 1.18292550e+01
-3.17332934e+03 1.18227394e+01
-3.17182930e+03 1.18159885e+01
-3.17032927e+03 1.18089843e+01
-3.16882923e+03 1.18017094e+01
-3.16732919e+03 1.17941465e+01
-3.16582915e+03 1.17862790e+01
-3.16432912e+03 1.17780899e+01
-3.16282908e+03 1.17695636e+01
-3.16132904e+03 1.17606850e+01
-3.15982900e+03 1.17514401e+01
-3.15832897e+03 1.17418179e+01
-3.15682893e+03 1.17318085e+01
-3.15532889e+03 1.17214052e+01
-3.15382885e+03 1.17106042e+01
-3.15232882e+03 1.16994033e+01
-3.15082878e+03 1.16878028e+01
-3.14932874e+03 1.16758039e+01
-3.14782870e+03 1.16634077e+01
-3.14632867e+03 1.16506156e+01
-3.14482863e+03 1.16374297e+01
-3.14332859e+03 1.16238525e+01
-3.14182855e+03 1.16098873e+01
-3.14032852e+03 1.15955402e+01
-3.13882848e+03 1.15808166e+01
-3.13732844e+03 1.15657213e+01
-3.13582840e+03 1.15502579e+01
-3.13432837e+03 1.15344282e+01
-3.13282833e+03 1.15182336e+01
-3.13132829e+03 1.15016767e+01
-3.12982825e+03 1.14847599e+01
-3.12832822e+03 1.14674838e+01
-3.12682818e+03 1.14498469e+01
-3.12532814e+03 1.14318439e+01
-3.12382810e+03 1.14134670e+01
-3.12232807e+03 1.13947068e+01
-3.12082803e+03 1.13755536e+01
-3.11932799e+03 1.13559979e+01
-3.11782795e+03 1.13360305e+01
-3.11632792e+03 1.13156437e+01
-3.11482788e+03 1.12948305e+01
-3.11332784e+03 1.12735863e+01
-3.11182780e+03 1.12519095e+01
-3.11032777e+03 1.12298031e+01
-3.10882773e+03 1.12072755e+01
-3.10732769e+03 1.11843393e+01
-3.10582765e+03 1.11610096e+01
-3.10432762e+03 1.11373020e+01
-3.10282758e+03 1.11132292e+01
-3.10132754e+03 1.10888002e+01
-3.09982750e+03 1.10640239e+01
-3.09832747e+03 1.10389075e+01
-3.09682743e+03 1.10134616e+01
-3.09532739e+03 1.09876997e+01
-3.09382735e+03 1.09616382e+01
-3.09232732e+03 1.09352950e+01
-3.09082728e+03 1.09086883e+01
-3.08932724e+03 1.08818356e+01
-3.08782720e+03 1.08547504e+01
-3.08632717e+03 1.08274439e+01
-3.08482713e+03 1.07999230e+01
-3.08332709e+03 1.07721915e+01
-3.08182705e+03 1.07442531e+01
-3.08032702e+03 1.07161121e+01
-3.07882698e+03 1.06877768e+01
-3.07732694e+03 1.06592611e+01
-3.07582690e+03 1.06305843e+01
-3.07432687e+03 1.06017686e+01
-3.07282683e+03 1.05728354e+01
-3.07132679e+03 1.05438020e+01
-3.06982675e+03 1.05146801e+01
-3.06832672e+03 1.04854760e+01
-3.06682668e+03 1.04561920e+01
-3.06532664e+03 1.04268289e+01
-3.06382660e+03 1.03973867e+01
-3.06232657e+03 1.03678674e+01
-3.06082653e+03 1.03382736e+01
-3.05932649e+03 1.03086090e+01
-3.05782645e+03 1.02788791e+01
-3.05632642e+03 1.02490902e+01
-3.05482638e+03 1.02192513e+01
-3.05332634e+03 1.01893749e+01
-3.05182630e+03 1.01594772e+01
-3.05032627e+03 1.01295779e+01
-3.04882623e+03 1.00996981e+01
-3.04732619e+03 1.00698570e+01
-3.04582615e+03 1.00400701e+01
-3.04432612e+03 1.00103467e+01
-3.04282608e+03 9.98069175e+00
-3.04132604e+03 9.95110686e+00
-3.03982600e+03 9.92159247e+00
-3.03832597e+03 9.89215035e+00
-3.03682593e+03 9.86278538e+00
-3.03532589e+03 9.83350461e+00
-3.03382585e+03 9.80431749e+00
-3.03232582e+03 9.77523437e+00
-3.03082578e+03 9.74626590e+00
-3.02932574e+03 9.71742214e+00
-3.02782570e+03 9.68871119e+00
-3.02632567e+03 9.66013970e+00
-3.02482563e+03 9.63171227e+00
-3.02332559e+03 9.60343208e+00
-3.02182555e+03 9.57530358e+00
-3.02032552e+03 9.54733268e+00
-3.01882548e+03 9.51952713e+00
-3.01732544e+03 9.49189682e+00
-3.01582540e+03 9.46445320e+00
-3.01432537e+03 9.43720572e+00
-3.01282533e+03 9.41016200e+00
-3.01132529e+03 9.38332789e+00
-3.00982525e+03 9.35670785e+00
-3.00832522e+03 9.33030734e+00
-3.00682518e+03 9.30413521e+00
-3.00532514e+03 9.27820153e+00
-3.00382510e+03 9.25251952e+00
-3.00232507e+03 9.22710197e+00
-3.00082503e+03 9.20196095e+00
-2.99932499e+03 9.17710603e+00
-2.99782495e+03 9.15254482e+00
-2.99632492e+03 9.12828224e+00
-2.99482488e+03 9.10432185e+00
-2.99332484e+03 9.08066734e+00
-2.99182480e+03 9.05732376e+00
-2.99032477e+03 9.03429710e+00
-2.98882473e+03 9.01159571e+00
-2.98732469e+03 8.98922892e+00
-2.98582465e+03 8.96720683e+00
-2.98432462e+03 8.94553974e+00
-2.98282458e+03 8.92423589e+00
-2.98132454e+03 8.90330240e+00
-2.97982450e+03 8.88274349e+00
-2.97832447e+03 8.86256313e+00
-2.97682443e+03 8.84276432e+00
-2.97532439e+03 8.82334982e+00
-2.97382435e+03 8.80432296e+00
-2.97232432e+03 8.78568741e+00
-2.97082428e+03 8.76744651e+00
-2.96932424e+03 8.74960237e+00
-2.96782420e+03 8.73215710e+00
-2.96632417e+03 8.71510932e+00
-2.96482413e+03 8.69845646e+00
-2.96332409e+03 8.68219544e+00
-2.96182405e+03 8.66632262e+00
-2.96032402e+03 8.65083648e+00
-2.95882398e+03 8.63573899e+00
-2.95732394e+03 8.62103487e+00
-2.95582390e+03 8.60673075e+00
-2.95432387e+03 8.59283210e+00
-2.95282383e+03 8.57934159e+00
-2.95132379e+03 8.56625811e+00
-2.94982375e+03 8.55357575e+00
-2.94832372e+03 8.54128634e+00
-2.94682368e+03 8.52938061e+00
-2.94532364e+03 8.51785138e+00
-2.94382360e+03 8.50669411e+00
-2.94232357e+03 8.49590563e+00
-2.94082353e+03 8.48548516e+00
-2.93932349e+03 8.47543153e+00
-2.93782345e+03 8.46574138e+00
-2.93632342e+03 8.45640931e+00
-2.93482338e+03 8.44742775e+00
-2.93332334e+03 8.43878710e+00
-2.93182330e+03 8.43047738e+00
-2.93032327e+03 8.42248782e+00
-2.92882323e+03 8.41480719e+00
-2.92732319e+03 8.40742389e+00
-2.92582315e+03 8.40032641e+00
-2.92432312e+03 8.39350433e+00
-2.92282308e+03 8.38694826e+00
-2.92132304e+03 8.38065108e+00
-2.91982300e+03 8.37460830e+00
-2.91832297e+03 8.36881535e+00
-2.91682293e+03 8.36326738e+00
-2.91532289e+03 8.35795886e+00
-2.91382285e+03 8.35288239e+00
-2.91232282e+03 8.34802874e+00
-2.91082278e+03 8.34338872e+00
-2.90932274e+03 8.33895309e+00
-2.90782270e+03 8.33471454e+00
-2.90632267e+03 8.33066686e+00
-2.90482263e+03 8.32680433e+00
-2.90332259e+03 8.32312095e+00
-2.90182255e+03 8.31960931e+00
-2.90032252e+03 8.31625965e+00
-2.89882248e+03 8.31306101e+00
-2.89732244e+03 8.30999982e+00
-2.89582240e+03 8.30706403e+00
-2.89432237e+03 8.30424105e+00
-2.89282233e+03 8.30152205e+00
-2.89132229e+03 8.29889951e+00
-2.88982225e+03 8.29636871e+00
-2.88832222e+03 8.29392610e+00
-2.88682218e+03 8.29156808e+00
-2.88532214e+03 8.28929057e+00
-2.88382210e+03 8.28708795e+00
-2.88232207e+03 8.28495480e+00
-2.88082203e+03 8.28288451e+00
-2.87932199e+03 8.28087282e+00
-2.87782195e+03 8.27891617e+00
-2.87632192e+03 8.27701137e+00
-2.87482188e+03 8.27515665e+00
-2.87332184e+03 8.27334831e+00
-2.87182180e+03 8.27158140e+00
-2.87032177e+03 8.26984967e+00
-2.86882173e+03 8.26814692e+00
-2.86732169e+03 8.26646657e+00
-2.86582165e+03 8.26480592e+00
-2.86432162e+03 8.26316346e+00
-2.86282158e+03 8.26154095e+00
-2.86132154e+03 8.25994188e+00
-2.85982150e+03 8.25837009e+00
-2.85832147e+03 8.25682994e+00
-2.85682143e+03 8.25532169e+00
-2.85532139e+03 8.25384617e+00
-2.85382135e+03 8.25240023e+00
-2.85232132e+03 8.25098105e+00
-2.85082128e+03 8.24958374e+00
-2.84932124e+03 8.24820292e+00
-2.84782120e+03 8.24683394e+00
-2.84632117e+03 8.24547058e+00
-2.84482113e+03 8.24410824e+00
-2.84332109e+03 8.24274348e+00
-2.84182105e+03 8.24137359e+00
-2.84032102e+03 8.23999764e+00
-2.83882098e+03 8.23861660e+00
-2.83732094e+03 8.23723155e+00
-2.83582090e+03 8.23584505e+00
-2.83432087e+03 8.23445988e+00
-2.83282083e+03 8.23307729e+00
-2.83132079e+03 8.23169767e+00
-2.82982075e+03 8.23031985e+00
-2.82832072e+03 8.22894280e+00
-2.82682068e+03 8.22756535e+00
-2.82532064e+03 8.22618670e+00
-2.82382060e+03 8.22480752e+00
-2.82232057e+03 8.22342968e+00
-2.82082053e+03 8.22205579e+00
-2.81932049e+03 8.22068772e+00
-2.81782045e+03 8.21932704e+00
-2.81632042e+03 8.21797467e+00
-2.81482038e+03 8.21662919e+00
-2.81332034e+03 8.21528830e+00
-2.81182030e+03 8.21394854e+00
-2.81032027e+03 8.21260691e+00
-2.80882023e+03 8.21125973e+00
-2.80732019e+03 8.20990508e+00
-2.80582015e+03 8.20853981e+00
-2.80432012e+03 8.20716167e+00
-2.80282008e+03 8.20576959e+00
-2.80132004e+03 8.20436310e+00
-2.79982000e+03 8.20294235e+00
-2.79831996e+03 8.20150853e+00
-2.79681993e+03 8.20006423e+00
-2.79531989e+03 8.19861496e+00
-2.79381985e+03 8.19716696e+00
-2.79231981e+03 8.19572812e+00
-2.79081978e+03 8.19430665e+00
-2.78931974e+03 8.19291046e+00
-2.78781970e+03 8.19154500e+00
-2.78631966e+03 8.19021298e+00
-2.78481963e+03 8.18891299e+00
-2.78331959e+03 8.18764112e+00
-2.78181955e+03 8.18639033e+00
-2.78031951e+03 8.18515165e+00
-2.77881948e+03 8.18391606e+00
-2.77731944e+03 8.18267557e+00
-2.77581940e+03 8.18142481e+00
-2.77431936e+03 8.18016086e+00
-2.77281933e+03 8.17888273e+00
-2.77131929e+03 8.17759065e+00
-2.76981925e+03 8.17628537e+00
-2.76831921e+03 8.17496748e+00
-2.76681918e+03 8.17363675e+00
-2.76531914e+03 8.17229213e+00
-2.76381910e+03 8.17093377e+00
-2.76231906e+03 8.16956070e+00
-2.76081903e+03 8.16817264e+00
-2.75931899e+03 8.16676936e+00
-2.75781895e+03 8.16535185e+00
-2.75631891e+03 8.16392441e+00
-2.75481888e+03 8.16249388e+00
-2.75331884e+03 8.16107023e+00
-2.75181880e+03 8.15966457e+00
-2.75031876e+03 8.15828796e+00
-2.74881873e+03 8.15694941e+00
-2.74731869e+03 8.15565300e+00
-2.74581865e+03 8.15439984e+00
-2.74431861e+03 8.15318540e+00
-2.74281858e+03 8.15200230e+00
-2.74131854e+03 8.15084077e+00
-2.73981850e+03 8.14968845e+00
-2.73831846e+03 8.14853341e+00
-2.73681843e+03 8.14736675e+00
-2.73531839e+03 8.14618192e+00
-2.73381835e+03 8.14497715e+00
-2.73231831e+03 8.14375499e+00
-2.73081828e+03 8.14251960e+00
-2.72931824e+03 8.14127546e+00
-2.72781820e+03 8.14002587e+00
-2.72631816e+03 8.13877236e+00
-2.72481813e+03 8.13751505e+00
-2.72331809e+03 8.13625145e+00
-2.72181805e+03 8.13497955e+00
-2.72031801e+03 8.13369633e+00
-2.71881798e+03 8.13239947e+00
-2.71731794e+03 8.13108841e+00
-2.71581790e+03 8.12976562e+00
-2.71431786e+03 8.12843662e+00
-2.71281783e+03 8.12710899e+00
-2.71131779e+03 8.12579254e+00
-2.70981775e+03 8.12449583e+00
-2.70831771e+03 8.12322524e+00
-2.70681768e+03 8.12198295e+00
-2.70531764e+03 8.12076731e+00
-2.70381760e+03 8.11957423e+00
-2.70231756e+03 8.11839635e+00
-2.70081753e+03 8.11722581e+00
-2.69931749e+03 8.11605419e+00
-2.69781745e+03 8.11487558e+00
-2.69631741e+03 8.11368471e+00
-2.69481738e+03 8.11247983e+00
-2.69331734e+03 8.11126173e+00
-2.69181730e+03 8.11003302e+00
-2.69031726e+03 8.10879717e+00
-2.68881723e+03 8.10755633e+00
-2.68731719e+03 8.10631241e+00
-2.68581715e+03 8.10506589e+00
-2.68431711e+03 8.10381617e+00
-2.68281708e+03 8.10256434e+00
-2.68131704e+03 8.10131217e+00
-2.67981700e+03 8.10006223e+00
-2.67831696e+03 8.09881915e+00
-2.67681693e+03 8.09758746e+00
-2.67531689e+03 8.09637353e+00
-2.67381685e+03 8.09518326e+00
-2.67231681e+03 8.09402192e+00
-2.67081678e+03 8.09289286e+00
-2.66931674e+03 8.09179666e+00
-2.66781670e+03 8.09073167e+00
-2.66631666e+03 8.08969307e+00
-2.66481663e+03 8.08867369e+00
-2.66331659e+03 8.08766441e+00
-2.66181655e+03 8.08665770e+00
-2.66031651e+03 8.08564520e+00
-2.65881648e+03 8.08462099e+00
-2.65731644e+03 8.08358173e+00
-2.65581640e+03 8.08252633e+00
-2.65431636e+03 8.08145631e+00
-2.65281633e+03 8.08037297e+00
-2.65131629e+03 8.07927843e+00
-2.64981625e+03 8.07817270e+00
-2.64831621e+03 8.07705492e+00
-2.64681618e+03 8.07592285e+00
-2.64531614e+03 8.07477273e+00
-2.64381610e+03 8.07360301e+00
-2.64231606e+03 8.07241303e+00
-2.64081603e+03 8.07120532e+00
-2.63931599e+03 8.06998531e+00
-2.63781595e+03 8.06876055e+00
-2.63631591e+03 8.06754164e+00
-2.63481588e+03 8.06633805e+00
-2.63331584e+03 8.06516033e+00
-2.63181580e+03 8.06401712e+00
-2.63031576e+03 8.06291463e+00
-2.62881573e+03 8.06185584e+00
-2.62731569e+03 8.06083873e+00
-2.62581565e+03 8.05985944e+00
-2.62431561e+03 8.05890963e+00
-2.62281558e+03 8.05797906e+00
-2.62131554e+03 8.05705661e+00
-2.61981550e+03 8.05613059e+00
-2.61831546e+03 8.05519096e+00
-2.61681543e+03 8.05422986e+00
-2.61531539e+03 8.05324226e+00
-2.61381535e+03 8.05222593e+00
-2.61231531e+03 8.05118070e+00
-2.61081528e+03 8.05010972e+00
-2.60931524e+03 8.04901784e+00
-2.60781520e+03 8.04790997e+00
-2.60631516e+03 8.04679177e+00
-2.60481513e+03 8.04566817e+00
-2.60331509e+03 8.04454339e+00
-2.60181505e+03 8.04341991e+00
-2.60031501e+03 8.04230095e+00
-2.59881498e+03 8.04118812e+00
-2.59731494e+03 8.04008410e+00
-2.59581490e+03 8.03898997e+00
-2.59431486e+03 8.03790645e+00
-2.59281483e+03 8.03683398e+00
-2.59131479e+03 8.03577285e+00
-2.58981475e+03 8.03472117e+00
-2.58831471e+03 8.03367668e+00
-2.58681468e+03 8.03263759e+00
-2.58531464e+03 8.03160070e+00
-2.58381460e+03 8.03056340e+00
-2.58231456e+03 8.02952225e+00
-2.58081453e+03 8.02847446e+00
-2.57931449e+03 8.02741788e+00
-2.57781445e+03 8.02635273e+00
-2.57631441e+03 8.02528070e+00
-2.57481438e+03 8.02420730e+00
-2.57331434e+03 8.02313803e+00
-2.57181430e+03 8.02207856e+00
-2.57031426e+03 8.02103285e+00
-2.56881423e+03 8.02000236e+00
-2.56731419e+03 8.01898441e+00
-2.56581415e+03 8.01797514e+00
-2.56431411e+03 8.01696905e+00
-2.56281408e+03 8.01596141e+00
-2.56131404e+03 8.01495000e+00
-2.55981400e+03 8.01393456e+00
-2.55831396e+03 8.01291590e+00
-2.55681393e+03 8.01189614e+00
-2.55531389e+03 8.01087684e+00
-2.55381385e+03 8.00985902e+00
-2.55231381e+03 8.00884374e+00
-2.55081378e+03 8.00783159e+00
-2.54931374e+03 8.00682362e+00
-2.54781370e+03 8.00582169e+00
-2.54631366e+03 8.00482808e+00
-2.54481363e+03 8.00384155e+00
-2.54331359e+03 8.00286190e+00
-2.54181355e+03 8.00188437e+00
-2.54031351e+03 8.00090412e+00
-2.53881348e+03 7.99991652e+00
-2.53731344e+03 7.99891870e+00
-2.53581340e+03 7.99791123e+00
-2.53431336e+03 7.99689824e+00
-2.53281333e+03 7.99588486e+00
-2.53131329e+03 7.99487668e+00
-2.52981325e+03 7.99387655e+00
-2.52831321e+03 7.99288461e+00
-2.52681318e+03 7.99189699e+00
-2.52531314e+03 7.99090893e+00
-2.52381310e+03 7.98991359e+00
-2.52231306e+03 7.98890800e+00
-2.52081303e+03 7.98789146e+00
-2.51931299e+03 7.98686797e+00
-2.51781295e+03 7.98584355e+00
-2.51631291e+03 7.98482532e+00
-2.51481288e+03 7.98381797e+00
-2.51331284e+03 7.98282548e+00
-2.51181280e+03 7.98184705e+00
-2.51031276e+03 7.98087982e+00
-2.50881273e+03 7.97992045e+00
-2.50731269e+03 7.97896570e+00
-2.50581265e+03 7.97801346e+00
-2.50431261e+03 7.97706318e+00
-2.50281258e+03 7.97611486e+00
-2.50131254e+03 7.97516769e+00
-2.49981250e+03 7.97421977e+00
-2.49831246e+03 7.97326828e+00
-2.49681243e+03 7.97230838e+00
-2.49531239e+03 7.97133656e+00
-2.49381235e+03 7.97034991e+00
-2.49231231e+03 7.96934944e+00
-2.49081228e+03 7.96833813e+00
-2.48931224e+03 7.96732103e+00
-2.48781220e+03 7.96630429e+00
-2.48631216e+03 7.96529284e+00
-2.48481213e+03 7.96428893e+00
-2.48331209e+03 7.96329310e+00
-2.48181205e+03 7.96230345e+00
-2.48031201e+03 7.96131746e+00
-2.47881198e+03 7.96033239e+00
-2.47731194e+03 7.95934784e+00
-2.47581190e+03 7.95836395e+00
-2.47431186e+03 7.95738166e+00
-2.47281183e+03 7.95640284e+00
-2.47131179e+03 7.95542818e+00
-2.46981175e+03 7.95445761e+00
-2.46831171e+03 7.95349080e+00
-2.46681168e+03 7.95252647e+00
-2.46531164e+03 7.95156553e+00
-2.46381160e+03 7.95060750e+00
-2.46231156e+03 7.94965211e+00
-2.46081153e+03 7.94869897e+00
-2.45931149e+03 7.94774765e+00
-2.45781145e+03 7.94679595e+00
-2.45631141e+03 7.94584092e+00
-2.45481138e+03 7.94487853e+00
-2.45331134e+03 7.94390692e+00
-2.45181130e+03 7.94292532e+00
-2.45031126e+03 7.94193494e+00
-2.44881123e+03 7.94093917e+00
-2.44731119e+03 7.93994331e+00
-2.44581115e+03 7.93895163e+00
-2.44431111e+03 7.93796793e+00
-2.44281108e+03 7.93699298e+00
-2.44131104e+03 7.93602741e+00
-2.43981100e+03 7.93506837e+00
-2.43831096e+03 7.93411494e+00
-2.43681093e+03 7.93316446e+00
-2.43531089e+03 7.93221512e+00
-2.43381085e+03 7.93126675e+00
-2.43231081e+03 7.93031928e+00
-2.43081078e+03 7.92937224e+00
-2.42931074e+03 7.92842551e+00
-2.42781070e+03 7.92747931e+00
-2.42631066e+03 7.92653260e+00
-2.42481063e+03 7.92558642e+00
-2.42331059e+03 7.92464248e+00
-2.42181055e+03 7.92370329e+00
-2.42031051e+03 7.92277229e+00
-2.41881048e+03 7.92185141e+00
-2.41731044e+03 7.92094049e+00
-2.41581040e+03 7.92003786e+00
-2.41431036e+03 7.91913796e+00
-2.41281033e+03 7.91823321e+00
-2.41131029e+03 7.91731424e+00
-2.40981025e+03 7.91637234e+00
-2.40831021e+03 7.91540323e+00
-2.40681018e+03 7.91440646e+00
-2.40531014e+03 7.91338748e+00
-2.40381010e+03 7.91235627e+00
-2.40231006e+03 7.91132424e+00
-2.40081003e+03 7.91030481e+00
-2.39930999e+03 7.90930647e+00
-2.39780995e+03 7.90833395e+00
-2.39630991e+03 7.90738715e+00
-2.39480988e+03 7.90645992e+00
-2.39330984e+03 7.90554432e+00
-2.39180980e+03 7.90463180e+00
-2.39030976e+03 7.90371636e+00
-2.38880973e+03 7.90279338e+00
-2.38730969e+03 7.90186427e+00
-2.38580965e+03 7.90093197e+00
-2.38430961e+03 7.90000265e+00
-2.38280958e+03 7.89907930e+00
-2.38130954e+03 7.89816529e+00
-2.37980950e+03 7.89725793e+00
-2.37830946e+03 7.89635307e+00
-2.37680943e+03 7.89544278e+00
-2.37530939e+03 7.89451869e+00
-2.37380935e+03 7.89357408e+00
-2.37230931e+03 7.89260501e+00
-2.37080928e+03 7.89161076e+00
-2.36930924e+03 7.89059589e+00
-2.36780920e+03 7.88956768e+00
-2.36630916e+03 7.88853612e+00
-2.36480913e+03 7.88751307e+00
-2.36330909e+03 7.88650878e+00
-2.36180905e+03 7.88552986e+00
-2.36030901e+03 7.88457958e+00
-2.35880898e+03 7.88365462e+00
-2.35730894e+03 7.88274839e+00
-2.35580890e+03 7.88184929e+00
-2.35430886e+03 7.88094566e+00
-2.35280883e+03 7.88002709e+00
-2.35130879e+03 7.87908683e+00
-2.34980875e+03 7.87812351e+00
-2.34830871e+03 7.87714101e+00
-2.34680868e+03 7.87614843e+00
-2.34530864e+03 7.87515633e+00
-2.34380860e+03 7.87417585e+00
-2.34230856e+03 7.87321480e+00
-2.34080853e+03 7.87227679e+00
-2.33930849e+03 7.87135903e+00
-2.33780845e+03 7.87045414e+00
-2.33630841e+03 7.86955208e+00
-2.33480838e+03 7.86864141e+00
-2.33330834e+03 7.86771300e+00
-2.33180830e+03 7.86676231e+00
-2.33030826e+03 7.86579031e+00
-2.32880823e+03 7.86480205e+00
-2.32730819e+03 7.86380778e+00
-2.32580815e+03 7.86281944e+00
-2.32430811e+03 7.86184760e+00
-2.32280808e+03 7.86089971e+00
-2.32130804e+03 7.85997893e+00
-2.31980800e+03 7.85908248e+00
-2.31830796e+03 7.85820356e+00
-2.31680793e+03 7.85733109e+00
-2.31530789e+03 7.85645331e+00
-2.31380785e+03 7.85555790e+00
-2.31230781e+03 7.85463689e+00
-2.31080778e+03 7.85368476e+00
-2.30930774e+03 7.85270148e+00
-2.30780770e+03 7.85169165e+00
-2.30630766e+03 7.85066236e+00
-2.30480763e+03 7.84962348e+00
-2.30330759e+03 7.84858502e+00
-2.30180755e+03 7.84755712e+00
-2.30030751e+03 7.84654754e+00
-2.29880748e+03 7.84556306e+00
-2.29730744e+03 7.84460692e+00
-2.29580740e+03 7.84367996e+00
-2.29430736e+03 7.84278012e+00
-2.29280733e+03 7.84190360e+00
-2.29130729e+03 7.84104470e+00
-2.28980725e+03 7.84019484e+00
-2.28830721e+03 7.83934567e+00
-2.28680718e+03 7.83848701e+00
-2.28530714e+03 7.83760945e+00
-2.28380710e+03 7.83670435e+00
-2.28230706e+03 7.83576636e+00
-2.28080703e+03 7.83479296e+00
-2.27930699e+03 7.83378521e+00
-2.27780695e+03 7.83274766e+00
-2.27630691e+03 7.83168899e+00
-2.27480688e+03 7.83061915e+00
-2.27330684e+03 7.82954846e+00
-2.27180680e+03 7.82848624e+00
-2.27030676e+03 7.82743897e+00
-2.26880673e+03 7.82641015e+00
-2.26730669e+03 7.82539924e+00
-2.26580665e+03 7.82440272e+00
-2.26430661e+03 7.82341486e+00
-2.26280658e+03 7.82242969e+00
-2.26130654e+03 7.82144115e+00
-2.25980650e+03 7.82044574e+00
-2.25830646e+03 7.81944257e+00
-2.25680643e+03 7.81843380e+00
-2.25530639e+03 7.81742279e+00
-2.25380635e+03 7.81641487e+00
-2.25230631e+03 7.81541477e+00
-2.25080628e+03 7.81442506e+00
-2.24930624e+03 7.81344618e+00
-2.24780620e+03 7.81247545e+00
-2.24630616e+03 7.81150846e+00
-2.24480613e+03 7.81053836e+00
-2.24330609e+03 7.80955822e+00
-2.24180605e+03 7.80856311e+00
-2.24030601e+03 7.80754955e+00
-2.23880598e+03 7.80651863e+00
-2.23730594e+03 7.80547368e+00
-2.23580590e+03 7.80442119e+00
-2.23430586e+03 7.80336910e+00
-2.23280583e+03 7.80232436e+00
-2.23130579e+03 7.80129352e+00
-2.22980575e+03 7.80027877e+00
-2.22830571e+03 7.79927931e+00
-2.22680568e+03 7.79828993e+00
-2.22530564e+03 7.79730269e+00
-2.22380560e+03 7.79630884e+00
-2.22230556e+03 7.79529912e+00
-2.22080553e+03 7.79426631e+00
-2.21930549e+03 7.79320671e+00
-2.21780545e+03 7.79212103e+00
-2.21630541e+03 7.79101334e+00
-2.21480538e+03 7.78989012e+00
-2.21330534e+03 7.78876136e+00
-2.21180530e+03 7.78763657e+00
-2.21030526e+03 7.78652429e+00
-2.20880523e+03 7.78543095e+00
-2.20730519e+03 7.78436019e+00
-2.20580515e+03 7.78331278e+00
-2.20430511e+03 7.78228600e+00
-2.20280508e+03 7.78127487e+00
-2.20130504e+03 7.78027358e+00
-2.19980500e+03 7.77927598e+00
-2.19830496e+03 7.77827657e+00
-2.19680493e+03 7.77727035e+00
-2.19530489e+03 7.77625466e+00
-2.19380485e+03 7.77522748e+00
-2.19230481e+03 7.77418887e+00
-2.19080478e+03 7.77313917e+00
-2.18930474e+03 7.77208063e+00
-2.18780470e+03 7.77101441e+00
-2.18630466e+03 7.76994286e+00
-2.18480463e+03 7.76886839e+00
-2.18330459e+03 7.76779178e+00
-2.18180455e+03 7.76671485e+00
-2.18030451e+03 7.76563852e+00
-2.17880448e+03 7.76456396e+00
-2.17730444e+03 7.76349084e+00
-2.17580440e+03 7.76242012e+00
-2.17430436e+03 7.76135204e+00
-2.17280433e+03 7.76028664e+00
-2.17130429e+03 7.75922386e+00
-2.16980425e+03 7.75816392e+00
-2.16830421e+03 7.75710672e+00
-2.16680418e+03 7.75605337e+00
-2.16530414e+03 7.75500347e+00
-2.16380410e+03 7.75395706e+00
-2.16230406e+03 7.75291451e+00
-2.16080403e+03 7.75187581e+00
-2.15930399e+03 7.75084140e+00
-2.15780395e+03 7.74981113e+00
-2.15630391e+03 7.74878534e+00
-2.15480388e+03 7.74776396e+00
-2.15330384e+03 7.74674755e+00
-2.15180380e+03 7.74573602e+00
-2.15030376e+03 7.74473022e+00
-2.14880373e+03 7.74373083e+00
-2.14730369e+03 7.74273789e+00
-2.14580365e+03 7.74175199e+00
-2.14430361e+03 7.74077404e+00
-2.14280358e+03 7.73980490e+00
-2.14130354e+03 7.73884519e+00
-2.13980350e+03 7.73789537e+00
-2.13830346e+03 7.73695593e+00
-2.13680343e+03 7.73602748e+00
-2.13530339e+03 7.73511054e+00
-2.13380335e+03 7.73420585e+00
-2.13230331e+03 7.73331355e+00
-2.13080328e+03 7.73243368e+00
-2.12930324e+03 7.73156651e+00
-2.12780320e+03 7.73071254e+00
-2.12630316e+03 7.72987173e+00
-2.12480313e+03 7.72904514e+00
-2.12330309e+03 7.72823236e+00
-2.12180305e+03 7.72743446e+00
-2.12030301e+03 7.72665177e+00
-2.11880298e+03 7.72588493e+00
-2.11730294e+03 7.72513450e+00
-2.11580290e+03 7.72440056e+00
-2.11430286e+03 7.72368291e+00
-2.11280283e+03 7.72298124e+00
-2.11130279e+03 7.72229489e+00
-2.10980275e+03 7.72162424e+00
-2.10830271e+03 7.72096893e+00
-2.10680268e+03 7.72032963e+00
-2.10530264e+03 7.71970731e+00
-2.10380260e+03 7.71910354e+00
-2.10230256e+03 7.71852021e+00
-2.10080253e+03 7.71795905e+00
-2.09930249e+03 7.71742137e+00
-2.09780245e+03 7.71690888e+00
-2.09630241e+03 7.71642330e+00
-2.09480238e+03 7.71596367e+00
-2.09330234e+03 7.71553204e+00
-2.09180230e+03 7.71512820e+00
-2.09030226e+03 7.71475187e+00
-2.08880223e+03 7.71440315e+00
-2.08730219e+03 7.71408151e+00
-2.08580215e+03 7.71378675e+00
-2.08430211e+03 7.71351846e+00
-2.08280208e+03 7.71327636e+00
-2.08130204e+03 7.71305936e+00
-2.07980200e+03 7.71286668e+00
-2.07830196e+03 7.71269708e+00
-2.07680193e+03 7.71254919e+00
-2.07530189e+03 7.71242233e+00
-2.07380185e+03 7.71231616e+00
-2.07230181e+03 7.71223110e+00
-2.07080178e+03 7.71216787e+00
-2.06930174e+03 7.71212825e+00
-2.06780170e+03 7.71211356e+00
-2.06630166e+03 7.71212593e+00
-2.06480163e+03 7.71216696e+00
-2.06330159e+03 7.71223754e+00
-2.06180155e+03 7.71233794e+00
-2.06030151e+03 7.71246805e+00
-2.05880148e+03 7.71262673e+00
-2.05730144e+03 7.71281225e+00
-2.05580140e+03 7.71302335e+00
-2.05430136e+03 7.71325873e+00
-2.05280133e+03 7.71351645e+00
-2.05130129e+03 7.71379531e+00
-2.04980125e+03 7.71409405e+00
-2.04830121e+03 7.71441196e+00
-2.04680118e+03 7.71474770e+00
-2.04530114e+03 7.71509933e+00
-2.04380110e+03 7.71546581e+00
-2.04230106e+03 7.71584353e+00
-2.04080103e+03 7.71623097e+00
-2.03930099e+03 7.71662499e+00
-2.03780095e+03 7.71702331e+00
-2.03630091e+03 7.71742382e+00
-2.03480088e+03 7.71782509e+00
-2.03330084e+03 7.71822490e+00
-2.03180080e+03 7.71862208e+00
-2.03030076e+03 7.71901467e+00
-2.02880073e+03 7.71940058e+00
-2.02730069e+03 7.71977702e+00
-2.02580065e+03 7.72014035e+00
-2.02430061e+03 7.72048625e+00
-2.02280058e+03 7.72081050e+00
-2.02130054e+03 7.72110742e+00
-2.01980050e+03 7.72137293e+00
-2.01830046e+03 7.72160246e+00
-2.01680043e+03 7.72179272e+00
-2.01530039e+03 7.72194047e+00
-2.01380035e+03 7.72204397e+00
-2.01230031e+03 7.72210171e+00
-2.01080028e+03 7.72211157e+00
-2.00930024e+03 7.72207126e+00
-2.00780020e+03 7.72197810e+00
-2.00630016e+03 7.72182756e+00
-2.00480013e+03 7.72161533e+00
-2.00330009e+03 7.72133462e+00
-2.00180005e+03 7.72097939e+00
-2.00030001e+03 7.72054236e+00
-1.99879997e+03 7.72001575e+00
-1.99729994e+03 7.71939214e+00
-1.99579990e+03 7.71866364e+00
-1.99429986e+03 7.71782311e+00
-1.99279982e+03 7.71686383e+00
-1.99129979e+03 7.71577934e+00
-1.98979975e+03 7.71456334e+00
-1.98829971e+03 7.71320984e+00
-1.98679967e+03 7.71171358e+00
-1.98529964e+03 7.71006862e+00
-1.98379960e+03 7.70826987e+00
-1.98229956e+03 7.70631154e+00
-1.98079952e+03 7.70418889e+00
-1.97929949e+03 7.70189565e+00
-1.97779945e+03 7.69942697e+00
-1.97629941e+03 7.69677798e+00
-1.97479937e+03 7.69394193e+00
-1.97329934e+03 7.69091345e+00
-1.97179930e+03 7.68768712e+00
-1.97029926e+03 7.68425686e+00
-1.96879922e+03 7.68061624e+00
-1.96729919e+03 7.67675985e+00
-1.96579915e+03 7.67268149e+00
-1.96429911e+03 7.66837518e+00
-1.96279907e+03 7.66383504e+00
-1.96129904e+03 7.65905559e+00
-1.95979900e+03 7.65403102e+00
-1.95829896e+03 7.64875653e+00
-1.95679892e+03 7.64322690e+00
-1.95529889e+03 7.63743790e+00
-1.95379885e+03 7.63138494e+00
-1.95229881e+03 7.62506438e+00
-1.95079877e+03 7.61847279e+00
-1.94929874e+03 7.61160756e+00
-1.94779870e+03 7.60446512e+00
-1.94629866e+03 7.59704377e+00
-1.94479862e+03 7.58934075e+00
-1.94329859e+03 7.58135394e+00
-1.94179855e+03 7.57308108e+00
-1.94029851e+03 7.56452046e+00
-1.93879847e+03 7.55567013e+00
-1.93729844e+03 7.54652862e+00
-1.93579840e+03 7.53709362e+00
-1.93429836e+03 7.52736418e+00
-1.93279832e+03 7.51733868e+00
-1.93129829e+03 7.50701599e+00
-1.92979825e+03 7.49639472e+00
-1.92829821e+03 7.48547432e+00
-1.92679817e+03 7.47425400e+00
-1.92529814e+03 7.46273279e+00
-1.92379810e+03 7.45091069e+00
-1.92229806e+03 7.43878747e+00
-1.92079802e+03 7.42636307e+00
-1.91929799e+03 7.41363795e+00
-1.91779795e+03 7.40061245e+00
-1.91629791e+03 7.38728753e+00
-1.91479787e+03 7.37366361e+00
-1.91329784e+03 7.35974198e+00
-1.91179780e+03 7.34552398e+00
-1.91029776e+03 7.33101101e+00
-1.90879772e+03 7.31620447e+00
-1.90729769e+03 7.30110659e+00
-1.90579765e+03 7.28571939e+00
-1.90429761e+03 7.27004587e+00
-1.90279757e+03 7.25408868e+00
-1.90129754e+03 7.23785159e+00
-1.89979750e+03 7.22133839e+00
-1.89829746e+03 7.20455236e+00
-1.89679742e+03 7.18749807e+00
-1.89529739e+03 7.17017866e+00
-1.89379735e+03 7.15259805e+00
-1.89229731e+03 7.13475956e+00
-1.89079727e+03 7.11666584e+00
-1.88929724e+03 7.09831997e+00
-1.88779720e+03 7.07972431e+00
-1.88629716e+03 7.06088108e+00
-1.88479712e+03 7.04179276e+00
-1.88329709e+03 7.02246144e+00
-1.88179705e+03 7.00288930e+00
-1.88029701e+03 6.98307897e+00
-1.87879697e+03 6.96303337e+00
-1.87729694e+03 6.94275500e+00
-1.87579690e+03 6.92224714e+00
-1.87429686e+03 6.90151283e+00
-1.87279682e+03 6.88055561e+00
-1.87129679e+03 6.85937839e+00
-1.86979675e+03 6.83798475e+00
-1.86829671e+03 6.81637828e+00
-1.86679667e+03 6.79456233e+00
-1.86529664e+03 6.77254030e+00
-1.86379660e+03 6.75031555e+00
-1.86229656e+03 6.72789151e+00
-1.86079652e+03 6.70527164e+00
-1.85929649e+03 6.68245889e+00
-1.85779645e+03 6.65945700e+00
-1.85629641e+03 6.63626849e+00
-1.85479637e+03 6.61289745e+00
-1.85329634e+03 6.58934663e+00
-1.85179630e+03 6.56561926e+00
-1.85029626e+03 6.54171869e+00
-1.84879622e+03 6.51764843e+00
-1.84729619e+03 6.49341136e+00
-1.84579615e+03 6.46901073e+00
-1.84429611e+03 6.44444948e+00
-1.84279607e+03 6.41973150e+00
-1.84129604e+03 6.39485950e+00
-1.83979600e+03 6.36983691e+00
-1.83829596e+03 6.34466689e+00
-1.83679592e+03 6.31935251e+00
-1.83529589e+03 6.29389714e+00
-1.83379585e+03 6.26830357e+00
-1.83229581e+03 6.24257525e+00
-1.83079577e+03 6.21671524e+00
-1.82929574e+03 6.19072666e+00
-1.82779570e+03 6.16461242e+00
-1.82629566e+03 6.13837585e+00
-1.82479562e+03 6.11201971e+00
-1.82329559e+03 6.08554722e+00
-1.82179555e+03 6.05896086e+00
-1.82029551e+03 6.03226433e+00
-1.81879547e+03 6.00545952e+00
-1.81729544e+03 5.97855007e+00
-1.81579540e+03 5.95153834e+00
-1.81429536e+03 5.92442732e+00
-1.81279532e+03 5.89721930e+00
-1.81129529e+03 5.86991752e+00
-1.80979525e+03 5.84252385e+00
-1.80829521e+03 5.81504127e+00
-1.80679517e+03 5.78747213e+00
-1.80529514e+03 5.75981884e+00
-1.80379510e+03 5.73208367e+00
-1.80229506e+03 5.70426899e+00
-1.80079502e+03 5.67637696e+00
-1.79929499e+03 5.64840953e+00
-1.79779495e+03 5.62036897e+00
-1.79629491e+03 5.59225716e+00
-1.79479487e+03 5.56407617e+00
-1.79329484e+03 5.53582782e+00
-1.79179480e+03 5.50751432e+00
-1.79029476e+03 5.47913671e+00
-1.78879472e+03 5.45069727e+00
-1.78729469e+03 5.42219747e+00
-1.78579465e+03 5.39363915e+00
-1.78429461e+03 5.36502408e+00
-1.78279457e+03 5.33635353e+00
-1.78129454e+03 5.30762931e+00
-1.77979450e+03 5.27885311e+00
-1.77829446e+03 5.25002641e+00
-1.77679442e+03 5.22115092e+00
-1.77529439e+03 5.19222809e+00
-1.77379435e+03 5.16325952e+00
-1.77229431e+03 5.13424666e+00
-1.77079427e+03 5.10519127e+00
-1.76929424e+03 5.07609493e+00
-1.76779420e+03 5.04695891e+00
-1.76629416e+03 5.01778474e+00
-1.76479412e+03 4.98857429e+00
-1.76329409e+03 4.95932871e+00
-1.76179405e+03 4.93004953e+00
-1.76029401e+03 4.90073833e+00
-1.75879397e+03 4.87139636e+00
-1.75729394e+03 4.84202495e+00
-1.75579390e+03 4.81262541e+00
-1.75429386e+03 4.78319939e+00
-1.75279382e+03 4.75374800e+00
-1.75129379e+03 4.72427272e+00
-1.74979375e+03 4.69477473e+00
-1.74829371e+03 4.66525559e+00
-1.74679367e+03 4.63571630e+00
-1.74529364e+03 4.60615857e+00
-1.74379360e+03 4.57658344e+00
-1.74229356e+03 4.54699238e+00
-1.74079352e+03 4.51738660e+00
-1.73929349e+03 4.48776789e+00
-1.73779345e+03 4.45813763e+00
-1.73629341e+03 4.42849690e+00
-1.73479337e+03 4.39884787e+00
-1.73329334e+03 4.36919155e+00
-1.73179330e+03 4.33952994e+00
-1.73029326e+03 4.30986449e+00
-1.72879322e+03 4.28019695e+00
-1.72729319e+03 4.25052877e+00
-1.72579315e+03 4.22086187e+00
-1.72429311e+03 4.19119773e+00
-1.72279307e+03 4.16153813e+00
-1.72129304e+03 4.13188460e+00
-1.71979300e+03 4.10223929e+00
-1.71829296e+03 4.07260345e+00
-1.71679292e+03 4.04297909e+00
-1.71529289e+03 4.01336766e+00
-1.71379285e+03 3.98377077e+00
-1.71229281e+03 3.95419041e+00
-1.71079277e+03 3.92462764e+00
-1.70929274e+03 3.89508449e+00
-1.70779270e+03 3.86556263e+00
-1.70629266e+03 3.83606320e+00
-1.70479262e+03 3.80658797e+00
-1.70329259e+03 3.77713866e+00
-1.70179255e+03 3.74771670e+00
-1.70029251e+03 3.71832391e+00
-1.69879247e+03 3.68896177e+00
-1.69729244e+03 3.65963189e+00
-1.69579240e+03 3.63033580e+00
-1.69429236e+03 3.60107494e+00
-1.69279232e+03 3.57185091e+00
-1.69129229e+03 3.54266556e+00
-1.68979225e+03 3.51352008e+00
-1.68829221e+03 3.48441601e+00
-1.68679217e+03 3.45535478e+00
-1.68529214e+03 3.42633806e+00
-1.68379210e+03 3.39736684e+00
-1.68229206e+03 3.36844255e+00
-1.68079202e+03 3.33956656e+00
-1.67929199e+03 3.31073939e+00
-1.67779195e+03 3.28196296e+00
-1.67629191e+03 3.25323783e+00
-1.67479187e+03 3.22456517e+00
-1.67329184e+03 3.19594553e+00
-1.67179180e+03 3.16738024e+00
-1.67029176e+03 3.13886967e+00
-1.66879172e+03 3.11041493e+00
-1.66729169e+03 3.08201663e+00
-1.66579165e+03 3.05367528e+00
-1.66429161e+03 3.02539165e+00
-1.66279157e+03 2.99716619e+00
-1.66129154e+03 2.96899948e+00
-1.65979150e+03 2.94089209e+00
-1.65829146e+03 2.91284466e+00
-1.65679142e+03 2.88485761e+00
-1.65529139e+03 2.85693188e+00
-1.65379135e+03 2.82906769e+00
-1.65229131e+03 2.80126648e+00
-1.65079127e+03 2.77352893e+00
-1.64929124e+03 2.74585616e+00
-1.64779120e+03 2.71825004e+00
-1.64629116e+03 2.69071137e+00
-1.64479112e+03 2.66324242e+00
-1.64329109e+03 2.63584461e+00
-1.64179105e+03 2.60851992e+00
-1.64029101e+03 2.58126986e+00
-1.63879097e+03 2.55409621e+00
-1.63729094e+03 2.52700124e+00
-1.63579090e+03 2.49998624e+00
-1.63429086e+03 2.47305287e+00
-1.63279082e+03 2.44620226e+00
-1.63129079e+03 2.41943585e+00
-1.62979075e+03 2.39275446e+00
-1.62829071e+03 2.36615922e+00
-1.62679067e+03 2.33965066e+00
-1.62529064e+03 2.31322982e+00
-1.62379060e+03 2.28689717e+00
-1.62229056e+03 2.26065361e+00
-1.62079052e+03 2.23450002e+00
-1.61929049e+03 2.20843731e+00
-1.61779045e+03 2.18246673e+00
-1.61629041e+03 2.15658933e+00
-1.61479037e+03 2.13080641e+00
-1.61329034e+03 2.10511971e+00
-1.61179030e+03 2.07953077e+00
-1.61029026e+03 2.05404163e+00
-1.60879022e+03 2.02865418e+00
-1.60729019e+03 2.00337026e+00
-1.60579015e+03 1.97819196e+00
-1.60429011e+03 1.95312147e+00
-1.60279007e+03 1.92816112e+00
-1.60129004e+03 1.90331260e+00
-1.59979000e+03 1.87857851e+00
-1.59828996e+03 1.85396089e+00
-1.59678992e+03 1.82946148e+00
-1.59528989e+03 1.80508252e+00
-1.59378985e+03 1.78082579e+00
-1.59228981e+03 1.75669309e+00
-1.59078977e+03 1.73268631e+00
-1.58928974e+03 1.70880736e+00
-1.58778970e+03 1.68505782e+00
-1.58628966e+03 1.66143938e+00
-1.58478962e+03 1.63795327e+00
-1.58328959e+03 1.61460178e+00
-1.58178955e+03 1.59138570e+00
-1.58028951e+03 1.56830666e+00
-1.57878947e+03 1.54536614e+00
-1.57728944e+03 1.52256552e+00
-1.57578940e+03 1.49990631e+00
-1.57428936e+03 1.47738970e+00
-1.57278932e+03 1.45501713e+00
-1.57128929e+03 1.43279056e+00
-1.56978925e+03 1.41071085e+00
-1.56828921e+03 1.38877981e+00
-1.56678917e+03 1.36699863e+00
-1.56528914e+03 1.34536928e+00
-1.56378910e+03 1.32389314e+00
-1.56228906e+03 1.30257230e+00
-1.56078902e+03 1.28140810e+00
-1.55928899e+03 1.26040257e+00
-1.55778895e+03 1.23955778e+00
-1.55628891e+03 1.21887549e+00
-1.55478887e+03 1.19835788e+00
-1.55328884e+03 1.17800722e+00
-1.55178880e+03 1.15782547e+00
-1.55028876e+03 1.13781513e+00
-1.54878872e+03 1.11797821e+00
-1.54728869e+03 1.09831743e+00
-1.54578865e+03 1.07883488e+00
-1.54428861e+03 1.05953313e+00
-1.54278857e+03 1.04041477e+00
-1.54128854e+03 1.02148260e+00
-1.53978850e+03 1.00273929e+00
-1.53828846e+03 9.84186965e-01
-1.53678842e+03 9.65828914e-01
-1.53528839e+03 9.47667271e-01
-1.53378835e+03 9.29705048e-01
-1.53228831e+03 9.11945180e-01
-1.53078827e+03 8.94390225e-01
-1.52928824e+03 8.77042819e-01
-1.52778820e+03 8.59905642e-01
-1.52628816e+03 8.42981662e-01
-1.52478812e+03 8.26273464e-01
-1.52328809e+03 8.09783615e-01
-1.52178805e+03 7.93514235e-01
-1.52028801e+03 7.77468280e-01
-1.51878797e+03 7.61647696e-01
-1.51728794e+03 7.46055182e-01
-1.51578790e+03 7.30692633e-01
-1.51428786e+03 7.15561799e-01
-1.51278782e+03 7.00664539e-01
-1.51128779e+03 6.86002787e-01
-1.50978775e+03 6.71577730e-01
-1.50828771e+03 6.57390796e-01
-1.50678767e+03 6.43443342e-01
-1.50528764e+03 6.29736600e-01
-1.50378760e+03 6.16271582e-01
-1.50228756e+03 6.03049119e-01
-1.50078752e+03 5.90070564e-01
-1.49928749e+03 5.77336508e-01
-1.49778745e+03 5.64848232e-01
-1.49628741e+03 5.52606417e-01
-1.49478737e+03 5.40612333e-01
-1.49328734e+03 5.28866692e-01
-1.49178730e+03 5.17370619e-01
-1.49028726e+03 5.06125383e-01
-1.48878722e+03 4.95131866e-01
-1.48728719e+03 4.84390986e-01
-1.48578715e+03 4.73903489e-01
-1.48428711e+03 4.63670045e-01
-1.48278707e+03 4.53691088e-01
-1.48128704e+03 4.43966756e-01
-1.47978700e+03 4.34497083e-01
-1.47828696e+03 4.25281101e-01
-1.47678692e+03 4.16318380e-01
-1.47528689e+03 4.07607775e-01
-1.47378685e+03 3.99147014e-01
-1.47228681e+03 3.90934774e-01
-1.47078677e+03 3.82968144e-01
-1.46928674e+03 3.75244722e-01
-1.46778670e+03 3.67761176e-01
-1.46628666e+03 3.60514759e-01
-1.46478662e+03 3.53501544e-01
-1.46328659e+03 3.46718108e-01
-1.46178655e+03 3.40160782e-01
-1.46028651e+03 3.33825724e-01
-1.45878647e+03 3.27708894e-01
-1.45728644e+03 3.21806428e-01
-1.45578640e+03 3.16114304e-01
-1.45428636e+03 3.10628809e-01
-1.45278632e+03 3.05345789e-01
-1.45128629e+03 3.00261494e-01
-1.44978625e+03 2.95371812e-01
-1.44828621e+03 2.90673144e-01
-1.44678617e+03 2.86161331e-01
-1.44528614e+03 2.81832805e-01
-1.44378610e+03 2.77683577e-01
-1.44228606e+03 2.73709193e-01
-1.44078602e+03 2.69906291e-01
-1.43928599e+03 2.66270275e-01
-1.43778595e+03 2.62797597e-01
-1.43628591e+03 2.59483871e-01
-1.43478587e+03 2.56324651e-01
-1.43328584e+03 2.53316012e-01
-1.43178580e+03 2.50453299e-01
-1.43028576e+03 2.47732366e-01
-1.42878572e+03 2.45148287e-01
-1.42728569e+03 2.42697444e-01
-1.42578565e+03 2.40374899e-01
-1.42428561e+03 2.38175911e-01
-1.42278557e+03 2.36096392e-01
-1.42128554e+03 2.34131608e-01
-1.41978550e+03 2.32277215e-01
-1.41828546e+03 2.30528213e-01
-1.41678542e+03 2.28880562e-01
-1.41528539e+03 2.27330017e-01
-1.41378535e+03 2.25872220e-01
-1.41228531e+03 2.24502770e-01
-1.41078527e+03 2.23217368e-01
-1.40928524e+03 2.22011987e-01
-1.40778520e+03 2.20882801e-01
-1.40628516e+03 2.19825083e-01
-1.40478512e+03 2.18835627e-01
-1.40328509e+03 2.17910574e-01
-1.40178505e+03 2.17045873e-01
-1.40028501e+03 2.16238506e-01
-1.39878497e+03 2.15484582e-01
-1.39728494e+03 2.14780849e-01
-1.39578490e+03 2.14124138e-01
-1.39428486e+03 2.13511246e-01
-1.39278482e+03 2.12939317e-01
-1.39128479e+03 2.12404788e-01
-1.38978475e+03 2.11905459e-01
-1.38828471e+03 2.11438638e-01
-1.38678467e+03 2.11001662e-01
-1.38528464e+03 2.10591804e-01
-1.38378460e+03 2.10206790e-01
-1.38228456e+03 2.09844453e-01
-1.38078452e+03 2.09502672e-01
-1.37928449e+03 2.09178965e-01
-1.37778445e+03 2.08871889e-01
-1.37628441e+03 2.08579722e-01
-1.37478437e+03 2.08300091e-01
-1.37328434e+03 2.08031722e-01
-1.37178430e+03 2.07773056e-01
-1.37028426e+03 2.07522505e-01
-1.36878422e+03 2.07278501e-01
-1.36728419e+03 2.07040040e-01
-1.36578415e+03 2.06805666e-01
-1.36428411e+03 2.06574489e-01
-1.36278407e+03 2.06344891e-01
-1.36128404e+03 2.06116704e-01
-1.35978400e+03 2.05887942e-01
-1.35828396e+03 2.05658501e-01
-1.35678392e+03 2.05427370e-01
-1.35528389e+03 2.05193832e-01
-1.35378385e+03 2.04957281e-01
-1.35228381e+03 2.04716633e-01
-1.35078377e+03 2.04472170e-01
-1.34928374e+03 2.04222546e-01
-1.34778370e+03 2.03968132e-01
-1.34628366e+03 2.03707268e-01
-1.34478362e+03 2.03440507e-01
-1.34328359e+03 2.03167051e-01
-1.34178355e+03 2.02887174e-01
-1.34028351e+03 2.02600208e-01
-1.33878347e+03 2.02305998e-01
-1.33728344e+03 2.02004091e-01
-1.33578340e+03 2.01694765e-01
-1.33428336e+03 2.01377901e-01
-1.33278332e+03 2.01053373e-01
-1.33128329e+03 2.00720863e-01
-1.32978325e+03 2.00379849e-01
-1.32828321e+03 2.00031082e-01
-1.32678317e+03 1.99674509e-01
-1.32528314e+03 1.99309666e-01
-1.32378310e+03 1.98936990e-01
-1.32228306e+03 1.98556573e-01
-1.32078302e+03 1.98168192e-01
-1.31928299e+03 1.97772202e-01
-1.31778295e+03 1.97368720e-01
-1.31628291e+03 1.96957244e-01
-1.31478287e+03 1.96538758e-01
-1.31328284e+03 1.96112533e-01
-1.31178280e+03 1.95679503e-01
-1.31028276e+03 1.95239271e-01
-1.30878272e+03 1.94792557e-01
-1.30728269e+03 1.94338801e-01
-1.30578265e+03 1.93878816e-01
-1.30428261e+03 1.93412426e-01
-1.30278257e+03 1.92939772e-01
-1.30128254e+03 1.92461457e-01
-1.29978250e+03 1.91977047e-01
-1.29828246e+03 1.91487108e-01
-1.29678242e+03 1.90991458e-01
-1.29528239e+03 1.90490880e-01
-1.29378235e+03 1.89985118e-01
-1.29228231e+03 1.89475046e-01
-1.29078227e+03 1.88959875e-01
-1.28928224e+03 1.88440400e-01
-1.28778220e+03 1.87916624e-01
-1.28628216e+03 1.87388750e-01
-1.28478212e+03 1.86857134e-01
-1.28328209e+03 1.86321860e-01
-1.28178205e+03 1.85782966e-01
-1.28028201e+03 1.85240619e-01
-1.27878197e+03 1.84695166e-01
-1.27728194e+03 1.84146889e-01
-1.27578190e+03 1.83596112e-01
-1.27428186e+03 1.83042749e-01
-1.27278182e+03 1.82486795e-01
-1.27128179e+03 1.81929020e-01
-1.26978175e+03 1.81368989e-01
-1.26828171e+03 1.80806729e-01
-1.26678167e+03 1.80242843e-01
-1.26528164e+03 1.79677230e-01
-1.26378160e+03 1.79110519e-01
-1.26228156e+03 1.78542319e-01
-1.26078152e+03 1.77973298e-01
-1.25928149e+03 1.77403189e-01
-1.25778145e+03 1.76831845e-01
-1.25628141e+03 1.76260113e-01
-1.25478137e+03 1.75687988e-01
-1.25328134e+03 1.75115236e-01
-1.25178130e+03 1.74541845e-01
-1.25028126e+03 1.73968296e-01
-1.24878122e+03 1.73395021e-01
-1.24728119e+03 1.72821953e-01
-1.24578115e+03 1.72248690e-01
-1.24428111e+03 1.71675944e-01
-1.24278107e+03 1.71103513e-01
-1.24128104e+03 1.70531304e-01
-1.23978100e+03 1.69959756e-01
-1.23828096e+03 1.69388633e-01
-1.23678092e+03 1.68818187e-01
-1.23528089e+03 1.68248529e-01
-1.23378085e+03 1.67679699e-01
-1.23228081e+03 1.67112142e-01
-1.23078077e+03 1.66545755e-01
-1.22928074e+03 1.65980238e-01
-1.22778070e+03 1.65416194e-01
-1.22628066e+03 1.64853038e-01
-1.22478062e+03 1.64291258e-01
-1.22328059e+03 1.63731206e-01
-1.22178055e+03 1.63172173e-01
-1.22028051e+03 1.62614464e-01
-1.21878047e+03 1.62058622e-01
-1.21728044e+03 1.61504669e-01
-1.21578040e+03 1.60952041e-01
-1.21428036e+03 1.60400821e-01
-1.21278032e+03 1.59851297e-01
-1.21128029e+03 1.59303653e-01
-1.20978025e+03 1.58757894e-01
-1.20828021e+03 1.58213596e-01
-1.20678017e+03 1.57671414e-01
-1.20528014e+03 1.57131155e-01
-1.20378010e+03 1.56592655e-01
-1.20228006e+03 1.56056570e-01
-1.20078002e+03 1.55522010e-01
-1.19927998e+03 1.54989498e-01
-1.19777995e+03 1.54458913e-01
-1.19627991e+03 1.53930459e-01
-1.19477987e+03 1.53403621e-01
-1.19327983e+03 1.52878878e-01
-1.19177980e+03 1.52356230e-01
-1.19027976e+03 1.51835539e-01
-1.18877972e+03 1.51317246e-01
-1.18727968e+03 1.50800667e-01
-1.18577965e+03 1.50286048e-01
-1.18427961e+03 1.49773254e-01
-1.18277957e+03 1.49262559e-01
-1.18127953e+03 1.48753870e-01
-1.17977950e+03 1.48247285e-01
-1.17827946e+03 1.47742581e-01
-1.17677942e+03 1.47239667e-01
-1.17527938e+03 1.46738847e-01
-1.17377935e+03 1.46239833e-01
-1.17227931e+03 1.45742602e-01
-1.17077927e+03 1.45247243e-01
-1.16927923e+03 1.44753722e-01
-1.16777920e+03 1.44262400e-01
-1.16627916e+03 1.43772401e-01
-1.16477912e+03 1.43283847e-01
-1.16327908e+03 1.42797275e-01
-1.16177905e+03 1.42312435e-01
-1.16027901e+03 1.41829440e-01
-1.15877897e+03 1.41347851e-01
-1.15727893e+03 1.40868178e-01
-1.15577890e+03 1.40390321e-01
-1.15427886e+03 1.39913835e-01
-1.15277882e+03 1.39439350e-01
-1.15127878e+03 1.38966571e-01
-1.14977875e+03 1.38495077e-01
-1.14827871e+03 1.38025062e-01
-1.14677867e+03 1.37556804e-01
-1.14527863e+03 1.37090572e-01
-1.14377860e+03 1.36625812e-01
-1.14227856e+03 1.36162830e-01
-1.14077852e+03 1.35701742e-01
-1.13927848e+03 1.35242433e-01
-1.13777845e+03 1.34784989e-01
-1.13627841e+03 1.34329042e-01
-1.13477837e+03 1.33874924e-01
-1.13327833e+03 1.33422688e-01
-1.13177830e+03 1.32972223e-01
-1.13027826e+03 1.32523826e-01
-1.12877822e+03 1.32077292e-01
-1.12727818e+03 1.31633026e-01
-1.12577815e+03 1.31190281e-01
-1.12427811e+03 1.30749680e-01
-1.12277807e+03 1.30310329e-01
-1.12127803e+03 1.29872555e-01
-1.11977800e+03 1.29437021e-01
-1.11827796e+03 1.29003054e-01
-1.11677792e+03 1.28571115e-01
-1.11527788e+03 1.28140758e-01
-1.11377785e+03 1.27711995e-01
-1.11227781e+03 1.27284939e-01
-1.11077777e+03 1.26859768e-01
-1.10927773e+03 1.26436515e-01
-1.10777770e+03 1.26014438e-01
-1.10627766e+03 1.25594309e-01
-1.10477762e+03 1.25175970e-01
-1.10327758e+03 1.24759166e-01
-1.10177755e+03 1.24344032e-01
-1.10027751e+03 1.23930225e-01
-1.09877747e+03 1.23518037e-01
-1.09727743e+03 1.23107329e-01
-1.09577740e+03 1.22699020e-01
-1.09427736e+03 1.22292203e-01
-1.09277732e+03 1.21886721e-01
-1.09127728e+03 1.21483124e-01
-1.08977725e+03 1.21080835e-01
-1.08827721e+03 1.20680273e-01
-1.08677717e+03 1.20281007e-01
-1.08527713e+03 1.19883299e-01
-1.08377710e+03 1.19487118e-01
-1.08227706e+03 1.19092926e-01
-1.08077702e+03 1.18699814e-01
-1.07927698e+03 1.18307800e-01
-1.07777695e+03 1.17916974e-01
-1.07627691e+03 1.17528054e-01
-1.07477687e+03 1.17140153e-01
-1.07327683e+03 1.16753703e-01
-1.07177680e+03 1.16368386e-01
-1.07027676e+03 1.15984072e-01
-1.06877672e+03 1.15600919e-01
-1.06727668e+03 1.15218915e-01
-1.06577665e+03 1.14837983e-01
-1.06427661e+03 1.14457755e-01
-1.06277657e+03 1.14079022e-01
-1.06127653e+03 1.13700893e-01
-1.05977650e+03 1.13323618e-01
-1.05827646e+03 1.12947415e-01
-1.05677642e+03 1.12571758e-01
-1.05527638e+03 1.12197205e-01
-1.05377635e+03 1.11823342e-01
-1.05227631e+03 1.11450346e-01
-1.05077627e+03 1.11078464e-01
-1.04927623e+03 1.10707284e-01
-1.04777620e+03 1.10336394e-01
-1.04627616e+03 1.09966544e-01
-1.04477612e+03 1.09597247e-01
-1.04327608e+03 1.09228902e-01
-1.04177605e+03 1.08860894e-01
-1.04027601e+03 1.08493450e-01
-1.03877597e+03 1.08127594e-01
-1.03727593e+03 1.07762267e-01
-1.03577590e+03 1.07397838e-01
-1.03427586e+03 1.07034100e-01
-1.03277582e+03 1.06671037e-01
-1.03127578e+03 1.06309078e-01
-1.02977575e+03 1.05947530e-01
-1.02827571e+03 1.05587324e-01
-1.02677567e+03 1.05227759e-01
-1.02527563e+03 1.04869368e-01
-1.02377560e+03 1.04512094e-01
-1.02227556e+03 1.04155765e-01
-1.02077552e+03 1.03800339e-01
-1.01927548e+03 1.03445448e-01
-1.01777545e+03 1.03091736e-01
-1.01627541e+03 1.02738658e-01
-1.01477537e+03 1.02386977e-01
-1.01327533e+03 1.02036387e-01
-1.01177530e+03 1.01686829e-01
-1.01027526e+03 1.01338256e-01
-1.00877522e+03 1.00990935e-01
-1.00727518e+03 1.00644913e-01
-1.00577515e+03 1.00299642e-01
-1.00427511e+03 9.99553069e-02
-1.00277507e+03 9.96123408e-02
-1.00127503e+03 9.92702645e-02
-9.99774997e+02 9.89294283e-02
-9.98274959e+02 9.85897223e-02
-9.96774922e+02 9.82508185e-02
-9.95274884e+02 9.79136774e-02
-9.93774847e+02 9.75771219e-02
-9.92274809e+02 9.72418333e-02
-9.90774772e+02 9.69075454e-02
-9.89274734e+02 9.65742777e-02
-9.87774697e+02 9.62422576e-02
-9.86274659e+02 9.59112243e-02
-9.84774622e+02 9.55812873e-02
-9.83274584e+02 9.52522045e-02
-9.81774547e+02 9.49241253e-02
-9.80274509e+02 9.45971740e-02
-9.78774472e+02 9.42712818e-02
-9.77274434e+02 9.39466131e-02
-9.75774397e+02 9.36226084e-02
-9.74274359e+02 9.32999404e-02
-9.72774322e+02 9.29780373e-02
-9.71274284e+02 9.26568554e-02
-9.69774247e+02 9.23364044e-02
-9.68274209e+02 9.20168481e-02
-9.66774172e+02 9.16982031e-02
-9.65274134e+02 9.13803980e-02
-9.63774097e+02 9.10636397e-02
-9.62274059e+02 9.07471758e-02
-9.60774022e+02 9.04320528e-02
-9.59273984e+02 9.01174472e-02
-9.57773947e+02 8.98035656e-02
-9.56273909e+02 8.94903143e-02
-9.54773872e+02 8.91777230e-02
-9.53273834e+02 8.88659759e-02
-9.51773797e+02 8.85545670e-02
-9.50273759e+02 8.82439744e-02
-9.48773722e+02 8.79345840e-02
-9.47273684e+02 8.76254935e-02
-9.45773647e+02 8.73171915e-02
-9.44273609e+02 8.70092300e-02
-9.42773572e+02 8.67020688e-02
-9.41273534e+02 8.63953696e-02
-9.39773497e+02 8.60894833e-02
-9.38273459e+02 8.57842740e-02
-9.36773422e+02 8.54794215e-02
-9.35273384e+02 8.51751935e-02
-9.33773347e+02 8.48715383e-02
-9.32273309e+02 8.45688981e-02
-9.30773272e+02 8.42665571e-02
-9.29273234e+02 8.39648570e-02
-9.27773197e+02 8.36638891e-02
-9.26273159e+02 8.33632993e-02
-9.24773122e+02 8.30635782e-02
-9.23273084e+02 8.27645833e-02
-9.21773047e+02 8.24660571e-02
-9.20273009e+02 8.21684745e-02
-9.18772972e+02 8.18712697e-02
-9.17272934e+02 8.15747184e-02
-9.15772897e+02 8.12787270e-02
-9.14272859e+02 8.09832768e-02
-9.12772822e+02 8.06882945e-02
-9.11272784e+02 8.03944896e-02
-9.09772747e+02 8.01010024e-02
-9.08272709e+02 7.98083927e-02
-9.06772672e+02 7.95163028e-02
-9.05272634e+02 7.92249396e-02
-9.03772597e+02 7.89342599e-02
-9.02272559e+02 7.86444426e-02
-9.00772522e+02 7.83548798e-02
-8.99272484e+02 7.80658992e-02
-8.97772447e+02 7.77779519e-02
-8.96272409e+02 7.74907162e-02
-8.94772372e+02 7.72044424e-02
-8.93272334e+02 7.69190077e-02
-8.91772297e+02 7.66340036e-02
-8.90272259e+02 7.63498027e-02
-8.88772222e+02 7.60666055e-02
-8.87272184e+02 7.57839826e-02
-8.85772147e+02 7.55023411e-02
-8.84272109e+02 7.52208358e-02
-8.82772072e+02 7.49398932e-02
-8.81272034e+02 7.46602110e-02
-8.79771996e+02 7.43812658e-02
-8.78271959e+02 7.41026967e-02
-8.76771921e+02 7.38254586e-02
-8.75271884e+02 7.35488904e-02
-8.73771846e+02 7.32732493e-02
-8.72271809e+02 7.29984256e-02
-8.70771771e+02 7.27241952e-02
-8.69271734e+02 7.24506108e-02
-8.67771696e+02 7.21773947e-02
-8.66271659e+02 7.19050597e-02
-8.64771621e+02 7.16336528e-02
-8.63271584e+02 7.13630690e-02
-8.61771546e+02 7.10934597e-02
-8.60271509e+02 7.08245799e-02
-8.58771471e+02 7.05560979e-02
-8.57271434e+02 7.02884556e-02
-8.55771396e+02 7.00213320e-02
-8.54271359e+02 6.97546785e-02
-8.52771321e+02 6.94891516e-02
-8.51271284e+02 6.92244470e-02
-8.49771246e+02 6.89602537e-02
-8.48271209e+02 6.86968685e-02
-8.46771171e+02 6.84340963e-02
-8.45271134e+02 6.81715272e-02
-8.43771096e+02 6.79098669e-02
-8.42271059e+02 6.76492305e-02
-8.40771021e+02 6.73893361e-02
-8.39270984e+02 6.71299924e-02
-8.37770946e+02 6.68713039e-02
-8.36270909e+02 6.66133094e-02
-8.34770871e+02 6.63560484e-02
-8.33270834e+02 6.60988872e-02
-8.31770796e+02 6.58424354e-02
-8.30270759e+02 6.55870600e-02
-8.28770721e+02 6.53326650e-02
-8.27270684e+02 6.50788422e-02
-8.25770646e+02 6.48253242e-02
-8.24270609e+02 6.45729041e-02
-8.22770571e+02 6.43207369e-02
-8.21270534e+02 6.40690337e-02
-8.19770496e+02 6.38183485e-02
-8.18270459e+02 6.35682300e-02
-8.16770421e+02 6.33190023e-02
-8.15270384e+02 6.30705788e-02
-8.13770346e+02 6.28222470e-02
-8.12270309e+02 6.25745902e-02
-8.10770271e+02 6.23273946e-02
-8.09270234e+02 6.20811382e-02
-8.07770196e+02 6.18351742e-02
-8.06270159e+02 6.15901272e-02
-8.04770121e+02 6.13456707e-02
-8.03270084e+02 6.11015480e-02
-8.01770046e+02 6.08581641e-02
-8.00270009e+02 6.06152431e-02
-7.98769971e+02 6.03726233e-02
-7.97269934e+02 6.01306724e-02
-7.95769896e+02 5.98894907e-02
-7.94269859e+02 5.96490295e-02
-7.92769821e+02 5.94090026e-02
-7.91269784e+02 5.91691532e-02
-7.89769746e+02 5.89300433e-02
-7.88269709e+02 5.86914284e-02
-7.86769671e+02 5.84535592e-02
-7.85269634e+02 5.82164304e-02
-7.83769596e+02 5.79794951e-02
-7.82269559e+02 5.77432145e-02
-7.80769521e+02 5.75072159e-02
-7.79269484e+02 5.72725140e-02
-7.77769446e+02 5.70378629e-02
-7.76269409e+02 5.68034680e-02
-7.74769371e+02 5.65698480e-02
-7.73269334e+02 5.63367267e-02
-7.71769296e+02 5.61044286e-02
-7.70269259e+02 5.58724116e-02
-7.68769221e+02 5.56410127e-02
-7.67269184e+02 5.54102259e-02
-7.65769146e+02 5.51801006e-02
-7.64269109e+02 5.49505089e-02
-7.62769071e+02 5.47213608e-02
-7.61269034e+02 5.44923907e-02
-7.59768996e+02 5.42645898e-02
-7.58268959e+02 5.40368553e-02
-7.56768921e+02 5.38100164e-02
-7.55268884e+02 5.35836938e-02
-7.53768846e+02 5.33579590e-02
-7.52268809e+02 5.31331075e-02
-7.50768771e+02 5.29084599e-02
-7.49268734e+02 5.26842432e-02
-7.47768696e+02 5.24609511e-02
-7.46268659e+02 5.22376792e-02
-7.44768621e+02 5.20154644e-02
-7.43268584e+02 5.17937247e-02
-7.41768546e+02 5.15724108e-02
-7.40268509e+02 5.13516704e-02
-7.38768471e+02 5.11311021e-02
-7.37268434e+02 5.09110989e-02
-7.35768396e+02 5.06923278e-02
-7.34268359e+02 5.04740837e-02
-7.32768321e+02 5.02565215e-02
-7.31268284e+02 5.00391282e-02
-7.29768246e+02 4.98223150e-02
-7.28268209e+02 4.96062721e-02
-7.26768171e+02 4.93905120e-02
-7.25268134e+02 4.91756095e-02
-7.23768096e+02 4.89610310e-02
-7.22268059e+02 4.87470569e-02
-7.20768021e+02 4.85341159e-02
-7.19267983e+02 4.83211401e-02
-7.17767946e+02 4.81090063e-02
-7.16267908e+02 4.78973990e-02
-7.14767871e+02 4.76861185e-02
-7.13267833e+02 4.74756151e-02
-7.11767796e+02 4.72660154e-02
-7.10267758e+02 4.70570602e-02
-7.08767721e+02 4.68484297e-02
-7.07267683e+02 4.66401972e-02
-7.05767646e+02 4.64324517e-02
-7.04267608e+02 4.62252938e-02
-7.02767571e+02 4.60188033e-02
-7.01267533e+02 4.58126514e-02
-6.99767496e+02 4.56070728e-02
-6.98267458e+02 4.54026747e-02
-6.96767421e+02 4.51982067e-02
-6.95267383e+02 4.49947042e-02
-6.93767346e+02 4.47915515e-02
-6.92267308e+02 4.45890379e-02
-6.90767271e+02 4.43873085e-02
-6.89267233e+02 4.41857519e-02
-6.87767196e+02 4.39847601e-02
-6.86267158e+02 4.37843583e-02
-6.84767121e+02 4.35843334e-02
-6.83267083e+02 4.33846889e-02
-6.81767046e+02 4.31860392e-02
-6.80267008e+02 4.29874358e-02
-6.78766971e+02 4.27898309e-02
-6.77266933e+02 4.25921337e-02
-6.75766896e+02 4.23952528e-02
-6.74266858e+02 4.21989575e-02
-6.72766821e+02 4.20030879e-02
-6.71266783e+02 4.18077051e-02
-6.69766746e+02 4.16128209e-02
-6.68266708e+02 4.14186327e-02
-6.66766671e+02 4.12245716e-02
-6.65266633e+02 4.10312696e-02
-6.63766596e+02 4.08385569e-02
-6.62266558e+02 4.06464835e-02
-6.60766521e+02 4.04549561e-02
-6.59266483e+02 4.02636481e-02
-6.57766446e+02 4.00730974e-02
-6.56266408e+02 3.98828830e-02
-6.54766371e+02 3.96933080e-02
-6.53266333e+02 3.95041259e-02
-6.51766296e+02 3.93153443e-02
-6.50266258e+02 3.91268734e-02
-6.48766221e+02 3.89390106e-02
-6.47266183e+02 3.87520262e-02
-6.45766146e+02 3.85652091e-02
-6.44266108e+02 3.83786632e-02
-6.42766071e+02 3.81932424e-02
-6.41266033e+02 3.80079696e-02
-6.39765996e+02 3.78232706e-02
-6.38265958e+02 3.76392003e-02
-6.36765921e+02 3.74553475e-02
-6.35265883e+02 3.72720411e-02
-6.33765846e+02 3.70893582e-02
-6.32265808e+02 3.69069399e-02
-6.30765771e+02 3.67250291e-02
-6.29265733e+02 3.65438047e-02
-6.27765696e+02 3.63635934e-02
-6.26265658e+02 3.61836256e-02
-6.24765621e+02 3.60040422e-02
-6.23265583e+02 3.58248112e-02
-6.21765546e+02 3.56459785e-02
-6.20265508e+02 3.54680114e-02
-6.18765471e+02 3.52906080e-02
-6.17265433e+02 3.51135101e-02
-6.15765396e+02 3.49374449e-02
-6.14265358e+02 3.47612508e-02
-6.12765321e+02 3.45855141e-02
-6.11265283e+02 3.44106924e-02
-6.09765246e+02 3.42357893e-02
-6.08265208e+02 3.40612857e-02
-6.06765171e+02 3.38877714e-02
-6.05265133e+02 3.37143082e-02
-6.03765096e+02 3.35415750e-02
-6.02265058e+02 3.33693038e-02
-6.00765021e+02 3.31975062e-02
-5.99264983e+02 3.30266032e-02
-5.97764946e+02 3.28560218e-02
-5.96264908e+02 3.26862076e-02
-5.94764871e+02 3.25170027e-02
-5.93264833e+02 3.23481043e-02
-5.91764796e+02 3.21797919e-02
-5.90264758e+02 3.20116735e-02
-5.88764721e+02 3.18437195e-02
-5.87264683e+02 3.16765832e-02
-5.85764646e+02 3.15095875e-02
-5.84264608e+02 3.13435575e-02
-5.82764571e+02 3.11779790e-02
-5.81264533e+02 3.10124922e-02
-5.79764496e+02 3.08476414e-02
-5.78264458e+02 3.06837284e-02
-5.76764421e+02 3.05200738e-02
-5.75264383e+02 3.03568144e-02
-5.73764346e+02 3.01938613e-02
-5.72264308e+02 3.00311858e-02
-5.70764271e+02 2.98689574e-02
-5.69264233e+02 2.97077695e-02
-5.67764196e+02 2.95471079e-02
-5.66264158e+02 2.93864734e-02
-5.64764121e+02 2.92266945e-02
-5.63264083e+02 2.90676079e-02
-5.61764046e+02 2.89086226e-02
-5.60264008e+02 2.87501384e-02
-5.58763970e+02 2.85924299e-02
-5.57263933e+02 2.84346227e-02
-5.55763895e+02 2.82774318e-02
-5.54263858e+02 2.81209049e-02
-5.52763820e+02 2.79645246e-02
-5.51263783e+02 2.78087013e-02
-5.49763745e+02 2.76536415e-02
-5.48263708e+02 2.74986268e-02
-5.46763670e+02 2.73443558e-02
-5.45263633e+02 2.71905335e-02
-5.43763595e+02 2.70371117e-02
-5.42263558e+02 2.68842692e-02
-5.40763520e+02 2.67319059e-02
-5.39263483e+02 2.65800017e-02
-5.37763445e+02 2.64283677e-02
-5.36263408e+02 2.62773510e-02
-5.34763370e+02 2.61267489e-02
-5.33263333e+02 2.59763012e-02
-5.31763295e+02 2.58263865e-02
-5.30263258e+02 2.56769429e-02
-5.28763220e+02 2.55282071e-02
-5.27263183e+02 2.53799972e-02
-5.25763145e+02 2.52323876e-02
-5.24263108e+02 2.50851436e-02
-5.22763070e+02 2.49381474e-02
-5.21263033e+02 2.47920719e-02
-5.19762995e+02 2.46461880e-02
-5.18262958e+02 2.45011303e-02
-5.16762920e+02 2.43562833e-02
-5.15262883e+02 2.42114443e-02
-5.13762845e+02 2.40670473e-02
-5.12262808e+02 2.39230951e-02
-5.10762770e+02 2.37795595e-02
-5.09262733e+02 2.36361013e-02
-5.07762695e+02 2.34939659e-02
-5.06262658e+02 2.33523106e-02
-5.04762620e+02 2.32113536e-02
-5.03262583e+02 2.30704113e-02
-5.01762545e+02 2.29301504e-02
-5.00262508e+02 2.27899778e-02
-4.98762470e+02 2.26509411e-02
-4.97262433e+02 2.25118046e-02
-4.95762395e+02 2.23729314e-02
-4.94262358e+02 2.22349098e-02
-4.92762320e+02 2.20970006e-02
-4.91262283e+02 2.19598998e-02
-4.89762245e+02 2.18230591e-02
-4.88262208e+02 2.16867991e-02
-4.86762170e+02 2.15507341e-02
-4.85262133e+02 2.14151284e-02
-4.83762095e+02 2.12803209e-02
-4.82262058e+02 2.11458004e-02
-4.80762020e+02 2.10118725e-02
-4.79261983e+02 2.08782560e-02
-4.77761945e+02 2.07449469e-02
-4.76261908e+02 2.06120404e-02
-4.74761870e+02 2.04796844e-02
-4.73261833e+02 2.03478928e-02
-4.71761795e+02 2.02167746e-02
-4.70261758e+02 2.00863302e-02
-4.68761720e+02 1.99561848e-02
-4.67261683e+02 1.98266143e-02
-4.65761645e+02 1.96970072e-02
-4.64261608e+02 1.95675846e-02
-4.62761570e+02 1.94386892e-02
-4.61261533e+02 1.93103881e-02
-4.59761495e+02 1.91825163e-02
-4.58261458e+02 1.90552731e-02
-4.56761420e+02 1.89286539e-02
-4.55261383e+02 1.88024924e-02
-4.53761345e+02 1.86768806e-02
-4.52261308e+02 1.85511667e-02
-4.50761270e+02 1.84260228e-02
-4.49261233e+02 1.83010839e-02
-4.47761195e+02 1.81771633e-02
-4.46261158e+02 1.80537733e-02
-4.44761120e+02 1.79307465e-02
-4.43261083e+02 1.78081378e-02
-4.41761045e+02 1.76852820e-02
-4.40261008e+02 1.75633704e-02
-4.38760970e+02 1.74417877e-02
-4.37260933e+02 1.73205896e-02
-4.35760895e+02 1.72000009e-02
-4.34260858e+02 1.70802213e-02
-4.32760820e+02 1.69606314e-02
-4.31260783e+02 1.68414367e-02
-4.29760745e+02 1.67228097e-02
-4.28260708e+02 1.66045154e-02
-4.26760670e+02 1.64865109e-02
-4.25260633e+02 1.63691310e-02
-4.23760595e+02 1.62518959e-02
-4.22260558e+02 1.61349157e-02
-4.20760520e+02 1.60188752e-02
-4.19260483e+02 1.59032008e-02
-4.17760445e+02 1.57880499e-02
-4.16260408e+02 1.56729620e-02
-4.14760370e+02 1.55585166e-02
-4.13260333e+02 1.54444201e-02
-4.11760295e+02 1.53309766e-02
-4.10260258e+02 1.52176774e-02
-4.08760220e+02 1.51052467e-02
-4.07260183e+02 1.49929251e-02
-4.05760145e+02 1.48813695e-02
-4.04260108e+02 1.47700817e-02
-4.02760070e+02 1.46592061e-02
-4.01260033e+02 1.45487206e-02
-3.99759995e+02 1.44390260e-02
-3.98259957e+02 1.43294688e-02
-3.96759920e+02 1.42205639e-02
-3.95259882e+02 1.41115765e-02
-3.93759845e+02 1.40035977e-02
-3.92259807e+02 1.38955942e-02
-3.90759770e+02 1.37877280e-02
-3.89259732e+02 1.36802175e-02
-3.87759695e+02 1.35734089e-02
-3.86259657e+02 1.34672428e-02
-3.84759620e+02 1.33616423e-02
-3.83259582e+02 1.32562511e-02
-3.81759545e+02 1.31516560e-02
-3.80259507e+02 1.30472090e-02
-3.78759470e+02 1.29433787e-02
-3.77259432e+02 1.28400654e-02
-3.75759395e+02 1.27372367e-02
-3.74259357e+02 1.26346886e-02
-3.72759320e+02 1.25320564e-02
-3.71259282e+02 1.24303150e-02
-3.69759245e+02 1.23288666e-02
-3.68259207e+02 1.22276997e-02
-3.66759170e+02 1.21269494e-02
-3.65259132e+02 1.20268221e-02
-3.63759095e+02 1.19271233e-02
-3.62259057e+02 1.18277233e-02
-3.60759020e+02 1.17289218e-02
-3.59258982e+02 1.16309009e-02
-3.57758945e+02 1.15330375e-02
-3.56258907e+02 1.14353228e-02
-3.54758870e+02 1.13385129e-02
-3.53258832e+02 1.12417461e-02
-3.51758795e+02 1.11451124e-02
-3.50258757e+02 1.10493615e-02
-3.48758720e+02 1.09537446e-02
-3.47258682e+02 1.08584871e-02
-3.45758645e+02 1.07641509e-02
-3.44258607e+02 1.06704187e-02
-3.42758570e+02 1.05768515e-02
-3.41258532e+02 1.04838243e-02
-3.39758495e+02 1.03909838e-02
-3.38258457e+02 1.02982270e-02
-3.36758420e+02 1.02057499e-02
-3.35258382e+02 1.01140111e-02
-3.33758345e+02 1.00228010e-02
-3.32258307e+02 9.93210188e-03
-3.30758270e+02 9.84223464e-03
-3.29258232e+02 9.75276278e-03
-3.27758195e+02 9.66370071e-03
-3.26258157e+02 9.57447648e-03
-3.24758120e+02 9.48573558e-03
-3.23258082e+02 9.39725376e-03
-3.21758045e+02 9.30930684e-03
-3.20258007e+02 9.22191587e-03
-3.18757970e+02 9.13486132e-03
-3.17257932e+02 9.04791438e-03
-3.15757895e+02 8.96201551e-03
-3.14257857e+02 8.87627981e-03
-3.12757820e+02 8.79095569e-03
-3.11257782e+02 8.70651868e-03
-3.09757745e+02 8.62253573e-03
-3.08257707e+02 8.53871798e-03
-3.06757670e+02 8.45503281e-03
-3.05257632e+02 8.37211471e-03
-3.03757595e+02 8.28943266e-03
-3.02257557e+02 8.20729423e-03
-3.00757520e+02 8.12498622e-03
-2.99257482e+02 8.04332221e-03
-2.97757445e+02 7.96225143e-03
-2.96257407e+02 7.88167757e-03
-2.94757370e+02 7.80120398e-03
-2.93257332e+02 7.72106974e-03
-2.91757295e+02 7.64199035e-03
-2.90257257e+02 7.56322156e-03
-2.88757220e+02 7.48495574e-03
-2.87257182e+02 7.40723172e-03
-2.85757145e+02 7.32952934e-03
-2.84257107e+02 7.25228753e-03
-2.82757070e+02 7.17557775e-03
-2.81257032e+02 7.09926458e-03
-2.79756995e+02 7.02321321e-03
-2.78256957e+02 6.94784038e-03
-2.76756920e+02 6.87232757e-03
-2.75256882e+02 6.79662438e-03
-2.73756845e+02 6.72225604e-03
-2.72256807e+02 6.64840180e-03
-2.70756770e+02 6.57476277e-03
-2.69256732e+02 6.50197830e-03
-2.67756695e+02 6.42961131e-03
-2.66256657e+02 6.35733353e-03
-2.64756620e+02 6.28534058e-03
-2.63256582e+02 6.21383631e-03
-2.61756545e+02 6.14295029e-03
-2.60256507e+02 6.07279173e-03
-2.58756470e+02 6.00269839e-03
-2.57256432e+02 5.93280350e-03
-2.55756395e+02 5.86324594e-03
-2.54256357e+02 5.79412445e-03
-2.52756320e+02 5.72555099e-03
-2.51256282e+02 5.65734106e-03
-2.49756245e+02 5.58978722e-03
-2.48256207e+02 5.52268383e-03
-2.46756170e+02 5.45614264e-03
-2.45256132e+02 5.39003376e-03
-2.43756095e+02 5.32385209e-03
-2.42256057e+02 5.25776191e-03
-2.40756020e+02 5.19240641e-03
-2.39255982e+02 5.12769634e-03
-2.37755944e+02 5.06292683e-03
-2.36255907e+02 4.99902901e-03
-2.34755869e+02 4.93526268e-03
-2.33255832e+02 4.87260836e-03
-2.31755794e+02 4.80960846e-03
-2.30255757e+02 4.74715528e-03
-2.28755719e+02 4.68549994e-03
-2.27255682e+02 4.62406583e-03
-2.25755644e+02 4.56266573e-03
-2.24255607e+02 4.50183678e-03
-2.22755569e+02 4.44169231e-03
-2.21255532e+02 4.38206126e-03
-2.19755494e+02 4.32277243e-03
-2.18255457e+02 4.26346241e-03
-2.16755419e+02 4.20459419e-03
-2.15255382e+02 4.14635371e-03
-2.13755344e+02 4.08921250e-03
-2.12255307e+02 4.03225301e-03
-2.10755269e+02 3.97530424e-03
-2.09255232e+02 3.91879258e-03
-2.07755194e+02 3.86227796e-03
-2.06255157e+02 3.80635194e-03
-2.04755119e+02 3.75065402e-03
-2.03255082e+02 3.69567253e-03
-2.01755044e+02 3.64095527e-03
-2.00255007e+02 3.58660480e-03
-1.98754969e+02 3.53303162e-03
-1.97254932e+02 3.47980110e-03
-1.95754894e+02 3.42735171e-03
-1.94254857e+02 3.37480398e-03
-1.92754819e+02 3.32298622e-03
-1.91254782e+02 3.27105975e-03
-1.89754744e+02 3.21960632e-03
-1.88254707e+02 3.16879577e-03
-1.86754669e+02 3.11856660e-03
-1.85254632e+02 3.06845424e-03
-1.83754594e+02 3.01880317e-03
-1.82254557e+02 2.96927269e-03
-1.80754519e+02 2.92043689e-03
-1.79254482e+02 2.87231434e-03
-1.77754444e+02 2.82412666e-03
-1.76254407e+02 2.77666031e-03
-1.74754369e+02 2.72974168e-03
-1.73254332e+02 2.68301240e-03
-1.71754294e+02 2.63681286e-03
-1.70254257e+02 2.59103704e-03
-1.68754219e+02 2.54506584e-03
-1.67254182e+02 2.49982128e-03
-1.65754144e+02 2.45511132e-03
-1.64254107e+02 2.41073083e-03
-1.62754069e+02 2.36658045e-03
-1.61254032e+02 2.32312189e-03
-1.59753994e+02 2.28016267e-03
-1.58253957e+02 2.23771191e-03
-1.56753919e+02 2.19507928e-03
-1.55253882e+02 2.15341770e-03
-1.53753844e+02 2.11202763e-03
-1.52253807e+02 2.07123433e-03
-1.50753769e+02 2.03038266e-03
-1.49253732e+02 1.99010424e-03
-1.47753694e+02 1.94990240e-03
-1.46253657e+02 1.91017244e-03
-1.44753619e+02 1.87080265e-03
-1.43253582e+02 1.83211275e-03
-1.41753544e+02 1.79374032e-03
-1.40253507e+02 1.75619319e-03
-1.38753469e+02 1.71936249e-03
-1.37253432e+02 1.68281730e-03
-1.35753394e+02 1.64631463e-03
-1.34253357e+02 1.60971097e-03
-1.32753319e+02 1.57375624e-03
-1.31253282e+02 1.53832270e-03
-1.29753244e+02 1.50322530e-03
-1.28253207e+02 1.46871141e-03
-1.26753169e+02 1.43429226e-03
-1.25253132e+02 1.40035800e-03
-1.23753094e+02 1.36721520e-03
-1.22253057e+02 1.33395618e-03
-1.20753019e+02 1.30100839e-03
-1.19252982e+02 1.26874050e-03
-1.17752944e+02 1.23701474e-03
-1.16252907e+02 1.20600421e-03
-1.14752869e+02 1.17555175e-03
-1.13252832e+02 1.14566679e-03
-1.11752794e+02 1.11552587e-03
-1.10252757e+02 1.08550014e-03
-1.08752719e+02 1.05618153e-03
-1.07252682e+02 1.02716087e-03
-1.05752644e+02 9.98418408e-04
-1.04252607e+02 9.69774509e-04
-1.02752569e+02 9.42063033e-04
-1.01252532e+02 9.14672261e-04
-9.97524941e+01 8.87509080e-04
-9.82524566e+01 8.60918247e-04
-9.67524191e+01 8.34881135e-04
-9.52523815e+01 8.09390513e-04
-9.37523440e+01 7.84126202e-04
-9.22523065e+01 7.59352189e-04
-9.07522690e+01 7.34922955e-04
-8.92522315e+01 7.10740205e-04
-8.77521940e+01 6.87171089e-04
-8.62521565e+01 6.63814851e-04
-8.47521190e+01 6.41076408e-04
-8.32520815e+01 6.18731631e-04
-8.17520440e+01 5.96322005e-04
-8.02520065e+01 5.74413802e-04
-7.87519690e+01 5.52841472e-04
-7.72519315e+01 5.31957910e-04
-7.57518940e+01 5.11671697e-04
-7.42518565e+01 4.91840572e-04
-7.27518190e+01 4.72311556e-04
-7.12517815e+01 4.53017157e-04
-6.97517440e+01 4.34078874e-04
-6.82517065e+01 4.16078867e-04
-6.67516690e+01 3.98006347e-04
-6.52516315e+01 3.80340096e-04
-6.37515939e+01 3.62955688e-04
-6.22515564e+01 3.45601775e-04
-6.07515189e+01 3.28744333e-04
-5.92514814e+01 3.12744572e-04
-5.77514439e+01 2.97296743e-04
-5.62514064e+01 2.82276259e-04
-5.47513689e+01 2.67506852e-04
-5.32513314e+01 2.52506343e-04
-5.17512939e+01 2.38805215e-04
-5.02512564e+01 2.25377587e-04
-4.87512189e+01 2.12366419e-04
-4.72511814e+01 1.99045751e-04
-4.57511439e+01 1.86514034e-04
-4.42511064e+01 1.74292929e-04
-4.27510689e+01 1.62716348e-04
-4.12510314e+01 1.51805173e-04
-3.97509939e+01 1.41246133e-04
-3.82509564e+01 1.30826131e-04
-3.67509189e+01 1.20847887e-04
-3.52508814e+01 1.10930252e-04
-3.37508439e+01 1.01811949e-04
-3.22508064e+01 9.29125044e-05
-3.07507688e+01 8.44682542e-05
-2.92507313e+01 7.63952116e-05
-2.77506938e+01 6.85164902e-05
-2.62506563e+01 6.15686782e-05
-2.47506188e+01 5.49880918e-05
-2.32505813e+01 4.88258048e-05
-2.17505438e+01 4.23316443e-05
-2.02505063e+01 3.64926814e-05
-1.87504688e+01 3.10252174e-05
-1.72504313e+01 2.61532515e-05
-1.57503938e+01 2.18432051e-05
-1.42503563e+01 1.78484339e-05
-1.27503188e+01 1.43842005e-05
-1.12502813e+01 1.10761097e-05
-9.75024378e+00 8.35925928e-06
-8.25020628e+00 6.21286318e-06
-6.75016877e+00 4.48730848e-06
-5.25013127e+00 2.55370017e-06
-3.75009376e+00 1.44703436e-06
-2.25005626e+00 2.87992291e-07
-7.50018752e-01 0.00000000e+00
7.50018752e-01 2.71174541e-07
2.25005626e+00 8.60022184e-07
3.75009376e+00 1.87380014e-06
5.25013127e+00 2.85313994e-06
6.75016877e+00 4.33807133e-06
8.25020628e+00 6.33788291e-06
9.75024378e+00 8.75282264e-06
1.12502813e+01 1.14074909e-05
1.27503188e+01 1.45895710e-05
1.42503563e+01 1.80989246e-05
1.57503938e+01 2.21164118e-05
1.72504313e+01 2.64232437e-05
1.87504688e+01 3.13487543e-05
2.02505063e+01 3.63688776e-05
2.17505438e+01 4.20259882e-05
2.32505813e+01 4.78537498e-05
2.47506188e+01 5.44757264e-05
2.62506563e+01 6.12359044e-05
2.77506938e+01 6.86420250e-05
2.92507313e+01 7.61599547e-05
3.07507688e+01 8.43969476e-05
3.22508064e+01 9.29284305e-05
3.37508439e+01 1.01867625e-04
3.52508814e+01 1.11246639e-04
3.67509189e+01 1.20742641e-04
3.82509564e+01 1.30798355e-04
3.97509939e+01 1.41127350e-04
4.12510314e+01 1.52124212e-04
4.27510689e+01 1.63048270e-04
4.42511064e+01 1.74819632e-04
4.57511439e+01 1.86995298e-04
4.72511814e+01 1.99169255e-04
4.87512189e+01 2.11627058e-04
5.02512564e+01 2.24918024e-04
5.17512939e+01 2.38774590e-04
5.32513314e+01 2.52844932e-04
5.47513689e+01 2.67794110e-04
5.62514064e+01 2.82408780e-04
5.77514439e+01 2.97391312e-04
5.92514814e+01 3.12898798e-04
6.07515189e+01 3.28715290e-04
6.22515564e+01 3.45515116e-04
6.37515939e+01 3.62266197e-04
6.52516315e+01 3.79433458e-04
6.67516690e+01 3.97252282e-04
6.82517065e+01 4.15547865e-04
6.97517440e+01 4.34173381e-04
7.12517815e+01 4.53179697e-04
7.27518190e+01 4.72667434e-04
7.42518565e+01 4.92142166e-04
7.57518940e+01 5.12269646e-04
7.72519315e+01 5.32758513e-04
7.87519690e+01 5.53294775e-04
8.02520065e+01 5.74731299e-04
8.17520440e+01 5.96034294e-04
8.32520815e+01 6.18205556e-04
8.47521190e+01 6.40599925e-04
8.62521565e+01 6.63534096e-04
8.77521940e+01 6.86979399e-04
8.92522315e+01 7.10942449e-04
9.07522690e+01 7.34976179e-04
9.22523065e+01 7.59586650e-04
9.37523440e+01 7.84553633e-04
9.52523815e+01 8.09948024e-04
9.67524191e+01 8.35589896e-04
9.82524566e+01 8.61305786e-04
9.97524941e+01 8.87748738e-04
1.01252532e+02 9.14480986e-04
1.02752569e+02 9.41873567e-04
1.04252607e+02 9.69612922e-04
1.05752644e+02 9.97951886e-04
1.07252682e+02 1.02650879e-03
1.08752719e+02 1.05534792e-03
1.10252757e+02 1.08469837e-03
1.11752794e+02 1.11437702e-03
1.13252832e+02 1.14468995e-03
1.14752869e+02 1.17564629e-03
1.16252907e+02 1.20709700e-03
1.17752944e+02 1.23844320e-03
1.19252982e+02 1.26971838e-03
1.20753019e+02 1.30186627e-03
1.22253057e+02 1.33428086e-03
1.23753094e+02 1.36705635e-03
1.25253132e+02 1.40044230e-03
1.26753169e+02 1.43419531e-03
1.28253207e+02 1.46816318e-03
1.29753244e+02 1.50268285e-03
1.31253282e+02 1.53791231e-03
1.32753319e+02 1.57352308e-03
1.34253357e+02 1.60958498e-03
1.35753394e+02 1.64598940e-03
1.37253432e+02 1.68246107e-03
1.38753469e+02 1.71919983e-03
1.40253507e+02 1.75635606e-03
1.41753544e+02 1.79444277e-03
1.43253582e+02 1.83240813e-03
1.44753619e+02 1.87126037e-03
1.46253657e+02 1.91040849e-03
1.47753694e+02 1.95016019e-03
1.49253732e+02 1.99017717e-03
1.50753769e+02 2.03042849e-03
1.52253807e+02 2.07091954e-03
1.53753844e+02 2.11211438e-03
1.55253882e+02 2.15329133e-03
1.56753919e+02 2.19523425e-03
1.58253957e+02 2.23764643e-03
1.59753994e+02 2.28024599e-03
1.61254032e+02 2.32320014e-03
1.62754069e+02 2.36650199e-03
1.64254107e+02 2.41032238e-03
1.65754144e+02 2.45508601e-03
1.67254182e+02 2.49978417e-03
1.68754219e+02 2.54491661e-03
1.70254257e+02 2.59054534e-03
1.71754294e+02 2.63655433e-03
1.73254332e+02 2.68290924e-03
1.74754369e+02 2.72976633e-03
1.76254407e+02 2.77680694e-03
1.77754444e+02 2.82408658e-03
1.79254482e+02 2.87196182e-03
1.80754519e+02 2.92083958e-03
1.82254557e+02 2.96979577e-03
1.83754594e+02 3.01886473e-03
1.85254632e+02 3.06830351e-03
1.86754669e+02 3.11871847e-03
1.88254707e+02 3.16910427e-03
1.89754744e+02 3.21979244e-03
1.91254782e+02 3.27086013e-03
1.92754819e+02 3.32262487e-03
1.94254857e+02 3.37462186e-03
1.95754894e+02 3.42732224e-03
1.97254932e+02 3.48006091e-03
1.98754969e+02 3.53365667e-03
2.00255007e+02 3.58741446e-03
2.01755044e+02 3.64126653e-03
2.03255082e+02 3.69571523e-03
2.04755119e+02 3.75065326e-03
2.06255157e+02 3.80591592e-03
2.07755194e+02 3.86162257e-03
2.09255232e+02 3.91790624e-03
2.10755269e+02 3.97467379e-03
2.12255307e+02 4.03160535e-03
2.13755344e+02 4.08889016e-03
2.15255382e+02 4.14688329e-03
2.16755419e+02 4.20515641e-03
2.18255457e+02 4.26381009e-03
2.19755494e+02 4.32266024e-03
2.21255532e+02 4.38183261e-03
2.22755569e+02 4.44171817e-03
2.24255607e+02 4.50221665e-03
2.25755644e+02 4.56294268e-03
2.27255682e+02 4.62417355e-03
2.28755719e+02 4.68564647e-03
2.30255757e+02 4.74743953e-03
2.31755794e+02 4.80972048e-03
2.33255832e+02 4.87270688e-03
2.34755869e+02 4.93583508e-03
2.36255907e+02 4.99905170e-03
2.37755944e+02 5.06283532e-03
2.39255982e+02 5.12740248e-03
2.40756020e+02 5.19250008e-03
2.42256057e+02 5.25783208e-03
2.43756095e+02 5.32343813e-03
2.45256132e+02 5.38952489e-03
2.46756170e+02 5.45604139e-03
2.48256207e+02 5.52250351e-03
2.49756245e+02 5.58960456e-03
2.51256282e+02 5.65735317e-03
2.52756320e+02 5.72528982e-03
2.54256357e+02 5.79390713e-03
2.55756395e+02 5.86298076e-03
2.57256432e+02 5.93246850e-03
2.58756470e+02 6.00225280e-03
2.60256507e+02 6.07274094e-03
2.61756545e+02 6.14338864e-03
2.63256582e+02 6.21459519e-03
2.64756620e+02 6.28620076e-03
2.66256657e+02 6.35783695e-03
2.67756695e+02 6.42976384e-03
2.69256732e+02 6.50185614e-03
2.70756770e+02 6.57490010e-03
2.72256807e+02 6.64864959e-03
2.73756845e+02 6.72269436e-03
2.75256882e+02 6.79700018e-03
2.76756920e+02 6.87177582e-03
2.78256957e+02 6.94716779e-03
2.79756995e+02 7.02293278e-03
2.81257032e+02 7.09906695e-03
2.82757070e+02 7.17521075e-03
2.84257107e+02 7.25183448e-03
2.85757145e+02 7.32949961e-03
2.87257182e+02 7.40709488e-03
2.88757220e+02 7.48512561e-03
2.90257257e+02 7.56372652e-03
2.91757295e+02 7.64255868e-03
2.93257332e+02 7.72173105e-03
2.94757370e+02 7.80125800e-03
2.96257407e+02 7.88143574e-03
2.97757445e+02 7.96187828e-03
2.99257482e+02 8.04277436e-03
3.00757520e+02 8.12460116e-03
3.02257557e+02 8.20650821e-03
3.03757595e+02 8.28886526e-03
3.05257632e+02 8.37183867e-03
3.06757670e+02 8.45498062e-03
3.08257707e+02 8.53898194e-03
3.09757745e+02 8.62287873e-03
3.11257782e+02 8.70720608e-03
3.12757820e+02 8.79194380e-03
3.14257857e+02 8.87674975e-03
3.15757895e+02 8.96229359e-03
3.17257932e+02 9.04852174e-03
3.18757970e+02 9.13506964e-03
3.20258007e+02 9.22191928e-03
3.21758045e+02 9.30938648e-03
3.23258082e+02 9.39712102e-03
3.24758120e+02 9.48547411e-03
3.26258157e+02 9.57390545e-03
3.27758195e+02 9.66277800e-03
3.29258232e+02 9.75210167e-03
3.30758270e+02 9.84197319e-03
3.32258307e+02 9.93214421e-03
3.33758345e+02 1.00228039e-02
3.35258382e+02 1.01143478e-02
3.36758420e+02 1.02063141e-02
3.38258457e+02 1.02982571e-02
3.39758495e+02 1.03905837e-02
3.41258532e+02 1.04831495e-02
3.42758570e+02 1.05766071e-02
3.44258607e+02 1.06706980e-02
3.45758645e+02 1.07649313e-02
3.47258682e+02 1.08595057e-02
3.48758720e+02 1.09541557e-02
3.50258757e+02 1.10494381e-02
3.51758795e+02 1.11453517e-02
3.53258832e+02 1.12415649e-02
3.54758870e+02 1.13380368e-02
3.56258907e+02 1.14349231e-02
3.57758945e+02 1.15323953e-02
3.59258982e+02 1.16300214e-02
3.60759020e+02 1.17285506e-02
3.62259057e+02 1.18276192e-02
3.63759095e+02 1.19270132e-02
3.65259132e+02 1.20272038e-02
3.66759170e+02 1.21276535e-02
3.68259207e+02 1.22283104e-02
3.69759245e+02 1.23291726e-02
3.71259282e+02 1.24306599e-02
3.72759320e+02 1.25324248e-02
3.74259357e+02 1.26346383e-02
3.75759395e+02 1.27369607e-02
3.77259432e+02 1.28397635e-02
3.78759470e+02 1.29432820e-02
3.80259507e+02 1.30472873e-02
3.81759545e+02 1.31516430e-02
3.83259582e+02 1.32565320e-02
3.84759620e+02 1.33616115e-02
3.86259657e+02 1.34673568e-02
3.87759695e+02 1.35735601e-02
3.89259732e+02 1.36801355e-02
3.90759770e+02 1.37873743e-02
3.92259807e+02 1.38952191e-02
3.93759845e+02 1.40032584e-02
3.95259882e+02 1.41115351e-02
3.96759920e+02 1.42202634e-02
3.98259957e+02 1.43292795e-02
3.99759995e+02 1.44390104e-02
4.01260033e+02 1.45486659e-02
4.02760070e+02 1.46590254e-02
4.04260108e+02 1.47697361e-02
4.05760145e+02 1.48812726e-02
4.07260183e+02 1.49933135e-02
4.08760220e+02 1.51052723e-02
4.10260258e+02 1.52179916e-02
4.11760295e+02 1.53312878e-02
4.13260333e+02 1.54448844e-02
4.14760370e+02 1.55587460e-02
4.16260408e+02 1.56732634e-02
4.17760445e+02 1.57881703e-02
4.19260483e+02 1.59034448e-02
4.20760520e+02 1.60192599e-02
4.22260558e+02 1.61354837e-02
4.23760595e+02 1.62519246e-02
4.25260633e+02 1.63685090e-02
4.26760670e+02 1.64860325e-02
4.28260708e+02 1.66041614e-02
4.29760745e+02 1.67225578e-02
4.31260783e+02 1.68411412e-02
4.32760820e+02 1.69603375e-02
4.34260858e+02 1.70800916e-02
4.35760895e+02 1.72000643e-02
4.37260933e+02 1.73207894e-02
4.38760970e+02 1.74418572e-02
4.40261008e+02 1.75630848e-02
4.41761045e+02 1.76848987e-02
4.43261083e+02 1.78072646e-02
4.44761120e+02 1.79305426e-02
4.46261158e+02 1.80541669e-02
4.47761195e+02 1.81782515e-02
4.49261233e+02 1.83022491e-02
4.50761270e+02 1.84266071e-02
4.52261308e+02 1.85514929e-02
4.53761345e+02 1.86767204e-02
4.55261383e+02 1.88025364e-02
4.56761420e+02 1.89284929e-02
4.58261458e+02 1.90550775e-02
4.59761495e+02 1.91822074e-02
4.61261533e+02 1.93100139e-02
4.62761570e+02 1.94385590e-02
4.64261608e+02 1.95669553e-02
4.65761645e+02 1.96961148e-02
4.67261683e+02 1.98257453e-02
4.68761720e+02 1.99558347e-02
4.70261758e+02 2.00862460e-02
4.71761795e+02 2.02174042e-02
4.73261833e+02 2.03488697e-02
4.74761870e+02 2.04805581e-02
4.76261908e+02 2.06126721e-02
4.77761945e+02 2.07452663e-02
4.79261983e+02 2.08783221e-02
4.80762020e+02 2.10118577e-02
4.82262058e+02 2.11458925e-02
4.83762095e+02 2.12801156e-02
4.85262133e+02 2.14148489e-02
4.86762170e+02 2.15504671e-02
4.88262208e+02 2.16864740e-02
4.89762245e+02 2.18229418e-02
4.91262283e+02 2.19600515e-02
4.92762320e+02 2.20975515e-02
4.94262358e+02 2.22350438e-02
4.95762395e+02 2.23729287e-02
4.97262433e+02 2.25115197e-02
4.98762470e+02 2.26504192e-02
5.00262508e+02 2.27900341e-02
5.01762545e+02 2.29298723e-02
5.03262583e+02 2.30702856e-02
5.04762620e+02 2.32111408e-02
5.06262658e+02 2.33520390e-02
5.07762695e+02 2.34942372e-02
5.09262733e+02 2.36367204e-02
5.10762770e+02 2.37799043e-02
5.12262808e+02 2.39232540e-02
5.13762845e+02 2.40671341e-02
5.15262883e+02 2.42112086e-02
5.16762920e+02 2.43559784e-02
5.18262958e+02 2.45007708e-02
5.19762995e+02 2.46461742e-02
5.21263033e+02 2.47918153e-02
5.22763070e+02 2.49381590e-02
5.24263108e+02 2.50848551e-02
5.25763145e+02 2.52323286e-02
5.27263183e+02 2.53802062e-02
5.28763220e+02 2.55288354e-02
5.30263258e+02 2.56774282e-02
5.31763295e+02 2.58268796e-02
5.33263333e+02 2.59764771e-02
5.34763370e+02 2.61263329e-02
5.36263408e+02 2.62770558e-02
5.37763445e+02 2.64282187e-02
5.39263483e+02 2.65797074e-02
5.40763520e+02 2.67319870e-02
5.42263558e+02 2.68843153e-02
5.43763595e+02 2.70372394e-02
5.45263633e+02 2.71908482e-02
5.46763670e+02 2.73447023e-02
5.48263708e+02 2.74990547e-02
5.49763745e+02 2.76537204e-02
5.51263783e+02 2.78085225e-02
5.52763820e+02 2.79638935e-02
5.54263858e+02 2.81203205e-02
5.55763895e+02 2.82771700e-02
5.57263933e+02 2.84339982e-02
5.58763970e+02 2.85914691e-02
5.60264008e+02 2.87499320e-02
5.61764046e+02 2.89088325e-02
5.63264083e+02 2.90677023e-02
5.64764121e+02 2.92271246e-02
5.66264158e+02 2.93869692e-02
5.67764196e+02 2.95473972e-02
5.69264233e+02 2.97084120e-02
5.70764271e+02 2.98696651e-02
5.72264308e+02 3.00317662e-02
5.73764346e+02 3.01940063e-02
5.75264383e+02 3.03567361e-02
5.76764421e+02 3.05199678e-02
5.78264458e+02 3.06837374e-02
5.79764496e+02 3.08478933e-02
5.81264533e+02 3.10124034e-02
5.82764571e+02 3.11775031e-02
5.84264608e+02 3.13432090e-02
5.85764646e+02 3.15095862e-02
5.87264683e+02 3.16759527e-02
5.88764721e+02 3.18432194e-02
5.90264758e+02 3.20110252e-02
5.91764796e+02 3.21792767e-02
5.93264833e+02 3.23476810e-02
5.94764871e+02 3.25170712e-02
5.96264908e+02 3.26866617e-02
5.97764946e+02 3.28566359e-02
5.99264983e+02 3.30272904e-02
6.00765021e+02 3.31981634e-02
6.02265058e+02 3.33698935e-02
6.03765096e+02 3.35418586e-02
6.05265133e+02 3.37146265e-02
6.06765171e+02 3.38875430e-02
6.08265208e+02 3.40613313e-02
6.09765246e+02 3.42355724e-02
6.11265283e+02 3.44101945e-02
6.12765321e+02 3.45852601e-02
6.14265358e+02 3.47606102e-02
6.15765396e+02 3.49366762e-02
6.17265433e+02 3.51130366e-02
6.18765471e+02 3.52902775e-02
6.20265508e+02 3.54680926e-02
6.21765546e+02 3.56461472e-02
6.23265583e+02 3.58251330e-02
6.24765621e+02 3.60043719e-02
6.26265658e+02 3.61840944e-02
6.27765696e+02 3.63643696e-02
6.29265733e+02 3.65444770e-02
6.30765771e+02 3.67254448e-02
6.32265808e+02 3.69069825e-02
6.33765846e+02 3.70891016e-02
6.35265883e+02 3.72719067e-02
6.36765921e+02 3.74552394e-02
6.38265958e+02 3.76389109e-02
6.39765996e+02 3.78229962e-02
6.41266033e+02 3.80076313e-02
6.42766071e+02 3.81928047e-02
6.44266108e+02 3.83788752e-02
6.45766146e+02 3.85654770e-02
6.47266183e+02 3.87522577e-02
6.48766221e+02 3.89393908e-02
6.50266258e+02 3.91269737e-02
6.51766296e+02 3.93148876e-02
6.53266333e+02 3.95034387e-02
6.54766371e+02 3.96925259e-02
6.56266408e+02 3.98824943e-02
6.57766446e+02 4.00729298e-02
6.59266483e+02 4.02636305e-02
6.60766521e+02 4.04547571e-02
6.62266558e+02 4.06464923e-02
6.63766596e+02 4.08390310e-02
6.65266633e+02 4.10318230e-02
6.66766671e+02 4.12249293e-02
6.68266708e+02 4.14189303e-02
6.69766746e+02 4.16134196e-02
6.71266783e+02 4.18083714e-02
6.72766821e+02 4.20036315e-02
6.74266858e+02 4.21992548e-02
6.75766896e+02 4.23954862e-02
6.77266933e+02 4.25921662e-02
6.78766971e+02 4.27894534e-02
6.80267008e+02 4.29871173e-02
6.81767046e+02 4.31854321e-02
6.83267083e+02 4.33842288e-02
6.84767121e+02 4.35836334e-02
6.86267158e+02 4.37838856e-02
6.87767196e+02 4.39843152e-02
6.89267233e+02 4.41857540e-02
6.90767271e+02 4.43871196e-02
6.92267308e+02 4.45894522e-02
6.93767346e+02 4.47918882e-02
6.95267383e+02 4.49948837e-02
6.96767421e+02 4.51986891e-02
6.98267458e+02 4.54026117e-02
6.99767496e+02 4.56072796e-02
7.01267533e+02 4.58126957e-02
7.02767571e+02 4.60187179e-02
7.04267608e+02 4.62253831e-02
7.05767646e+02 4.64323335e-02
7.07267683e+02 4.66402649e-02
7.08767721e+02 4.68479312e-02
7.10267758e+02 4.70569792e-02
7.11767796e+02 4.72660163e-02
7.13267833e+02 4.74759934e-02
7.14767871e+02 4.76865090e-02
7.16267908e+02 4.78974276e-02
7.17767946e+02 4.81088870e-02
7.19267983e+02 4.83209489e-02
7.20768021e+02 4.85338582e-02
7.22268059e+02 4.87475151e-02
7.23768096e+02 4.89610181e-02
7.25268134e+02 4.91753814e-02
7.26768171e+02 4.93899679e-02
7.28268209e+02 4.96055317e-02
7.29768246e+02 4.98222554e-02
7.31268284e+02 5.00390040e-02
7.32768321e+02 5.02566033e-02
7.34268359e+02 5.04744381e-02
7.35768396e+02 5.06931423e-02
7.37268434e+02 5.09121665e-02
7.38768471e+02 5.11318334e-02
7.40268509e+02 5.13518522e-02
7.41768546e+02 5.15721055e-02
7.43268584e+02 5.17931195e-02
7.44768621e+02 5.20152100e-02
7.46268659e+02 5.22377059e-02
7.47768696e+02 5.24604757e-02
7.49268734e+02 5.26838613e-02
7.50768771e+02 5.29080817e-02
7.52268809e+02 5.31328157e-02
7.53768846e+02 5.33580308e-02
7.55268884e+02 5.35837521e-02
7.56768921e+02 5.38102015e-02
7.58268959e+02 5.40373199e-02
7.59768996e+02 5.42648470e-02
7.61269034e+02 5.44928443e-02
7.62769071e+02 5.47213944e-02
7.64269109e+02 5.49503737e-02
7.65769146e+02 5.51798352e-02
7.67269184e+02 5.54101158e-02
7.68769221e+02 5.56409625e-02
7.70269259e+02 5.58722801e-02
7.71769296e+02 5.61044700e-02
7.73269334e+02 5.63368045e-02
7.74769371e+02 5.65698232e-02
7.76269409e+02 5.68035684e-02
7.77769446e+02 5.70374779e-02
7.79269484e+02 5.72720958e-02
7.80769521e+02 5.75073298e-02
7.82269559e+02 5.77431142e-02
7.83769596e+02 5.79793786e-02
7.85269634e+02 5.82163708e-02
7.86769671e+02 5.84538974e-02
7.88269709e+02 5.86919573e-02
7.89769746e+02 5.89304130e-02
7.91269784e+02 5.91692755e-02
7.92769821e+02 5.94086081e-02
7.94269859e+02 5.96487078e-02
7.95769896e+02 5.98894151e-02
7.97269934e+02 6.01305189e-02
7.98769971e+02 6.03725729e-02
8.00270009e+02 6.06152262e-02
8.01770046e+02 6.08584775e-02
8.03270084e+02 6.11019987e-02
8.04770121e+02 6.13459193e-02
8.06270159e+02 6.15906785e-02
8.07770196e+02 6.18357293e-02
8.09270234e+02 6.20813686e-02
8.10770271e+02 6.23272768e-02
8.12270309e+02 6.25741394e-02
8.13770346e+02 6.28214329e-02
8.15270384e+02 6.30695665e-02
8.16770421e+02 6.33181464e-02
8.18270459e+02 6.35679804e-02
8.19770496e+02 6.38180223e-02
8.21270534e+02 6.40694122e-02
8.22770571e+02 6.43209394e-02
8.24270609e+02 6.45730383e-02
8.25770646e+02 6.48259036e-02
8.27270684e+02 6.50790384e-02
8.28770721e+02 6.53332591e-02
8.30270759e+02 6.55877712e-02
8.31770796e+02 6.58427453e-02
8.33270834e+02 6.60986483e-02
8.34770871e+02 6.63554767e-02
8.36270909e+02 6.66128664e-02
8.37770946e+02 6.68711086e-02
8.39270984e+02 6.71296296e-02
8.40771021e+02 6.73892758e-02
8.42271059e+02 6.76494613e-02
8.43771096e+02 6.79104532e-02
8.45271134e+02 6.81718498e-02
8.46771171e+02 6.84342461e-02
8.48271209e+02 6.86970007e-02
8.49771246e+02 6.89604170e-02
8.51271284e+02 6.92243716e-02
8.52771321e+02 6.94891239e-02
8.54271359e+02 6.97544357e-02
8.55771396e+02 7.00210444e-02
8.57271434e+02 7.02881448e-02
8.58771471e+02 7.05558900e-02
8.60271509e+02 7.08243354e-02
8.61771546e+02 7.10932333e-02
8.63271584e+02 7.13631165e-02
8.64771621e+02 7.16337707e-02
8.66271659e+02 7.19050730e-02
8.67771696e+02 7.21774298e-02
8.69271734e+02 7.24502067e-02
8.70771771e+02 7.27242627e-02
8.72271809e+02 7.29984896e-02
8.73771846e+02 7.32736090e-02
8.75271884e+02 7.35493686e-02
8.76771921e+02 7.38259251e-02
8.78271959e+02 7.41033892e-02
8.79771996e+02 7.43813471e-02
8.81272034e+02 7.46601158e-02
8.82772072e+02 7.49395712e-02
8.84272109e+02 7.52201578e-02
8.85772147e+02 7.55018284e-02
8.87272184e+02 7.57840754e-02
8.88772222e+02 7.60667202e-02
8.90272259e+02 7.63500569e-02
8.91772297e+02 7.66340078e-02
8.93272334e+02 7.69188523e-02
8.94772372e+02 7.72042430e-02
8.96272409e+02 7.74907888e-02
8.97772447e+02 7.77779619e-02
8.99272484e+02 7.80660219e-02
9.00772522e+02 7.83547948e-02
9.02272559e+02 7.86445433e-02
9.03772597e+02 7.89344001e-02
9.05272634e+02 7.92251724e-02
9.06772672e+02 7.95164678e-02
9.08272709e+02 7.98081949e-02
9.09772747e+02 8.01007763e-02
9.11272784e+02 8.03943338e-02
9.12772822e+02 8.06881961e-02
9.14272859e+02 8.09828712e-02
9.15772897e+02 8.12784683e-02
9.17272934e+02 8.15747539e-02
9.18772972e+02 8.18712542e-02
9.20273009e+02 8.21683100e-02
9.21773047e+02 8.24661717e-02
9.23273084e+02 8.27647134e-02
9.24773122e+02 8.30637043e-02
9.26273159e+02 8.33635461e-02
9.27773197e+02 8.36640220e-02
9.29273234e+02 8.39648666e-02
9.30773272e+02 8.42667733e-02
9.32273309e+02 8.45693028e-02
9.33773347e+02 8.48720211e-02
9.35273384e+02 8.51755240e-02
9.36773422e+02 8.54793262e-02
9.38273459e+02 8.57838885e-02
9.39773497e+02 8.60892604e-02
9.41273534e+02 8.63951922e-02
9.42773572e+02 8.67020405e-02
9.44273609e+02 8.70090811e-02
9.45773647e+02 8.73170837e-02
9.47273684e+02 8.76253221e-02
9.48773722e+02 8.79345708e-02
9.50273759e+02 8.82442020e-02
9.51773797e+02 8.85545391e-02
9.53273834e+02 8.88658715e-02
9.54773872e+02 8.91777021e-02
9.56273909e+02 8.94900414e-02
9.57773947e+02 8.98032916e-02
9.59273984e+02 9.01172687e-02
9.60774022e+02 9.04319412e-02
9.62274059e+02 9.07475771e-02
9.63774097e+02 9.10636770e-02
9.65274134e+02 9.13807139e-02
9.66774172e+02 9.16982909e-02
9.68274209e+02 9.20169081e-02
9.69774247e+02 9.23362517e-02
9.71274284e+02 9.26567624e-02
9.72774322e+02 9.29780676e-02
9.74274359e+02 9.33001480e-02
9.75774397e+02 9.36228715e-02
9.77274434e+02 9.39466555e-02
9.78774472e+02 9.42713168e-02
9.80274509e+02 9.45972701e-02
9.81774547e+02 9.49242037e-02
9.83274584e+02 9.52522831e-02
9.84774622e+02 9.55811320e-02
9.86274659e+02 9.59109784e-02
9.87774697e+02 9.62421714e-02
9.89274734e+02 9.65745104e-02
9.90774772e+02 9.69072407e-02
9.92274809e+02 9.72415710e-02
9.93774847e+02 9.75770636e-02
9.95274884e+02 9.79133340e-02
9.96774922e+02 9.82510739e-02
9.98274959e+02 9.85895627e-02
9.99774997e+02 9.89295658e-02
1.00127503e+03 9.92701887e-02
1.00277507e+03 9.96121789e-02
1.00427511e+03 9.99552512e-02
1.00577515e+03 1.00299716e-01
1.00727518e+03 1.00644913e-01
1.00877522e+03 1.00991264e-01
1.01027526e+03 1.01338509e-01
1.01177530e+03 1.01686987e-01
1.01327533e+03 1.02036440e-01
1.01477537e+03 1.02387453e-01
1.01627541e+03 1.02738831e-01
1.01777545e+03 1.03091770e-01
1.01927548e+03 1.03445201e-01
1.02077552e+03 1.03799927e-01
1.02227556e+03 1.04155263e-01
1.02377560e+03 1.04511903e-01
1.02527563e+03 1.04869472e-01
1.02677567e+03 1.05227965e-01
1.02827571e+03 1.05587218e-01
1.02977575e+03 1.05947886e-01
1.03127578e+03 1.06309080e-01
1.03277582e+03 1.06671140e-01
1.03427586e+03 1.07034130e-01
1.03577590e+03 1.07397856e-01
1.03727593e+03 1.07762338e-01
1.03877597e+03 1.08127628e-01
1.04027601e+03 1.08493846e-01
1.04177605e+03 1.08860661e-01
1.04327608e+03 1.09228508e-01
1.04477612e+03 1.09596807e-01
1.04627616e+03 1.09966106e-01
1.04777620e+03 1.10336099e-01
1.04927623e+03 1.10706908e-01
1.05077627e+03 1.11078480e-01
1.05227631e+03 1.11450833e-01
1.05377635e+03 1.11823694e-01
1.05527638e+03 1.12197568e-01
1.05677642e+03 1.12571950e-01
1.05827646e+03 1.12947408e-01
1.05977650e+03 1.13323945e-01
1.06127653e+03 1.13701010e-01
1.06277657e+03 1.14078958e-01
1.06427661e+03 1.14458065e-01
1.06577665e+03 1.14838013e-01
1.06727668e+03 1.15218920e-01
1.06877672e+03 1.15600939e-01
1.07027676e+03 1.15984095e-01
1.07177680e+03 1.16368188e-01
1.07327683e+03 1.16753463e-01
1.07477687e+03 1.17140014e-01
1.07627691e+03 1.17527711e-01
1.07777695e+03 1.17917112e-01
1.07927698e+03 1.18307731e-01
1.08077702e+03 1.18699823e-01
1.08227706e+03 1.19092782e-01
1.08377710e+03 1.19487290e-01
1.08527713e+03 1.19883537e-01
1.08677717e+03 1.20281076e-01
1.08827721e+03 1.20679840e-01
1.08977725e+03 1.21080494e-01
1.09127728e+03 1.21482571e-01
1.09277732e+03 1.21886712e-01
1.09427736e+03 1.22292358e-01
1.09577740e+03 1.22699571e-01
1.09727743e+03 1.23108324e-01
1.09877747e+03 1.23518564e-01
1.10027751e+03 1.23930225e-01
1.10177755e+03 1.24343814e-01
1.10327758e+03 1.24758965e-01
1.10477762e+03 1.25175572e-01
1.10627766e+03 1.25593901e-01
1.10777770e+03 1.26014422e-01
1.10927773e+03 1.26436042e-01
1.11077777e+03 1.26859337e-01
1.11227781e+03 1.27285095e-01
1.11377785e+03 1.27712197e-01
1.11527788e+03 1.28141052e-01
1.11677792e+03 1.28571210e-01
1.11827796e+03 1.29002947e-01
1.11977800e+03 1.29437136e-01
1.12127803e+03 1.29872732e-01
1.12277807e+03 1.30310238e-01
1.12427811e+03 1.30749419e-01
1.12577815e+03 1.31190174e-01
1.12727818e+03 1.31632883e-01
1.12877822e+03 1.32077597e-01
1.13027826e+03 1.32524131e-01
1.13177830e+03 1.32972487e-01
1.13327833e+03 1.33423118e-01
1.13477837e+03 1.33875065e-01
1.13627841e+03 1.34329001e-01
1.13777845e+03 1.34784692e-01
1.13927848e+03 1.35242330e-01
1.14077852e+03 1.35701771e-01
1.14227856e+03 1.36162910e-01
1.14377860e+03 1.36625726e-01
1.14527863e+03 1.37090358e-01
1.14677867e+03 1.37556921e-01
1.14827871e+03 1.38025280e-01
1.14977875e+03 1.38494913e-01
1.15127878e+03 1.38966233e-01
1.15277882e+03 1.39439407e-01
1.15427886e+03 1.39914046e-01
1.15577890e+03 1.40390321e-01
1.15727893e+03 1.40868312e-01
1.15877897e+03 1.41347866e-01
1.16027901e+03 1.41829166e-01
1.16177905e+03 1.42312478e-01
1.16327908e+03 1.42797224e-01
1.16477912e+03 1.43283751e-01
1.16627916e+03 1.43771938e-01
1.16777920e+03 1.44261994e-01
1.16927923e+03 1.44753635e-01
1.17077927e+03 1.45247255e-01
1.17227931e+03 1.45742837e-01
1.17377935e+03 1.46239789e-01
1.17527938e+03 1.46739057e-01
1.17677942e+03 1.47240018e-01
1.17827946e+03 1.47742793e-01
1.17977950e+03 1.48247551e-01
1.18127953e+03 1.48754056e-01
1.18277957e+03 1.49262658e-01
1.18427961e+03 1.49773289e-01
1.18577965e+03 1.50285884e-01
1.18727968e+03 1.50800349e-01
1.18877972e+03 1.51316893e-01
1.19027976e+03 1.51835518e-01
1.19177980e+03 1.52356264e-01
1.19327983e+03 1.52878916e-01
1.19477987e+03 1.53403511e-01
1.19627991e+03 1.53930318e-01
1.19777995e+03 1.54458988e-01
1.19927998e+03 1.54989712e-01
1.20078002e+03 1.55522083e-01
1.20228006e+03 1.56056379e-01
1.20378010e+03 1.56592805e-01
1.20528014e+03 1.57131295e-01
1.20678017e+03 1.57671719e-01
1.20828021e+03 1.58213812e-01
1.20978025e+03 1.58757659e-01
1.21128029e+03 1.59303699e-01
1.21278032e+03 1.59851337e-01
1.21428036e+03 1.60400751e-01
1.21578040e+03 1.60952031e-01
1.21728044e+03 1.61504530e-01
1.21878047e+03 1.62058751e-01
1.22028051e+03 1.62614697e-01
1.22178055e+03 1.63172010e-01
1.22328059e+03 1.63730810e-01
1.22478062e+03 1.64291058e-01
1.22628066e+03 1.64852816e-01
1.22778070e+03 1.65415706e-01
1.22928074e+03 1.65980041e-01
1.23078077e+03 1.66545769e-01
1.23228081e+03 1.67112450e-01
1.23378085e+03 1.67680306e-01
1.23528089e+03 1.68248980e-01
1.23678092e+03 1.68818539e-01
1.23828096e+03 1.69388705e-01
1.23978100e+03 1.69959506e-01
1.24128104e+03 1.70531013e-01
1.24278107e+03 1.71103230e-01
1.24428111e+03 1.71675798e-01
1.24578115e+03 1.72248635e-01
1.24728119e+03 1.72821847e-01
1.24878122e+03 1.73395292e-01
1.25028126e+03 1.73968645e-01
1.25178130e+03 1.74541792e-01
1.25328134e+03 1.75114976e-01
1.25478137e+03 1.75687848e-01
1.25628141e+03 1.76260154e-01
1.25778145e+03 1.76832039e-01
1.25928149e+03 1.77403109e-01
1.26078152e+03 1.77973385e-01
1.26228156e+03 1.78542648e-01
1.26378160e+03 1.79110636e-01
1.26528164e+03 1.79677231e-01
1.26678167e+03 1.80242777e-01
1.26828171e+03 1.80806707e-01
1.26978175e+03 1.81368545e-01
1.27128179e+03 1.81928808e-01
1.27278182e+03 1.82487223e-01
1.27428186e+03 1.83042931e-01
1.27578190e+03 1.83596315e-01
1.27728194e+03 1.84147022e-01
1.27878197e+03 1.84695104e-01
1.28028201e+03 1.85240550e-01
1.28178205e+03 1.85782744e-01
1.28328209e+03 1.86321688e-01
1.28478212e+03 1.86856991e-01
1.28628216e+03 1.87388710e-01
1.28778220e+03 1.87916538e-01
1.28928224e+03 1.88440335e-01
1.29078227e+03 1.88959880e-01
1.29228231e+03 1.89475035e-01
1.29378235e+03 1.89985369e-01
1.29528239e+03 1.90491011e-01
1.29678242e+03 1.90991653e-01
1.29828246e+03 1.91487119e-01
1.29978250e+03 1.91976877e-01
1.30128254e+03 1.92461065e-01
1.30278257e+03 1.92939602e-01
1.30428261e+03 1.93412343e-01
1.30578265e+03 1.93878903e-01
1.30728269e+03 1.94338872e-01
1.30878272e+03 1.94792593e-01
1.31028276e+03 1.95239555e-01
1.31178280e+03 1.95679423e-01
1.31328284e+03 1.96112508e-01
1.31478287e+03 1.96538530e-01
1.31628291e+03 1.96957353e-01
1.31778295e+03 1.97368603e-01
1.31928299e+03 1.97772252e-01
1.32078302e+03 1.98168306e-01
1.32228306e+03 1.98556719e-01
1.32378310e+03 1.98937254e-01
1.32528314e+03 1.99309605e-01
1.32678317e+03 1.99674167e-01
1.32828321e+03 2.00031177e-01
1.32978325e+03 2.00379810e-01
1.33128329e+03 2.00720512e-01
1.33278332e+03 2.01053084e-01
1.33428336e+03 2.01377776e-01
1.33578340e+03 2.01694917e-01
1.33728344e+03 2.02004204e-01
1.33878347e+03 2.02306230e-01
1.34028351e+03 2.02600534e-01
1.34178355e+03 2.02887553e-01
1.34328359e+03 2.03167556e-01
1.34478362e+03 2.03440458e-01
1.34628366e+03 2.03707076e-01
1.34778370e+03 2.03967661e-01
1.34928374e+03 2.04222484e-01
1.35078377e+03 2.04472098e-01
1.35228381e+03 2.04716715e-01
1.35378385e+03 2.04957223e-01
1.35528389e+03 2.05193926e-01
1.35678392e+03 2.05427495e-01
1.35828396e+03 2.05658567e-01
1.35978400e+03 2.05888026e-01
1.36128404e+03 2.06116512e-01
1.36278407e+03 2.06345122e-01
1.36428411e+03 2.06574414e-01
1.36578415e+03 2.06805580e-01
1.36728419e+03 2.07039855e-01
1.36878422e+03 2.07278435e-01
1.37028426e+03 2.07522360e-01
1.37178430e+03 2.07773048e-01
1.37328434e+03 2.08031846e-01
1.37478437e+03 2.08300324e-01
1.37628441e+03 2.08579713e-01
1.37778445e+03 2.08872002e-01
1.37928449e+03 2.09178915e-01
1.38078452e+03 2.09502242e-01
1.38228456e+03 2.09844282e-01
1.38378460e+03 2.10206698e-01
1.38528464e+03 2.10591861e-01
1.38678467e+03 2.11001815e-01
1.38828471e+03 2.11438855e-01
1.38978475e+03 2.11905575e-01
1.39128479e+03 2.12404957e-01
1.39278482e+03 2.12939213e-01
1.39428486e+03 2.13511364e-01
1.39578490e+03 2.14124314e-01
1.39728494e+03 2.14780917e-01
1.39878497e+03 2.15484768e-01
1.40028501e+03 2.16238447e-01
1.40178505e+03 2.17045756e-01
1.40328509e+03 2.17910082e-01
1.40478512e+03 2.18835369e-01
1.40628516e+03 2.19824967e-01
1.40778520e+03 2.20882453e-01
1.40928524e+03 2.22011800e-01
1.41078527e+03 2.23217387e-01
1.41228531e+03 2.24502951e-01
1.41378535e+03 2.25872336e-01
1.41528539e+03 2.27330336e-01
1.41678542e+03 2.28880702e-01
1.41828546e+03 2.30528242e-01
1.41978550e+03 2.32276927e-01
1.42128554e+03 2.34131556e-01
1.42278557e+03 2.36096252e-01
1.42428561e+03 2.38175933e-01
1.42578565e+03 2.40374988e-01
1.42728569e+03 2.42697648e-01
1.42878572e+03 2.45148613e-01
1.43028576e+03 2.47732293e-01
1.43178580e+03 2.50453397e-01
1.43328584e+03 2.53316078e-01
1.43478587e+03 2.56324807e-01
1.43628591e+03 2.59483780e-01
1.43778595e+03 2.62797628e-01
1.43928599e+03 2.66270414e-01
1.44078602e+03 2.69906194e-01
1.44228606e+03 2.73709126e-01
1.44378610e+03 2.77683247e-01
1.44528614e+03 2.81832704e-01
1.44678617e+03 2.86161394e-01
1.44828621e+03 2.90673048e-01
1.44978625e+03 2.95371880e-01
1.45128629e+03 3.00261328e-01
1.45278632e+03 3.05345647e-01
1.45428636e+03 3.10628722e-01
1.45578640e+03 3.16114395e-01
1.45728644e+03 3.21806414e-01
1.45878647e+03 3.27709027e-01
1.46028651e+03 3.33825822e-01
1.46178655e+03 3.40160995e-01
1.46328659e+03 3.46718347e-01
1.46478662e+03 3.53501594e-01
1.46628666e+03 3.60514755e-01
1.46778670e+03 3.67761181e-01
1.46928674e+03 3.75244562e-01
1.47078677e+03 3.82967999e-01
1.47228681e+03 3.90934710e-01
1.47378685e+03 3.99147110e-01
1.47528689e+03 4.07607718e-01
1.47678692e+03 4.16318621e-01
1.47828696e+03 4.25281288e-01
1.47978700e+03 4.34497172e-01
1.48128704e+03 4.43966993e-01
1.48278707e+03 4.53691162e-01
1.48428711e+03 4.63670021e-01
1.48578715e+03 4.73903278e-01
1.48728719e+03 4.84390859e-01
1.48878722e+03 4.95131722e-01
1.49028726e+03 5.06125093e-01
1.49178730e+03 5.17370474e-01
1.49328734e+03 5.28866576e-01
1.49478737e+03 5.40612217e-01
1.49628741e+03 5.52606344e-01
1.49778745e+03 5.64848274e-01
1.49928749e+03 5.77336603e-01
1.50078752e+03 5.90070613e-01
1.50228756e+03 6.03049304e-01
1.50378760e+03 6.16271549e-01
1.50528764e+03 6.29736642e-01
1.50678767e+03 6.43443366e-01
1.50828771e+03 6.57390671e-01
1.50978775e+03 6.71577747e-01
1.51128779e+03 6.86002770e-01
1.51278782e+03 7.00664534e-01
1.51428786e+03 7.15561915e-01
1.51578790e+03 7.30692606e-01
1.51728794e+03 7.46055323e-01
1.51878797e+03 7.61647891e-01
1.52028801e+03 7.77468241e-01
1.52178805e+03 7.93514167e-01
1.52328809e+03 8.09783417e-01
1.52478812e+03 8.26273314e-01
1.52628816e+03 8.42981732e-01
1.52778820e+03 8.59905728e-01
1.52928824e+03 8.77042725e-01
1.53078827e+03 8.94390261e-01
1.53228831e+03 9.11945104e-01
1.53378835e+03 9.29705026e-01
1.53528839e+03 9.47667024e-01
1.53678842e+03 9.65828757e-01
1.53828846e+03 9.84186998e-01
1.53978850e+03 1.00273943e+00
1.54128854e+03 1.02148281e+00
1.54278857e+03 1.04041504e+00
1.54428861e+03 1.05953309e+00
1.54578865e+03 1.07883469e+00
1.54728869e+03 1.09831730e+00
1.54878872e+03 1.11797819e+00
1.55028876e+03 1.13781519e+00
1.55178880e+03 1.15782560e+00
1.55328884e+03 1.17800736e+00
1.55478887e+03 1.19835807e+00
1.55628891e+03 1.21887554e+00
1.55778895e+03 1.23955756e+00
1.55928899e+03 1.26040258e+00
1.56078902e+03 1.28140788e+00
1.56228906e+03 1.30257221e+00
1.56378910e+03 1.32389326e+00
1.56528914e+03 1.34536920e+00
1.56678917e+03 1.36699862e+00
1.56828921e+03 1.38877974e+00
1.56978925e+03 1.41071094e+00
1.57128929e+03 1.43279068e+00
1.57278932e+03 1.45501750e+00
1.57428936e+03 1.47738981e+00
1.57578940e+03 1.49990649e+00
1.57728944e+03 1.52256543e+00
1.57878947e+03 1.54536611e+00
1.58028951e+03 1.56830642e+00
1.58178955e+03 1.59138568e+00
1.58328959e+03 1.61460155e+00
1.58478962e+03 1.63795343e+00
1.58628966e+03 1.66143918e+00
1.58778970e+03 1.68505766e+00
1.58928974e+03 1.70880736e+00
1.59078977e+03 1.73268628e+00
1.59228981e+03 1.75669304e+00
1.59378985e+03 1.78082556e+00
1.59528989e+03 1.80508248e+00
1.59678992e+03 1.82946149e+00
1.59828996e+03 1.85396091e+00
1.59979000e+03 1.87857885e+00
1.60129004e+03 1.90331285e+00
1.60279007e+03 1.92816101e+00
1.60429011e+03 1.95312146e+00
1.60579015e+03 1.97819201e+00
1.60729019e+03 2.00337022e+00
1.60879022e+03 2.02865399e+00
1.61029026e+03 2.05404181e+00
1.61179030e+03 2.07953081e+00
1.61329034e+03 2.10511981e+00
1.61479037e+03 2.13080638e+00
1.61629041e+03 2.15658917e+00
1.61779045e+03 2.18246669e+00
1.61929049e+03 2.20843726e+00
1.62079052e+03 2.23450004e+00
1.62229056e+03 2.26065363e+00
1.62379060e+03 2.28689728e+00
1.62529064e+03 2.31322969e+00
1.62679067e+03 2.33965078e+00
1.62829071e+03 2.36615910e+00
1.62979075e+03 2.39275440e+00
1.63129079e+03 2.41943573e+00
1.63279082e+03 2.44620232e+00
1.63429086e+03 2.47305288e+00
1.63579090e+03 2.49998629e+00
1.63729094e+03 2.52700135e+00
1.63879097e+03 2.55409625e+00
1.64029101e+03 2.58126985e+00
1.64179105e+03 2.60851975e+00
1.64329109e+03 2.63584471e+00
1.64479112e+03 2.66324243e+00
1.64629116e+03 2.69071146e+00
1.64779120e+03 2.71824997e+00
1.64929124e+03 2.74585630e+00
1.65079127e+03 2.77352878e+00
1.65229131e+03 2.80126639e+00
1.65379135e+03 2.82906771e+00
1.65529139e+03 2.85693181e+00
1.65679142e+03 2.88485772e+00
1.65829146e+03 2.91284468e+00
1.65979150e+03 2.94089223e+00
1.66129154e+03 2.96899961e+00
1.66279157e+03 2.99716619e+00
1.66429161e+03 3.02539149e+00
1.66579165e+03 3.05367522e+00
1.66729169e+03 3.08201662e+00
1.66879172e+03 3.11041495e+00
1.67029176e+03 3.13886968e+00
1.67179180e+03 3.16738017e+00
1.67329184e+03 3.19594538e+00
1.67479187e+03 3.22456510e+00
1.67629191e+03 3.25323791e+00
1.67779195e+03 3.28196307e+00
1.67929199e+03 3.31073959e+00
1.68079202e+03 3.33956659e+00
1.68229206e+03 3.36844272e+00
1.68379210e+03 3.39736695e+00
1.68529214e+03 3.42633821e+00
1.68679217e+03 3.45535489e+00
1.68829221e+03 3.48441601e+00
1.68979225e+03 3.51351986e+00
1.69129229e+03 3.54266547e+00
1.69279232e+03 3.57185068e+00
1.69429236e+03 3.60107473e+00
1.69579240e+03 3.63033556e+00
1.69729244e+03 3.65963171e+00
1.69879247e+03 3.68896174e+00
1.70029251e+03 3.71832408e+00
1.70179255e+03 3.74771691e+00
1.70329259e+03 3.77713863e+00
1.70479262e+03 3.80658794e+00
1.70629266e+03 3.83606308e+00
1.70779270e+03 3.86556262e+00
1.70929274e+03 3.89508466e+00
1.71079277e+03 3.92462772e+00
1.71229281e+03 3.95419023e+00
1.71379285e+03 3.98377087e+00
1.71529289e+03 4.01336766e+00
1.71679292e+03 4.04297915e+00
1.71829296e+03 4.07260364e+00
1.71979300e+03 4.10223937e+00
1.72129304e+03 4.13188476e+00
1.72279307e+03 4.16153805e+00
1.72429311e+03 4.19119775e+00
1.72579315e+03 4.22086183e+00
1.72729319e+03 4.25052886e+00
1.72879322e+03 4.28019686e+00
1.73029326e+03 4.30986437e+00
1.73179330e+03 4.33952999e+00
1.73329334e+03 4.36919160e+00
1.73479337e+03 4.39884781e+00
1.73629341e+03 4.42849693e+00
1.73779345e+03 4.45813749e+00
1.73929349e+03 4.48776784e+00
1.74079352e+03 4.51738667e+00
1.74229356e+03 4.54699220e+00
1.74379360e+03 4.57658345e+00
1.74529364e+03 4.60615854e+00
1.74679367e+03 4.63571636e+00
1.74829371e+03 4.66525554e+00
1.74979375e+03 4.69477491e+00
1.75129379e+03 4.72427281e+00
1.75279382e+03 4.75374807e+00
1.75429386e+03 4.78319943e+00
1.75579390e+03 4.81262531e+00
1.75729394e+03 4.84202479e+00
1.75879397e+03 4.87139639e+00
1.76029401e+03 4.90073829e+00
1.76179405e+03 4.93004973e+00
1.76329409e+03 4.95932875e+00
1.76479412e+03 4.98857423e+00
1.76629416e+03 5.01778473e+00
1.76779420e+03 5.04695877e+00
1.76929424e+03 5.07609479e+00
1.77079427e+03 5.10519141e+00
1.77229431e+03 5.13424667e+00
1.77379435e+03 5.16325949e+00
1.77529439e+03 5.19222817e+00
1.77679442e+03 5.22115098e+00
1.77829446e+03 5.25002649e+00
1.77979450e+03 5.27885317e+00
1.78129454e+03 5.30762936e+00
1.78279457e+03 5.33635347e+00
1.78429461e+03 5.36502396e+00
1.78579465e+03 5.39363903e+00
1.78729469e+03 5.42219752e+00
1.78879472e+03 5.45069720e+00
1.79029476e+03 5.47913666e+00
1.79179480e+03 5.50751418e+00
1.79329484e+03 5.53582783e+00
1.79479487e+03 5.56407625e+00
1.79629491e+03 5.59225715e+00
1.79779495e+03 5.62036901e+00
1.79929499e+03 5.64840941e+00
1.80079502e+03 5.67637675e+00
1.80229506e+03 5.70426889e+00
1.80379510e+03 5.73208370e+00
1.80529514e+03 5.75981893e+00
1.80679517e+03 5.78747218e+00
1.80829521e+03 5.81504131e+00
1.80979525e+03 5.84252371e+00
1.81129529e+03 5.86991730e+00
1.81279532e+03 5.89721946e+00
1.81429536e+03 5.92442734e+00
1.81579540e+03 5.95153842e+00
1.81729544e+03 5.97855012e+00
1.81879547e+03 6.00545967e+00
1.82029551e+03 6.03226433e+00
1.82179555e+03 6.05896105e+00
1.82329559e+03 6.08554735e+00
1.82479562e+03 6.11201974e+00
1.82629566e+03 6.13837595e+00
1.82779570e+03 6.16461253e+00
1.82929574e+03 6.19072670e+00
1.83079577e+03 6.21671508e+00
1.83229581e+03 6.24257522e+00
1.83379585e+03 6.26830347e+00
1.83529589e+03 6.29389707e+00
1.83679592e+03 6.31935249e+00
1.83829596e+03 6.34466687e+00
1.83979600e+03 6.36983693e+00
1.84129604e+03 6.39485961e+00
1.84279607e+03 6.41973168e+00
1.84429611e+03 6.44444972e+00
1.84579615e+03 6.46901065e+00
1.84729619e+03 6.49341120e+00
1.84879622e+03 6.51764845e+00
1.85029626e+03 6.54171876e+00
1.85179630e+03 6.56561925e+00
1.85329634e+03 6.58934659e+00
1.85479637e+03 6.61289725e+00
1.85629641e+03 6.63626848e+00
1.85779645e+03 6.65945671e+00
1.85929649e+03 6.68245883e+00
1.86079652e+03 6.70527151e+00
1.86229656e+03 6.72789155e+00
1.86379660e+03 6.75031556e+00
1.86529664e+03 6.77254049e+00
1.86679667e+03 6.79456249e+00
1.86829671e+03 6.81637847e+00
1.86979675e+03 6.83798468e+00
1.87129679e+03 6.85937831e+00
1.87279682e+03 6.88055558e+00
1.87429686e+03 6.90151294e+00
1.87579690e+03 6.92224723e+00
1.87729694e+03 6.94275506e+00
1.87879697e+03 6.96303333e+00
1.88029701e+03 6.98307882e+00
1.88179705e+03 7.00288905e+00
1.88329709e+03 7.02246129e+00
1.88479712e+03 7.04179273e+00
1.88629716e+03 7.06088103e+00
1.88779720e+03 7.07972437e+00
1.88929724e+03 7.09832002e+00
1.89079727e+03 7.11666604e+00
1.89229731e+03 7.13475952e+00
1.89379735e+03 7.15259813e+00
1.89529739e+03 7.17017866e+00
1.89679742e+03 7.18749804e+00
1.89829746e+03 7.20455243e+00
1.89979750e+03 7.22133828e+00
1.90129754e+03 7.23785170e+00
1.90279757e+03 7.25408869e+00
1.90429761e+03 7.27004573e+00
1.90579765e+03 7.28571951e+00
1.90729769e+03 7.30110661e+00
1.90879772e+03 7.31620447e+00
1.91029776e+03 7.33101102e+00
1.91179780e+03 7.34552417e+00
1.91329784e+03 7.35974204e+00
1.91479787e+03 7.37366360e+00
1.91629791e+03 7.38728734e+00
1.91779795e+03 7.40061249e+00
1.91929799e+03 7.41363792e+00
1.92079802e+03 7.42636303e+00
1.92229806e+03 7.43878747e+00
1.92379810e+03 7.45091073e+00
1.92529814e+03 7.46273277e+00
1.92679817e+03 7.47425393e+00
1.92829821e+03 7.48547433e+00
1.92979825e+03 7.49639468e+00
1.93129829e+03 7.50701586e+00
1.93279832e+03 7.51733880e+00
1.93429836e+03 7.52736422e+00
1.93579840e+03 7.53709365e+00
1.93729844e+03 7.54652847e+00
1.93879847e+03 7.55567034e+00
1.94029851e+03 7.56452051e+00
1.94179855e+03 7.57308111e+00
1.94329859e+03 7.58135376e+00
1.94479862e+03 7.58934053e+00
1.94629866e+03 7.59704372e+00
1.94779870e+03 7.60446524e+00
1.94929874e+03 7.61160744e+00
1.95079877e+03 7.61847287e+00
1.95229881e+03 7.62506451e+00
1.95379885e+03 7.63138491e+00
1.95529889e+03 7.63743786e+00
1.95679892e+03 7.64322704e+00
1.95829896e+03 7.64875656e+00
1.95979900e+03 7.65403102e+00
1.96129904e+03 7.65905550e+00
1.96279907e+03 7.66383504e+00
1.96429911e+03 7.66837515e+00
1.96579915e+03 7.67268144e+00
1.96729919e+03 7.67675997e+00
1.96879922e+03 7.68061655e+00
1.97029926e+03 7.68425691e+00
1.97179930e+03 7.68768709e+00
1.97329934e+03 7.69091345e+00
1.97479937e+03 7.69394173e+00
1.97629941e+03 7.69677770e+00
1.97779945e+03 7.69942705e+00
1.97929949e+03 7.70189564e+00
1.98079952e+03 7.70418860e+00
1.98229956e+03 7.70631166e+00
1.98379960e+03 7.70826990e+00
1.98529964e+03 7.71006887e+00
1.98679967e+03 7.71171372e+00
1.98829971e+03 7.71320996e+00
1.98979975e+03 7.71456321e+00
1.99129979e+03 7.71577922e+00
1.99279982e+03 7.71686352e+00
1.99429986e+03 7.71782287e+00
1.99579990e+03 7.71866333e+00
1.99729994e+03 7.71939205e+00
1.99879997e+03 7.72001572e+00
2.00030001e+03 7.72054245e+00
2.00180005e+03 7.72097982e+00
2.00330009e+03 7.72133489e+00
2.00480013e+03 7.72161519e+00
2.00630016e+03 7.72182758e+00
2.00780020e+03 7.72197812e+00
2.00930024e+03 7.72207166e+00
2.01080028e+03 7.72211178e+00
2.01230031e+03 7.72210195e+00
2.01380035e+03 7.72204421e+00
2.01530039e+03 7.72194043e+00
2.01680043e+03 7.72179241e+00
2.01830046e+03 7.72160249e+00
2.01980050e+03 7.72137285e+00
2.02130054e+03 7.72110727e+00
2.02280058e+03 7.72081028e+00
2.02430061e+03 7.72048622e+00
2.02580065e+03 7.72014017e+00
2.02730069e+03 7.71977695e+00
2.02880073e+03 7.71940041e+00
2.03030076e+03 7.71901442e+00
2.03180080e+03 7.71862187e+00
2.03330084e+03 7.71822491e+00
2.03480088e+03 7.71782548e+00
2.03630091e+03 7.71742429e+00
2.03780095e+03 7.71702349e+00
2.03930099e+03 7.71662511e+00
2.04080103e+03 7.71623100e+00
2.04230106e+03 7.71584376e+00
2.04380110e+03 7.71546558e+00
2.04530114e+03 7.71509957e+00
2.04680118e+03 7.71474782e+00
2.04830121e+03 7.71441204e+00
2.04980125e+03 7.71409411e+00
2.05130129e+03 7.71379506e+00
2.05280133e+03 7.71351628e+00
2.05430136e+03 7.71325845e+00
2.05580140e+03 7.71302318e+00
2.05730144e+03 7.71281189e+00
2.05880148e+03 7.71262626e+00
2.06030151e+03 7.71246790e+00
2.06180155e+03 7.71233770e+00
2.06330159e+03 7.71223738e+00
2.06480163e+03 7.71216700e+00
2.06630166e+03 7.71212629e+00
2.06780170e+03 7.71211393e+00
2.06930174e+03 7.71212876e+00
2.07080178e+03 7.71216844e+00
2.07230181e+03 7.71223141e+00
2.07380185e+03 7.71231633e+00
2.07530189e+03 7.71242240e+00
2.07680193e+03 7.71254892e+00
2.07830196e+03 7.71269692e+00
2.07980200e+03 7.71286652e+00
2.08130204e+03 7.71305940e+00
2.08280208e+03 7.71327623e+00
2.08430211e+03 7.71351839e+00
2.08580215e+03 7.71378638e+00
2.08730219e+03 7.71408088e+00
2.08880223e+03 7.71440288e+00
2.09030226e+03 7.71475196e+00
2.09180230e+03 7.71512852e+00
2.09330234e+03 7.71553246e+00
2.09480238e+03 7.71596386e+00
2.09630241e+03 7.71642281e+00
2.09780245e+03 7.71690907e+00
2.09930249e+03 7.71742152e+00
2.10080253e+03 7.71795900e+00
2.10230256e+03 7.71852028e+00
2.10380260e+03 7.71910366e+00
2.10530264e+03 7.71970751e+00
2.10680268e+03 7.72032986e+00
2.10830271e+03 7.72096893e+00
2.10980275e+03 7.72162413e+00
2.11130279e+03 7.72229477e+00
2.11280283e+03 7.72298106e+00
2.11430286e+03 7.72368282e+00
2.11580290e+03 7.72440062e+00
2.11730294e+03 7.72513466e+00
2.11880298e+03 7.72588495e+00
2.12030301e+03 7.72665168e+00
2.12180305e+03 7.72743454e+00
2.12330309e+03 7.72823223e+00
2.12480313e+03 7.72904497e+00
2.12630316e+03 7.72987168e+00
2.12780320e+03 7.73071261e+00
2.12930324e+03 7.73156681e+00
2.13080328e+03 7.73243394e+00
2.13230331e+03 7.73331382e+00
2.13380335e+03 7.73420614e+00
2.13530339e+03 7.73511080e+00
2.13680343e+03 7.73602731e+00
2.13830346e+03 7.73695549e+00
2.13980350e+03 7.73789494e+00
2.14130354e+03 7.73884489e+00
2.14280358e+03 7.73980468e+00
2.14430361e+03 7.74077381e+00
2.14580365e+03 7.74175144e+00
2.14730369e+03 7.74273741e+00
2.14880373e+03 7.74373068e+00
2.15030376e+03 7.74473049e+00
2.15180380e+03 7.74573650e+00
2.15330384e+03 7.74674803e+00
2.15480388e+03 7.74776458e+00
2.15630391e+03 7.74878585e+00
2.15780395e+03 7.74981133e+00
2.15930399e+03 7.75084113e+00
2.16080403e+03 7.75187584e+00
2.16230406e+03 7.75291417e+00
2.16380410e+03 7.75395696e+00
2.16530414e+03 7.75500347e+00
2.16680418e+03 7.75605357e+00
2.16830421e+03 7.75710697e+00
2.16980425e+03 7.75816368e+00
2.17130429e+03 7.75922346e+00
2.17280433e+03 7.76028640e+00
2.17430436e+03 7.76135206e+00
2.17580440e+03 7.76242002e+00
2.17730444e+03 7.76349084e+00
2.17880448e+03 7.76456376e+00
2.18030451e+03 7.76563871e+00
2.18180455e+03 7.76671513e+00
2.18330459e+03 7.76779184e+00
2.18480463e+03 7.76886830e+00
2.18630466e+03 7.76994320e+00
2.18780470e+03 7.77101461e+00
2.18930474e+03 7.77208072e+00
2.19080478e+03 7.77313909e+00
2.19230481e+03 7.77418871e+00
2.19380485e+03 7.77522740e+00
2.19530489e+03 7.77625468e+00
2.19680493e+03 7.77727050e+00
2.19830496e+03 7.77827672e+00
2.19980500e+03 7.77927614e+00
2.20130504e+03 7.78027355e+00
2.20280508e+03 7.78127467e+00
2.20430511e+03 7.78228550e+00
2.20580515e+03 7.78331259e+00
2.20730519e+03 7.78436023e+00
2.20880523e+03 7.78543086e+00
2.21030526e+03 7.78652408e+00
2.21180530e+03 7.78763649e+00
2.21330534e+03 7.78876140e+00
2.21480538e+03 7.78989034e+00
2.21630541e+03 7.79101328e+00
2.21780545e+03 7.79212119e+00
2.21930549e+03 7.79320679e+00
2.22080553e+03 7.79426613e+00
2.22230556e+03 7.79529876e+00
2.22380560e+03 7.79630875e+00
2.22530564e+03 7.79730276e+00
2.22680568e+03 7.79829010e+00
2.22830571e+03 7.79927953e+00
2.22980575e+03 7.80027922e+00
2.23130579e+03 7.80129398e+00
2.23280583e+03 7.80232485e+00
2.23430586e+03 7.80336913e+00
2.23580590e+03 7.80442126e+00
2.23730594e+03 7.80547346e+00
2.23880598e+03 7.80651829e+00
2.24030601e+03 7.80754943e+00
2.24180605e+03 7.80856264e+00
2.24330609e+03 7.80955781e+00
2.24480613e+03 7.81053814e+00
2.24630616e+03 7.81150837e+00
2.24780620e+03 7.81247568e+00
2.24930624e+03 7.81344611e+00
2.25080628e+03 7.81442506e+00
2.25230631e+03 7.81541506e+00
2.25380635e+03 7.81641517e+00
2.25530639e+03 7.81742314e+00
2.25680643e+03 7.81843393e+00
2.25830646e+03 7.81944265e+00
2.25980650e+03 7.82044574e+00
2.26130654e+03 7.82144097e+00
2.26280658e+03 7.82242942e+00
2.26430661e+03 7.82341482e+00
2.26580665e+03 7.82440265e+00
2.26730669e+03 7.82539927e+00
2.26880673e+03 7.82641042e+00
2.27030676e+03 7.82743915e+00
2.27180680e+03 7.82848631e+00
2.27330684e+03 7.82954846e+00
2.27480688e+03 7.83061873e+00
2.27630691e+03 7.83168863e+00
2.27780695e+03 7.83274717e+00
2.27930699e+03 7.83378478e+00
2.28080703e+03 7.83479296e+00
2.28230706e+03 7.83576671e+00
2.28380710e+03 7.83670473e+00
2.28530714e+03 7.83760957e+00
2.28680718e+03 7.83848719e+00
2.28830721e+03 7.83934603e+00
2.28980725e+03 7.84019502e+00
2.29130729e+03 7.84104444e+00
2.29280733e+03 7.84190363e+00
2.29430736e+03 7.84277981e+00
2.29580740e+03 7.84367958e+00
2.29730744e+03 7.84460704e+00
2.29880748e+03 7.84556371e+00
2.30030751e+03 7.84654819e+00
2.30180755e+03 7.84755720e+00
2.30330759e+03 7.84858504e+00
2.30480763e+03 7.84962326e+00
2.30630766e+03 7.85066226e+00
2.30780770e+03 7.85169149e+00
2.30930774e+03 7.85270143e+00
2.31080778e+03 7.85368459e+00
2.31230781e+03 7.85463652e+00
2.31380785e+03 7.85555756e+00
2.31530789e+03 7.85645288e+00
2.31680793e+03 7.85733121e+00
2.31830796e+03 7.85820360e+00
2.31980800e+03 7.85908264e+00
2.32130804e+03 7.85997894e+00
2.32280808e+03 7.86089986e+00
2.32430811e+03 7.86184750e+00
2.32580815e+03 7.86281969e+00
2.32730819e+03 7.86380792e+00
2.32880823e+03 7.86480234e+00
2.33030826e+03 7.86579047e+00
2.33180830e+03 7.86676265e+00
2.33330834e+03 7.86771295e+00
2.33480838e+03 7.86864119e+00
2.33630841e+03 7.86955162e+00
2.33780845e+03 7.87045384e+00
2.33930849e+03 7.87135879e+00
2.34080853e+03 7.87227675e+00
2.34230856e+03 7.87321494e+00
2.34380860e+03 7.87417595e+00
2.34530864e+03 7.87515663e+00
2.34680868e+03 7.87614854e+00
2.34830871e+03 7.87714131e+00
2.34980875e+03 7.87812372e+00
2.35130879e+03 7.87908683e+00
2.35280883e+03 7.88002697e+00
2.35430886e+03 7.88094551e+00
2.35580890e+03 7.88184883e+00
2.35730894e+03 7.88274803e+00
2.35880898e+03 7.88365466e+00
2.36030901e+03 7.88457946e+00
2.36180905e+03 7.88553030e+00
2.36330909e+03 7.88650880e+00
2.36480913e+03 7.88751306e+00
2.36630916e+03 7.88853588e+00
2.36780920e+03 7.88956746e+00
2.36930924e+03 7.89059613e+00
2.37080928e+03 7.89161124e+00
2.37230931e+03 7.89260531e+00
2.37380935e+03 7.89357442e+00
2.37530939e+03 7.89451879e+00
2.37680943e+03 7.89544249e+00
2.37830946e+03 7.89635288e+00
2.37980950e+03 7.89725781e+00
2.38130954e+03 7.89816509e+00
2.38280958e+03 7.89907942e+00
2.38430961e+03 7.90000256e+00
2.38580965e+03 7.90093206e+00
2.38730969e+03 7.90186404e+00
2.38880973e+03 7.90279341e+00
2.39030976e+03 7.90371621e+00
2.39180980e+03 7.90463189e+00
2.39330984e+03 7.90554435e+00
2.39480988e+03 7.90645972e+00
2.39630991e+03 7.90738697e+00
2.39780995e+03 7.90833410e+00
2.39930999e+03 7.90930626e+00
2.40081003e+03 7.91030481e+00
2.40231006e+03 7.91132456e+00
2.40381010e+03 7.91235620e+00
2.40531014e+03 7.91338769e+00
2.40681018e+03 7.91440666e+00
2.40831021e+03 7.91540314e+00
2.40981025e+03 7.91637235e+00
2.41131029e+03 7.91731396e+00
2.41281033e+03 7.91823325e+00
2.41431036e+03 7.91913816e+00
2.41581040e+03 7.92003770e+00
2.41731044e+03 7.92094033e+00
2.41881048e+03 7.92185120e+00
2.42031051e+03 7.92277264e+00
2.42181055e+03 7.92370376e+00
2.42331059e+03 7.92464270e+00
2.42481063e+03 7.92558659e+00
2.42631066e+03 7.92653251e+00
2.42781070e+03 7.92747899e+00
2.42931074e+03 7.92842569e+00
2.43081078e+03 7.92937251e+00
2.43231081e+03 7.93031942e+00
2.43381085e+03 7.93126682e+00
2.43531089e+03 7.93221490e+00
2.43681093e+03 7.93316386e+00
2.43831096e+03 7.93411452e+00
2.43981100e+03 7.93506839e+00
2.44131104e+03 7.93602690e+00
2.44281108e+03 7.93699303e+00
2.44431111e+03 7.93796810e+00
2.44581115e+03 7.93895195e+00
2.44731119e+03 7.93994369e+00
2.44881123e+03 7.94093930e+00
2.45031126e+03 7.94193465e+00
2.45181130e+03 7.94292491e+00
2.45331134e+03 7.94390671e+00
2.45481138e+03 7.94487869e+00
2.45631141e+03 7.94584102e+00
2.45781145e+03 7.94679617e+00
2.45931149e+03 7.94774768e+00
2.46081153e+03 7.94869903e+00
2.46231156e+03 7.94965184e+00
2.46381160e+03 7.95060739e+00
2.46531164e+03 7.95156612e+00
2.46681168e+03 7.95252734e+00
2.46831171e+03 7.95349076e+00
2.46981175e+03 7.95445708e+00
2.47131179e+03 7.95542777e+00
2.47281183e+03 7.95640252e+00
2.47431186e+03 7.95738136e+00
2.47581190e+03 7.95836366e+00
2.47731194e+03 7.95934788e+00
2.47881198e+03 7.96033275e+00
2.48031201e+03 7.96131742e+00
2.48181205e+03 7.96230374e+00
2.48331209e+03 7.96329344e+00
2.48481213e+03 7.96428903e+00
2.48631216e+03 7.96529277e+00
2.48781220e+03 7.96630419e+00
2.48931224e+03 7.96732110e+00
2.49081228e+03 7.96833815e+00
2.49231231e+03 7.96934955e+00
2.49381235e+03 7.97035007e+00
2.49531239e+03 7.97133636e+00
2.49681243e+03 7.97230850e+00
2.49831246e+03 7.97326842e+00
2.49981250e+03 7.97421982e+00
2.50131254e+03 7.97516776e+00
2.50281258e+03 7.97611469e+00
2.50431261e+03 7.97706311e+00
2.50581265e+03 7.97801336e+00
2.50731269e+03 7.97896571e+00
2.50881273e+03 7.97992053e+00
2.51031276e+03 7.98087970e+00
2.51181280e+03 7.98184661e+00
2.51331284e+03 7.98282511e+00
2.51481288e+03 7.98381785e+00
2.51631291e+03 7.98482511e+00
2.51781295e+03 7.98584381e+00
2.51931299e+03 7.98686798e+00
2.52081303e+03 7.98789164e+00
2.52231306e+03 7.98890814e+00
2.52381310e+03 7.98991378e+00
2.52531314e+03 7.99090895e+00
2.52681318e+03 7.99189721e+00
2.52831321e+03 7.99288449e+00
2.52981325e+03 7.99387644e+00
2.53131329e+03 7.99487637e+00
2.53281333e+03 7.99588487e+00
2.53431336e+03 7.99689850e+00
2.53581340e+03 7.99791173e+00
2.53731344e+03 7.99891892e+00
2.53881348e+03 7.99991665e+00
2.54031351e+03 8.00090432e+00
2.54181355e+03 8.00188455e+00
2.54331359e+03 8.00286184e+00
2.54481363e+03 8.00384137e+00
2.54631366e+03 8.00482744e+00
2.54781370e+03 8.00582149e+00
2.54931374e+03 8.00682326e+00
2.55081378e+03 8.00783115e+00
2.55231381e+03 8.00884359e+00
2.55381385e+03 8.00985929e+00
2.55531389e+03 8.01087698e+00
2.55681393e+03 8.01189603e+00
2.55831396e+03 8.01291571e+00
2.55981400e+03 8.01393449e+00
2.56131404e+03 8.01494985e+00
2.56281408e+03 8.01596139e+00
2.56431411e+03 8.01696916e+00
2.56581415e+03 8.01797551e+00
2.56731419e+03 8.01898490e+00
2.56881423e+03 8.02000277e+00
2.57031426e+03 8.02103334e+00
2.57181430e+03 8.02207896e+00
2.57331434e+03 8.02313810e+00
2.57481438e+03 8.02420728e+00
2.57631441e+03 8.02528066e+00
2.57781445e+03 8.02635260e+00
2.57931449e+03 8.02741763e+00
2.58081453e+03 8.02847421e+00
2.58231456e+03 8.02952197e+00
2.58381460e+03 8.03056293e+00
2.58531464e+03 8.03160005e+00
2.58681468e+03 8.03263709e+00
2.58831471e+03 8.03367659e+00
2.58981475e+03 8.03472136e+00
2.59131479e+03 8.03577344e+00
2.59281483e+03 8.03683467e+00
2.59431486e+03 8.03790666e+00
2.59581490e+03 8.03899019e+00
2.59731494e+03 8.04008428e+00
2.59881498e+03 8.04118811e+00
2.60031501e+03 8.04230055e+00
2.60181505e+03 8.04341926e+00
2.60331509e+03 8.04454267e+00
2.60481513e+03 8.04566820e+00
2.60631516e+03 8.04679239e+00
2.60781520e+03 8.04791081e+00
2.60931524e+03 8.04901860e+00
2.61081528e+03 8.05011023e+00
2.61231531e+03 8.05118060e+00
2.61381535e+03 8.05222527e+00
2.61531539e+03 8.05324176e+00
2.61681543e+03 8.05422942e+00
2.61831546e+03 8.05519052e+00
2.61981550e+03 8.05613041e+00
2.62131554e+03 8.05705651e+00
2.62281558e+03 8.05797922e+00
2.62431561e+03 8.05890960e+00
2.62581565e+03 8.05985915e+00
2.62731569e+03 8.06083852e+00
2.62881573e+03 8.06185568e+00
2.63031576e+03 8.06291501e+00
2.63181580e+03 8.06401763e+00
2.63331584e+03 8.06516057e+00
2.63481588e+03 8.06633795e+00
2.63631591e+03 8.06754136e+00
2.63781595e+03 8.06876092e+00
2.63931599e+03 8.06998561e+00
2.64081603e+03 8.07120577e+00
2.64231606e+03 8.07241318e+00
2.64381610e+03 8.07360307e+00
2.64531614e+03 8.07477262e+00
2.64681618e+03 8.07592245e+00
2.64831621e+03 8.07705486e+00
2.64981625e+03 8.07817277e+00
2.65131629e+03 8.07927839e+00
2.65281633e+03 8.08037313e+00
2.65431636e+03 8.08145635e+00
2.65581640e+03 8.08252657e+00
2.65731644e+03 8.08358189e+00
2.65881648e+03 8.08462095e+00
2.66031651e+03 8.08564496e+00
2.66181655e+03 8.08665755e+00
2.66331659e+03 8.08766425e+00
2.66481663e+03 8.08867327e+00
2.66631666e+03 8.08969289e+00
2.66781670e+03 8.09073175e+00
2.66931674e+03 8.09179671e+00
2.67081678e+03 8.09289265e+00
2.67231681e+03 8.09402211e+00
2.67381685e+03 8.09518359e+00
2.67531689e+03 8.09637366e+00
2.67681693e+03 8.09758743e+00
2.67831696e+03 8.09881906e+00
2.67981700e+03 8.10006213e+00
2.68131704e+03 8.10131185e+00
2.68281708e+03 8.10256388e+00
2.68431711e+03 8.10381565e+00
2.68581715e+03 8.10506556e+00
2.68731719e+03 8.10631250e+00
2.68881723e+03 8.10755661e+00
2.69031726e+03 8.10879750e+00
2.69181730e+03 8.11003375e+00
2.69331734e+03 8.11126231e+00
2.69481738e+03 8.11248045e+00
2.69631741e+03 8.11368484e+00
2.69781745e+03 8.11487539e+00
2.69931749e+03 8.11605407e+00
2.70081753e+03 8.11722530e+00
2.70231756e+03 8.11839580e+00
2.70381760e+03 8.11957402e+00
2.70531764e+03 8.12076722e+00
2.70681768e+03 8.12198314e+00
2.70831771e+03 8.12322552e+00
2.70981775e+03 8.12449656e+00
2.71131779e+03 8.12579276e+00
2.71281783e+03 8.12710897e+00
2.71431786e+03 8.12843615e+00
2.71581790e+03 8.12976530e+00
2.71731794e+03 8.13108817e+00
2.71881798e+03 8.13239926e+00
2.72031801e+03 8.13369641e+00
2.72181805e+03 8.13497971e+00
2.72331809e+03 8.13625150e+00
2.72481813e+03 8.13751510e+00
2.72631816e+03 8.13877241e+00
2.72781820e+03 8.14002599e+00
2.72931824e+03 8.14127543e+00
2.73081828e+03 8.14251965e+00
2.73231831e+03 8.14375517e+00
2.73381835e+03 8.14497717e+00
2.73531839e+03 8.14618157e+00
2.73681843e+03 8.14736663e+00
2.73831846e+03 8.14853351e+00
2.73981850e+03 8.14968829e+00
2.74131854e+03 8.15084056e+00
2.74281858e+03 8.15200228e+00
2.74431861e+03 8.15318530e+00
2.74581865e+03 8.15439971e+00
2.74731869e+03 8.15565316e+00
2.74881873e+03 8.15694947e+00
2.75031876e+03 8.15828815e+00
2.75181880e+03 8.15966453e+00
2.75331884e+03 8.16107008e+00
2.75481888e+03 8.16249412e+00
2.75631891e+03 8.16392471e+00
2.75781895e+03 8.16535208e+00
2.75931899e+03 8.16676946e+00
2.76081903e+03 8.16817276e+00
2.76231906e+03 8.16956076e+00
2.76381910e+03 8.17093328e+00
2.76531914e+03 8.17229168e+00
2.76681918e+03 8.17363661e+00
2.76831921e+03 8.17496795e+00
2.76981925e+03 8.17628592e+00
2.77131929e+03 8.17759083e+00
2.77281933e+03 8.17888267e+00
2.77431936e+03 8.18016087e+00
2.77581940e+03 8.18142452e+00
2.77731944e+03 8.18267531e+00
2.77881948e+03 8.18391549e+00
2.78031951e+03 8.18515148e+00
2.78181955e+03 8.18639032e+00
2.78331959e+03 8.18764139e+00
2.78481963e+03 8.18891331e+00
2.78631966e+03 8.19021316e+00
2.78781970e+03 8.19154516e+00
2.78931974e+03 8.19291052e+00
2.79081978e+03 8.19430678e+00
2.79231981e+03 8.19572800e+00
2.79381985e+03 8.19716700e+00
2.79531989e+03 8.19861493e+00
2.79681993e+03 8.20006400e+00
2.79831996e+03 8.20150797e+00
2.79982000e+03 8.20294195e+00
2.80132004e+03 8.20436311e+00
2.80282008e+03 8.20576983e+00
2.80432012e+03 8.20716164e+00
2.80582015e+03 8.20853963e+00
2.80732019e+03 8.20990517e+00
2.80882023e+03 8.21126014e+00
2.81032027e+03 8.21260716e+00
2.81182030e+03 8.21394884e+00
2.81332034e+03 8.21528859e+00
2.81482038e+03 8.21662914e+00
2.81632042e+03 8.21797447e+00
2.81782045e+03 8.21932697e+00
2.81932049e+03 8.22068747e+00
2.82082053e+03 8.22205543e+00
2.82232057e+03 8.22342950e+00
2.82382060e+03 8.22480755e+00
2.82532064e+03 8.22618681e+00
2.82682068e+03 8.22756573e+00
2.82832072e+03 8.22894330e+00
2.82982075e+03 8.23032025e+00
2.83132079e+03 8.23169756e+00
2.83282083e+03 8.23307712e+00
2.83432087e+03 8.23445940e+00
2.83582090e+03 8.23584476e+00
2.83732094e+03 8.23723112e+00
2.83882098e+03 8.23861669e+00
2.84032102e+03 8.23999793e+00
2.84182105e+03 8.24137391e+00
2.84332109e+03 8.24274379e+00
2.84482113e+03 8.24410843e+00
2.84632117e+03 8.24547045e+00
2.84782120e+03 8.24683374e+00
2.84932124e+03 8.24820307e+00
2.85082128e+03 8.24958375e+00
2.85232132e+03 8.25098090e+00
2.85382135e+03 8.25239993e+00
2.85532139e+03 8.25384579e+00
2.85682143e+03 8.25532167e+00
2.85832147e+03 8.25682971e+00
2.85982150e+03 8.25837031e+00
2.86132154e+03 8.25994170e+00
2.86282158e+03 8.26154089e+00
2.86432162e+03 8.26316365e+00
2.86582165e+03 8.26480621e+00
2.86732169e+03 8.26646690e+00
2.86882173e+03 8.26814683e+00
2.87032177e+03 8.26984984e+00
2.87182180e+03 8.27158133e+00
2.87332184e+03 8.27334838e+00
2.87482188e+03 8.27515704e+00
2.87632192e+03 8.27701165e+00
2.87782195e+03 8.27891589e+00
2.87932199e+03 8.28087258e+00
2.88082203e+03 8.28288423e+00
2.88232207e+03 8.28495429e+00
2.88382210e+03 8.28708764e+00
2.88532214e+03 8.28929026e+00
2.88682218e+03 8.29156822e+00
2.88832222e+03 8.29392645e+00
2.88982225e+03 8.29636909e+00
2.89132229e+03 8.29889979e+00
2.89282233e+03 8.30152225e+00
2.89432237e+03 8.30424140e+00
2.89582240e+03 8.30706401e+00
2.89732244e+03 8.30999988e+00
2.89882248e+03 8.31306069e+00
2.90032252e+03 8.31625967e+00
2.90182255e+03 8.31960923e+00
2.90332259e+03 8.32312089e+00
2.90482263e+03 8.32680419e+00
2.90632267e+03 8.33066677e+00
2.90782270e+03 8.33471447e+00
2.90932274e+03 8.33895278e+00
2.91082278e+03 8.34338829e+00
2.91232282e+03 8.34802865e+00
2.91382285e+03 8.35288232e+00
2.91532289e+03 8.35795909e+00
2.91682293e+03 8.36326767e+00
2.91832297e+03 8.36881563e+00
2.91982300e+03 8.37460855e+00
2.92132304e+03 8.38065140e+00
2.92282308e+03 8.38694824e+00
2.92432312e+03 8.39350440e+00
2.92582315e+03 8.40032631e+00
2.92732319e+03 8.40742383e+00
2.92882323e+03 8.41480705e+00
2.93032327e+03 8.42248775e+00
2.93182330e+03 8.43047703e+00
2.93332334e+03 8.43878678e+00
2.93482338e+03 8.44742749e+00
2.93632342e+03 8.45640919e+00
2.93782345e+03 8.46574146e+00
2.93932349e+03 8.47543172e+00
2.94082353e+03 8.48548547e+00
2.94232357e+03 8.49590582e+00
2.94382360e+03 8.50669419e+00
2.94532364e+03 8.51785170e+00
2.94682368e+03 8.52938071e+00
2.94832372e+03 8.54128627e+00
2.94982375e+03 8.55357582e+00
2.95132379e+03 8.56625820e+00
2.95282383e+03 8.57934183e+00
2.95432387e+03 8.59283211e+00
2.95582390e+03 8.60673066e+00
2.95732394e+03 8.62103475e+00
2.95882398e+03 8.63573880e+00
2.96032402e+03 8.65083631e+00
2.96182405e+03 8.66632238e+00
2.96332409e+03 8.68219539e+00
2.96482413e+03 8.69845644e+00
2.96632417e+03 8.71510919e+00
2.96782420e+03 8.73215708e+00
2.96932424e+03 8.74960248e+00
2.97082428e+03 8.76744653e+00
2.97232432e+03 8.78568753e+00
2.97382435e+03 8.80432319e+00
2.97532439e+03 8.82334986e+00
2.97682443e+03 8.84276435e+00
2.97832447e+03 8.86256322e+00
2.97982450e+03 8.88274348e+00
2.98132454e+03 8.90330230e+00
2.98282458e+03 8.92423589e+00
2.98432462e+03 8.94553962e+00
2.98582465e+03 8.96720691e+00
2.98732469e+03 8.98922881e+00
2.98882473e+03 9.01159577e+00
2.99032477e+03 9.03429723e+00
2.99182480e+03 9.05732377e+00
2.99332484e+03 9.08066731e+00
2.99482488e+03 9.10432157e+00
2.99632492e+03 9.12828200e+00
2.99782495e+03 9.15254486e+00
2.99932499e+03 9.17710617e+00
3.00082503e+03 9.20196090e+00
3.00232507e+03 9.22710186e+00
3.00382510e+03 9.25251943e+00
3.00532514e+03 9.27820162e+00
3.00682518e+03 9.30413508e+00
3.00832522e+03 9.33030744e+00
3.00982525e+03 9.35670780e+00
3.01132529e+03 9.38332801e+00
3.01282533e+03 9.41016234e+00
3.01432537e+03 9.43720594e+00
3.01582540e+03 9.46445324e+00
3.01732544e+03 9.49189690e+00
3.01882548e+03 9.51952695e+00
3.02032552e+03 9.54733259e+00
3.02182555e+03 9.57530370e+00
3.02332559e+03 9.60343227e+00
3.02482563e+03 9.63171225e+00
3.02632567e+03 9.66013974e+00
3.02782570e+03 9.68871113e+00
3.02932574e+03 9.71742192e+00
3.03082578e+03 9.74626565e+00
3.03232582e+03 9.77523406e+00
3.03382585e+03 9.80431732e+00
3.03532589e+03 9.83350469e+00
3.03682593e+03 9.86278550e+00
3.03832597e+03 9.89215056e+00
3.03982600e+03 9.92159247e+00
3.04132604e+03 9.95110701e+00
3.04282608e+03 9.98069199e+00
3.04432612e+03 1.00103468e+01
3.04582615e+03 1.00400700e+01
3.04732619e+03 1.00698570e+01
3.04882623e+03 1.00996981e+01
3.05032627e+03 1.01295779e+01
3.05182630e+03 1.01594771e+01
3.05332634e+03 1.01893748e+01
3.05482638e+03 1.02192512e+01
3.05632642e+03 1.02490904e+01
3.05782645e+03 1.02788793e+01
3.05932649e+03 1.03086093e+01
3.06082653e+03 1.03382736e+01
3.06232657e+03 1.03678673e+01
3.06382660e+03 1.03973866e+01
3.06532664e+03 1.04268287e+01
3.06682668e+03 1.04561921e+01
3.06832672e+03 1.04854759e+01
3.06982675e+03 1.05146800e+01
3.07132679e+03 1.05438018e+01
3.07282683e+03 1.05728352e+01
3.07432687e+03 1.06017685e+01
3.07582690e+03 1.06305844e+01
3.07732694e+03 1.06592611e+01
3.07882698e+03 1.06877768e+01
3.08032702e+03 1.07161121e+01
3.08182705e+03 1.07442533e+01
3.08332709e+03 1.07721917e+01
3.08482713e+03 1.07999230e+01
3.08632717e+03 1.08274439e+01
3.08782720e+03 1.08547504e+01
3.08932724e+03 1.08818354e+01
3.09082728e+03 1.09086884e+01
3.09232732e+03 1.09352950e+01
3.09382735e+03 1.09616382e+01
3.09532739e+03 1.09876999e+01
3.09682743e+03 1.10134617e+01
3.09832747e+03 1.10389075e+01
3.09982750e+03 1.10640237e+01
3.10132754e+03 1.10888005e+01
3.10282758e+03 1.11132292e+01
3.10432762e+03 1.11373022e+01
3.10582765e+03 1.11610097e+01
3.10732769e+03 1.11843391e+01
3.10882773e+03 1.12072752e+01
3.11032777e+03 1.12298031e+01
3.11182780e+03 1.12519093e+01
3.11332784e+03 1.12735863e+01
3.11482788e+03 1.12948307e+01
3.11632792e+03 1.13156439e+01
3.11782795e+03 1.13360306e+01
3.11932799e+03 1.13559979e+01
3.12082803e+03 1.13755535e+01
3.12232807e+03 1.13947068e+01
3.12382810e+03 1.14134668e+01
3.12532814e+03 1.14318439e+01
3.12682818e+03 1.14498469e+01
3.12832822e+03 1.14674839e+01
3.12982825e+03 1.14847600e+01
3.13132829e+03 1.15016769e+01
3.13282833e+03 1.15182338e+01
3.13432837e+03 1.15344283e+01
3.13582840e+03 1.15502581e+01
3.13732844e+03 1.15657214e+01
3.13882848e+03 1.15808163e+01
3.14032852e+03 1.15955400e+01
3.14182855e+03 1.16098870e+01
3.14332859e+03 1.16238521e+01
3.14482863e+03 1.16374297e+01
3.14632867e+03 1.16506157e+01
3.14782870e+03 1.16634078e+01
3.14932874e+03 1.16758041e+01
3.15082878e+03 1.16878032e+01
3.15232882e+03 1.16994035e+01
3.15382885e+03 1.17106041e+01
3.15532889e+03 1.17214051e+01
3.15682893e+03 1.17318083e+01
3.15832897e+03 1.17418177e+01
3.15982900e+03 1.17514401e+01
3.16132904e+03 1.17606848e+01
3.16282908e+03 1.17695636e+01
3.16432912e+03 1.17780900e+01
3.16582915e+03 1.17862789e+01
3.16732919e+03 1.17941465e+01
3.16882923e+03 1.18017094e+01
3.17032927e+03 1.18089846e+01
3.17182930e+03 1.18159886e+01
3.17332934e+03 1.18227394e+01
3.17482938e+03 1.18292551e+01
3.17632942e+03 1.18355554e+01
3.17782945e+03 1.18416602e+01
3.17932949e+03 1.18475886e+01
3.18082953e+03 1.18533562e+01
3.18232957e+03 1.18589734e+01
3.18382960e+03 1.18644439e+01
3.18532964e+03 1.18697669e+01
3.18682968e+03 1.18749380e+01
3.18832972e+03 1.18799510e+01
3.18982975e+03 1.18847990e+01
3.19132979e+03 1.18894724e+01
3.19282983e+03 1.18939602e+01
3.19432987e+03 1.18982519e+01
3.19582990e+03 1.19023419e+01
3.19732994e+03 1.19062308e+01
3.19882998e+03 1.19099261e+01
3.20033002e+03 1.19134386e+01
3.20183005e+03 1.19167801e+01
3.20333009e+03 1.19199608e+01
3.20483013e+03 1.19229894e+01
3.20633017e+03 1.19258732e+01
3.20783020e+03 1.19286201e+01
3.20933024e+03 1.19312398e+01
3.21083028e+03 1.19337446e+01
3.21233032e+03 1.19361518e+01
3.21383035e+03 1.19384793e+01
3.21533039e+03 1.19407450e+01
3.21683043e+03 1.19429604e+01
3.21833047e+03 1.19451279e+01
3.21983050e+03 1.19472388e+01
3.22133054e+03 1.19492763e+01
3.22283058e+03 1.19512234e+01
3.22433062e+03 1.19530706e+01
3.22583065e+03 1.19548207e+01
3.22733069e+03 1.19564909e+01
3.22883073e+03 1.19581062e+01
3.23033077e+03 1.19596922e+01
3.23183080e+03 1.19612656e+01
3.23333084e+03 1.19628277e+01
3.23483088e+03 1.19643638e+01
3.23633092e+03 1.19658501e+01
3.23783095e+03 1.19672655e+01
3.23933099e+03 1.19685979e+01
3.24083103e+03 1.19698509e+01
3.24233107e+03 1.19710406e+01
3.24383110e+03 1.19721921e+01
3.24533114e+03 1.19733336e+01
3.24683118e+03 1.19744913e+01
3.24833122e+03 1.19756830e+01
3.24983125e+03 1.19769123e+01
3.25133129e+03 1.19781666e+01
3.25283133e+03 1.19794199e+01
3.25433137e+03 1.19806406e+01
3.25583140e+03 1.19818028e+01
3.25733144e+03 1.19828937e+01
3.25883148e+03 1.19839176e+01
3.26033152e+03 1.19848946e+01
3.26183155e+03 1.19858553e+01
3.26333159e+03 1.19868339e+01
3.26483163e+03 1.19878615e+01
3.26633167e+03 1.19889553e+01
3.26783170e+03 1.19901155e+01
3.26933174e+03 1.19913296e+01
3.27083178e+03 1.19925826e+01
3.27233182e+03 1.19938676e+01
3.27383185e+03 1.19951923e+01
3.27533189e+03 1.19965757e+01
3.27683193e+03 1.19980418e+01
3.27833197e+03 1.19996099e+01
3.27983200e+03 1.20012928e+01
3.28133204e+03 1.20030908e+01
3.28283208e+03 1.20049949e+01
3.28433212e+03 1.20069871e+01
3.28583215e+03 1.20090428e+01
3.28733219e+03 1.20111345e+01
3.28883223e+03 1.20132355e+01
3.29033227e+03 1.20153256e+01
3.29183230e+03 1.20173938e+01
3.29333234e+03 1.20194389e+01
3.29483238e+03 1.20214664e+01
3.29633242e+03 1.20234787e+01
3.29783245e+03 1.20254694e+01
3.29933249e+03 1.20274229e+01
3.30083253e+03 1.20293248e+01
3.30233257e+03 1.20311741e+01
3.30383260e+03 1.20329903e+01
3.30533264e+03 1.20348091e+01
3.30683268e+03 1.20366738e+01
3.30833272e+03 1.20386233e+01
3.30983275e+03 1.20406856e+01
3.31133279e+03 1.20428751e+01
3.31283283e+03 1.20451940e+01
3.31433287e+03 1.20476343e+01
3.31583290e+03 1.20501839e+01
3.31733294e+03 1.20528267e+01
3.31883298e+03 1.20555469e+01
3.32033302e+03 1.20583290e+01
3.32183305e+03 1.20611598e+01
3.32333309e+03 1.20640270e+01
3.32483313e+03 1.20669205e+01
3.32633317e+03 1.20698317e+01
3.32783320e+03 1.20727534e+01
3.32933324e+03 1.20756798e+01
3.33083328e+03 1.20786064e+01
3.33233332e+03 1.20815297e+01
3.33383335e+03 1.20844473e+01
3.33533339e+03 1.20873577e+01
3.33683343e+03 1.20902601e+01
3.33833347e+03 1.20931541e+01
3.33983350e+03 1.20960401e+01
3.34133354e+03 1.20989192e+01
3.34283358e+03 1.21017934e+01
3.34433362e+03 1.21046651e+01
3.34583365e+03 1.21075380e+01
3.34733369e+03 1.21104168e+01
3.34883373e+03 1.21133075e+01
3.35033377e+03 1.21162169e+01
3.35183380e+03 1.21191526e+01
3.35333384e+03 1.21221228e+01
3.35483388e+03 1.21251348e+01
3.35633392e+03 1.21281951e+01
3.35783395e+03 1.21313082e+01
3.35933399e+03 1.21344749e+01
3.36083403e+03 1.21376937e+01
3.36233407e+03 1.21409597e+01
3.36383410e+03 1.21442649e+01
3.36533414e+03 1.21476012e+01
3.36683418e+03 1.21509606e+01
3.36833422e+03 1.21543384e+01
3.36983425e+03 1.21577312e+01
3.37133429e+03 1.21611375e+01
3.37283433e+03 1.21645568e+01
3.37433437e+03 1.21679883e+01
3.37583440e+03 1.21714335e+01
3.37733444e+03 1.21748976e+01
3.37883448e+03 1.21783900e+01
3.38033452e+03 1.21819213e+01
3.38183455e+03 1.21855013e+01
3.38333459e+03 1.21891342e+01
3.38483463e+03 1.21928198e+01
3.38633467e+03 1.21965537e+01
3.38783470e+03 1.22003309e+01
3.38933474e+03 1.22041472e+01
3.39083478e+03 1.22079972e+01
3.39233482e+03 1.22118734e+01
3.39383485e+03 1.22157631e+01
3.39533489e+03 1.22196501e+01
3.39683493e+03 1.22235152e+01
3.39833497e+03 1.22273381e+01
3.39983500e+03 1.22310988e+01
3.40133504e+03 1.22347790e+01
3.40283508e+03 1.22383629e+01
3.40433512e+03 1.22418393e+01
3.40583515e+03 1.22452037e+01
3.40733519e+03 1.22484604e+01
3.40883523e+03 1.22516252e+01
3.41033527e+03 1.22547277e+01
3.41183530e+03 1.22578085e+01
3.41333534e+03 1.22609153e+01
3.41483538e+03 1.22640939e+01
3.41633542e+03 1.22673812e+01
3.41783545e+03 1.22708021e+01
3.41933549e+03 1.22743620e+01
3.42083553e+03 1.22780397e+01
3.42233557e+03 1.22817795e+01
3.42383560e+03 1.22854961e+01
3.42533564e+03 1.22890906e+01
3.42683568e+03 1.22924731e+01
3.42833572e+03 1.22955820e+01
3.42983575e+03 1.22983838e+01
3.43133579e+03 1.23008490e+01
3.43283583e+03 1.23029241e+01
3.43433587e+03 1.23045202e+01
3.43583590e+03 1.23055231e+01
3.43733594e+03 1.23058193e+01
3.43883598e+03 1.23053215e+01
3.44033602e+03 1.23039878e+01
3.44183605e+03 1.23018302e+01
3.44333609e+03 1.22989170e+01
3.44483613e+03 1.22953686e+01
3.44633617e+03 1.22913511e+01
3.44783620e+03 1.22870695e+01
3.44933624e+03 1.22827573e+01
3.45083628e+03 1.22786659e+01
3.45233632e+03 1.22750506e+01
3.45383635e+03 1.22721549e+01
3.45533639e+03 1.22701880e+01
3.45683643e+03 1.22692959e+01
3.45833647e+03 1.22695290e+01
3.45983650e+03 1.22708072e+01
3.46133654e+03 1.22729013e+01
3.46283658e+03 1.22754384e+01
3.46433662e+03 1.22779440e+01
3.46583665e+03 1.22799271e+01
3.46733669e+03 1.22809924e+01
3.46883673e+03 1.22809290e+01
3.47033677e+03 1.22797266e+01
3.47183680e+03 1.22775221e+01
3.47333684e+03 1.22745263e+01
3.47483688e+03 1.22709775e+01
3.47633692e+03 1.22671214e+01
3.47783695e+03 1.22631999e+01
3.47933699e+03 1.22594363e+01
3.48083703e+03 1.22560209e+01
3.48233707e+03 1.22530979e+01
3.48383710e+03 1.22507544e+01
3.48533714e+03 1.22490263e+01
3.48683718e+03 1.22479174e+01
3.48833722e+03 1.22474308e+01
3.48983725e+03 1.22475983e+01
3.49133729e+03 1.22484923e+01
3.49283733e+03 1.22502193e+01
3.49433737e+03 1.22528962e+01
3.49583740e+03 1.22566226e+01
3.49733744e+03 1.22614657e+01
3.49883748e+03 1.22674599e+01
3.50033752e+03 1.22746167e+01
3.50183755e+03 1.22829331e+01
3.50333759e+03 1.22923957e+01
3.50483763e+03 1.23029852e+01
3.50633767e+03 1.23146777e+01
3.50783770e+03 1.23274489e+01
3.50933774e+03 1.23412754e+01
3.51083778e+03 1.23561386e+01
3.51233782e+03 1.23720230e+01
3.51383785e+03 1.23889196e+01
3.51533789e+03 1.24068240e+01
3.51683793e+03 1.24257373e+01
3.51833797e+03 1.24456641e+01
3.51983800e+03 1.24666071e+01
3.52133804e+03 1.24885587e+01
3.52283808e+03 1.25115018e+01
3.52433812e+03 1.25354262e+01
3.52583815e+03 1.25603567e+01
3.52733819e+03 1.25863633e+01
3.52883823e+03 1.26135363e+01
3.53033827e+03 1.26419568e+01
3.53183830e+03 1.26716888e+01
3.53333834e+03 1.27027890e+01
3.53483838e+03 1.27353145e+01
3.53633842e+03 1.27693186e+01
3.53783845e+03 1.28048394e+01
3.53933849e+03 1.28418811e+01
3.54083853e+03 1.28803931e+01
3.54233857e+03 1.29202649e+01
3.54383860e+03 1.29613519e+01
3.54533864e+03 1.30035281e+01
3.54683868e+03 1.30467232e+01
3.54833872e+03 1.30909238e+01
3.54983875e+03 1.31361408e+01
3.55133879e+03 1.31823790e+01
3.55283883e+03 1.32296275e+01
3.55433887e+03 1.32778635e+01
3.55583890e+03 1.33270566e+01
3.55733894e+03 1.33771697e+01
3.55883898e+03 1.34281661e+01
3.56033902e+03 1.34800221e+01
3.56183905e+03 1.35327428e+01
3.56333909e+03 1.35863701e+01
3.56483913e+03 1.36409829e+01
3.56633917e+03 1.36966944e+01
3.56783920e+03 1.37536519e+01
3.56933924e+03 1.38120385e+01
3.57083928e+03 1.38720592e+01
3.57233932e+03 1.39338784e+01
3.57383935e+03 1.39974937e+01
3.57533939e+03 1.40626012e+01
3.57683943e+03 1.41285879e+01
3.57833947e+03 1.41947370e+01
3.57983950e+03 1.42605111e+01
3.58133954e+03 1.43256960e+01
3.58283958e+03 1.43903503e+01
3.58433962e+03 1.44546679e+01
3.58583965e+03 1.45188709e+01
3.58733969e+03 1.45831836e+01
3.58883973e+03 1.46478658e+01
3.59033977e+03 1.47132606e+01
3.59183980e+03 1.47798233e+01
3.59333984e+03 1.48480958e+01
3.59483988e+03 1.49185724e+01
3.59633992e+03 1.49914466e+01
3.59783995e+03 1.50663735e+01
3.59933999e+03 1.51425025e+01
3.60084003e+03 1.52188874e+01
3.60234007e+03 1.52950036e+01
3.60384011e+03 1.53709397e+01
3.60534014e+03 1.54471468e+01
3.60684018e+03 1.55240020e+01
3.60834022e+03 1.56015733e+01
3.60984026e+03 1.56798089e+01
3.61134029e+03 1.57589012e+01
3.61284033e+03 1.58393089e+01
3.61434037e+03 1.59213806e+01
3.61584041e+03 1.60049822e+01
3.61734044e+03 1.60894634e+01
3.61884048e+03 1.61740263e+01
3.62034052e+03 1.62582600e+01
3.62184056e+03 1.63424373e+01
3.62334059e+03 1.64274277e+01
3.62484063e+03 1.65144121e+01
3.62634067e+03 1.66045451e+01
3.62784071e+03 1.66985056e+01
3.62934074e+03 1.67960729e+01
3.63084078e+03 1.68962206e+01
3.63234082e+03 1.69976689e+01
3.63384086e+03 1.70992258e+01
3.63534089e+03 1.71999813e+01
3.63684093e+03 1.72997442e+01
3.63834097e+03 1.73993991e+01
3.63984101e+03 1.75008079e+01
3.64134104e+03 1.76063279e+01
3.64284108e+03 1.77180520e+01
3.64434112e+03 1.78367195e+01
3.64584116e+03 1.79607468e+01
3.64734119e+03 1.80867959e+01
3.64884123e+03 1.82123066e+01
3.65034127e+03 1.83374795e+01
3.65184131e+03 1.84647220e+01
3.65334134e+03 1.85967690e+01
3.65484138e+03 1.87352230e+01
3.65634142e+03 1.88803101e+01
3.65784146e+03 1.90319522e+01
3.65934149e+03 1.91908592e+01
3.66084153e+03 1.93577464e+01
3.66234157e+03 1.95313975e+01
3.66384161e+03 1.97086327e+01
3.66534164e+03 1.98864773e+01
3.66684168e+03 2.00639585e+01
3.66834172e+03 2.02423197e+01
3.66984176e+03 2.04240324e+01
3.67134179e+03 2.06111212e+01
3.67284183e+03 2.08035316e+01
3.67434187e+03 2.09995714e+01
3.67584191e+03 2.11987434e+01
3.67734194e+03 2.14031310e+01
3.67884198e+03 2.16162802e+01
3.68034202e+03 2.18411839e+01
3.68184206e+03 2.20776033e+01
3.68334209e+03 2.23218152e+01
3.68484213e+03 2.25715082e+01
3.68634217e+03 2.28291022e+01
3.68784221e+03 2.30988539e+01
3.68934224e+03 2.33812201e+01
3.69084228e+03 2.36710327e+01
3.69234232e+03 2.39634728e+01
3.69384236e+03 2.42574777e+01
3.69534239e+03 2.45527878e+01
3.69684243e+03 2.48496568e+01
3.69834247e+03 2.51502648e+01
3.69984251e+03 2.54572394e+01
3.70134254e+03 2.57720959e+01
3.70284258e+03 2.60953596e+01
3.70434262e+03 2.64270774e+01
3.70584266e+03 2.67671064e+01
3.70734269e+03 2.71152381e+01
3.70884273e+03 2.74712522e+01
3.71034277e+03 2.78349348e+01
3.71184281e+03 2.82060870e+01
3.71334284e+03 2.85845252e+01
3.71484288e+03 2.89700808e+01
3.71634292e+03 2.93625992e+01
3.71784296e+03 2.97619375e+01
3.71934299e+03 3.01679635e+01
3.72084303e+03 3.05805542e+01
3.72234307e+03 3.09995952e+01
3.72384311e+03 3.14249789e+01
3.72534314e+03 3.18566048e+01
3.72684318e+03 3.22943779e+01
3.72834322e+03 3.27382086e+01
3.72984326e+03 3.31880122e+01
3.73134329e+03 3.36437082e+01
3.73284333e+03 3.41052203e+01
3.73434337e+03 3.45724757e+01
3.73584341e+03 3.50454052e+01
3.73734344e+03 3.55239425e+01
3.73884348e+03 3.60080240e+01
3.74034352e+03 3.64975894e+01
3.74184356e+03 3.69925802e+01
3.74334359e+03 3.74929408e+01
3.74484363e+03 3.79986172e+01
3.74634367e+03 3.85095581e+01
3.74784371e+03 3.90257136e+01
3.74934374e+03 3.95470357e+01
3.75084378e+03 4.00734782e+01
3.75234382e+03 4.06049963e+01
3.75384386e+03 4.11415471e+01
3.75534389e+03 4.16830887e+01
3.75684393e+03 4.22295806e+01
3.75834397e+03 4.27809839e+01
3.75984401e+03 4.33372606e+01
3.76134404e+03 4.38983738e+01
3.76284408e+03 4.44642881e+01
3.76434412e+03 4.50349688e+01
3.76584416e+03 4.56103824e+01
3.76734419e+03 4.61904959e+01
3.76884423e+03 4.67752779e+01
3.77034427e+03 4.73646975e+01
3.77184431e+03 4.79587243e+01
3.77334434e+03 4.85573294e+01
3.77484438e+03 4.91604842e+01
3.77634442e+03 4.97681612e+01
3.77784446e+03 5.03803330e+01
3.77934449e+03 5.09969733e+01
3.78084453e+03 5.16180566e+01
3.78234457e+03 5.22435574e+01
3.78384461e+03 5.28734516e+01
3.78534464e+03 5.35077150e+01
3.78684468e+03 5.41463245e+01
3.78834472e+03 5.47892572e+01
3.78984476e+03 5.54364905e+01
3.79134479e+03 5.60880030e+01
3.79284483e+03 5.67437733e+01
3.79434487e+03 5.74037805e+01
3.79584491e+03 5.80680041e+01
3.79734494e+03 5.87364243e+01
3.79884498e+03 5.94090215e+01
3.80034502e+03 6.00857767e+01
3.80184506e+03 6.07666711e+01
3.80334509e+03 6.14516863e+01
3.80484513e+03 6.21408044e+01
3.80634517e+03 6.28340080e+01
3.80784521e+03 6.35312794e+01
3.80934524e+03 6.42326022e+01
3.81084528e+03 6.49379594e+01
3.81234532e+03 6.56473351e+01
3.81384536e+03 6.63607129e+01
3.81534539e+03 6.70780777e+01
3.81684543e+03 6.77994138e+01
3.81834547e+03 6.85247064e+01
3.81984551e+03 6.92539407e+01
3.82134554e+03 6.99871020e+01
3.82284558e+03 7.07241761e+01
3.82434562e+03 7.14651491e+01
3.82584566e+03 7.22100075e+01
3.82734569e+03 7.29587375e+01
3.82884573e+03 7.37113259e+01
3.83034577e+03 7.44677599e+01
3.83184581e+03 7.52280265e+01
3.83334584e+03 7.59921133e+01
3.83484588e+03 7.67600077e+01
3.83634592e+03 7.75316980e+01
3.83784596e+03 7.83071719e+01
3.83934599e+03 7.90864181e+01
3.84084603e+03 7.98694247e+01
3.84234607e+03 8.06561804e+01
3.84384611e+03 8.14466742e+01
3.84534614e+03 8.22408951e+01
3.84684618e+03 8.30388325e+01
3.84834622e+03 8.38404754e+01
3.84984626e+03 8.46458137e+01
3.85134629e+03 8.54548369e+01
3.85284633e+03 8.62675352e+01
3.85434637e+03 8.70838984e+01
3.85584641e+03 8.79039169e+01
3.85734644e+03 8.87275811e+01
3.85884648e+03 8.95548813e+01
3.86034652e+03 9.03858084e+01
3.86184656e+03 9.12203530e+01
3.86334659e+03 9.20585064e+01
3.86484663e+03 9.29002594e+01
3.86634667e+03 9.37456033e+01
3.86784671e+03 9.45945297e+01
3.86934674e+03 9.54470299e+01
3.87084678e+03 9.63030955e+01
3.87234682e+03 9.71627184e+01
3.87384686e+03 9.80258906e+01
3.87534689e+03 9.88926038e+01
3.87684693e+03 9.97628504e+01
3.87834697e+03 1.00636622e+02
3.87984701e+03 1.01513912e+02
3.88134704e+03 1.02394712e+02
3.88284708e+03 1.03279016e+02
3.88434712e+03 1.04166815e+02
3.88584716e+03 1.05058102e+02
3.88734719e+03 1.05952871e+02
3.88884723e+03 1.06851114e+02
3.89034727e+03 1.07752824e+02
3.89184731e+03 1.08657996e+02
3.89334734e+03 1.09566621e+02
3.89484738e+03 1.10478694e+02
3.89634742e+03 1.11394208e+02
3.89784746e+03 1.12313156e+02
3.89934749e+03 1.13235533e+02
3.90084753e+03 1.14161331e+02
3.90234757e+03 1.15090546e+02
3.90384761e+03 1.16023170e+02
3.90534764e+03 1.16959198e+02
3.90684768e+03 1.17898625e+02
3.90834772e+03 1.18841444e+02
3.90984776e+03 1.19787648e+02
3.91134779e+03 1.20737235e+02
3.91284783e+03 1.21690196e+02
3.91434787e+03 1.22646528e+02
3.91584791e+03 1.23606224e+02
3.91734794e+03 1.24569279e+02
3.91884798e+03 1.25535688e+02
3.92034802e+03 1.26505446e+02
3.92184806e+03 1.27478548e+02
3.92334809e+03 1.28454989e+02
3.92484813e+03 1.29434763e+02
3.92634817e+03 1.30417867e+02
3.92784821e+03 1.31404294e+02
3.92934824e+03 1.32394041e+02
3.93084828e+03 1.33387103e+02
3.93234832e+03 1.34383475e+02
3.93384836e+03 1.35383152e+02
3.93534839e+03 1.36386131e+02
3.93684843e+03 1.37392406e+02
3.93834847e+03 1.38401974e+02
3.93984851e+03 1.39414830e+02
3.94134854e+03 1.40430970e+02
3.94284858e+03 1.41450389e+02
3.94434862e+03 1.42473084e+02
3.94584866e+03 1.43499051e+02
3.94734869e+03 1.44528285e+02
3.94884873e+03 1.45560783e+02
3.95034877e+03 1.46596541e+02
3.95184881e+03 1.47635555e+02
3.95334884e+03 1.48677821e+02
3.95484888e+03 1.49723336e+02
3.95634892e+03 1.50772095e+02
3.95784896e+03 1.51824096e+02
3.95934899e+03 1.52879334e+02
3.96084903e+03 1.53937807e+02
3.96234907e+03 1.54999510e+02
3.96384911e+03 1.56064441e+02
3.96534914e+03 1.57132596e+02
3.96684918e+03 1.58203971e+02
3.96834922e+03 1.59278565e+02
3.96984926e+03 1.60356372e+02
3.97134929e+03 1.61437391e+02
3.97284933e+03 1.62521618e+02
3.97434937e+03 1.63609050e+02
3.97584941e+03 1.64699683e+02
3.97734944e+03 1.65793516e+02
3.97884948e+03 1.66890545e+02
3.98034952e+03 1.67990768e+02
3.98184956e+03 1.69094181e+02
3.98334959e+03 1.70200781e+02
3.98484963e+03 1.71310567e+02
3.98634967e+03 1.72423534e+02
3.98784971e+03 1.73539682e+02
3.98934974e+03 1.74659006e+02
3.99084978e+03 1.75781504e+02
3.99234982e+03 1.76907175e+02
3.99384986e+03 1.78036015e+02
3.99534989e+03 1.79168022e+02
3.99684993e+03 1.80303193e+02
3.99834997e+03 1.81441527e+02
3.99985001e+03 1.82583020e+02
4.00135004e+03 1.83727671e+02
4.00285008e+03 1.84875478e+02
4.00435012e+03 1.86026437e+02
4.00585016e+03 1.87180547e+02
4.00735019e+03 1.88337806e+02
4.00885023e+03 1.89498212e+02
4.01035027e+03 1.90661763e+02
4.01185031e+03 1.91828456e+02
4.01335034e+03 1.92998289e+02
4.01485038e+03 1.94171261e+02
4.01635042e+03 1.95347370e+02
4.01785046e+03 1.96526614e+02
4.01935049e+03 1.97708991e+02
4.02085053e+03 1.98894499e+02
4.02235057e+03 2.00083136e+02
4.02385061e+03 2.01274901e+02
4.02535064e+03 2.02469792e+02
4.02685068e+03 2.03667807e+02
4.02835072e+03 2.04868945e+02
4.02985076e+03 2.06073203e+02
4.03135079e+03 2.07280581e+02
4.03285083e+03 2.08491077e+02
4.03435087e+03 2.09704689e+02
4.03585091e+03 2.10921416e+02
4.03735094e+03 2.12141257e+02
4.03885098e+03 2.13364209e+02
4.04035102e+03 2.14590272e+02
4.04185106e+03 2.15819444e+02
4.04335109e+03 2.17051723e+02
4.04485113e+03 2.18287110e+02
4.04635117e+03 2.19525602e+02
4.04785121e+03 2.20767197e+02
4.04935124e+03 2.22011896e+02
4.05085128e+03 2.23259696e+02
4.05235132e+03 2.24510597e+02
4.05385136e+03 2.25764596e+02
4.05535139e+03 2.27021695e+02
4.05685143e+03 2.28281890e+02
4.05835147e+03 2.29545181e+02
4.05985151e+03 2.30811568e+02
4.06135154e+03 2.32081049e+02
4.06285158e+03 2.33353622e+02
4.06435162e+03 2.34629289e+02
4.06585166e+03 2.35908046e+02
4.06735169e+03 2.37189894e+02
4.06885173e+03 2.38474831e+02
4.07035177e+03 2.39762858e+02
4.07185181e+03 2.41053972e+02
4.07335184e+03 2.42348173e+02
4.07485188e+03 2.43645461e+02
4.07635192e+03 2.44945835e+02
4.07785196e+03 2.46249293e+02
4.07935199e+03 2.47555836e+02
4.08085203e+03 2.48865463e+02
4.08235207e+03 2.50178173e+02
4.08385211e+03 2.51493965e+02
4.08535214e+03 2.52812840e+02
4.08685218e+03 2.54134795e+02
4.08835222e+03 2.55459832e+02
4.08985226e+03 2.56787949e+02
4.09135229e+03 2.58119146e+02
4.09285233e+03 2.59453423e+02
4.09435237e+03 2.60790779e+02
4.09585241e+03 2.62131213e+02
4.09735244e+03 2.63474725e+02
4.09885248e+03 2.64821316e+02
4.10035252e+03 2.66170984e+02
4.10185256e+03 2.67523730e+02
4.10335259e+03 2.68879552e+02
4.10485263e+03 2.70238452e+02
4.10635267e+03 2.71600428e+02
4.10785271e+03 2.72965480e+02
4.10935274e+03 2.74333609e+02
4.11085278e+03 2.75704813e+02
4.11235282e+03 2.77079094e+02
4.11385286e+03 2.78456450e+02
4.11535289e+03 2.79836882e+02
4.11685293e+03 2.81220389e+02
4.11835297e+03 2.82606972e+02
4.11985301e+03 2.83996630e+02
4.12135304e+03 2.85389365e+02
4.12285308e+03 2.86785174e+02
4.12435312e+03 2.88184059e+02
4.12585316e+03 2.89586020e+02
4.12735319e+03 2.90991056e+02
4.12885323e+03 2.92399168e+02
4.13035327e+03 2.93810357e+02
4.13185331e+03 2.95224621e+02
4.13335334e+03 2.96641961e+02
4.13485338e+03 2.98062378e+02
4.13635342e+03 2.99485871e+02
4.13785346e+03 3.00912442e+02
4.13935349e+03 3.02342089e+02
4.14085353e+03 3.03774814e+02
4.14235357e+03 3.05210616e+02
4.14385361e+03 3.06649497e+02
4.14535364e+03 3.08091455e+02
4.14685368e+03 3.09536493e+02
4.14835372e+03 3.10984609e+02
4.14985376e+03 3.12435805e+02
4.15135379e+03 3.13890081e+02
4.15285383e+03 3.15347437e+02
4.15435387e+03 3.16807873e+02
4.15585391e+03 3.18271391e+02
4.15735394e+03 3.19737991e+02
4.15885398e+03 3.21207672e+02
4.16035402e+03 3.22680437e+02
4.16185406e+03 3.24156285e+02
4.16335409e+03 3.25635217e+02
4.16485413e+03 3.27117233e+02
4.16635417e+03 3.28602334e+02
4.16785421e+03 3.30090521e+02
4.16935424e+03 3.31581794e+02
4.17085428e+03 3.33076154e+02
4.17235432e+03 3.34573602e+02
4.17385436e+03 3.36074138e+02
4.17535439e+03 3.37577764e+02
4.17685443e+03 3.39084479e+02
4.17835447e+03 3.40594285e+02
4.17985451e+03 3.42107183e+02
4.18135454e+03 3.43623172e+02
4.18285458e+03 3.45142255e+02
4.18435462e+03 3.46664432e+02
4.18585466e+03 3.48189703e+02
4.18735469e+03 3.49718070e+02
4.18885473e+03 3.51249534e+02
4.19035477e+03 3.52784095e+02
4.19185481e+03 3.54321754e+02
4.19335484e+03 3.55862513e+02
4.19485488e+03 3.57406372e+02
4.19635492e+03 3.58953332e+02
4.19785496e+03 3.60503395e+02
4.19935499e+03 3.62056561e+02
4.20085503e+03 3.63612831e+02
4.20235507e+03 3.65172207e+02
4.20385511e+03 3.66734689e+02
4.20535514e+03 3.68300279e+02
4.20685518e+03 3.69868977e+02
4.20835522e+03 3.71440786e+02
4.20985526e+03 3.73015705e+02
4.21135529e+03 3.74593737e+02
4.21285533e+03 3.76174882e+02
4.21435537e+03 3.77759141e+02
4.21585541e+03 3.79346517e+02
4.21735544e+03 3.80937009e+02
4.21885548e+03 3.82530620e+02
4.22035552e+03 3.84127350e+02
4.22185556e+03 3.85727201e+02
4.22335559e+03 3.87330175e+02
4.22485563e+03 3.88936272e+02
4.22635567e+03 3.90545494e+02
4.22785571e+03 3.92157842e+02
4.22935574e+03 3.93773317e+02
4.23085578e+03 3.95391922e+02
4.23235582e+03 3.97013657e+02
4.23385586e+03 3.98638524e+02
4.23535589e+03 4.00266525e+02
4.23685593e+03 4.01897660e+02
4.23835597e+03 4.03531932e+02
4.23985601e+03 4.05169341e+02
4.24135604e+03 4.06809890e+02
4.24285608e+03 4.08453580e+02
4.24435612e+03 4.10100412e+02
4.24585616e+03 4.11750388e+02
4.24735619e+03 4.13403509e+02
4.24885623e+03 4.15059778e+02
4.25035627e+03 4.16719196e+02
4.25185631e+03 4.18381765e+02
4.25335634e+03 4.20047485e+02
4.25485638e+03 4.21716360e+02
4.25635642e+03 4.23388390e+02
4.25785646e+03 4.25063577e+02
4.25935649e+03 4.26741923e+02
4.26085653e+03 4.28423430e+02
4.26235657e+03 4.30108100e+02
4.26385661e+03 4.31795934e+02
4.26535664e+03 4.33486934e+02
4.26685668e+03 4.35181102e+02
4.26835672e+03 4.36878440e+02
4.26985676e+03 4.38578949e+02
4.27135679e+03 4.40282632e+02
4.27285683e+03 4.41989490e+02
4.27435687e+03 4.43699526e+02
4.27585691e+03 4.45412741e+02
4.27735694e+03 4.47129137e+02
4.27885698e+03 4.48848716e+02
4.28035702e+03 4.50571481e+02
4.28185706e+03 4.52297432e+02
4.28335709e+03 4.54026573e+02
4.28485713e+03 4.55758904e+02
4.28635717e+03 4.57494429e+02
4.28785721e+03 4.59233149e+02
4.28935724e+03 4.60975067e+02
4.29085728e+03 4.62720184e+02
4.29235732e+03 4.64468502e+02
4.29385736e+03 4.66220024e+02
4.29535739e+03 4.67974752e+02
4.29685743e+03 4.69732688e+02
4.29835747e+03 4.71493834e+02
4.29985751e+03 4.73258193e+02
4.30135754e+03 4.75025766e+02
4.30285758e+03 4.76796555e+02
4.30435762e+03 4.78570564e+02
4.30585766e+03 4.80347795e+02
4.30735769e+03 4.82128249e+02
4.30885773e+03 4.83911928e+02
4.31035777e+03 4.85698836e+02
4.31185781e+03 4.87488975e+02
4.31335784e+03 4.89282346e+02
4.31485788e+03 4.91078953e+02
4.31635792e+03 4.92878798e+02
4.31785796e+03 4.94681883e+02
4.31935799e+03 4.96488210e+02
4.32085803e+03 4.98297782e+02
4.32235807e+03 5.00110602e+02
4.32385811e+03 5.01926671e+02
4.32535814e+03 5.03745993e+02
4.32685818e+03 5.05568570e+02
4.32835822e+03 5.07394404e+02
4.32985826e+03 5.09223499e+02
4.33135829e+03 5.11055855e+02
4.33285833e+03 5.12891477e+02
4.33435837e+03 5.14730367e+02
4.33585841e+03 5.16572527e+02
4.33735844e+03 5.18417960e+02
4.33885848e+03 5.20266669e+02
4.34035852e+03 5.22118656e+02
4.34185856e+03 5.23973924e+02
4.34335859e+03 5.25832475e+02
4.34485863e+03 5.27694313e+02
4.34635867e+03 5.29559440e+02
4.34785871e+03 5.31427859e+02
4.34935874e+03 5.33299573e+02
4.35085878e+03 5.35174584e+02
4.35235882e+03 5.37052896e+02
4.35385886e+03 5.38934510e+02
4.35535889e+03 5.40819431e+02
4.35685893e+03 5.42707660e+02
4.35835897e+03 5.44599201e+02
4.35985901e+03 5.46494057e+02
4.36135904e+03 5.48392230e+02
4.36285908e+03 5.50293724e+02
4.36435912e+03 5.52198541e+02
4.36585916e+03 5.54106684e+02
4.36735919e+03 5.56018157e+02
4.36885923e+03 5.57932962e+02
4.37035927e+03 5.59851102e+02
4.37185931e+03 5.61772581e+02
4.37335934e+03 5.63697401e+02
4.37485938e+03 5.65625566e+02
4.37635942e+03 5.67557078e+02
4.37785946e+03 5.69491942e+02
4.37935949e+03 5.71430159e+02
4.38085953e+03 5.73371733e+02
4.38235957e+03 5.75316667e+02
4.38385961e+03 5.77264965e+02
4.38535964e+03 5.79216630e+02
4.38685968e+03 5.81171664e+02
4.38835972e+03 5.83130071e+02
4.38985976e+03 5.85091855e+02
4.39135979e+03 5.87057018e+02
4.39285983e+03 5.89025564e+02
4.39435987e+03 5.90997496e+02
4.39585991e+03 5.92972819e+02
4.39735994e+03 5.94951533e+02
4.39885998e+03 5.96933644e+02
4.40036002e+03 5.98919155e+02
4.40186006e+03 6.00908069e+02
4.40336010e+03 6.02900389e+02
4.40486013e+03 6.04896120e+02
4.40636017e+03 6.06895264e+02
4.40786021e+03 6.08897824e+02
4.40936025e+03 6.10903805e+02
4.41086028e+03 6.12913210e+02
4.41236032e+03 6.14926043e+02
4.41386036e+03 6.16942306e+02
4.41536040e+03 6.18962004e+02
4.41686043e+03 6.20985141e+02
4.41836047e+03 6.23011719e+02
4.41986051e+03 6.25041743e+02
4.42136055e+03 6.27075215e+02
4.42286058e+03 6.29112141e+02
4.42436062e+03 6.31152523e+02
4.42586066e+03 6.33196365e+02
4.42736070e+03 6.35243671e+02
4.42886073e+03 6.37294445e+02
4.43036077e+03 6.39348690e+02
4.43186081e+03 6.41406411e+02
4.43336085e+03 6.43467610e+02
4.43486088e+03 6.45532293e+02
4.43636092e+03 6.47600462e+02
4.43786096e+03 6.49672122e+02
4.43936100e+03 6.51747276e+02
4.44086103e+03 6.53825929e+02
4.44236107e+03 6.55908084e+02
4.44386111e+03 6.57993745e+02
4.44536115e+03 6.60082917e+02
4.44686118e+03 6.62175603e+02
4.44836122e+03 6.64271807e+02
4.44986126e+03 6.66371533e+02
4.45136130e+03 6.68474786e+02
4.45286133e+03 6.70581569e+02
4.45436137e+03 6.72691887e+02
4.45586141e+03 6.74805744e+02
4.45736145e+03 6.76923143e+02
4.45886148e+03 6.79044089e+02
4.46036152e+03 6.81168586e+02
4.46186156e+03 6.83296638e+02
4.46336160e+03 6.85428250e+02
4.46486163e+03 6.87563426e+02
4.46636167e+03 6.89702170e+02
4.46786171e+03 6.91844485e+02
4.46936175e+03 6.93990378e+02
4.47086178e+03 6.96139851e+02
4.47236182e+03 6.98292910e+02
4.47386186e+03 7.00449558e+02
4.47536190e+03 7.02609800e+02
4.47686193e+03 7.04773641e+02
4.47836197e+03 7.06941084e+02
4.47986201e+03 7.09112134e+02
4.48136205e+03 7.11286797e+02
4.48286208e+03 7.13465075e+02
4.48436212e+03 7.15646974e+02
4.48586216e+03 7.17832499e+02
4.48736220e+03 7.20021653e+02
4.48886223e+03 7.22214442e+02
4.49036227e+03 7.24410870e+02
4.49186231e+03 7.26610941e+02
4.49336235e+03 7.28814660e+02
4.49486238e+03 7.31022033e+02
4.49636242e+03 7.33233063e+02
4.49786246e+03 7.35447755e+02
4.49936250e+03 7.37666114e+02
4.50086253e+03 7.39888146e+02
4.50236257e+03 7.42113853e+02
4.50386261e+03 7.44343242e+02
4.50536265e+03 7.46576318e+02
4.50686268e+03 7.48813084e+02
4.50836272e+03 7.51053546e+02
4.50986276e+03 7.53297709e+02
4.51136280e+03 7.55545578e+02
4.51286283e+03 7.57797158e+02
4.51436287e+03 7.60052453e+02
4.51586291e+03 7.62311469e+02
4.51736295e+03 7.64574210e+02
4.51886298e+03 7.66840682e+02
4.52036302e+03 7.69110889e+02
4.52186306e+03 7.71384838e+02
4.52336310e+03 7.73662532e+02
4.52486313e+03 7.75943977e+02
4.52636317e+03 7.78229178e+02
4.52786321e+03 7.80518141e+02
4.52936325e+03 7.82810870e+02
4.53086328e+03 7.85107371e+02
4.53236332e+03 7.87407649e+02
4.53386336e+03 7.89711709e+02
4.53536340e+03 7.92019556e+02
4.53686343e+03 7.94331196e+02
4.53836347e+03 7.96646635e+02
4.53986351e+03 7.98965877e+02
4.54136355e+03 8.01288928e+02
4.54286358e+03 8.03615793e+02
4.54436362e+03 8.05946479e+02
4.54586366e+03 8.08280989e+02
4.54736370e+03 8.10619330e+02
4.54886373e+03 8.12961507e+02
4.55036377e+03 8.15307526e+02
4.55186381e+03 8.17657393e+02
4.55336385e+03 8.20011112e+02
4.55486388e+03 8.22368690e+02
4.55636392e+03 8.24730133e+02
4.55786396e+03 8.27095445e+02
4.55936400e+03 8.29464632e+02
4.56086403e+03 8.31837701e+02
4.56236407e+03 8.34214657e+02
4.56386411e+03 8.36595506e+02
4.56536415e+03 8.38980253e+02
4.56686418e+03 8.41368905e+02
4.56836422e+03 8.43761467e+02
4.56986426e+03 8.46157945e+02
4.57136430e+03 8.48558345e+02
4.57286433e+03 8.50962674e+02
4.57436437e+03 8.53370936e+02
4.57586441e+03 8.55783138e+02
4.57736445e+03 8.58199285e+02
4.57886448e+03 8.60619385e+02
4.58036452e+03 8.63043443e+02
4.58186456e+03 8.65471465e+02
4.58336460e+03 8.67903458e+02
4.58486463e+03 8.70339426e+02
4.58636467e+03 8.72779377e+02
4.58786471e+03 8.75223317e+02
4.58936475e+03 8.77671252e+02
4.59086478e+03 8.80123188e+02
4.59236482e+03 8.82579132e+02
4.59386486e+03 8.85039090e+02
4.59536490e+03 8.87503068e+02
4.59686493e+03 8.89971072e+02
4.59836497e+03 8.92443109e+02
4.59986501e+03 8.94919186e+02
4.60136505e+03 8.97399309e+02
4.60286508e+03 8.99883483e+02
4.60436512e+03 9.02371717e+02
4.60586516e+03 9.04864016e+02
4.60736520e+03 9.07360388e+02
4.60886523e+03 9.09860837e+02
4.61036527e+03 9.12365372e+02
4.61186531e+03 9.14873999e+02
4.61336535e+03 9.17386725e+02
4.61486538e+03 9.19903555e+02
4.61636542e+03 9.22424498e+02
4.61786546e+03 9.24949560e+02
4.61936550e+03 9.27478747e+02
4.62086553e+03 9.30012067e+02
4.62236557e+03 9.32549526e+02
4.62386561e+03 9.35091132e+02
4.62536565e+03 9.37636890e+02
4.62686568e+03 9.40186809e+02
4.62836572e+03 9.42740896e+02
4.62986576e+03 9.45299156e+02
4.63136580e+03 9.47861597e+02
4.63286583e+03 9.50428227e+02
4.63436587e+03 9.52999053e+02
4.63586591e+03 9.55574081e+02
4.63736595e+03 9.58153319e+02
4.63886598e+03 9.60736774e+02
4.64036602e+03 9.63324454e+02
4.64186606e+03 9.65916365e+02
4.64336610e+03 9.68512515e+02
4.64486613e+03 9.71112911e+02
4.64636617e+03 9.73717562e+02
4.64786621e+03 9.76326473e+02
4.64936625e+03 9.78939653e+02
4.65086628e+03 9.81557109e+02
4.65236632e+03 9.84178848e+02
4.65386636e+03 9.86804878e+02
4.65536640e+03 9.89435208e+02
4.65686643e+03 9.92069843e+02
4.65836647e+03 9.94708793e+02
4.65986651e+03 9.97352064e+02
4.66136655e+03 9.99999665e+02
4.66286658e+03 1.00265160e+03
4.66436662e+03 1.00530789e+03
4.66586666e+03 1.00796852e+03
4.66736670e+03 1.01063352e+03
4.66886673e+03 1.01330288e+03
4.67036677e+03 1.01597662e+03
4.67186681e+03 1.01865475e+03
4.67336685e+03 1.02133727e+03
4.67486688e+03 1.02402419e+03
4.67636692e+03 1.02671551e+03
4.67786696e+03 1.02941126e+03
4.67936700e+03 1.03211143e+03
4.68086703e+03 1.03481603e+03
4.68236707e+03 1.03752507e+03
4.68386711e+03 1.04023857e+03
4.68536715e+03 1.04295652e+03
4.68686718e+03 1.04567893e+03
4.68836722e+03 1.04840583e+03
4.68986726e+03 1.05113720e+03
4.69136730e+03 1.05387307e+03
4.69286733e+03 1.05661343e+03
4.69436737e+03 1.05935831e+03
4.69586741e+03 1.06210770e+03
4.69736745e+03 1.06486162e+03
4.69886748e+03 1.06762007e+03
4.70036752e+03 1.07038306e+03
4.70186756e+03 1.07315061e+03
4.70336760e+03 1.07592271e+03
4.70486763e+03 1.07869939e+03
4.70636767e+03 1.08148064e+03
4.70786771e+03 1.08426648e+03
4.70936775e+03 1.08705692e+03
4.71086778e+03 1.08985196e+03
4.71236782e+03 1.09265162e+03
4.71386786e+03 1.09545590e+03
4.71536790e+03 1.09826481e+03
4.71686793e+03 1.10107836e+03
4.71836797e+03 1.10389656e+03
4.71986801e+03 1.10671942e+03
4.72136805e+03 1.10954695e+03
4.72286808e+03 1.11237916e+03
4.72436812e+03 1.11521606e+03
4.72586816e+03 1.11805765e+03
4.72736820e+03 1.12090395e+03
4.72886823e+03 1.12375496e+03
4.73036827e+03 1.12661070e+03
4.73186831e+03 1.12947118e+03
4.73336835e+03 1.13233640e+03
4.73486838e+03 1.13520637e+03
4.73636842e+03 1.13808111e+03
4.73786846e+03 1.14096062e+03
4.73936850e+03 1.14384491e+03
4.74086853e+03 1.14673400e+03
4.74236857e+03 1.14962789e+03
4.74386861e+03 1.15252659e+03
4.74536865e+03 1.15543012e+03
4.74686868e+03 1.15833847e+03
4.74836872e+03 1.16125168e+03
4.74986876e+03 1.16416973e+03
4.75136880e+03 1.16709265e+03
4.75286883e+03 1.17002044e+03
4.75436887e+03 1.17295311e+03
4.75586891e+03 1.17589068e+03
4.75736895e+03 1.17883315e+03
4.75886898e+03 1.18178054e+03
4.76036902e+03 1.18473285e+03
4.76186906e+03 1.18769009e+03
4.76336910e+03 1.19065229e+03
4.76486913e+03 1.19361944e+03
4.76636917e+03 1.19659155e+03
4.76786921e+03 1.19956865e+03
4.76936925e+03 1.20255073e+03
4.77086928e+03 1.20553781e+03
4.77236932e+03 1.20852990e+03
4.77386936e+03 1.21152702e+03
4.77536940e+03 1.21452916e+03
4.77686943e+03 1.21753635e+03
4.77836947e+03 1.22054859e+03
4.77986951e+03 1.22356590e+03
4.78136955e+03 1.22658829e+03
4.78286958e+03 1.22961576e+03
4.78436962e+03 1.23264833e+03
4.78586966e+03 1.23568601e+03
4.78736970e+03 1.23872881e+03
4.78886973e+03 1.24177674e+03
4.79036977e+03 1.24482982e+03
4.79186981e+03 1.24788805e+03
4.79336985e+03 1.25095145e+03
4.79486988e+03 1.25402003e+03
4.79636992e+03 1.25709380e+03
4.79786996e+03 1.26017278e+03
4.79937000e+03 1.26325696e+03
4.80087003e+03 1.26634638e+03
4.80237007e+03 1.26944103e+03
4.80387011e+03 1.27254093e+03
4.80537015e+03 1.27564609e+03
4.80687018e+03 1.27875652e+03
4.80837022e+03 1.28187224e+03
4.80987026e+03 1.28499326e+03
4.81137030e+03 1.28811959e+03
4.81287033e+03 1.29125125e+03
4.81437037e+03 1.29438823e+03
4.81587041e+03 1.29753057e+03
4.81737045e+03 1.30067826e+03
4.81887048e+03 1.30383133e+03
4.82037052e+03 1.30698978e+03
4.82187056e+03 1.31015364e+03
4.82337060e+03 1.31332290e+03
4.82487063e+03 1.31649758e+03
4.82637067e+03 1.31967770e+03
4.82787071e+03 1.32286327e+03
4.82937075e+03 1.32605430e+03
4.83087078e+03 1.32925081e+03
4.83237082e+03 1.33245280e+03
4.83387086e+03 1.33566030e+03
4.83537090e+03 1.33887331e+03
4.83687093e+03 1.34209184e+03
4.83837097e+03 1.34531592e+03
4.83987101e+03 1.34854555e+03
4.84137105e+03 1.35178076e+03
4.84287108e+03 1.35502154e+03
4.84437112e+03 1.35826792e+03
4.84587116e+03 1.36151990e+03
4.84737120e+03 1.36477751e+03
4.84887123e+03 1.36804076e+03
4.85037127e+03 1.37130966e+03
4.85187131e+03 1.37458422e+03
4.85337135e+03 1.37786445e+03
4.85487138e+03 1.38115039e+03
4.85637142e+03 1.38444202e+03
4.85787146e+03 1.38773938e+03
4.85937150e+03 1.39104248e+03
4.86087153e+03 1.39435132e+03
4.86237157e+03 1.39766593e+03
4.86387161e+03 1.40098631e+03
4.86537165e+03 1.40431249e+03
4.86687168e+03 1.40764448e+03
4.86837172e+03 1.41098229e+03
4.86987176e+03 1.41432593e+03
4.87137180e+03 1.41767543e+03
4.87287183e+03 1.42103079e+03
4.87437187e+03 1.42439204e+03
4.87587191e+03 1.42775919e+03
4.87737195e+03 1.43113224e+03
4.87887198e+03 1.43451123e+03
4.88037202e+03 1.43789616e+03
4.88187206e+03 1.44128704e+03
4.88337210e+03 1.44468390e+03
4.88487213e+03 1.44808675e+03
4.88637217e+03 1.45149561e+03
4.88787221e+03 1.45491048e+03
4.88937225e+03 1.45833139e+03
4.89087228e+03 1.46175836e+03
4.89237232e+03 1.46519139e+03
4.89387236e+03 1.46863051e+03
4.89537240e+03 1.47207573e+03
4.89687243e+03 1.47552707e+03
4.89837247e+03 1.47898453e+03
4.89987251e+03 1.48244815e+03
4.90137255e+03 1.48591794e+03
4.90287258e+03 1.48939391e+03
4.90437262e+03 1.49287607e+03
4.90587266e+03 1.49636446e+03
4.90737270e+03 1.49985907e+03
4.90887273e+03 1.50335994e+03
4.91037277e+03 1.50686707e+03
4.91187281e+03 1.51038049e+03
4.91337285e+03 1.51390020e+03
4.91487288e+03 1.51742624e+03
4.91637292e+03 1.52095861e+03
4.91787296e+03 1.52449733e+03
4.91937300e+03 1.52804243e+03
4.92087303e+03 1.53159391e+03
4.92237307e+03 1.53515180e+03
4.92387311e+03 1.53871611e+03
4.92537315e+03 1.54228686e+03
4.92687318e+03 1.54586408e+03
4.92837322e+03 1.54944777e+03
4.92987326e+03 1.55303795e+03
4.93137330e+03 1.55663465e+03
4.93287333e+03 1.56023789e+03
4.93437337e+03 1.56384767e+03
4.93587341e+03 1.56746402e+03
4.93737345e+03 1.57108696e+03
4.93887348e+03 1.57471651e+03
4.94037352e+03 1.57835268e+03
4.94187356e+03 1.58199550e+03
4.94337360e+03 1.58564498e+03
4.94487363e+03 1.58930115e+03
4.94637367e+03 1.59296402e+03
4.94787371e+03 1.59663360e+03
4.94937375e+03 1.60030993e+03
4.95087378e+03 1.60399302e+03
4.95237382e+03 1.60768289e+03
4.95387386e+03 1.61137956e+03
4.95537390e+03 1.61508305e+03
4.95687393e+03 1.61879338e+03
4.95837397e+03 1.62251057e+03
4.95987401e+03 1.62623465e+03
4.96137405e+03 1.62996562e+03
4.96287408e+03 1.63370351e+03
4.96437412e+03 1.63744834e+03
4.96587416e+03 1.64120014e+03
4.96737420e+03 1.64495892e+03
4.96887423e+03 1.64872470e+03
4.97037427e+03 1.65249751e+03
4.97187431e+03 1.65627736e+03
4.97337435e+03 1.66006428e+03
4.97487438e+03 1.66385829e+03
4.97637442e+03 1.66765941e+03
4.97787446e+03 1.67146766e+03
4.97937450e+03 1.67528306e+03
4.98087453e+03 1.67910564e+03
4.98237457e+03 1.68293542e+03
4.98387461e+03 1.68677241e+03
4.98537465e+03 1.69061665e+03
4.98687468e+03 1.69446815e+03
4.98837472e+03 1.69832694e+03
4.98987476e+03 1.70219303e+03
4.99137480e+03 1.70606646e+03
4.99287483e+03 1.70994724e+03
4.99437487e+03 1.71383540e+03
4.99587491e+03 1.71773095e+03
4.99737495e+03 1.72163394e+03
4.99887498e+03 1.72554436e+03
5.00037502e+03 1.72946226e+03
5.00187506e+03 1.73338765e+03
5.00337510e+03 1.73732056e+03
5.00487513e+03 1.74126101e+03
5.00637517e+03 1.74520903e+03
5.00787521e+03 1.74916464e+03
5.00937525e+03 1.75312785e+03
5.01087528e+03 1.75709871e+03
5.01237532e+03 1.76107723e+03
5.01387536e+03 1.76506344e+03
5.01537540e+03 1.76905736e+03
5.01687543e+03 1.77305902e+03
5.01837547e+03 1.77706844e+03
5.01987551e+03 1.78108564e+03
5.02137555e+03 1.78511066e+03
5.02287558e+03 1.78914352e+03
5.02437562e+03 1.79318424e+03
5.02587566e+03 1.79723286e+03
5.02737570e+03 1.80128938e+03
5.02887573e+03 1.80535386e+03
5.03037577e+03 1.80942629e+03
5.03187581e+03 1.81350673e+03
5.03337585e+03 1.81759519e+03
5.03487588e+03 1.82169169e+03
5.03637592e+03 1.82579627e+03
5.03787596e+03 1.82990895e+03
5.03937600e+03 1.83402976e+03
5.04087603e+03 1.83815873e+03
5.04237607e+03 1.84229589e+03
5.04387611e+03 1.84644125e+03
5.04537615e+03 1.85059486e+03
5.04687618e+03 1.85475673e+03
5.04837622e+03 1.85892691e+03
5.04987626e+03 1.86310540e+03
5.05137630e+03 1.86729225e+03
5.05287633e+03 1.87148748e+03
5.05437637e+03 1.87569113e+03
5.05587641e+03 1.87990321e+03
5.05737645e+03 1.88412376e+03
5.05887648e+03 1.88835281e+03
5.06037652e+03 1.89259039e+03
5.06187656e+03 1.89683653e+03
5.06337660e+03 1.90109126e+03
5.06487663e+03 1.90535460e+03
5.06637667e+03 1.90962660e+03
5.06787671e+03 1.91390727e+03
5.06937675e+03 1.91819665e+03
5.07087678e+03 1.92249478e+03
5.07237682e+03 1.92680167e+03
5.07387686e+03 1.93111737e+03
5.07537690e+03 1.93544190e+03
5.07687693e+03 1.93977530e+03
5.07837697e+03 1.94411760e+03
5.07987701e+03 1.94846883e+03
5.08137705e+03 1.95282902e+03
5.08287708e+03 1.95719821e+03
5.08437712e+03 1.96157642e+03
5.08587716e+03 1.96596369e+03
5.08737720e+03 1.97036006e+03
5.08887723e+03 1.97476555e+03
5.09037727e+03 1.97918020e+03
5.09187731e+03 1.98360405e+03
5.09337735e+03 1.98803713e+03
5.09487738e+03 1.99247946e+03
5.09637742e+03 1.99693110e+03
5.09787746e+03 2.00139206e+03
5.09937750e+03 2.00586239e+03
5.10087753e+03 2.01034211e+03
5.10237757e+03 2.01483128e+03
5.10387761e+03 2.01932991e+03
5.10537765e+03 2.02383806e+03
5.10687768e+03 2.02835574e+03
5.10837772e+03 2.03288300e+03
5.10987776e+03 2.03741988e+03
5.11137780e+03 2.04196641e+03
5.11287783e+03 2.04652262e+03
5.11437787e+03 2.05108856e+03
5.11587791e+03 2.05566427e+03
5.11737795e+03 2.06024977e+03
5.11887798e+03 2.06484511e+03
5.12037802e+03 2.06945033e+03
5.12187806e+03 2.07406546e+03
5.12337810e+03 2.07869054e+03
5.12487813e+03 2.08332562e+03
5.12637817e+03 2.08797072e+03
5.12787821e+03 2.09262590e+03
5.12937825e+03 2.09729118e+03
5.13087828e+03 2.10196661e+03
5.13237832e+03 2.10665223e+03
5.13387836e+03 2.11134808e+03
5.13537840e+03 2.11605419e+03
5.13687843e+03 2.12077062e+03
5.13837847e+03 2.12549740e+03
5.13987851e+03 2.13023457e+03
5.14137855e+03 2.13498218e+03
5.14287858e+03 2.13974026e+03
5.14437862e+03 2.14450886e+03
5.14587866e+03 2.14928802e+03
5.14737870e+03 2.15407779e+03
5.14887873e+03 2.15887820e+03
5.15037877e+03 2.16368930e+03
5.15187881e+03 2.16851114e+03
5.15337885e+03 2.17334375e+03
5.15487888e+03 2.17818718e+03
5.15637892e+03 2.18304149e+03
5.15787896e+03 2.18790670e+03
5.15937900e+03 2.19278287e+03
5.16087903e+03 2.19767004e+03
5.16237907e+03 2.20256825e+03
5.16387911e+03 2.20747757e+03
5.16537915e+03 2.21239802e+03
5.16687918e+03 2.21732965e+03
5.16837922e+03 2.22227253e+03
5.16987926e+03 2.22722668e+03
5.17137930e+03 2.23219216e+03
5.17287933e+03 2.23716902e+03
5.17437937e+03 2.24215730e+03
5.17587941e+03 2.24715706e+03
5.17737945e+03 2.25216834e+03
5.17887948e+03 2.25719119e+03
5.18037952e+03 2.26222566e+03
5.18187956e+03 2.26727180e+03
5.18337960e+03 2.27232967e+03
5.18487963e+03 2.27739931e+03
5.18637967e+03 2.28248077e+03
5.18787971e+03 2.28757411e+03
5.18937975e+03 2.29267938e+03
5.19087978e+03 2.29779663e+03
5.19237982e+03 2.30292591e+03
5.19387986e+03 2.30806727e+03
5.19537990e+03 2.31322077e+03
5.19687993e+03 2.31838647e+03
5.19837997e+03 2.32356441e+03
5.19988001e+03 2.32875465e+03
5.20138005e+03 2.33395725e+03
5.20288009e+03 2.33917226e+03
5.20438012e+03 2.34439973e+03
5.20588016e+03 2.34963973e+03
5.20738020e+03 2.35489231e+03
5.20888024e+03 2.36015752e+03
5.21038027e+03 2.36543543e+03
5.21188031e+03 2.37072609e+03
5.21338035e+03 2.37602956e+03
5.21488039e+03 2.38134589e+03
5.21638042e+03 2.38667516e+03
5.21788046e+03 2.39201741e+03
5.21938050e+03 2.39737271e+03
5.22088054e+03 2.40274111e+03
5.22238057e+03 2.40812268e+03
5.22388061e+03 2.41351748e+03
5.22538065e+03 2.41892557e+03
5.22688069e+03 2.42434702e+03
5.22838072e+03 2.42978188e+03
5.22988076e+03 2.43523022e+03
5.23138080e+03 2.44069210e+03
5.23288084e+03 2.44616759e+03
5.23438087e+03 2.45165675e+03
5.23588091e+03 2.45715964e+03
5.23738095e+03 2.46267634e+03
5.23888099e+03 2.46820690e+03
5.24038102e+03 2.47375140e+03
5.24188106e+03 2.47930990e+03
5.24338110e+03 2.48488246e+03
5.24488114e+03 2.49046917e+03
5.24638117e+03 2.49607008e+03
5.24788121e+03 2.50168526e+03
5.24938125e+03 2.50731479e+03
5.25088129e+03 2.51295874e+03
5.25238132e+03 2.51861717e+03
5.25388136e+03 2.52429015e+03
5.25538140e+03 2.52997777e+03
5.25688144e+03 2.53568008e+03
5.25838147e+03 2.54139717e+03
5.25988151e+03 2.54712911e+03
5.26138155e+03 2.55287597e+03
5.26288159e+03 2.55863782e+03
5.26438162e+03 2.56441475e+03
5.26588166e+03 2.57020682e+03
5.26738170e+03 2.57601412e+03
5.26888174e+03 2.58183673e+03
5.27038177e+03 2.58767471e+03
5.27188181e+03 2.59352814e+03
5.27338185e+03 2.59939712e+03
5.27488189e+03 2.60528171e+03
5.27638192e+03 2.61118200e+03
5.27788196e+03 2.61709807e+03
5.27938200e+03 2.62302999e+03
5.28088204e+03 2.62897786e+03
5.28238207e+03 2.63494175e+03
5.28388211e+03 2.64092175e+03
5.28538215e+03 2.64691794e+03
5.28688219e+03 2.65293041e+03
5.28838222e+03 2.65895925e+03
5.28988226e+03 2.66500453e+03
5.29138230e+03 2.67106635e+03
5.29288234e+03 2.67714479e+03
5.29438237e+03 2.68323995e+03
5.29588241e+03 2.68935191e+03
5.29738245e+03 2.69548077e+03
5.29888249e+03 2.70162660e+03
5.30038252e+03 2.70778951e+03
5.30188256e+03 2.71396959e+03
5.30338260e+03 2.72016693e+03
5.30488264e+03 2.72638163e+03
5.30638267e+03 2.73261377e+03
5.30788271e+03 2.73886346e+03
5.30938275e+03 2.74513079e+03
5.31088279e+03 2.75141586e+03
5.31238282e+03 2.75771876e+03
5.31388286e+03 2.76403960e+03
5.31538290e+03 2.77037848e+03
5.31688294e+03 2.77673549e+03
5.31838297e+03 2.78311073e+03
5.31988301e+03 2.78950432e+03
5.32138305e+03 2.79591634e+03
5.32288309e+03 2.80234692e+03
5.32438312e+03 2.80879614e+03
5.32588316e+03 2.81526413e+03
5.32738320e+03 2.82175097e+03
5.32888324e+03 2.82825679e+03
5.33038327e+03 2.83478169e+03
5.33188331e+03 2.84132578e+03
5.33338335e+03 2.84788917e+03
5.33488339e+03 2.85447197e+03
5.33638342e+03 2.86107430e+03
5.33788346e+03 2.86769626e+03
5.33938350e+03 2.87433798e+03
5.34088354e+03 2.88099957e+03
5.34238357e+03 2.88768115e+03
5.34388361e+03 2.89438283e+03
5.34538365e+03 2.90110473e+03
5.34688369e+03 2.90784697e+03
5.34838372e+03 2.91460968e+03
5.34988376e+03 2.92139297e+03
5.35138380e+03 2.92819697e+03
5.35288384e+03 2.93502181e+03
5.35438387e+03 2.94186760e+03
5.35588391e+03 2.94873448e+03
5.35738395e+03 2.95562258e+03
5.35888399e+03 2.96253201e+03
5.36038402e+03 2.96946292e+03
5.36188406e+03 2.97641543e+03
5.36338410e+03 2.98338968e+03
5.36488414e+03 2.99038580e+03
5.36638417e+03 2.99740393e+03
5.36788421e+03 3.00444420e+03
5.36938425e+03 3.01150675e+03
5.37088429e+03 3.01859171e+03
5.37238432e+03 3.02569924e+03
5.37388436e+03 3.03282947e+03
5.37538440e+03 3.03998254e+03
5.37688444e+03 3.04715861e+03
5.37838447e+03 3.05435780e+03
5.37988451e+03 3.06158028e+03
5.38138455e+03 3.06882619e+03
5.38288459e+03 3.07609568e+03
5.38438462e+03 3.08338891e+03
5.38588466e+03 3.09070601e+03
5.38738470e+03 3.09804716e+03
5.38888474e+03 3.10541251e+03
5.39038477e+03 3.11280221e+03
5.39188481e+03 3.12021642e+03
5.39338485e+03 3.12765530e+03
5.39488489e+03 3.13511902e+03
5.39638492e+03 3.14260774e+03
5.39788496e+03 3.15012162e+03
5.39938500e+03 3.15766084e+03
5.40088504e+03 3.16522556e+03
5.40238507e+03 3.17281594e+03
5.40388511e+03 3.18043218e+03
5.40538515e+03 3.18807443e+03
5.40688519e+03 3.19574287e+03
5.40838522e+03 3.20343769e+03
5.40988526e+03 3.21115906e+03
5.41138530e+03 3.21890716e+03
5.41288534e+03 3.22668217e+03
5.41438537e+03 3.23448429e+03
5.41588541e+03 3.24231369e+03
5.41738545e+03 3.25017057e+03
5.41888549e+03 3.25805511e+03
5.42038552e+03 3.26596752e+03
5.42188556e+03 3.27390798e+03
5.42338560e+03 3.28187669e+03
5.42488564e+03 3.28987385e+03
5.42638567e+03 3.29789966e+03
5.42788571e+03 3.30595432e+03
5.42938575e+03 3.31403805e+03
5.43088579e+03 3.32215104e+03
5.43238582e+03 3.33029351e+03
5.43388586e+03 3.33846566e+03
5.43538590e+03 3.34666772e+03
5.43688594e+03 3.35489990e+03
5.43838597e+03 3.36316241e+03
5.43988601e+03 3.37145549e+03
5.44138605e+03 3.37977934e+03
5.44288609e+03 3.38813421e+03
5.44438612e+03 3.39652031e+03
5.44588616e+03 3.40493788e+03
5.44738620e+03 3.41338715e+03
5.44888624e+03 3.42186836e+03
5.45038627e+03 3.43038175e+03
5.45188631e+03 3.43892756e+03
5.45338635e+03 3.44750602e+03
5.45488639e+03 3.45611740e+03
5.45638642e+03 3.46476193e+03
5.45788646e+03 3.47343988e+03
5.45938650e+03 3.48215149e+03
5.46088654e+03 3.49089703e+03
5.46238657e+03 3.49967675e+03
5.46388661e+03 3.50849092e+03
5.46538665e+03 3.51733980e+03
5.46688669e+03 3.52622368e+03
5.46838672e+03 3.53514281e+03
5.46988676e+03 3.54409748e+03
5.47138680e+03 3.55308796e+03
5.47288684e+03 3.56211454e+03
5.47438687e+03 3.57117751e+03
5.47588691e+03 3.58027715e+03
5.47738695e+03 3.58941376e+03
5.47888699e+03 3.59858763e+03
5.48038702e+03 3.60779906e+03
5.48188706e+03 3.61704836e+03
5.48338710e+03 3.62633583e+03
5.48488714e+03 3.63566178e+03
5.48638717e+03 3.64502654e+03
5.48788721e+03 3.65443041e+03
5.48938725e+03 3.66387372e+03
5.49088729e+03 3.67335679e+03
5.49238732e+03 3.68287995e+03
5.49388736e+03 3.69244355e+03
5.49538740e+03 3.70204791e+03
5.49688744e+03 3.71169337e+03
5.49838747e+03 3.72138029e+03
5.49988751e+03 3.73110901e+03
5.50138755e+03 3.74087990e+03
5.50288759e+03 3.75069330e+03
5.50438762e+03 3.76054958e+03
5.50588766e+03 3.77044911e+03
5.50738770e+03 3.78039227e+03
5.50888774e+03 3.79037942e+03
5.51038777e+03 3.80041096e+03
5.51188781e+03 3.81048727e+03
5.51338785e+03 3.82060874e+03
5.51488789e+03 3.83077578e+03
5.51638792e+03 3.84098877e+03
5.51788796e+03 3.85124813e+03
5.51938800e+03 3.86155428e+03
5.52088804e+03 3.87190762e+03
5.52238807e+03 3.88230859e+03
5.52388811e+03 3.89275761e+03
5.52538815e+03 3.90325512e+03
5.52688819e+03 3.91380156e+03
5.52838822e+03 3.92439737e+03
5.52988826e+03 3.93504300e+03
5.53138830e+03 3.94573892e+03
5.53288834e+03 3.95648559e+03
5.53438837e+03 3.96728348e+03
5.53588841e+03 3.97813307e+03
5.53738845e+03 3.98903483e+03
5.53888849e+03 3.99998926e+03
5.54038852e+03 4.01099686e+03
5.54188856e+03 4.02205812e+03
5.54338860e+03 4.03317357e+03
5.54488864e+03 4.04434371e+03
5.54638867e+03 4.05556907e+03
5.54788871e+03 4.06685018e+03
5.54938875e+03 4.07818758e+03
5.55088879e+03 4.08958182e+03
5.55238882e+03 4.10103346e+03
5.55388886e+03 4.11254304e+03
5.55538890e+03 4.12411115e+03
5.55688894e+03 4.13573836e+03
5.55838897e+03 4.14742526e+03
5.55988901e+03 4.15917244e+03
5.56138905e+03 4.17098051e+03
5.56288909e+03 4.18285008e+03
5.56438912e+03 4.19478176e+03
5.56588916e+03 4.20677619e+03
5.56738920e+03 4.21883402e+03
5.56888924e+03 4.23095587e+03
5.57038927e+03 4.24314242e+03
5.57188931e+03 4.25539433e+03
5.57338935e+03 4.26771228e+03
5.57488939e+03 4.28009696e+03
5.57638942e+03 4.29254906e+03
5.57788946e+03 4.30506930e+03
5.57938950e+03 4.31765838e+03
5.58088954e+03 4.33031705e+03
5.58238957e+03 4.34304605e+03
5.58388961e+03 4.35584611e+03
5.58538965e+03 4.36871802e+03
5.58688969e+03 4.38166255e+03
5.58838972e+03 4.39468047e+03
5.58988976e+03 4.40777261e+03
5.59138980e+03 4.42093975e+03
5.59288984e+03 4.43418274e+03
5.59438987e+03 4.44750241e+03
5.59588991e+03 4.46089961e+03
5.59738995e+03 4.47437520e+03
5.59888999e+03 4.48793007e+03
5.60039002e+03 4.50156511e+03
5.60189006e+03 4.51528122e+03
5.60339010e+03 4.52907933e+03
5.60489014e+03 4.54296038e+03
5.60639017e+03 4.55692530e+03
5.60789021e+03 4.57097509e+03
5.60939025e+03 4.58511071e+03
5.61089029e+03 4.59933316e+03
5.61239032e+03 4.61364348e+03
5.61389036e+03 4.62804267e+03
5.61539040e+03 4.64253181e+03
5.61689044e+03 4.65711195e+03
5.61839047e+03 4.67178419e+03
5.61989051e+03 4.68654962e+03
5.62139055e+03 4.70140938e+03
5.62289059e+03 4.71636460e+03
5.62439062e+03 4.73141645e+03
5.62589066e+03 4.74656611e+03
5.62739070e+03 4.76181479e+03
5.62889074e+03 4.77716370e+03
5.63039077e+03 4.79261410e+03
5.63189081e+03 4.80816726e+03
5.63339085e+03 4.82382445e+03
5.63489089e+03 4.83958701e+03
5.63639092e+03 4.85545626e+03
5.63789096e+03 4.87143356e+03
5.63939100e+03 4.88752031e+03
5.64089104e+03 4.90371791e+03
5.64239107e+03 4.92002780e+03
5.64389111e+03 4.93645144e+03
5.64539115e+03 4.95299032e+03
5.64689119e+03 4.96964596e+03
5.64839122e+03 4.98641991e+03
5.64989126e+03 5.00331374e+03
5.65139130e+03 5.02032905e+03
5.65289134e+03 5.03746748e+03
5.65439137e+03 5.05473070e+03
5.65589141e+03 5.07212041e+03
5.65739145e+03 5.08963832e+03
5.65889149e+03 5.10728622e+03
5.66039152e+03 5.12506589e+03
5.66189156e+03 5.14297917e+03
5.66339160e+03 5.16102792e+03
5.66489164e+03 5.17921407e+03
5.66639167e+03 5.19753954e+03
5.66789171e+03 5.21600632e+03
5.66939175e+03 5.23461643e+03
5.67089179e+03 5.25337194e+03
5.67239182e+03 5.27227495e+03
5.67389186e+03 5.29132761e+03
5.67539190e+03 5.31053211e+03
5.67689194e+03 5.32989069e+03
5.67839197e+03 5.34940564e+03
5.67989201e+03 5.36907927e+03
5.68139205e+03 5.38891398e+03
5.68289209e+03 5.40891218e+03
5.68439212e+03 5.42907638e+03
5.68589216e+03 5.44940909e+03
5.68739220e+03 5.46991291e+03
5.68889224e+03 5.49059048e+03
5.69039227e+03 5.51144451e+03
5.69189231e+03 5.53247775e+03
5.69339235e+03 5.55369303e+03
5.69489239e+03 5.57509323e+03
5.69639242e+03 5.59668131e+03
5.69789246e+03 5.61846026e+03
5.69939250e+03 5.64043319e+03
5.70089254e+03 5.66260323e+03
5.70239257e+03 5.68497361e+03
5.70389261e+03 5.70754763e+03
5.70539265e+03 5.73032866e+03
5.70689269e+03 5.75332016e+03
5.70839272e+03 5.77652566e+03
5.70989276e+03 5.79994876e+03
5.71139280e+03 5.82359318e+03
5.71289284e+03 5.84746270e+03
5.71439287e+03 5.87156120e+03
5.71589291e+03 5.89589265e+03
5.71739295e+03 5.92046113e+03
5.71889299e+03 5.94527080e+03
5.72039302e+03 5.97032594e+03
5.72189306e+03 5.99563092e+03
5.72339310e+03 6.02119022e+03
5.72489314e+03 6.04700845e+03
5.72639317e+03 6.07309033e+03
5.72789321e+03 6.09944068e+03
5.72939325e+03 6.12606446e+03
5.73089329e+03 6.15296677e+03
5.73239332e+03 6.18015282e+03
5.73389336e+03 6.20762797e+03
5.73539340e+03 6.23539771e+03
5.73689344e+03 6.26346769e+03
5.73839347e+03 6.29184369e+03
5.73989351e+03 6.32053167e+03
5.74139355e+03 6.34953774e+03
5.74289359e+03 6.37886818e+03
5.74439362e+03 6.40852943e+03
5.74589366e+03 6.43852812e+03
5.74739370e+03 6.46887108e+03
5.74889374e+03 6.49956529e+03
5.75039377e+03 6.53061797e+03
5.75189381e+03 6.56203653e+03
5.75339385e+03 6.59382859e+03
5.75489389e+03 6.62600200e+03
5.75639392e+03 6.65856483e+03
5.75789396e+03 6.69152539e+03
5.75939400e+03 6.72489225e+03
5.76089404e+03 6.75867421e+03
5.76239407e+03 6.79288037e+03
5.76389411e+03 6.82752008e+03
5.76539415e+03 6.86260299e+03
5.76689419e+03 6.89813904e+03
5.76839422e+03 6.93413849e+03
5.76989426e+03 6.97061193e+03
5.77139430e+03 7.00757026e+03
5.77289434e+03 7.04502475e+03
5.77439437e+03 7.08298703e+03
5.77589441e+03 7.12146912e+03
5.77739445e+03 7.16048340e+03
5.77889449e+03 7.20004272e+03
5.78039452e+03 7.24016030e+03
5.78189456e+03 7.28084984e+03
5.78339460e+03 7.32212550e+03
5.78489464e+03 7.36400193e+03
5.78639467e+03 7.40649430e+03
5.78789471e+03 7.44961828e+03
5.78939475e+03 7.49339014e+03
5.79089479e+03 7.53782668e+03
5.79239482e+03 7.58294536e+03
5.79389486e+03 7.62876424e+03
5.79539490e+03 7.67530207e+03
5.79689494e+03 7.72257828e+03
5.79839497e+03 7.77061304e+03
5.79989501e+03 7.81942728e+03
5.80139505e+03 7.86904274e+03
5.80289509e+03 7.91948201e+03
5.80439512e+03 7.97076856e+03
5.80589516e+03 8.02292678e+03
5.80739520e+03 8.07598206e+03
5.80889524e+03 8.12996080e+03
5.81039527e+03 8.18489048e+03
5.81189531e+03 8.24079975e+03
5.81339535e+03 8.29771843e+03
5.81489539e+03 8.35567762e+03
5.81639542e+03 8.41470974e+03
5.81789546e+03 8.47484863e+03
5.81939550e+03 8.53612963e+03
5.82089554e+03 8.59858963e+03
5.82239557e+03 8.66226718e+03
5.82389561e+03 8.72720262e+03
5.82539565e+03 8.79343812e+03
5.82689569e+03 8.86101784e+03
5.82839572e+03 8.92998802e+03
5.82989576e+03 9.00039713e+03
5.83139580e+03 9.07229601e+03
5.83289584e+03 9.14573800e+03
5.83439587e+03 9.22077909e+03
5.83589591e+03 9.29747813e+03
5.83739595e+03 9.37589700e+03
5.83889599e+03 9.45610080e+03
5.84039602e+03 9.53815808e+03
5.84189606e+03 9.62214109e+03
5.84339610e+03 9.70812601e+03
5.84489614e+03 9.79619325e+03
5.84639617e+03 9.88642774e+03
5.84789621e+03 9.97891927e+03
5.84939625e+03 1.00737629e+04
5.85089629e+03 1.01710591e+04
5.85239632e+03 1.02709147e+04
5.85389636e+03 1.03734427e+04
5.85539640e+03 1.04787633e+04
5.85689644e+03 1.05870042e+04
5.85839647e+03 1.06983013e+04
5.85989651e+03 1.08127993e+04
5.86139655e+03 1.09306523e+04
5.86289659e+03 1.10520249e+04
5.86439662e+03 1.11770931e+04
5.86589666e+03 1.13060451e+04
5.86739670e+03 1.14390825e+04
5.86889674e+03 1.15764222e+04
5.87039677e+03 1.17182971e+04
5.87189681e+03 1.18649592e+04
5.87339685e+03 1.20166809e+04
5.87489689e+03 1.21737585e+04
5.87639692e+03 1.23365151e+04
5.87789696e+03 1.25053045e+04
5.87939700e+03 1.26805158e+04
5.88089704e+03 1.28625780e+04
5.88239707e+03 1.30519652e+04
5.88389711e+03 1.32492013e+04
5.88539715e+03 1.34548641e+04
5.88689719e+03 1.36695875e+04
5.88839722e+03 1.38940605e+04
5.88989726e+03 1.41290210e+04
5.89139730e+03 1.43752437e+04
5.89289734e+03 1.46335175e+04
5.89439737e+03 1.49046146e+04
5.89589741e+03 1.51892466e+04
5.89739745e+03 1.54880124e+04
5.89889749e+03 1.58013426e+04
5.90039752e+03 1.61294511e+04
5.90189756e+03 1.64723167e+04
5.90339760e+03 1.68297258e+04
5.90489764e+03 1.72014255e+04
5.90639767e+03 1.75874558e+04
5.90789771e+03 1.79887478e+04
5.90939775e+03 1.84080967e+04
5.91089779e+03 1.88516307e+04
5.91239782e+03 1.93308925e+04
5.91389786e+03 1.98656224e+04
5.91539790e+03 2.04872538e+04
5.91689794e+03 2.12429900e+04
5.91839797e+03 2.22000879e+04
5.91989801e+03 2.34496140e+04
5.92139805e+03 2.51084142e+04
5.92289809e+03 2.73173535e+04
5.92439812e+03 3.02330201e+04
5.92589816e+03 3.40091136e+04
5.92739820e+03 3.87627496e+04
5.92889824e+03 4.45201457e+04
5.93039827e+03 5.11360340e+04
5.93189831e+03 5.81827121e+04
5.93339835e+03 6.48115382e+04
5.93489839e+03 6.96179990e+04
5.93639842e+03 7.06620414e+04
5.93789846e+03 6.62443481e+04
5.93939850e+03 5.77188014e+04
5.94089854e+03 5.11600804e+04
5.94239857e+03 4.96740852e+04
5.94389861e+03 5.17618088e+04
5.94539865e+03 5.55996448e+04
5.94689869e+03 6.01299912e+04
5.94839872e+03 6.48478386e+04
5.94989876e+03 6.95371172e+04
5.95139880e+03 7.41174023e+04
5.95289884e+03 7.85680310e+04
5.95439887e+03 8.28929584e+04
5.95589891e+03 8.71051564e+04
5.95739895e+03 9.12199858e+04
5.95889899e+03 9.52525746e+04
5.96039902e+03 9.92169329e+04
5.96189906e+03 1.03125791e+05
5.96339910e+03 1.06990715e+05
5.96489914e+03 1.10822319e+05
5.96639917e+03 1.14630485e+05
5.96789921e+03 1.18424582e+05
5.96939925e+03 1.22213665e+05
5.97089929e+03 1.26006665e+05
5.97239932e+03 1.29812574e+05
5.97389936e+03 1.33640642e+05
5.97539940e+03 1.37500577e+05
5.97689944e+03 1.41402789e+05
5.97839947e+03 1.45358669e+05
5.97989951e+03 1.49380943e+05
5.98139955e+03 1.53484124e+05
5.98289959e+03 1.57685127e+05
5.98439962e+03 1.62004101e+05
5.98589966e+03 1.66465641e+05
5.98739970e+03 1.71100564e+05
5.98889974e+03 1.75948679e+05
5.99039977e+03 1.81063280e+05
5.99189981e+03 1.86518966e+05
5.99339985e+03 1.92426375e+05
5.99489989e+03 1.98963365e+05
5.99639992e+03 2.06453072e+05
5.99789996e+03 2.15622310e+05
5.99940000e+03 2.29221220e+05
