# Data file for U(x)
# mu = 31.639992174893337
# omB = 12.32
# Columns:
# 1) x
# 2) U(x)
# 
-3.99960000e+03 2.04710265e+05
-3.99759970e+03 1.84501631e+05
-3.99559940e+03 1.72070752e+05
-3.99359910e+03 1.61999694e+05
-3.99159880e+03 1.53169365e+05
-3.98959850e+03 1.45108407e+05
-3.98759820e+03 1.37561207e+05
-3.98559790e+03 1.30367238e+05
-3.98359760e+03 1.23414474e+05
-3.98159730e+03 1.16617573e+05
-3.97959700e+03 1.09906104e+05
-3.97759670e+03 1.03217470e+05
-3.97559640e+03 9.64924889e+04
-3.97359610e+03 8.96736349e+04
-3.97159580e+03 8.27087912e+04
-3.96959550e+03 7.55705321e+04
-3.96759520e+03 6.83205927e+04
-3.96559490e+03 6.13015411e+04
-3.96359460e+03 5.56551028e+04
-3.96159430e+03 5.44357304e+04
-3.95959400e+03 6.25837775e+04
-3.95759370e+03 7.45643949e+04
-3.95559340e+03 7.63438677e+04
-3.95359310e+03 6.94565873e+04
-3.95159280e+03 5.92078936e+04
-3.94959250e+03 4.90135139e+04
-3.94759220e+03 4.04309431e+04
-3.94559190e+03 3.38704215e+04
-3.94359160e+03 2.91597971e+04
-3.94159130e+03 2.59038554e+04
-3.93959100e+03 2.36826448e+04
-3.93759070e+03 2.21420232e+04
-3.93559040e+03 2.10204118e+04
-3.93359010e+03 2.01429898e+04
-3.93158980e+03 1.94030116e+04
-3.92958950e+03 1.87411549e+04
-3.92758920e+03 1.81279458e+04
-3.92558890e+03 1.75508255e+04
-3.92358860e+03 1.70056347e+04
-3.92158830e+03 1.64915769e+04
-3.91958800e+03 1.60085940e+04
-3.91758770e+03 1.55562432e+04
-3.91558740e+03 1.51334023e+04
-3.91358710e+03 1.47383645e+04
-3.91158680e+03 1.43690628e+04
-3.90958650e+03 1.40232943e+04
-3.90758620e+03 1.36988901e+04
-3.90558590e+03 1.33938226e+04
-3.90358560e+03 1.31062574e+04
-3.90158530e+03 1.28345679e+04
-3.89958500e+03 1.25773268e+04
-3.89758470e+03 1.23332852e+04
-3.89558440e+03 1.21013484e+04
-3.89358410e+03 1.18805525e+04
-3.89158380e+03 1.16700431e+04
-3.88958350e+03 1.14690583e+04
-3.88758320e+03 1.12769144e+04
-3.88558290e+03 1.10929946e+04
-3.88358260e+03 1.09167404e+04
-3.88158230e+03 1.07476437e+04
-3.87958200e+03 1.05852416e+04
-3.87758170e+03 1.04291110e+04
-3.87558140e+03 1.02788642e+04
-3.87358110e+03 1.01341458e+04
-3.87158080e+03 9.99462863e+03
-3.86958050e+03 9.86001178e+03
-3.86758020e+03 9.73001751e+03
-3.86557989e+03 9.60438922e+03
-3.86357959e+03 9.48288942e+03
-3.86157929e+03 9.36529799e+03
-3.85957899e+03 9.25141060e+03
-3.85757869e+03 9.14103725e+03
-3.85557839e+03 9.03400107e+03
-3.85357809e+03 8.93013718e+03
-3.85157779e+03 8.82929164e+03
-3.84957749e+03 8.73132058e+03
-3.84757719e+03 8.63608936e+03
-3.84557689e+03 8.54347186e+03
-3.84357659e+03 8.45334975e+03
-3.84157629e+03 8.36561195e+03
-3.83957599e+03 8.28015404e+03
-3.83757569e+03 8.19687777e+03
-3.83557539e+03 8.11569061e+03
-3.83357509e+03 8.03650533e+03
-3.83157479e+03 7.95923962e+03
-3.82957449e+03 7.88381574e+03
-3.82757419e+03 7.81016021e+03
-3.82557389e+03 7.73820352e+03
-3.82357359e+03 7.66787985e+03
-3.82157329e+03 7.59912684e+03
-3.81957299e+03 7.53188535e+03
-3.81757269e+03 7.46609927e+03
-3.81557239e+03 7.40171529e+03
-3.81357209e+03 7.33868276e+03
-3.81157179e+03 7.27695353e+03
-3.80957149e+03 7.21648176e+03
-3.80757119e+03 7.15722379e+03
-3.80557089e+03 7.09913804e+03
-3.80357059e+03 7.04218486e+03
-3.80157029e+03 6.98632642e+03
-3.79956999e+03 6.93152661e+03
-3.79756969e+03 6.87775094e+03
-3.79556939e+03 6.82496647e+03
-3.79356909e+03 6.77314166e+03
-3.79156879e+03 6.72224638e+03
-3.78956849e+03 6.67225177e+03
-3.78756819e+03 6.62313020e+03
-3.78556789e+03 6.57485519e+03
-3.78356759e+03 6.52740136e+03
-3.78156729e+03 6.48074437e+03
-3.77956699e+03 6.43486087e+03
-3.77756669e+03 6.38972844e+03
-3.77556639e+03 6.34532555e+03
-3.77356609e+03 6.30163152e+03
-3.77156579e+03 6.25862647e+03
-3.76956549e+03 6.21629127e+03
-3.76756519e+03 6.17460755e+03
-3.76556489e+03 6.13355759e+03
-3.76356459e+03 6.09312438e+03
-3.76156429e+03 6.05329149e+03
-3.75956399e+03 6.01404313e+03
-3.75756369e+03 5.97536404e+03
-3.75556339e+03 5.93723956e+03
-3.75356309e+03 5.89965550e+03
-3.75156279e+03 5.86259819e+03
-3.74956249e+03 5.82605445e+03
-3.74756219e+03 5.79001153e+03
-3.74556189e+03 5.75445713e+03
-3.74356159e+03 5.71937937e+03
-3.74156129e+03 5.68476676e+03
-3.73956099e+03 5.65060820e+03
-3.73756069e+03 5.61689295e+03
-3.73556039e+03 5.58361061e+03
-3.73356009e+03 5.55075115e+03
-3.73155979e+03 5.51830484e+03
-3.72955949e+03 5.48626225e+03
-3.72755919e+03 5.45461427e+03
-3.72555889e+03 5.42335207e+03
-3.72355859e+03 5.39246708e+03
-3.72155829e+03 5.36195101e+03
-3.71955799e+03 5.33179582e+03
-3.71755769e+03 5.30199371e+03
-3.71555739e+03 5.27253711e+03
-3.71355709e+03 5.24341869e+03
-3.71155679e+03 5.21463132e+03
-3.70955649e+03 5.18616808e+03
-3.70755619e+03 5.15802228e+03
-3.70555589e+03 5.13018739e+03
-3.70355559e+03 5.10265708e+03
-3.70155529e+03 5.07542519e+03
-3.69955499e+03 5.04848575e+03
-3.69755469e+03 5.02183296e+03
-3.69555439e+03 4.99546115e+03
-3.69355409e+03 4.96936484e+03
-3.69155379e+03 4.94353869e+03
-3.68955349e+03 4.91797750e+03
-3.68755319e+03 4.89267620e+03
-3.68555289e+03 4.86762989e+03
-3.68355259e+03 4.84283376e+03
-3.68155229e+03 4.81828316e+03
-3.67955199e+03 4.79397353e+03
-3.67755169e+03 4.76990047e+03
-3.67555139e+03 4.74605965e+03
-3.67355109e+03 4.72244687e+03
-3.67155079e+03 4.69905806e+03
-3.66955049e+03 4.67588921e+03
-3.66755019e+03 4.65293644e+03
-3.66554989e+03 4.63019595e+03
-3.66354959e+03 4.60766405e+03
-3.66154929e+03 4.58533714e+03
-3.65954899e+03 4.56321169e+03
-3.65754869e+03 4.54128427e+03
-3.65554839e+03 4.51955154e+03
-3.65354809e+03 4.49801021e+03
-3.65154779e+03 4.47665711e+03
-3.64954749e+03 4.45548911e+03
-3.64754719e+03 4.43450317e+03
-3.64554689e+03 4.41369632e+03
-3.64354659e+03 4.39306565e+03
-3.64154629e+03 4.37260834e+03
-3.63954599e+03 4.35232160e+03
-3.63754569e+03 4.33220273e+03
-3.63554539e+03 4.31224909e+03
-3.63354509e+03 4.29245809e+03
-3.63154479e+03 4.27282719e+03
-3.62954449e+03 4.25335392e+03
-3.62754419e+03 4.23403587e+03
-3.62554389e+03 4.21487067e+03
-3.62354359e+03 4.19585601e+03
-3.62154329e+03 4.17698962e+03
-3.61954299e+03 4.15826929e+03
-3.61754269e+03 4.13969285e+03
-3.61554239e+03 4.12125817e+03
-3.61354209e+03 4.10296319e+03
-3.61154179e+03 4.08480587e+03
-3.60954149e+03 4.06678421e+03
-3.60754119e+03 4.04889628e+03
-3.60554089e+03 4.03114016e+03
-3.60354059e+03 4.01351398e+03
-3.60154029e+03 3.99601591e+03
-3.59953998e+03 3.97864416e+03
-3.59753968e+03 3.96139697e+03
-3.59553938e+03 3.94427262e+03
-3.59353908e+03 3.92726942e+03
-3.59153878e+03 3.91038571e+03
-3.58953848e+03 3.89361988e+03
-3.58753818e+03 3.87697034e+03
-3.58553788e+03 3.86043552e+03
-3.58353758e+03 3.84401389e+03
-3.58153728e+03 3.82770397e+03
-3.57953698e+03 3.81150428e+03
-3.57753668e+03 3.79541337e+03
-3.57553638e+03 3.77942984e+03
-3.57353608e+03 3.76355229e+03
-3.57153578e+03 3.74777937e+03
-3.56953548e+03 3.73210974e+03
-3.56753518e+03 3.71654209e+03
-3.56553488e+03 3.70107512e+03
-3.56353458e+03 3.68570759e+03
-3.56153428e+03 3.67043824e+03
-3.55953398e+03 3.65526586e+03
-3.55753368e+03 3.64018926e+03
-3.55553338e+03 3.62520727e+03
-3.55353308e+03 3.61031872e+03
-3.55153278e+03 3.59552249e+03
-3.54953248e+03 3.58081747e+03
-3.54753218e+03 3.56620257e+03
-3.54553188e+03 3.55167670e+03
-3.54353158e+03 3.53723883e+03
-3.54153128e+03 3.52288791e+03
-3.53953098e+03 3.50862292e+03
-3.53753068e+03 3.49444287e+03
-3.53553038e+03 3.48034677e+03
-3.53353008e+03 3.46633366e+03
-3.53152978e+03 3.45240258e+03
-3.52952948e+03 3.43855261e+03
-3.52752918e+03 3.42478283e+03
-3.52552888e+03 3.41109233e+03
-3.52352858e+03 3.39748022e+03
-3.52152828e+03 3.38394564e+03
-3.51952798e+03 3.37048773e+03
-3.51752768e+03 3.35710564e+03
-3.51552738e+03 3.34379854e+03
-3.51352708e+03 3.33056561e+03
-3.51152678e+03 3.31740606e+03
-3.50952648e+03 3.30431908e+03
-3.50752618e+03 3.29130392e+03
-3.50552588e+03 3.27835979e+03
-3.50352558e+03 3.26548594e+03
-3.50152528e+03 3.25268164e+03
-3.49952498e+03 3.23994616e+03
-3.49752468e+03 3.22727877e+03
-3.49552438e+03 3.21467878e+03
-3.49352408e+03 3.20214548e+03
-3.49152378e+03 3.18967819e+03
-3.48952348e+03 3.17727624e+03
-3.48752318e+03 3.16493896e+03
-3.48552288e+03 3.15266570e+03
-3.48352258e+03 3.14045581e+03
-3.48152228e+03 3.12830866e+03
-3.47952198e+03 3.11622363e+03
-3.47752168e+03 3.10420010e+03
-3.47552138e+03 3.09223747e+03
-3.47352108e+03 3.08033514e+03
-3.47152078e+03 3.06849252e+03
-3.46952048e+03 3.05670903e+03
-3.46752018e+03 3.04498410e+03
-3.46551988e+03 3.03331716e+03
-3.46351958e+03 3.02170768e+03
-3.46151928e+03 3.01015509e+03
-3.45951898e+03 2.99865886e+03
-3.45751868e+03 2.98721847e+03
-3.45551838e+03 2.97583338e+03
-3.45351808e+03 2.96450308e+03
-3.45151778e+03 2.95322706e+03
-3.44951748e+03 2.94200483e+03
-3.44751718e+03 2.93083589e+03
-3.44551688e+03 2.91971975e+03
-3.44351658e+03 2.90865594e+03
-3.44151628e+03 2.89764397e+03
-3.43951598e+03 2.88668339e+03
-3.43751568e+03 2.87577373e+03
-3.43551538e+03 2.86491454e+03
-3.43351508e+03 2.85410537e+03
-3.43151478e+03 2.84334578e+03
-3.42951448e+03 2.83263534e+03
-3.42751418e+03 2.82197361e+03
-3.42551388e+03 2.81136017e+03
-3.42351358e+03 2.80079460e+03
-3.42151328e+03 2.79027650e+03
-3.41951298e+03 2.77980544e+03
-3.41751268e+03 2.76938104e+03
-3.41551238e+03 2.75900290e+03
-3.41351208e+03 2.74867062e+03
-3.41151178e+03 2.73838382e+03
-3.40951148e+03 2.72814212e+03
-3.40751118e+03 2.71794514e+03
-3.40551088e+03 2.70779251e+03
-3.40351058e+03 2.69768386e+03
-3.40151028e+03 2.68761884e+03
-3.39950998e+03 2.67759709e+03
-3.39750968e+03 2.66761825e+03
-3.39550938e+03 2.65768198e+03
-3.39350908e+03 2.64778793e+03
-3.39150878e+03 2.63793577e+03
-3.38950848e+03 2.62812516e+03
-3.38750818e+03 2.61835577e+03
-3.38550788e+03 2.60862727e+03
-3.38350758e+03 2.59893934e+03
-3.38150728e+03 2.58929167e+03
-3.37950698e+03 2.57968393e+03
-3.37750668e+03 2.57011582e+03
-3.37550638e+03 2.56058704e+03
-3.37350608e+03 2.55109727e+03
-3.37150578e+03 2.54164623e+03
-3.36950548e+03 2.53223360e+03
-3.36750518e+03 2.52285911e+03
-3.36550488e+03 2.51352247e+03
-3.36350458e+03 2.50422338e+03
-3.36150428e+03 2.49496157e+03
-3.35950398e+03 2.48573676e+03
-3.35750368e+03 2.47654867e+03
-3.35550338e+03 2.46739704e+03
-3.35350308e+03 2.45828159e+03
-3.35150278e+03 2.44920206e+03
-3.34950248e+03 2.44015819e+03
-3.34750218e+03 2.43114972e+03
-3.34550188e+03 2.42217639e+03
-3.34350158e+03 2.41323795e+03
-3.34150128e+03 2.40433415e+03
-3.33950098e+03 2.39546474e+03
-3.33750068e+03 2.38662948e+03
-3.33550038e+03 2.37782812e+03
-3.33350008e+03 2.36906043e+03
-3.33149977e+03 2.36032618e+03
-3.32949947e+03 2.35162512e+03
-3.32749917e+03 2.34295703e+03
-3.32549887e+03 2.33432168e+03
-3.32349857e+03 2.32571884e+03
-3.32149827e+03 2.31714829e+03
-3.31949797e+03 2.30860982e+03
-3.31749767e+03 2.30010319e+03
-3.31549737e+03 2.29162820e+03
-3.31349707e+03 2.28318464e+03
-3.31149677e+03 2.27477229e+03
-3.30949647e+03 2.26639094e+03
-3.30749617e+03 2.25804039e+03
-3.30549587e+03 2.24972043e+03
-3.30349557e+03 2.24143086e+03
-3.30149527e+03 2.23317148e+03
-3.29949497e+03 2.22494210e+03
-3.29749467e+03 2.21674252e+03
-3.29549437e+03 2.20857255e+03
-3.29349407e+03 2.20043198e+03
-3.29149377e+03 2.19232065e+03
-3.28949347e+03 2.18423835e+03
-3.28749317e+03 2.17618490e+03
-3.28549287e+03 2.16816013e+03
-3.28349257e+03 2.16016384e+03
-3.28149227e+03 2.15219586e+03
-3.27949197e+03 2.14425602e+03
-3.27749167e+03 2.13634413e+03
-3.27549137e+03 2.12846002e+03
-3.27349107e+03 2.12060352e+03
-3.27149077e+03 2.11277447e+03
-3.26949047e+03 2.10497268e+03
-3.26749017e+03 2.09719800e+03
-3.26548987e+03 2.08945026e+03
-3.26348957e+03 2.08172930e+03
-3.26148927e+03 2.07403495e+03
-3.25948897e+03 2.06636706e+03
-3.25748867e+03 2.05872546e+03
-3.25548837e+03 2.05111000e+03
-3.25348807e+03 2.04352053e+03
-3.25148777e+03 2.03595689e+03
-3.24948747e+03 2.02841893e+03
-3.24748717e+03 2.02090650e+03
-3.24548687e+03 2.01341945e+03
-3.24348657e+03 2.00595762e+03
-3.24148627e+03 1.99852089e+03
-3.23948597e+03 1.99110909e+03
-3.23748567e+03 1.98372210e+03
-3.23548537e+03 1.97635976e+03
-3.23348507e+03 1.96902193e+03
-3.23148477e+03 1.96170849e+03
-3.22948447e+03 1.95441928e+03
-3.22748417e+03 1.94715417e+03
-3.22548387e+03 1.93991303e+03
-3.22348357e+03 1.93269573e+03
-3.22148327e+03 1.92550212e+03
-3.21948297e+03 1.91833209e+03
-3.21748267e+03 1.91118549e+03
-3.21548237e+03 1.90406221e+03
-3.21348207e+03 1.89696211e+03
-3.21148177e+03 1.88988507e+03
-3.20948147e+03 1.88283096e+03
-3.20748117e+03 1.87579966e+03
-3.20548087e+03 1.86879105e+03
-3.20348057e+03 1.86180500e+03
-3.20148027e+03 1.85484139e+03
-3.19947997e+03 1.84790011e+03
-3.19747967e+03 1.84098104e+03
-3.19547937e+03 1.83408406e+03
-3.19347907e+03 1.82720905e+03
-3.19147877e+03 1.82035589e+03
-3.18947847e+03 1.81352449e+03
-3.18747817e+03 1.80671471e+03
-3.18547787e+03 1.79992646e+03
-3.18347757e+03 1.79315962e+03
-3.18147727e+03 1.78641407e+03
-3.17947697e+03 1.77968972e+03
-3.17747667e+03 1.77298645e+03
-3.17547637e+03 1.76630415e+03
-3.17347607e+03 1.75964273e+03
-3.17147577e+03 1.75300208e+03
-3.16947547e+03 1.74638208e+03
-3.16747517e+03 1.73978265e+03
-3.16547487e+03 1.73320367e+03
-3.16347457e+03 1.72664505e+03
-3.16147427e+03 1.72010668e+03
-3.15947397e+03 1.71358848e+03
-3.15747367e+03 1.70709032e+03
-3.15547337e+03 1.70061213e+03
-3.15347307e+03 1.69415381e+03
-3.15147277e+03 1.68771525e+03
-3.14947247e+03 1.68129636e+03
-3.14747217e+03 1.67489706e+03
-3.14547187e+03 1.66851724e+03
-3.14347157e+03 1.66215681e+03
-3.14147127e+03 1.65581568e+03
-3.13947097e+03 1.64949377e+03
-3.13747067e+03 1.64319097e+03
-3.13547037e+03 1.63690720e+03
-3.13347007e+03 1.63064238e+03
-3.13146977e+03 1.62439641e+03
-3.12946947e+03 1.61816921e+03
-3.12746917e+03 1.61196069e+03
-3.12546887e+03 1.60577076e+03
-3.12346857e+03 1.59959935e+03
-3.12146827e+03 1.59344636e+03
-3.11946797e+03 1.58731171e+03
-3.11746767e+03 1.58119532e+03
-3.11546737e+03 1.57509712e+03
-3.11346707e+03 1.56901701e+03
-3.11146677e+03 1.56295491e+03
-3.10946647e+03 1.55691075e+03
-3.10746617e+03 1.55088445e+03
-3.10546587e+03 1.54487592e+03
-3.10346557e+03 1.53888510e+03
-3.10146527e+03 1.53291190e+03
-3.09946497e+03 1.52695625e+03
-3.09746467e+03 1.52101806e+03
-3.09546437e+03 1.51509727e+03
-3.09346407e+03 1.50919380e+03
-3.09146377e+03 1.50330758e+03
-3.08946347e+03 1.49743853e+03
-3.08746317e+03 1.49158657e+03
-3.08546287e+03 1.48575165e+03
-3.08346257e+03 1.47993368e+03
-3.08146227e+03 1.47413259e+03
-3.07946197e+03 1.46834832e+03
-3.07746167e+03 1.46258079e+03
-3.07546137e+03 1.45682993e+03
-3.07346107e+03 1.45109568e+03
-3.07146077e+03 1.44537797e+03
-3.06946047e+03 1.43967672e+03
-3.06746017e+03 1.43399188e+03
-3.06545986e+03 1.42832337e+03
-3.06345956e+03 1.42267113e+03
-3.06145926e+03 1.41703509e+03
-3.05945896e+03 1.41141519e+03
-3.05745866e+03 1.40581137e+03
-3.05545836e+03 1.40022355e+03
-3.05345806e+03 1.39465168e+03
-3.05145776e+03 1.38909569e+03
-3.04945746e+03 1.38355552e+03
-3.04745716e+03 1.37803111e+03
-3.04545686e+03 1.37252240e+03
-3.04345656e+03 1.36702932e+03
-3.04145626e+03 1.36155182e+03
-3.03945596e+03 1.35608983e+03
-3.03745566e+03 1.35064329e+03
-3.03545536e+03 1.34521215e+03
-3.03345506e+03 1.33979635e+03
-3.03145476e+03 1.33439583e+03
-3.02945446e+03 1.32901053e+03
-3.02745416e+03 1.32364039e+03
-3.02545386e+03 1.31828536e+03
-3.02345356e+03 1.31294537e+03
-3.02145326e+03 1.30762039e+03
-3.01945296e+03 1.30231034e+03
-3.01745266e+03 1.29701517e+03
-3.01545236e+03 1.29173483e+03
-3.01345206e+03 1.28646927e+03
-3.01145176e+03 1.28121843e+03
-3.00945146e+03 1.27598225e+03
-3.00745116e+03 1.27076069e+03
-3.00545086e+03 1.26555369e+03
-3.00345056e+03 1.26036119e+03
-3.00145026e+03 1.25518316e+03
-2.99944996e+03 1.25001952e+03
-2.99744966e+03 1.24487025e+03
-2.99544936e+03 1.23973527e+03
-2.99344906e+03 1.23461455e+03
-2.99144876e+03 1.22950804e+03
-2.98944846e+03 1.22441567e+03
-2.98744816e+03 1.21933741e+03
-2.98544786e+03 1.21427321e+03
-2.98344756e+03 1.20922301e+03
-2.98144726e+03 1.20418677e+03
-2.97944696e+03 1.19916445e+03
-2.97744666e+03 1.19415598e+03
-2.97544636e+03 1.18916134e+03
-2.97344606e+03 1.18418046e+03
-2.97144576e+03 1.17921331e+03
-2.96944546e+03 1.17425984e+03
-2.96744516e+03 1.16932000e+03
-2.96544486e+03 1.16439375e+03
-2.96344456e+03 1.15948103e+03
-2.96144426e+03 1.15458182e+03
-2.95944396e+03 1.14969606e+03
-2.95744366e+03 1.14482371e+03
-2.95544336e+03 1.13996472e+03
-2.95344306e+03 1.13511906e+03
-2.95144276e+03 1.13028668e+03
-2.94944246e+03 1.12546753e+03
-2.94744216e+03 1.12066158e+03
-2.94544186e+03 1.11586878e+03
-2.94344156e+03 1.11108909e+03
-2.94144126e+03 1.10632247e+03
-2.93944096e+03 1.10156888e+03
-2.93744066e+03 1.09682827e+03
-2.93544036e+03 1.09210062e+03
-2.93344006e+03 1.08738587e+03
-2.93143976e+03 1.08268398e+03
-2.92943946e+03 1.07799493e+03
-2.92743916e+03 1.07331866e+03
-2.92543886e+03 1.06865514e+03
-2.92343856e+03 1.06400433e+03
-2.92143826e+03 1.05936619e+03
-2.91943796e+03 1.05474069e+03
-2.91743766e+03 1.05012778e+03
-2.91543736e+03 1.04552743e+03
-2.91343706e+03 1.04093959e+03
-2.91143676e+03 1.03636425e+03
-2.90943646e+03 1.03180135e+03
-2.90743616e+03 1.02725086e+03
-2.90543586e+03 1.02271274e+03
-2.90343556e+03 1.01818696e+03
-2.90143526e+03 1.01367349e+03
-2.89943496e+03 1.00917228e+03
-2.89743466e+03 1.00468330e+03
-2.89543436e+03 1.00020652e+03
-2.89343406e+03 9.95741899e+02
-2.89143376e+03 9.91289407e+02
-2.88943346e+03 9.86849008e+02
-2.88743316e+03 9.82420668e+02
-2.88543286e+03 9.78004353e+02
-2.88343256e+03 9.73600031e+02
-2.88143226e+03 9.69207667e+02
-2.87943196e+03 9.64827229e+02
-2.87743166e+03 9.60458685e+02
-2.87543136e+03 9.56102001e+02
-2.87343106e+03 9.51757145e+02
-2.87143076e+03 9.47424086e+02
-2.86943046e+03 9.43102791e+02
-2.86743016e+03 9.38793229e+02
-2.86542986e+03 9.34495368e+02
-2.86342956e+03 9.30209179e+02
-2.86142926e+03 9.25934629e+02
-2.85942896e+03 9.21671688e+02
-2.85742866e+03 9.17420325e+02
-2.85542836e+03 9.13180511e+02
-2.85342806e+03 9.08952216e+02
-2.85142776e+03 9.04735409e+02
-2.84942746e+03 9.00530061e+02
-2.84742716e+03 8.96336143e+02
-2.84542686e+03 8.92153626e+02
-2.84342656e+03 8.87982480e+02
-2.84142626e+03 8.83822678e+02
-2.83942596e+03 8.79674190e+02
-2.83742566e+03 8.75536988e+02
-2.83542536e+03 8.71411045e+02
-2.83342506e+03 8.67296333e+02
-2.83142476e+03 8.63192823e+02
-2.82942446e+03 8.59100488e+02
-2.82742416e+03 8.55019302e+02
-2.82542386e+03 8.50949236e+02
-2.82342356e+03 8.46890265e+02
-2.82142326e+03 8.42842362e+02
-2.81942296e+03 8.38805500e+02
-2.81742266e+03 8.34779652e+02
-2.81542236e+03 8.30764794e+02
-2.81342206e+03 8.26760898e+02
-2.81142176e+03 8.22767940e+02
-2.80942146e+03 8.18785894e+02
-2.80742116e+03 8.14814734e+02
-2.80542086e+03 8.10854436e+02
-2.80342056e+03 8.06904974e+02
-2.80142026e+03 8.02966324e+02
-2.79941995e+03 7.99038462e+02
-2.79741965e+03 7.95121363e+02
-2.79541935e+03 7.91215002e+02
-2.79341905e+03 7.87319356e+02
-2.79141875e+03 7.83434401e+02
-2.78941845e+03 7.79560114e+02
-2.78741815e+03 7.75696471e+02
-2.78541785e+03 7.71843448e+02
-2.78341755e+03 7.68001023e+02
-2.78141725e+03 7.64169173e+02
-2.77941695e+03 7.60347874e+02
-2.77741665e+03 7.56537105e+02
-2.77541635e+03 7.52736843e+02
-2.77341605e+03 7.48947066e+02
-2.77141575e+03 7.45167752e+02
-2.76941545e+03 7.41398879e+02
-2.76741515e+03 7.37640424e+02
-2.76541485e+03 7.33892368e+02
-2.76341455e+03 7.30154688e+02
-2.76141425e+03 7.26427363e+02
-2.75941395e+03 7.22710372e+02
-2.75741365e+03 7.19003694e+02
-2.75541335e+03 7.15307309e+02
-2.75341305e+03 7.11621196e+02
-2.75141275e+03 7.07945334e+02
-2.74941245e+03 7.04279704e+02
-2.74741215e+03 7.00624286e+02
-2.74541185e+03 6.96979058e+02
-2.74341155e+03 6.93344003e+02
-2.74141125e+03 6.89719099e+02
-2.73941095e+03 6.86104329e+02
-2.73741065e+03 6.82499672e+02
-2.73541035e+03 6.78905109e+02
-2.73341005e+03 6.75320622e+02
-2.73140975e+03 6.71746192e+02
-2.72940945e+03 6.68181800e+02
-2.72740915e+03 6.64627427e+02
-2.72540885e+03 6.61083056e+02
-2.72340855e+03 6.57548668e+02
-2.72140825e+03 6.54024245e+02
-2.71940795e+03 6.50509769e+02
-2.71740765e+03 6.47005223e+02
-2.71540735e+03 6.43510588e+02
-2.71340705e+03 6.40025849e+02
-2.71140675e+03 6.36550987e+02
-2.70940645e+03 6.33085985e+02
-2.70740615e+03 6.29630826e+02
-2.70540585e+03 6.26185494e+02
-2.70340555e+03 6.22749971e+02
-2.70140525e+03 6.19324242e+02
-2.69940495e+03 6.15908290e+02
-2.69740465e+03 6.12502098e+02
-2.69540435e+03 6.09105651e+02
-2.69340405e+03 6.05718933e+02
-2.69140375e+03 6.02341928e+02
-2.68940345e+03 5.98974619e+02
-2.68740315e+03 5.95616993e+02
-2.68540285e+03 5.92269033e+02
-2.68340255e+03 5.88930724e+02
-2.68140225e+03 5.85602051e+02
-2.67940195e+03 5.82282999e+02
-2.67740165e+03 5.78973554e+02
-2.67540135e+03 5.75673701e+02
-2.67340105e+03 5.72383424e+02
-2.67140075e+03 5.69102711e+02
-2.66940045e+03 5.65831546e+02
-2.66740015e+03 5.62569915e+02
-2.66539985e+03 5.59317805e+02
-2.66339955e+03 5.56075202e+02
-2.66139925e+03 5.52842092e+02
-2.65939895e+03 5.49618461e+02
-2.65739865e+03 5.46404297e+02
-2.65539835e+03 5.43199585e+02
-2.65339805e+03 5.40004314e+02
-2.65139775e+03 5.36818469e+02
-2.64939745e+03 5.33642037e+02
-2.64739715e+03 5.30475008e+02
-2.64539685e+03 5.27317366e+02
-2.64339655e+03 5.24169101e+02
-2.64139625e+03 5.21030200e+02
-2.63939595e+03 5.17900651e+02
-2.63739565e+03 5.14780441e+02
-2.63539535e+03 5.11669559e+02
-2.63339505e+03 5.08567994e+02
-2.63139475e+03 5.05475732e+02
-2.62939445e+03 5.02392764e+02
-2.62739415e+03 4.99319077e+02
-2.62539385e+03 4.96254661e+02
-2.62339355e+03 4.93199503e+02
-2.62139325e+03 4.90153595e+02
-2.61939295e+03 4.87116923e+02
-2.61739265e+03 4.84089479e+02
-2.61539235e+03 4.81071251e+02
-2.61339205e+03 4.78062228e+02
-2.61139175e+03 4.75062402e+02
-2.60939145e+03 4.72071760e+02
-2.60739115e+03 4.69090295e+02
-2.60539085e+03 4.66117995e+02
-2.60339055e+03 4.63154850e+02
-2.60139025e+03 4.60200852e+02
-2.59938995e+03 4.57255991e+02
-2.59738965e+03 4.54320257e+02
-2.59538935e+03 4.51393641e+02
-2.59338905e+03 4.48476135e+02
-2.59138875e+03 4.45567728e+02
-2.58938845e+03 4.42668413e+02
-2.58738815e+03 4.39778181e+02
-2.58538785e+03 4.36897023e+02
-2.58338755e+03 4.34024931e+02
-2.58138725e+03 4.31161897e+02
-2.57938695e+03 4.28307912e+02
-2.57738665e+03 4.25462968e+02
-2.57538635e+03 4.22627058e+02
-2.57338605e+03 4.19800174e+02
-2.57138575e+03 4.16982308e+02
-2.56938545e+03 4.14173453e+02
-2.56738515e+03 4.11373602e+02
-2.56538485e+03 4.08582747e+02
-2.56338455e+03 4.05800882e+02
-2.56138425e+03 4.03027999e+02
-2.55938395e+03 4.00264091e+02
-2.55738365e+03 3.97509153e+02
-2.55538335e+03 3.94763178e+02
-2.55338305e+03 3.92026158e+02
-2.55138275e+03 3.89298089e+02
-2.54938245e+03 3.86578964e+02
-2.54738215e+03 3.83868777e+02
-2.54538185e+03 3.81167522e+02
-2.54338155e+03 3.78475194e+02
-2.54138125e+03 3.75791787e+02
-2.53938095e+03 3.73117296e+02
-2.53738065e+03 3.70451716e+02
-2.53538035e+03 3.67795041e+02
-2.53338005e+03 3.65147267e+02
-2.53137974e+03 3.62508388e+02
-2.52937944e+03 3.59878401e+02
-2.52737914e+03 3.57257300e+02
-2.52537884e+03 3.54645082e+02
-2.52337854e+03 3.52041742e+02
-2.52137824e+03 3.49447276e+02
-2.51937794e+03 3.46861680e+02
-2.51737764e+03 3.44284951e+02
-2.51537734e+03 3.41717085e+02
-2.51337704e+03 3.39158077e+02
-2.51137674e+03 3.36607926e+02
-2.50937644e+03 3.34066628e+02
-2.50737614e+03 3.31534180e+02
-2.50537584e+03 3.29010579e+02
-2.50337554e+03 3.26495822e+02
-2.50137524e+03 3.23989907e+02
-2.49937494e+03 3.21492831e+02
-2.49737464e+03 3.19004593e+02
-2.49537434e+03 3.16525190e+02
-2.49337404e+03 3.14054620e+02
-2.49137374e+03 3.11592881e+02
-2.48937344e+03 3.09139973e+02
-2.48737314e+03 3.06695893e+02
-2.48537284e+03 3.04260640e+02
-2.48337254e+03 3.01834213e+02
-2.48137224e+03 2.99416611e+02
-2.47937194e+03 2.97007833e+02
-2.47737164e+03 2.94607880e+02
-2.47537134e+03 2.92216750e+02
-2.47337104e+03 2.89834442e+02
-2.47137074e+03 2.87460958e+02
-2.46937044e+03 2.85096297e+02
-2.46737014e+03 2.82740459e+02
-2.46536984e+03 2.80393446e+02
-2.46336954e+03 2.78055256e+02
-2.46136924e+03 2.75725891e+02
-2.45936894e+03 2.73405353e+02
-2.45736864e+03 2.71093642e+02
-2.45536834e+03 2.68790760e+02
-2.45336804e+03 2.66496708e+02
-2.45136774e+03 2.64211487e+02
-2.44936744e+03 2.61935101e+02
-2.44736714e+03 2.59667550e+02
-2.44536684e+03 2.57408838e+02
-2.44336654e+03 2.55158966e+02
-2.44136624e+03 2.52917937e+02
-2.43936594e+03 2.50685755e+02
-2.43736564e+03 2.48462422e+02
-2.43536534e+03 2.46247941e+02
-2.43336504e+03 2.44042317e+02
-2.43136474e+03 2.41845552e+02
-2.42936444e+03 2.39657650e+02
-2.42736414e+03 2.37478617e+02
-2.42536384e+03 2.35308455e+02
-2.42336354e+03 2.33147170e+02
-2.42136324e+03 2.30994767e+02
-2.41936294e+03 2.28851249e+02
-2.41736264e+03 2.26716624e+02
-2.41536234e+03 2.24590895e+02
-2.41336204e+03 2.22474069e+02
-2.41136174e+03 2.20366151e+02
-2.40936144e+03 2.18267149e+02
-2.40736114e+03 2.16177067e+02
-2.40536084e+03 2.14095913e+02
-2.40336054e+03 2.12023694e+02
-2.40136024e+03 2.09960416e+02
-2.39935994e+03 2.07906087e+02
-2.39735964e+03 2.05860715e+02
-2.39535934e+03 2.03824308e+02
-2.39335904e+03 2.01796873e+02
-2.39135874e+03 1.99778420e+02
-2.38935844e+03 1.97768956e+02
-2.38735814e+03 1.95768492e+02
-2.38535784e+03 1.93777035e+02
-2.38335754e+03 1.91794596e+02
-2.38135724e+03 1.89821185e+02
-2.37935694e+03 1.87856811e+02
-2.37735664e+03 1.85901484e+02
-2.37535634e+03 1.83955217e+02
-2.37335604e+03 1.82018019e+02
-2.37135574e+03 1.80089903e+02
-2.36935544e+03 1.78170879e+02
-2.36735514e+03 1.76260960e+02
-2.36535484e+03 1.74360157e+02
-2.36335454e+03 1.72468485e+02
-2.36135424e+03 1.70585955e+02
-2.35935394e+03 1.68712581e+02
-2.35735364e+03 1.66848376e+02
-2.35535334e+03 1.64993355e+02
-2.35335304e+03 1.63147533e+02
-2.35135274e+03 1.61310923e+02
-2.34935244e+03 1.59483541e+02
-2.34735214e+03 1.57665403e+02
-2.34535184e+03 1.55856524e+02
-2.34335154e+03 1.54056922e+02
-2.34135124e+03 1.52266611e+02
-2.33935094e+03 1.50485611e+02
-2.33735064e+03 1.48713938e+02
-2.33535034e+03 1.46951611e+02
-2.33335004e+03 1.45198648e+02
-2.33134974e+03 1.43455067e+02
-2.32934944e+03 1.41720889e+02
-2.32734914e+03 1.39996133e+02
-2.32534884e+03 1.38280820e+02
-2.32334854e+03 1.36574971e+02
-2.32134824e+03 1.34878606e+02
-2.31934794e+03 1.33191748e+02
-2.31734764e+03 1.31514420e+02
-2.31534734e+03 1.29846643e+02
-2.31334704e+03 1.28188443e+02
-2.31134674e+03 1.26539842e+02
-2.30934644e+03 1.24900866e+02
-2.30734614e+03 1.23271540e+02
-2.30534584e+03 1.21651889e+02
-2.30334554e+03 1.20041942e+02
-2.30134524e+03 1.18441723e+02
-2.29934494e+03 1.16851263e+02
-2.29734464e+03 1.15270588e+02
-2.29534434e+03 1.13699729e+02
-2.29334404e+03 1.12138714e+02
-2.29134374e+03 1.10587576e+02
-2.28934344e+03 1.09046346e+02
-2.28734314e+03 1.07515055e+02
-2.28534284e+03 1.05993737e+02
-2.28334254e+03 1.04482425e+02
-2.28134224e+03 1.02981156e+02
-2.27934194e+03 1.01489963e+02
-2.27734164e+03 1.00008884e+02
-2.27534134e+03 9.85379561e+01
-2.27334104e+03 9.70772179e+01
-2.27134074e+03 9.56267089e+01
-2.26934044e+03 9.41864693e+01
-2.26734014e+03 9.27565408e+01
-2.26533983e+03 9.13369660e+01
-2.26333953e+03 8.99277889e+01
-2.26133923e+03 8.85290543e+01
-2.25933893e+03 8.71408083e+01
-2.25733863e+03 8.57630985e+01
-2.25533833e+03 8.43959735e+01
-2.25333803e+03 8.30394835e+01
-2.25133773e+03 8.16936801e+01
-2.24933743e+03 8.03586160e+01
-2.24733713e+03 7.90343461e+01
-2.24533683e+03 7.77209262e+01
-2.24333653e+03 7.64184141e+01
-2.24133623e+03 7.51268693e+01
-2.23933593e+03 7.38463529e+01
-2.23733563e+03 7.25769280e+01
-2.23533533e+03 7.13186597e+01
-2.23333503e+03 7.00716150e+01
-2.23133473e+03 6.88358630e+01
-2.22933443e+03 6.76114752e+01
-2.22733413e+03 6.63985254e+01
-2.22533383e+03 6.51970895e+01
-2.22333353e+03 6.40072463e+01
-2.22133323e+03 6.28290772e+01
-2.21933293e+03 6.16626664e+01
-2.21733263e+03 6.05081011e+01
-2.21533233e+03 5.93654717e+01
-2.21333203e+03 5.82348715e+01
-2.21133173e+03 5.71163977e+01
-2.20933143e+03 5.60101512e+01
-2.20733113e+03 5.49162366e+01
-2.20533083e+03 5.38347627e+01
-2.20333053e+03 5.27658429e+01
-2.20133023e+03 5.17095951e+01
-2.19932993e+03 5.06661421e+01
-2.19732963e+03 4.96356124e+01
-2.19532933e+03 4.86181400e+01
-2.19332903e+03 4.76138651e+01
-2.19132873e+03 4.66229343e+01
-2.18932843e+03 4.56455016e+01
-2.18732813e+03 4.46817286e+01
-2.18532783e+03 4.37317853e+01
-2.18332753e+03 4.27958506e+01
-2.18132723e+03 4.18741132e+01
-2.17932693e+03 4.09667729e+01
-2.17732663e+03 4.00740411e+01
-2.17532633e+03 3.91961424e+01
-2.17332603e+03 3.83333157e+01
-2.17132573e+03 3.74858160e+01
-2.16932543e+03 3.66539165e+01
-2.16732513e+03 3.58379104e+01
-2.16532483e+03 3.50381138e+01
-2.16332453e+03 3.42548693e+01
-2.16132423e+03 3.34885493e+01
-2.15932393e+03 3.27395612e+01
-2.15732363e+03 3.20083533e+01
-2.15532333e+03 3.12954225e+01
-2.15332303e+03 3.06013233e+01
-2.15132273e+03 2.99266784e+01
-2.14932243e+03 2.92721894e+01
-2.14732213e+03 2.86386396e+01
-2.14532183e+03 2.80268651e+01
-2.14332153e+03 2.74376220e+01
-2.14132123e+03 2.68711268e+01
-2.13932093e+03 2.63256375e+01
-2.13732063e+03 2.57939111e+01
-2.13532033e+03 2.52616295e+01
-2.13332003e+03 2.47243902e+01
-2.13131973e+03 2.42030939e+01
-2.12931943e+03 2.37116643e+01
-2.12731913e+03 2.32415378e+01
-2.12531883e+03 2.27929402e+01
-2.12331853e+03 2.23705398e+01
-2.12131823e+03 2.19714162e+01
-2.11931793e+03 2.15862398e+01
-2.11731763e+03 2.12030416e+01
-2.11531733e+03 2.08179389e+01
-2.11331703e+03 2.04424962e+01
-2.11131673e+03 2.00866978e+01
-2.10931643e+03 1.97457615e+01
-2.10731613e+03 1.94161475e+01
-2.10531583e+03 1.91015607e+01
-2.10331553e+03 1.88037291e+01
-2.10131523e+03 1.85211956e+01
-2.09931493e+03 1.82517020e+01
-2.09731463e+03 1.79932808e+01
-2.09531433e+03 1.77444467e+01
-2.09331403e+03 1.75041235e+01
-2.09131373e+03 1.72715379e+01
-2.08931343e+03 1.70461345e+01
-2.08731313e+03 1.68275162e+01
-2.08531283e+03 1.66154055e+01
-2.08331253e+03 1.64096151e+01
-2.08131223e+03 1.62100254e+01
-2.07931193e+03 1.60165641e+01
-2.07731163e+03 1.58291843e+01
-2.07531133e+03 1.56478402e+01
-2.07331103e+03 1.54724535e+01
-2.07131073e+03 1.53028717e+01
-2.06931043e+03 1.51388558e+01
-2.06731013e+03 1.49803394e+01
-2.06530983e+03 1.48282728e+01
-2.06330953e+03 1.46842193e+01
-2.06130923e+03 1.45484527e+01
-2.05930893e+03 1.44205698e+01
-2.05730863e+03 1.43004017e+01
-2.05530833e+03 1.41879737e+01
-2.05330803e+03 1.40833016e+01
-2.05130773e+03 1.39862344e+01
-2.04930743e+03 1.38963120e+01
-2.04730713e+03 1.38126406e+01
-2.04530683e+03 1.37339491e+01
-2.04330653e+03 1.36590861e+01
-2.04130623e+03 1.35872099e+01
-2.03930593e+03 1.35167085e+01
-2.03730563e+03 1.34450211e+01
-2.03530533e+03 1.33701622e+01
-2.03330503e+03 1.32921460e+01
-2.03130473e+03 1.32134434e+01
-2.02930443e+03 1.31381131e+01
-2.02730413e+03 1.30699709e+01
-2.02530383e+03 1.30110771e+01
-2.02330353e+03 1.29614396e+01
-2.02130323e+03 1.29196652e+01
-2.01930293e+03 1.28838084e+01
-2.01730263e+03 1.28519662e+01
-2.01530233e+03 1.28225541e+01
-2.01330203e+03 1.27943683e+01
-2.01130173e+03 1.27665457e+01
-2.00930143e+03 1.27384920e+01
-2.00730113e+03 1.27098101e+01
-2.00530083e+03 1.26802435e+01
-2.00330053e+03 1.26496334e+01
-2.00130023e+03 1.26178888e+01
-1.99929992e+03 1.25849661e+01
-1.99729962e+03 1.25508549e+01
-1.99529932e+03 1.25155687e+01
-1.99329902e+03 1.24791352e+01
-1.99129872e+03 1.24415866e+01
-1.98929842e+03 1.24029451e+01
-1.98729812e+03 1.23632031e+01
-1.98529782e+03 1.23222988e+01
-1.98329752e+03 1.22801023e+01
-1.98129722e+03 1.22364388e+01
-1.97929692e+03 1.21911825e+01
-1.97729662e+03 1.21444142e+01
-1.97529632e+03 1.20965278e+01
-1.97329602e+03 1.20481409e+01
-1.97129572e+03 1.19998222e+01
-1.96929542e+03 1.19518567e+01
-1.96729512e+03 1.19042260e+01
-1.96529482e+03 1.18567509e+01
-1.96329452e+03 1.18092409e+01
-1.96129422e+03 1.17615608e+01
-1.95929392e+03 1.17136273e+01
-1.95729362e+03 1.16653930e+01
-1.95529332e+03 1.16168970e+01
-1.95329302e+03 1.15683205e+01
-1.95129272e+03 1.15198359e+01
-1.94929242e+03 1.14714775e+01
-1.94729212e+03 1.14232856e+01
-1.94529182e+03 1.13753732e+01
-1.94329152e+03 1.13278488e+01
-1.94129122e+03 1.12808143e+01
-1.93929092e+03 1.12343678e+01
-1.93729062e+03 1.11886050e+01
-1.93529032e+03 1.11436327e+01
-1.93329002e+03 1.10995847e+01
-1.93128972e+03 1.10566064e+01
-1.92928942e+03 1.10148042e+01
-1.92728912e+03 1.09742429e+01
-1.92528882e+03 1.09350116e+01
-1.92328852e+03 1.08972634e+01
-1.92128822e+03 1.08610971e+01
-1.91928792e+03 1.08263984e+01
-1.91728762e+03 1.07929395e+01
-1.91528732e+03 1.07605622e+01
-1.91328702e+03 1.07292101e+01
-1.91128672e+03 1.06987913e+01
-1.90928642e+03 1.06690701e+01
-1.90728612e+03 1.06397409e+01
-1.90528582e+03 1.06105418e+01
-1.90328552e+03 1.05813298e+01
-1.90128522e+03 1.05521506e+01
-1.89928492e+03 1.05232656e+01
-1.89728462e+03 1.04950185e+01
-1.89528432e+03 1.04676441e+01
-1.89328402e+03 1.04412565e+01
-1.89128372e+03 1.04159186e+01
-1.88928342e+03 1.03916295e+01
-1.88728312e+03 1.03683421e+01
-1.88528282e+03 1.03460191e+01
-1.88328252e+03 1.03246180e+01
-1.88128222e+03 1.03040346e+01
-1.87928192e+03 1.02840519e+01
-1.87728162e+03 1.02643716e+01
-1.87528132e+03 1.02447168e+01
-1.87328102e+03 1.02249256e+01
-1.87128072e+03 1.02049655e+01
-1.86928042e+03 1.01848677e+01
-1.86728012e+03 1.01646709e+01
-1.86527982e+03 1.01443791e+01
-1.86327952e+03 1.01239276e+01
-1.86127922e+03 1.01032079e+01
-1.85927892e+03 1.00821481e+01
-1.85727862e+03 1.00607912e+01
-1.85527832e+03 1.00392924e+01
-1.85327802e+03 1.00177978e+01
-1.85127772e+03 9.99634449e+00
-1.84927742e+03 9.97488909e+00
-1.84727712e+03 9.95338323e+00
-1.84527682e+03 9.93179430e+00
-1.84327652e+03 9.91010253e+00
-1.84127622e+03 9.88834426e+00
-1.83927592e+03 9.86665405e+00
-1.83727562e+03 9.84518769e+00
-1.83527532e+03 9.82400199e+00
-1.83327502e+03 9.80304823e+00
-1.83127472e+03 9.78224652e+00
-1.82927442e+03 9.76153774e+00
-1.82727412e+03 9.74090596e+00
-1.82527382e+03 9.72039862e+00
-1.82327352e+03 9.70013922e+00
-1.82127322e+03 9.68030447e+00
-1.81927292e+03 9.66105673e+00
-1.81727262e+03 9.64247810e+00
-1.81527232e+03 9.62454993e+00
-1.81327202e+03 9.60717782e+00
-1.81127172e+03 9.59023521e+00
-1.80927142e+03 9.57362345e+00
-1.80727112e+03 9.55733436e+00
-1.80527082e+03 9.54145920e+00
-1.80327052e+03 9.52613167e+00
-1.80127022e+03 9.51144221e+00
-1.79926992e+03 9.49738820e+00
-1.79726962e+03 9.48388965e+00
-1.79526932e+03 9.47084732e+00
-1.79326902e+03 9.45818831e+00
-1.79126872e+03 9.44588961e+00
-1.78926842e+03 9.43397528e+00
-1.78726812e+03 9.42248555e+00
-1.78526782e+03 9.41144868e+00
-1.78326752e+03 9.40087307e+00
-1.78126722e+03 9.39074313e+00
-1.77926692e+03 9.38101087e+00
-1.77726662e+03 9.37161227e+00
-1.77526632e+03 9.36251127e+00
-1.77326602e+03 9.35373293e+00
-1.77126572e+03 9.34535878e+00
-1.76926542e+03 9.33748430e+00
-1.76726512e+03 9.33017364e+00
-1.76526482e+03 9.32344904e+00
-1.76326452e+03 9.31730591e+00
-1.76126422e+03 9.31171597e+00
-1.75926392e+03 9.30662186e+00
-1.75726362e+03 9.30195521e+00
-1.75526332e+03 9.29766413e+00
-1.75326302e+03 9.29372034e+00
-1.75126272e+03 9.29010795e+00
-1.74926242e+03 9.28681041e+00
-1.74726212e+03 9.28379470e+00
-1.74526182e+03 9.28099752e+00
-1.74326152e+03 9.27833550e+00
-1.74126122e+03 9.27573738e+00
-1.73926092e+03 9.27317654e+00
-1.73726062e+03 9.27068270e+00
-1.73526032e+03 9.26831265e+00
-1.73326002e+03 9.26610330e+00
-1.73125971e+03 9.26406274e+00
-1.72925941e+03 9.26218351e+00
-1.72725911e+03 9.26043931e+00
-1.72525881e+03 9.25877924e+00
-1.72325851e+03 9.25714648e+00
-1.72125821e+03 9.25549960e+00
-1.71925791e+03 9.25381696e+00
-1.71725761e+03 9.25208657e+00
-1.71525731e+03 9.25029497e+00
-1.71325701e+03 9.24841834e+00
-1.71125671e+03 9.24641621e+00
-1.70925641e+03 9.24423430e+00
-1.70725611e+03 9.24181029e+00
-1.70525581e+03 9.23907307e+00
-1.70325551e+03 9.23594658e+00
-1.70125521e+03 9.23236395e+00
-1.69925491e+03 9.22827459e+00
-1.69725461e+03 9.22363528e+00
-1.69525431e+03 9.21840641e+00
-1.69325401e+03 9.21255326e+00
-1.69125371e+03 9.20604342e+00
-1.68925341e+03 9.19884265e+00
-1.68725311e+03 9.19091430e+00
-1.68525281e+03 9.18221875e+00
-1.68325251e+03 9.17270858e+00
-1.68125221e+03 9.16232929e+00
-1.67925191e+03 9.15102448e+00
-1.67725161e+03 9.13874221e+00
-1.67525131e+03 9.12542904e+00
-1.67325101e+03 9.11102539e+00
-1.67125071e+03 9.09547223e+00
-1.66925041e+03 9.07872159e+00
-1.66725011e+03 9.06073751e+00
-1.66524981e+03 9.04148963e+00
-1.66324951e+03 9.02094752e+00
-1.66124921e+03 8.99908369e+00
-1.65924891e+03 8.97588031e+00
-1.65724861e+03 8.95133283e+00
-1.65524831e+03 8.92544503e+00
-1.65324801e+03 8.89822339e+00
-1.65124771e+03 8.86967870e+00
-1.64924741e+03 8.83982205e+00
-1.64724711e+03 8.80865650e+00
-1.64524681e+03 8.77617708e+00
-1.64324651e+03 8.74237848e+00
-1.64124621e+03 8.70726000e+00
-1.63924591e+03 8.67082707e+00
-1.63724561e+03 8.63309342e+00
-1.63524531e+03 8.59408542e+00
-1.63324501e+03 8.55384056e+00
-1.63124471e+03 8.51239896e+00
-1.62924441e+03 8.46979403e+00
-1.62724411e+03 8.42605106e+00
-1.62524381e+03 8.38119526e+00
-1.62324351e+03 8.33526260e+00
-1.62124321e+03 8.28830278e+00
-1.61924291e+03 8.24036999e+00
-1.61724261e+03 8.19151016e+00
-1.61524231e+03 8.14175892e+00
-1.61324201e+03 8.09114711e+00
-1.61124171e+03 8.03970935e+00
-1.60924141e+03 7.98748829e+00
-1.60724111e+03 7.93453569e+00
-1.60524081e+03 7.88090862e+00
-1.60324051e+03 7.82666129e+00
-1.60124021e+03 7.77184028e+00
-1.59923991e+03 7.71648211e+00
-1.59723961e+03 7.66061747e+00
-1.59523931e+03 7.60427264e+00
-1.59323901e+03 7.54747373e+00
-1.59123871e+03 7.49025195e+00
-1.58923841e+03 7.43264806e+00
-1.58723811e+03 7.37470726e+00
-1.58523781e+03 7.31647147e+00
-1.58323751e+03 7.25797426e+00
-1.58123721e+03 7.19924064e+00
-1.57923691e+03 7.14028911e+00
-1.57723661e+03 7.08113307e+00
-1.57523631e+03 7.02178169e+00
-1.57323601e+03 6.96223993e+00
-1.57123571e+03 6.90250726e+00
-1.56923541e+03 6.84257636e+00
-1.56723511e+03 6.78243555e+00
-1.56523481e+03 6.72207498e+00
-1.56323451e+03 6.66149301e+00
-1.56123421e+03 6.60069752e+00
-1.55923391e+03 6.53970143e+00
-1.55723361e+03 6.47851800e+00
-1.55523331e+03 6.41715947e+00
-1.55323301e+03 6.35563697e+00
-1.55123271e+03 6.29396026e+00
-1.54923241e+03 6.23213680e+00
-1.54723211e+03 6.17017226e+00
-1.54523181e+03 6.10807154e+00
-1.54323151e+03 6.04583855e+00
-1.54123121e+03 5.98347392e+00
-1.53923091e+03 5.92097129e+00
-1.53723061e+03 5.85831638e+00
-1.53523031e+03 5.79549289e+00
-1.53323001e+03 5.73249034e+00
-1.53122971e+03 5.66930841e+00
-1.52922941e+03 5.60595571e+00
-1.52722911e+03 5.54244326e+00
-1.52522881e+03 5.47877988e+00
-1.52322851e+03 5.41497205e+00
-1.52122821e+03 5.35102570e+00
-1.51922791e+03 5.28694828e+00
-1.51722761e+03 5.22275132e+00
-1.51522731e+03 5.15845432e+00
-1.51322701e+03 5.09408562e+00
-1.51122671e+03 5.02967668e+00
-1.50922641e+03 4.96524954e+00
-1.50722611e+03 4.90081182e+00
-1.50522581e+03 4.83635777e+00
-1.50322551e+03 4.77187893e+00
-1.50122521e+03 4.70737407e+00
-1.49922491e+03 4.64285358e+00
-1.49722461e+03 4.57833599e+00
-1.49522431e+03 4.51384073e+00
-1.49322401e+03 4.44938524e+00
-1.49122371e+03 4.38498713e+00
-1.48922341e+03 4.32066812e+00
-1.48722311e+03 4.25645136e+00
-1.48522281e+03 4.19235651e+00
-1.48322251e+03 4.12839868e+00
-1.48122221e+03 4.06459422e+00
-1.47922191e+03 4.00096780e+00
-1.47722161e+03 3.93755366e+00
-1.47522131e+03 3.87439061e+00
-1.47322101e+03 3.81151497e+00
-1.47122071e+03 3.74895710e+00
-1.46922041e+03 3.68673861e+00
-1.46722011e+03 3.62487333e+00
-1.46521980e+03 3.56337161e+00
-1.46321950e+03 3.50224845e+00
-1.46121920e+03 3.44152867e+00
-1.45921890e+03 3.38124382e+00
-1.45721860e+03 3.32142167e+00
-1.45521830e+03 3.26208166e+00
-1.45321800e+03 3.20323933e+00
-1.45121770e+03 3.14491471e+00
-1.44921740e+03 3.08713471e+00
-1.44721710e+03 3.02992844e+00
-1.44521680e+03 2.97331968e+00
-1.44321650e+03 2.91732636e+00
-1.44121620e+03 2.86196667e+00
-1.43921590e+03 2.80726648e+00
-1.43721560e+03 2.75325881e+00
-1.43521530e+03 2.69997386e+00
-1.43321500e+03 2.64743133e+00
-1.43121470e+03 2.59564145e+00
-1.42921440e+03 2.54461510e+00
-1.42721410e+03 2.49437294e+00
-1.42521380e+03 2.44494607e+00
-1.42321350e+03 2.39636969e+00
-1.42121320e+03 2.34867822e+00
-1.41921290e+03 2.30190434e+00
-1.41721260e+03 2.25608029e+00
-1.41521230e+03 2.21123676e+00
-1.41321200e+03 2.16739865e+00
-1.41121170e+03 2.12458224e+00
-1.40921140e+03 2.08279416e+00
-1.40721110e+03 2.04203317e+00
-1.40521080e+03 2.00229423e+00
-1.40321050e+03 1.96357464e+00
-1.40121020e+03 1.92587894e+00
-1.39920990e+03 1.88921867e+00
-1.39720960e+03 1.85360633e+00
-1.39520930e+03 1.81904974e+00
-1.39320900e+03 1.78554989e+00
-1.39120870e+03 1.75310589e+00
-1.38920840e+03 1.72172072e+00
-1.38720810e+03 1.69140259e+00
-1.38520780e+03 1.66215874e+00
-1.38320750e+03 1.63398774e+00
-1.38120720e+03 1.60687407e+00
-1.37920690e+03 1.58079090e+00
-1.37720660e+03 1.55570757e+00
-1.37520630e+03 1.53159726e+00
-1.37320600e+03 1.50843986e+00
-1.37120570e+03 1.48622316e+00
-1.36920540e+03 1.46494255e+00
-1.36720510e+03 1.44460026e+00
-1.36520480e+03 1.42520374e+00
-1.36320450e+03 1.40675905e+00
-1.36120420e+03 1.38926332e+00
-1.35920390e+03 1.37269932e+00
-1.35720360e+03 1.35703568e+00
-1.35520330e+03 1.34223064e+00
-1.35320300e+03 1.32823677e+00
-1.35120270e+03 1.31500694e+00
-1.34920240e+03 1.30249812e+00
-1.34720210e+03 1.29067498e+00
-1.34520180e+03 1.27951139e+00
-1.34320150e+03 1.26899058e+00
-1.34120120e+03 1.25909956e+00
-1.33920090e+03 1.24982294e+00
-1.33720060e+03 1.24113633e+00
-1.33520030e+03 1.23300304e+00
-1.33320000e+03 1.22537528e+00
-1.33119970e+03 1.21819800e+00
-1.32919940e+03 1.21141306e+00
-1.32719910e+03 1.20496217e+00
-1.32519880e+03 1.19879075e+00
-1.32319850e+03 1.19285102e+00
-1.32119820e+03 1.18710659e+00
-1.31919790e+03 1.18153524e+00
-1.31719760e+03 1.17612997e+00
-1.31519730e+03 1.17089867e+00
-1.31319700e+03 1.16586190e+00
-1.31119670e+03 1.16104808e+00
-1.30919640e+03 1.15648577e+00
-1.30719610e+03 1.15219588e+00
-1.30519580e+03 1.14818460e+00
-1.30319550e+03 1.14443950e+00
-1.30119520e+03 1.14093078e+00
-1.29919490e+03 1.13761658e+00
-1.29719460e+03 1.13444872e+00
-1.29519430e+03 1.13138128e+00
-1.29319400e+03 1.12837330e+00
-1.29119370e+03 1.12539344e+00
-1.28919340e+03 1.12242211e+00
-1.28719310e+03 1.11945105e+00
-1.28519280e+03 1.11647909e+00
-1.28319250e+03 1.11350682e+00
-1.28119220e+03 1.11053343e+00
-1.27919190e+03 1.10755610e+00
-1.27719160e+03 1.10457564e+00
-1.27519130e+03 1.10160148e+00
-1.27319100e+03 1.09864768e+00
-1.27119070e+03 1.09572364e+00
-1.26919040e+03 1.09282560e+00
-1.26719010e+03 1.08993377e+00
-1.26518980e+03 1.08702012e+00
-1.26318950e+03 1.08405843e+00
-1.26118920e+03 1.08103586e+00
-1.25918890e+03 1.07795785e+00
-1.25718860e+03 1.07484763e+00
-1.25518830e+03 1.07174079e+00
-1.25318800e+03 1.06867755e+00
-1.25118770e+03 1.06569496e+00
-1.24918740e+03 1.06281884e+00
-1.24718710e+03 1.06006220e+00
-1.24518680e+03 1.05742521e+00
-1.24318650e+03 1.05489910e+00
-1.24118620e+03 1.05246769e+00
-1.23918590e+03 1.05011107e+00
-1.23718560e+03 1.04780599e+00
-1.23518530e+03 1.04552762e+00
-1.23318500e+03 1.04325184e+00
-1.23118470e+03 1.04095810e+00
-1.22918440e+03 1.03863170e+00
-1.22718410e+03 1.03626606e+00
-1.22518380e+03 1.03386266e+00
-1.22318350e+03 1.03143050e+00
-1.22118320e+03 1.02898297e+00
-1.21918290e+03 1.02653259e+00
-1.21718260e+03 1.02408826e+00
-1.21518230e+03 1.02165504e+00
-1.21318200e+03 1.01923677e+00
-1.21118170e+03 1.01683561e+00
-1.20918140e+03 1.01445158e+00
-1.20718110e+03 1.01207844e+00
-1.20518080e+03 1.00970083e+00
-1.20318050e+03 1.00729909e+00
-1.20118020e+03 1.00485586e+00
-1.19917989e+03 1.00236572e+00
-1.19717959e+03 9.99840437e-01
-1.19517929e+03 9.97308171e-01
-1.19317899e+03 9.94807571e-01
-1.19117869e+03 9.92376533e-01
-1.18917839e+03 9.90041757e-01
-1.18717809e+03 9.87810974e-01
-1.18517779e+03 9.85671397e-01
-1.18317749e+03 9.83595445e-01
-1.18117719e+03 9.81548613e-01
-1.17917689e+03 9.79498518e-01
-1.17717659e+03 9.77421172e-01
-1.17517629e+03 9.75302938e-01
-1.17317599e+03 9.73140359e-01
-1.17117569e+03 9.70936854e-01
-1.16917539e+03 9.68700076e-01
-1.16717509e+03 9.66438585e-01
-1.16517479e+03 9.64161044e-01
-1.16317449e+03 9.61875860e-01
-1.16117419e+03 9.59590103e-01
-1.15917389e+03 9.57310279e-01
-1.15717359e+03 9.55041690e-01
-1.15517329e+03 9.52787451e-01
-1.15317299e+03 9.50547823e-01
-1.15117269e+03 9.48321069e-01
-1.14917239e+03 9.46103395e-01
-1.14717209e+03 9.43890126e-01
-1.14517179e+03 9.41677028e-01
-1.14317149e+03 9.39461657e-01
-1.14117119e+03 9.37244587e-01
-1.13917089e+03 9.35030269e-01
-1.13717059e+03 9.32826062e-01
-1.13517029e+03 9.30642214e-01
-1.13316999e+03 9.28489449e-01
-1.13116969e+03 9.26379778e-01
-1.12916939e+03 9.24323688e-01
-1.12716909e+03 9.22329022e-01
-1.12516879e+03 9.20400220e-01
-1.12316849e+03 9.18537702e-01
-1.12116819e+03 9.16736229e-01
-1.11916789e+03 9.14985393e-01
-1.11716759e+03 9.13267271e-01
-1.11516729e+03 9.11559831e-01
-1.11316699e+03 9.09835752e-01
-1.11116669e+03 9.08066359e-01
-1.10916639e+03 9.06223677e-01
-1.10716609e+03 9.04285587e-01
-1.10516579e+03 9.02240556e-01
-1.10316549e+03 9.00093241e-01
-1.10116519e+03 8.97866063e-01
-1.09916489e+03 8.95600082e-01
-1.09716459e+03 8.93348277e-01
-1.09516429e+03 8.91166847e-01
-1.09316399e+03 8.89102515e-01
-1.09116369e+03 8.87182395e-01
-1.08916339e+03 8.85407618e-01
-1.08716309e+03 8.83754385e-01
-1.08516279e+03 8.82180903e-01
-1.08316249e+03 8.80637265e-01
-1.08116219e+03 8.79077464e-01
-1.07916189e+03 8.77467636e-01
-1.07716159e+03 8.75789033e-01
-1.07516129e+03 8.74037519e-01
-1.07316099e+03 8.72218618e-01
-1.07116069e+03 8.70341186e-01
-1.06916039e+03 8.68411778e-01
-1.06716009e+03 8.66431922e-01
-1.06515979e+03 8.64397497e-01
-1.06315949e+03 8.62302050e-01
-1.06115919e+03 8.60142148e-01
-1.05915889e+03 8.57923949e-01
-1.05715859e+03 8.55667204e-01
-1.05515829e+03 8.53403190e-01
-1.05315799e+03 8.51169617e-01
-1.05115769e+03 8.49000730e-01
-1.04915739e+03 8.46919359e-01
-1.04715709e+03 8.44932274e-01
-1.04515679e+03 8.43030231e-01
-1.04315649e+03 8.41192439e-01
-1.04115619e+03 8.39395398e-01
-1.03915589e+03 8.37620142e-01
-1.03715559e+03 8.35856176e-01
-1.03515529e+03 8.34103764e-01
-1.03315499e+03 8.32373416e-01
-1.03115469e+03 8.30680029e-01
-1.02915439e+03 8.29038833e-01
-1.02715409e+03 8.27459544e-01
-1.02515379e+03 8.25940391e-01
-1.02315349e+03 8.24465856e-01
-1.02115319e+03 8.23003123e-01
-1.01915289e+03 8.21505805e-01
-1.01715259e+03 8.19920319e-01
-1.01515229e+03 8.18194330e-01
-1.01315199e+03 8.16290350e-01
-1.01115169e+03 8.14197921e-01
-1.00915139e+03 8.11940034e-01
-1.00715109e+03 8.09574963e-01
-1.00515079e+03 8.07186947e-01
-1.00315049e+03 8.04871492e-01
-1.00115019e+03 8.02715754e-01
-9.99149887e+02 8.00783012e-01
-9.97149587e+02 7.99099812e-01
-9.95149287e+02 7.97654099e-01
-9.93148987e+02 7.96399647e-01
-9.91148687e+02 7.95266985e-01
-9.89148387e+02 7.94176059e-01
-9.87148087e+02 7.93049073e-01
-9.85147787e+02 7.91820413e-01
-9.83147487e+02 7.90445150e-01
-9.81147187e+02 7.88901686e-01
-9.79146887e+02 7.87194848e-01
-9.77146587e+02 7.85351244e-01
-9.75146287e+02 7.83414209e-01
-9.73145986e+02 7.81434292e-01
-9.71145686e+02 7.79459754e-01
-9.69145386e+02 7.77527353e-01
-9.67145086e+02 7.75657162e-01
-9.65144786e+02 7.73851686e-01
-9.63144486e+02 7.72098589e-01
-9.61144186e+02 7.70378276e-01
-9.59143886e+02 7.68668588e-01
-9.57143586e+02 7.66950846e-01
-9.55143286e+02 7.65211851e-01
-9.53142986e+02 7.63446854e-01
-9.51142686e+02 7.61656695e-01
-9.49142386e+02 7.59846485e-01
-9.47142086e+02 7.58023770e-01
-9.45141785e+02 7.56196119e-01
-9.43141485e+02 7.54371260e-01
-9.41141185e+02 7.52555036e-01
-9.39140885e+02 7.50751219e-01
-9.37140585e+02 7.48963343e-01
-9.35140285e+02 7.47192595e-01
-9.33139985e+02 7.45439084e-01
-9.31139685e+02 7.43702486e-01
-9.29139385e+02 7.41981411e-01
-9.27139085e+02 7.40274783e-01
-9.25138785e+02 7.38581070e-01
-9.23138485e+02 7.36898959e-01
-9.21138185e+02 7.35226712e-01
-9.19137884e+02 7.33562799e-01
-9.17137584e+02 7.31906189e-01
-9.15137284e+02 7.30255581e-01
-9.13136984e+02 7.28609951e-01
-9.11136684e+02 7.26968358e-01
-9.09136384e+02 7.25330122e-01
-9.07136084e+02 7.23694694e-01
-9.05135784e+02 7.22061547e-01
-9.03135484e+02 7.20430058e-01
-9.01135184e+02 7.18800248e-01
-8.99134884e+02 7.17171723e-01
-8.97134584e+02 7.15544623e-01
-8.95134284e+02 7.13918443e-01
-8.93133983e+02 7.12293279e-01
-8.91133683e+02 7.10669038e-01
-8.89133383e+02 7.09045122e-01
-8.87133083e+02 7.07421859e-01
-8.85132783e+02 7.05799197e-01
-8.83132483e+02 7.04177137e-01
-8.81132183e+02 7.02555802e-01
-8.79131883e+02 7.00934616e-01
-8.77131583e+02 6.99313335e-01
-8.75131283e+02 6.97692337e-01
-8.73130983e+02 6.96071002e-01
-8.71130683e+02 6.94448859e-01
-8.69130383e+02 6.92825830e-01
-8.67130083e+02 6.91201334e-01
-8.65129782e+02 6.89575315e-01
-8.63129482e+02 6.87946682e-01
-8.61129182e+02 6.86315445e-01
-8.59128882e+02 6.84680315e-01
-8.57128582e+02 6.83040431e-01
-8.55128282e+02 6.81395501e-01
-8.53127982e+02 6.79744117e-01
-8.51127682e+02 6.78085377e-01
-8.49127382e+02 6.76418104e-01
-8.47127082e+02 6.74741436e-01
-8.45126782e+02 6.73054354e-01
-8.43126482e+02 6.71355748e-01
-8.41126182e+02 6.69645089e-01
-8.39125881e+02 6.67922107e-01
-8.37125581e+02 6.66185912e-01
-8.35125281e+02 6.64436837e-01
-8.33124981e+02 6.62675867e-01
-8.31124681e+02 6.60904188e-01
-8.29124381e+02 6.59124528e-01
-8.27124081e+02 6.57339990e-01
-8.25123781e+02 6.55555287e-01
-8.23123481e+02 6.53776139e-01
-8.21123181e+02 6.52009575e-01
-8.19122881e+02 6.50263068e-01
-8.17122581e+02 6.48545230e-01
-8.15122281e+02 6.46864156e-01
-8.13121980e+02 6.45227744e-01
-8.11121680e+02 6.43641362e-01
-8.09121380e+02 6.42107673e-01
-8.07121080e+02 6.40625191e-01
-8.05120780e+02 6.39187068e-01
-8.03120480e+02 6.37780673e-01
-8.01120180e+02 6.36388643e-01
-7.99119880e+02 6.34988754e-01
-7.97119580e+02 6.33556999e-01
-7.95119280e+02 6.32070555e-01
-7.93118980e+02 6.30511217e-01
-7.91118680e+02 6.28868357e-01
-7.89118380e+02 6.27142339e-01
-7.87118080e+02 6.25344602e-01
-7.85117779e+02 6.23497835e-01
-7.83117479e+02 6.21631007e-01
-7.81117179e+02 6.19777760e-01
-7.79116879e+02 6.17968622e-01
-7.77116579e+02 6.16227741e-01
-7.75116279e+02 6.14569647e-01
-7.73115979e+02 6.12997781e-01
-7.71115679e+02 6.11504267e-01
-7.69115379e+02 6.10072923e-01
-7.67115079e+02 6.08682547e-01
-7.65114779e+02 6.07309969e-01
-7.63114479e+02 6.05933593e-01
-7.61114179e+02 6.04534963e-01
-7.59113878e+02 6.03101583e-01
-7.57113578e+02 6.01625277e-01
-7.55113278e+02 6.00102991e-01
-7.53112978e+02 5.98535536e-01
-7.51112678e+02 5.96926930e-01
-7.49112378e+02 5.95282224e-01
-7.47112078e+02 5.93607943e-01
-7.45111778e+02 5.91910366e-01
-7.43111478e+02 5.90195574e-01
-7.41111178e+02 5.88468655e-01
-7.39110878e+02 5.86733988e-01
-7.37110578e+02 5.84994874e-01
-7.35110278e+02 5.83253463e-01
-7.33109977e+02 5.81512015e-01
-7.31109677e+02 5.79771637e-01
-7.29109377e+02 5.78033077e-01
-7.27109077e+02 5.76296549e-01
-7.25108777e+02 5.74562234e-01
-7.23108477e+02 5.72829755e-01
-7.21108177e+02 5.71099122e-01
-7.19107877e+02 5.69369802e-01
-7.17107577e+02 5.67641640e-01
-7.15107277e+02 5.65913861e-01
-7.13106977e+02 5.64186598e-01
-7.11106677e+02 5.62459322e-01
-7.09106377e+02 5.60732213e-01
-7.07106077e+02 5.59005226e-01
-7.05105776e+02 5.57278822e-01
-7.03105476e+02 5.55553672e-01
-7.01105176e+02 5.53831234e-01
-6.99104876e+02 5.52112872e-01
-6.97104576e+02 5.50400152e-01
-6.95104276e+02 5.48695710e-01
-6.93103976e+02 5.47001860e-01
-6.91103676e+02 5.45321368e-01
-6.89103376e+02 5.43656510e-01
-6.87103076e+02 5.42009463e-01
-6.85102776e+02 5.40381546e-01
-6.83102476e+02 5.38772924e-01
-6.81102176e+02 5.37182946e-01
-6.79101875e+02 5.35609564e-01
-6.77101575e+02 5.34049382e-01
-6.75101275e+02 5.32497596e-01
-6.73100975e+02 5.30948732e-01
-6.71100675e+02 5.29396895e-01
-6.69100375e+02 5.27836813e-01
-6.67100075e+02 5.26263735e-01
-6.65099775e+02 5.24674143e-01
-6.63099475e+02 5.23066906e-01
-6.61099175e+02 5.21442417e-01
-6.59098875e+02 5.19803046e-01
-6.57098575e+02 5.18152949e-01
-6.55098275e+02 5.16496869e-01
-6.53097974e+02 5.14840347e-01
-6.51097674e+02 5.13188671e-01
-6.49097374e+02 5.11546325e-01
-6.47097074e+02 5.09916359e-01
-6.45096774e+02 5.08300715e-01
-6.43096474e+02 5.06699586e-01
-6.41096174e+02 5.05111632e-01
-6.39095874e+02 5.03533953e-01
-6.37095574e+02 5.01963285e-01
-6.35095274e+02 5.00395470e-01
-6.33094974e+02 4.98826555e-01
-6.31094674e+02 4.97252128e-01
-6.29094374e+02 4.95669248e-01
-6.27094074e+02 4.94073980e-01
-6.25093773e+02 4.92464601e-01
-6.23093473e+02 4.90839637e-01
-6.21093173e+02 4.89198355e-01
-6.19092873e+02 4.87541001e-01
-6.17092573e+02 4.85867954e-01
-6.15092273e+02 4.84180974e-01
-6.13091973e+02 4.82481225e-01
-6.11091673e+02 4.80770443e-01
-6.09091373e+02 4.79050719e-01
-6.07091073e+02 4.77323834e-01
-6.05090773e+02 4.75591679e-01
-6.03090473e+02 4.73855988e-01
-6.01090173e+02 4.72118241e-01
-5.99089872e+02 4.70379849e-01
-5.97089572e+02 4.68641852e-01
-5.95089272e+02 4.66905480e-01
-5.93088972e+02 4.65171276e-01
-5.91088672e+02 4.63439794e-01
-5.89088372e+02 4.61711567e-01
-5.87088072e+02 4.59986987e-01
-5.85087772e+02 4.58266233e-01
-5.83087472e+02 4.56549585e-01
-5.81087172e+02 4.54837151e-01
-5.79086872e+02 4.53128829e-01
-5.77086572e+02 4.51424965e-01
-5.75086272e+02 4.49725243e-01
-5.73085971e+02 4.48029608e-01
-5.71085671e+02 4.46337962e-01
-5.69085371e+02 4.44650076e-01
-5.67085071e+02 4.42965767e-01
-5.65084771e+02 4.41285073e-01
-5.63084471e+02 4.39607855e-01
-5.61084171e+02 4.37933917e-01
-5.59083871e+02 4.36263026e-01
-5.57083571e+02 4.34595093e-01
-5.55083271e+02 4.32930163e-01
-5.53082971e+02 4.31268164e-01
-5.51082671e+02 4.29609113e-01
-5.49082371e+02 4.27953014e-01
-5.47082071e+02 4.26299770e-01
-5.45081770e+02 4.24649369e-01
-5.43081470e+02 4.23001806e-01
-5.41081170e+02 4.21357365e-01
-5.39080870e+02 4.19715952e-01
-5.37080570e+02 4.18077493e-01
-5.35080270e+02 4.16442009e-01
-5.33079970e+02 4.14809480e-01
-5.31079670e+02 4.13179999e-01
-5.29079370e+02 4.11553487e-01
-5.27079070e+02 4.09929955e-01
-5.25078770e+02 4.08309238e-01
-5.23078470e+02 4.06691382e-01
-5.21078170e+02 4.05076555e-01
-5.19077869e+02 4.03464623e-01
-5.17077569e+02 4.01855444e-01
-5.15077269e+02 4.00249290e-01
-5.13076969e+02 3.98646164e-01
-5.11076669e+02 3.97046051e-01
-5.09076369e+02 3.95449009e-01
-5.07076069e+02 3.93855024e-01
-5.05075769e+02 3.92263967e-01
-5.03075469e+02 3.90676142e-01
-5.01075169e+02 3.89091704e-01
-4.99074869e+02 3.87510629e-01
-4.97074569e+02 3.85932795e-01
-4.95074269e+02 3.84358187e-01
-4.93073968e+02 3.82787170e-01
-4.91073668e+02 3.81219447e-01
-4.89073368e+02 3.79655137e-01
-4.87073068e+02 3.78094313e-01
-4.85072768e+02 3.76536841e-01
-4.83072468e+02 3.74982726e-01
-4.81072168e+02 3.73432017e-01
-4.79071868e+02 3.71884607e-01
-4.77071568e+02 3.70340650e-01
-4.75071268e+02 3.68799972e-01
-4.73070968e+02 3.67262434e-01
-4.71070668e+02 3.65727800e-01
-4.69070368e+02 3.64196465e-01
-4.67070068e+02 3.62668127e-01
-4.65069767e+02 3.61142601e-01
-4.63069467e+02 3.59619956e-01
-4.61069167e+02 3.58100323e-01
-4.59068867e+02 3.56583267e-01
-4.57068567e+02 3.55069047e-01
-4.55068267e+02 3.53557246e-01
-4.53067967e+02 3.52048073e-01
-4.51067667e+02 3.50541291e-01
-4.49067367e+02 3.49036845e-01
-4.47067067e+02 3.47534541e-01
-4.45066767e+02 3.46034499e-01
-4.43066467e+02 3.44536385e-01
-4.41066167e+02 3.43040244e-01
-4.39065866e+02 3.41545911e-01
-4.37065566e+02 3.40053307e-01
-4.35065266e+02 3.38562380e-01
-4.33064966e+02 3.37072911e-01
-4.31064666e+02 3.35584742e-01
-4.29064366e+02 3.34097824e-01
-4.27064066e+02 3.32612026e-01
-4.25063766e+02 3.31127114e-01
-4.23063466e+02 3.29643049e-01
-4.21063166e+02 3.28159632e-01
-4.19062866e+02 3.26676787e-01
-4.17062566e+02 3.25194258e-01
-4.15062266e+02 3.23711902e-01
-4.13061965e+02 3.22229585e-01
-4.11061665e+02 3.20746960e-01
-4.09061365e+02 3.19264141e-01
-4.07061065e+02 3.17780766e-01
-4.05060765e+02 3.16296924e-01
-4.03060465e+02 3.14812038e-01
-4.01060165e+02 3.13326119e-01
-3.99059865e+02 3.11839020e-01
-3.97059565e+02 3.10350409e-01
-3.95059265e+02 3.08860254e-01
-3.93058965e+02 3.07368193e-01
-3.91058665e+02 3.05874294e-01
-3.89058365e+02 3.04378153e-01
-3.87058065e+02 3.02879653e-01
-3.85057764e+02 3.01378549e-01
-3.83057464e+02 2.99874706e-01
-3.81057164e+02 2.98367941e-01
-3.79056864e+02 2.96858017e-01
-3.77056564e+02 2.95344874e-01
-3.75056264e+02 2.93828285e-01
-3.73055964e+02 2.92308029e-01
-3.71055664e+02 2.90783794e-01
-3.69055364e+02 2.89255728e-01
-3.67055064e+02 2.87723525e-01
-3.65054764e+02 2.86187172e-01
-3.63054464e+02 2.84646317e-01
-3.61054164e+02 2.83100935e-01
-3.59053863e+02 2.81550877e-01
-3.57053563e+02 2.79996071e-01
-3.55053263e+02 2.78436335e-01
-3.53052963e+02 2.76871598e-01
-3.51052663e+02 2.75301788e-01
-3.49052363e+02 2.73726749e-01
-3.47052063e+02 2.72146461e-01
-3.45051763e+02 2.70560774e-01
-3.43051463e+02 2.68969652e-01
-3.41051163e+02 2.67373187e-01
-3.39050863e+02 2.65770966e-01
-3.37050563e+02 2.64163174e-01
-3.35050263e+02 2.62549744e-01
-3.33049962e+02 2.60930566e-01
-3.31049662e+02 2.59305474e-01
-3.29049362e+02 2.57674602e-01
-3.27049062e+02 2.56037897e-01
-3.25048762e+02 2.54395165e-01
-3.23048462e+02 2.52746590e-01
-3.21048162e+02 2.51091761e-01
-3.19047862e+02 2.49431042e-01
-3.17047562e+02 2.47764009e-01
-3.15047262e+02 2.46090785e-01
-3.13046962e+02 2.44411352e-01
-3.11046662e+02 2.42725496e-01
-3.09046362e+02 2.41033408e-01
-3.07046062e+02 2.39334798e-01
-3.05045761e+02 2.37629879e-01
-3.03045461e+02 2.35918313e-01
-3.01045161e+02 2.34200267e-01
-2.99044861e+02 2.32475482e-01
-2.97044561e+02 2.30744026e-01
-2.95044261e+02 2.29005681e-01
-2.93043961e+02 2.27260577e-01
-2.91043661e+02 2.25508577e-01
-2.89043361e+02 2.23749591e-01
-2.87043061e+02 2.21983674e-01
-2.85042761e+02 2.20210488e-01
-2.83042461e+02 2.18430269e-01
-2.81042161e+02 2.16642702e-01
-2.79041860e+02 2.14848025e-01
-2.77041560e+02 2.13045839e-01
-2.75041260e+02 2.11236291e-01
-2.73040960e+02 2.09419151e-01
-2.71040660e+02 2.07594455e-01
-2.69040360e+02 2.05762201e-01
-2.67040060e+02 2.03922185e-01
-2.65039760e+02 2.02074667e-01
-2.63039460e+02 2.00219226e-01
-2.61039160e+02 1.98356003e-01
-2.59038860e+02 1.96485011e-01
-2.57038560e+02 1.94606320e-01
-2.55038260e+02 1.92719802e-01
-2.53037959e+02 1.90825333e-01
-2.51037659e+02 1.88923148e-01
-2.49037359e+02 1.87013241e-01
-2.47037059e+02 1.85095700e-01
-2.45036759e+02 1.83170378e-01
-2.43036459e+02 1.81237599e-01
-2.41036159e+02 1.79297281e-01
-2.39035859e+02 1.77349641e-01
-2.37035559e+02 1.75394703e-01
-2.35035259e+02 1.73432724e-01
-2.33034959e+02 1.71463576e-01
-2.31034659e+02 1.69487590e-01
-2.29034359e+02 1.67505007e-01
-2.27034059e+02 1.65515808e-01
-2.25033758e+02 1.63520426e-01
-2.23033458e+02 1.61518889e-01
-2.21033158e+02 1.59511555e-01
-2.19032858e+02 1.57498518e-01
-2.17032558e+02 1.55480159e-01
-2.15032258e+02 1.53456697e-01
-2.13031958e+02 1.51428302e-01
-2.11031658e+02 1.49395493e-01
-2.09031358e+02 1.47358356e-01
-2.07031058e+02 1.45317310e-01
-2.05030758e+02 1.43272630e-01
-2.03030458e+02 1.41224726e-01
-2.01030158e+02 1.39173893e-01
-1.99029857e+02 1.37120425e-01
-1.97029557e+02 1.35064734e-01
-1.95029257e+02 1.33007294e-01
-1.93028957e+02 1.30948390e-01
-1.91028657e+02 1.28888558e-01
-1.89028357e+02 1.26828116e-01
-1.87028057e+02 1.24767458e-01
-1.85027757e+02 1.22707126e-01
-1.83027457e+02 1.20647374e-01
-1.81027157e+02 1.18588728e-01
-1.79026857e+02 1.16531655e-01
-1.77026557e+02 1.14476728e-01
-1.75026257e+02 1.12424126e-01
-1.73025956e+02 1.10374681e-01
-1.71025656e+02 1.08328589e-01
-1.69025356e+02 1.06286583e-01
-1.67025056e+02 1.04248879e-01
-1.65024756e+02 1.02216196e-01
-1.63024456e+02 1.00189079e-01
-1.61024156e+02 9.81679524e-02
-1.59023856e+02 9.61532218e-02
-1.57023556e+02 9.41455057e-02
-1.55023256e+02 9.21453636e-02
-1.53022956e+02 9.01532364e-02
-1.51022656e+02 8.81698514e-02
-1.49022356e+02 8.61954152e-02
-1.47022056e+02 8.42307305e-02
-1.45021755e+02 8.22762738e-02
-1.43021455e+02 8.03324858e-02
-1.41021155e+02 7.84000158e-02
-1.39020855e+02 7.64793572e-02
-1.37020555e+02 7.45710260e-02
-1.35020255e+02 7.26756416e-02
-1.33019955e+02 7.07937698e-02
-1.31019655e+02 6.89259159e-02
-1.29019355e+02 6.70724573e-02
-1.27019055e+02 6.52341521e-02
-1.25018755e+02 6.34114341e-02
-1.23018455e+02 6.16050192e-02
-1.21018155e+02 5.98151754e-02
-1.19017854e+02 5.80425265e-02
-1.17017554e+02 5.62876157e-02
-1.15017254e+02 5.45510053e-02
-1.13016954e+02 5.28332051e-02
-1.11016654e+02 5.11346538e-02
-1.09016354e+02 4.94560166e-02
-1.07016054e+02 4.77977699e-02
-1.05015754e+02 4.61603866e-02
-1.03015454e+02 4.45443156e-02
-1.01015154e+02 4.29501554e-02
-9.90148537e+01 4.13782969e-02
-9.70145536e+01 3.98293794e-02
-9.50142536e+01 3.83037470e-02
-9.30139535e+01 3.68018590e-02
-9.10136534e+01 3.53242373e-02
-8.90133533e+01 3.38714306e-02
-8.70130533e+01 3.24437396e-02
-8.50127532e+01 3.10416792e-02
-8.30124531e+01 2.96659138e-02
-8.10121530e+01 2.83165231e-02
-7.90118530e+01 2.69941704e-02
-7.70115529e+01 2.56990137e-02
-7.50112528e+01 2.44316622e-02
-7.30109527e+01 2.31926559e-02
-7.10106527e+01 2.19821228e-02
-6.90103526e+01 2.08006132e-02
-6.70100525e+01 1.96484621e-02
-6.50097524e+01 1.85259873e-02
-6.30094524e+01 1.74337309e-02
-6.10091523e+01 1.63718145e-02
-5.90088522e+01 1.53407501e-02
-5.70085521e+01 1.43407167e-02
-5.50082521e+01 1.33721810e-02
-5.30079520e+01 1.24353339e-02
-5.10076519e+01 1.15305652e-02
-4.90073518e+01 1.06581202e-02
-4.70070518e+01 9.81827566e-03
-4.50067517e+01 9.01145555e-03
-4.30064516e+01 8.23774485e-03
-4.10061515e+01 7.49745436e-03
-3.90058515e+01 6.79083172e-03
-3.70055514e+01 6.11812869e-03
-3.50052513e+01 5.47946669e-03
-3.30049512e+01 4.87513950e-03
-3.10046512e+01 4.30543924e-03
-2.90043511e+01 3.77035310e-03
-2.70040510e+01 3.27013351e-03
-2.50037509e+01 2.80488573e-03
-2.30034509e+01 2.37491396e-03
-2.10031508e+01 1.98030992e-03
-1.90028507e+01 1.62114311e-03
-1.70025506e+01 1.29760848e-03
-1.50022506e+01 1.00966945e-03
-1.30019505e+01 7.57511200e-04
-1.10016504e+01 5.41279999e-04
-9.00135034e+00 3.60953616e-04
-7.00105026e+00 2.16554186e-04
-5.00075019e+00 1.08325599e-04
-3.00045011e+00 3.60864798e-05
-1.00015004e+00 0.00000000e+00
1.00015004e+00 6.24752250e-09
3.00045011e+00 3.60519986e-05
5.00075019e+00 1.08327571e-04
7.00105026e+00 2.16653939e-04
9.00135034e+00 3.60997954e-04
1.10016504e+01 5.41306686e-04
1.30019505e+01 7.57521847e-04
1.50022506e+01 1.00969378e-03
1.70025506e+01 1.29751422e-03
1.90028507e+01 1.62114063e-03
2.10031508e+01 1.98030721e-03
2.30034509e+01 2.37493043e-03
2.50037509e+01 2.80491474e-03
2.70040510e+01 3.27008044e-03
2.90043511e+01 3.77029312e-03
3.10046512e+01 4.30540608e-03
3.30049512e+01 4.87515139e-03
3.50052513e+01 5.47960701e-03
3.70055514e+01 6.11815095e-03
3.90058515e+01 6.79087556e-03
4.10061515e+01 7.49752452e-03
4.30064516e+01 8.23773039e-03
4.50067517e+01 9.01142046e-03
4.70070518e+01 9.81840125e-03
4.90073518e+01 1.06580779e-02
5.10076519e+01 1.15305191e-02
5.30079520e+01 1.24353398e-02
5.50082521e+01 1.33720506e-02
5.70085521e+01 1.43406800e-02
5.90088522e+01 1.53406749e-02
6.10091523e+01 1.63717990e-02
6.30094524e+01 1.74337667e-02
6.50097524e+01 1.85260346e-02
6.70100525e+01 1.96484621e-02
6.90103526e+01 2.08006982e-02
7.10106527e+01 2.19822371e-02
7.30109527e+01 2.31926220e-02
7.50112528e+01 2.44316878e-02
7.70115529e+01 2.56989983e-02
7.90118530e+01 2.69940055e-02
8.10121530e+01 2.83164642e-02
8.30124531e+01 2.96658065e-02
8.50127532e+01 3.10417649e-02
8.70130533e+01 3.24438210e-02
8.90133533e+01 3.38714327e-02
9.10136534e+01 3.53242400e-02
9.30139535e+01 3.68018497e-02
9.50142536e+01 3.83037074e-02
9.70145536e+01 3.98293318e-02
9.90148537e+01 4.13782689e-02
1.01015154e+02 4.29500830e-02
1.03015454e+02 4.45442711e-02
1.05015754e+02 4.61604246e-02
1.07016054e+02 4.77978755e-02
1.09016354e+02 4.94561420e-02
1.11016654e+02 5.11347690e-02
1.13016954e+02 5.28331687e-02
1.15017254e+02 5.45510197e-02
1.17017554e+02 5.62876356e-02
1.19017854e+02 5.80425032e-02
1.21018155e+02 5.98151016e-02
1.23018455e+02 6.16049849e-02
1.25018755e+02 6.34114641e-02
1.27019055e+02 6.52341910e-02
1.29019355e+02 6.70723521e-02
1.31019655e+02 6.89257883e-02
1.33019955e+02 7.07938184e-02
1.35020255e+02 7.26757197e-02
1.37020555e+02 7.45710808e-02
1.39020855e+02 7.64793468e-02
1.41021155e+02 7.83999656e-02
1.43021455e+02 8.03324515e-02
1.45021755e+02 8.22762731e-02
1.47022056e+02 8.42306867e-02
1.49022356e+02 8.61954642e-02
1.51022656e+02 8.81697629e-02
1.53022956e+02 9.01533018e-02
1.55023256e+02 9.21453727e-02
1.57023556e+02 9.41455044e-02
1.59023856e+02 9.61531188e-02
1.61024156e+02 9.81679126e-02
1.63024456e+02 1.00189145e-01
1.65024756e+02 1.02216359e-01
1.67025056e+02 1.04248978e-01
1.69025356e+02 1.06286542e-01
1.71025656e+02 1.08328578e-01
1.73025956e+02 1.10374642e-01
1.75026257e+02 1.12424202e-01
1.77026557e+02 1.14476678e-01
1.79026857e+02 1.16531621e-01
1.81027157e+02 1.18588732e-01
1.83027457e+02 1.20647346e-01
1.85027757e+02 1.22707051e-01
1.87028057e+02 1.24767573e-01
1.89028357e+02 1.26828163e-01
1.91028657e+02 1.28888632e-01
1.93028957e+02 1.30948509e-01
1.95029257e+02 1.33007324e-01
1.97029557e+02 1.35064689e-01
1.99029857e+02 1.37120311e-01
2.01030158e+02 1.39173810e-01
2.03030458e+02 1.41224679e-01
2.05030758e+02 1.43272680e-01
2.07031058e+02 1.45317234e-01
2.09031358e+02 1.47358356e-01
2.11031658e+02 1.49395453e-01
2.13031958e+02 1.51428413e-01
2.15032258e+02 1.53456675e-01
2.17032558e+02 1.55480169e-01
2.19032858e+02 1.57498539e-01
2.21033158e+02 1.59511595e-01
2.23033458e+02 1.61518832e-01
2.25033758e+02 1.63520414e-01
2.27034059e+02 1.65515774e-01
2.29034359e+02 1.67504883e-01
2.31034659e+02 1.69487672e-01
2.33034959e+02 1.71463656e-01
2.35035259e+02 1.73432683e-01
2.37035559e+02 1.75394676e-01
2.39035859e+02 1.77349639e-01
2.41036159e+02 1.79297250e-01
2.43036459e+02 1.81237653e-01
2.45036759e+02 1.83170455e-01
2.47037059e+02 1.85095690e-01
2.49037359e+02 1.87013279e-01
2.51037659e+02 1.88923155e-01
2.53037959e+02 1.90825289e-01
2.55038260e+02 1.92719709e-01
2.57038560e+02 1.94606311e-01
2.59038860e+02 1.96485038e-01
2.61039160e+02 1.98356038e-01
2.63039460e+02 2.00219124e-01
2.65039760e+02 2.02074576e-01
2.67040060e+02 2.03922301e-01
2.69040360e+02 2.05762217e-01
2.71040660e+02 2.07594453e-01
2.73040960e+02 2.09419141e-01
2.75041260e+02 2.11236253e-01
2.77041560e+02 2.13045727e-01
2.79041860e+02 2.14848015e-01
2.81042161e+02 2.16642769e-01
2.83042461e+02 2.18430268e-01
2.85042761e+02 2.20210639e-01
2.87043061e+02 2.21983677e-01
2.89043361e+02 2.23749673e-01
2.91043661e+02 2.25508564e-01
2.93043961e+02 2.27260515e-01
2.95044261e+02 2.29005619e-01
2.97044561e+02 2.30743847e-01
2.99044861e+02 2.32475505e-01
3.01045161e+02 2.34200299e-01
3.03045461e+02 2.35918428e-01
3.05045761e+02 2.37629875e-01
3.07046062e+02 2.39334895e-01
3.09046362e+02 2.41033479e-01
3.11046662e+02 2.42725540e-01
3.13046962e+02 2.44411308e-01
3.15047262e+02 2.46090738e-01
3.17047562e+02 2.47763972e-01
3.19047862e+02 2.49430981e-01
3.21048162e+02 2.51091863e-01
3.23048462e+02 2.52746529e-01
3.25048762e+02 2.54395234e-01
3.27049062e+02 2.56037893e-01
3.29049362e+02 2.57674599e-01
3.31049662e+02 2.59305472e-01
3.33049962e+02 2.60930509e-01
3.35050263e+02 2.62549712e-01
3.37050563e+02 2.64163147e-01
3.39050863e+02 2.65771024e-01
3.41051163e+02 2.67373107e-01
3.43051463e+02 2.68969661e-01
3.45051763e+02 2.70560828e-01
3.47052063e+02 2.72146433e-01
3.49052363e+02 2.73726682e-01
3.51052663e+02 2.75301777e-01
3.53052963e+02 2.76871574e-01
3.55053263e+02 2.78436361e-01
3.57053563e+02 2.79996023e-01
3.59053863e+02 2.81550956e-01
3.61054164e+02 2.83100991e-01
3.63054464e+02 2.84646321e-01
3.65054764e+02 2.86187142e-01
3.67055064e+02 2.87723615e-01
3.69055364e+02 2.89255786e-01
3.71055664e+02 2.90783887e-01
3.73055964e+02 2.92307896e-01
3.75056264e+02 2.93828189e-01
3.77056564e+02 2.95344996e-01
3.79056864e+02 2.96858166e-01
3.81057164e+02 2.98367992e-01
3.83057464e+02 2.99874615e-01
3.85057764e+02 3.01378512e-01
3.87058065e+02 3.02879673e-01
3.89058365e+02 3.04378085e-01
3.91058665e+02 3.05874272e-01
3.93058965e+02 3.07368146e-01
3.95059265e+02 3.08860138e-01
3.97059565e+02 3.10350452e-01
3.99059865e+02 3.11839054e-01
4.01060165e+02 3.13326199e-01
4.03060465e+02 3.14812081e-01
4.05060765e+02 3.16296851e-01
4.07061065e+02 3.17780846e-01
4.09061365e+02 3.19264104e-01
4.11061665e+02 3.20746941e-01
4.13061965e+02 3.22229536e-01
4.15062266e+02 3.23711818e-01
4.17062566e+02 3.25194163e-01
4.19062866e+02 3.26676770e-01
4.21063166e+02 3.28159676e-01
4.23063466e+02 3.29643117e-01
4.25063766e+02 3.31127187e-01
4.27064066e+02 3.32612037e-01
4.29064366e+02 3.34097853e-01
4.31064666e+02 3.35584781e-01
4.33064966e+02 3.37072865e-01
4.35065266e+02 3.38562284e-01
4.37065566e+02 3.40053273e-01
4.39065866e+02 3.41545951e-01
4.41066167e+02 3.43040224e-01
4.43066467e+02 3.44536448e-01
4.45066767e+02 3.46034522e-01
4.47067067e+02 3.47534599e-01
4.49067367e+02 3.49036703e-01
4.51067667e+02 3.50541251e-01
4.53067967e+02 3.52048019e-01
4.55068267e+02 3.53557345e-01
4.57068567e+02 3.55069040e-01
4.59068867e+02 3.56583323e-01
4.61069167e+02 3.58100444e-01
4.63069467e+02 3.59620040e-01
4.65069767e+02 3.61142533e-01
4.67070068e+02 3.62667978e-01
4.69070368e+02 3.64196378e-01
4.71070668e+02 3.65727833e-01
4.73070968e+02 3.67262352e-01
4.75071268e+02 3.68799993e-01
4.77071568e+02 3.70340706e-01
4.79071868e+02 3.71884701e-01
4.81072168e+02 3.73431965e-01
4.83072468e+02 3.74982843e-01
4.85072768e+02 3.76536896e-01
4.87073068e+02 3.78094330e-01
4.89073368e+02 3.79655110e-01
4.91073668e+02 3.81219390e-01
4.93073968e+02 3.82787001e-01
4.95074269e+02 3.84358086e-01
4.97074569e+02 3.85932717e-01
4.99074869e+02 3.87510652e-01
5.01075169e+02 3.89091955e-01
5.03075469e+02 3.90676297e-01
5.05075769e+02 3.92263968e-01
5.07076069e+02 3.93854950e-01
5.09076369e+02 3.95448946e-01
5.11076669e+02 3.97046072e-01
5.13076969e+02 3.98646181e-01
5.15077269e+02 4.00249295e-01
5.17077569e+02 4.01855407e-01
5.19077869e+02 4.03464443e-01
5.21078170e+02 4.05076542e-01
5.23078470e+02 4.06691462e-01
5.25078770e+02 4.08309358e-01
5.27079070e+02 4.09930054e-01
5.29079370e+02 4.11553491e-01
5.31079670e+02 4.13180015e-01
5.33079970e+02 4.14809538e-01
5.35080270e+02 4.16441933e-01
5.37080570e+02 4.18077457e-01
5.39080870e+02 4.19715910e-01
5.41081170e+02 4.21357325e-01
5.43081470e+02 4.23001805e-01
5.45081770e+02 4.24649262e-01
5.47082071e+02 4.26299659e-01
5.49082371e+02 4.27953033e-01
5.51082671e+02 4.29609216e-01
5.53082971e+02 4.31268171e-01
5.55083271e+02 4.32930181e-01
5.57083571e+02 4.34595089e-01
5.59083871e+02 4.36263032e-01
5.61084171e+02 4.37933989e-01
5.63084471e+02 4.39607910e-01
5.65084771e+02 4.41285188e-01
5.67085071e+02 4.42965758e-01
5.69085371e+02 4.44650047e-01
5.71085671e+02 4.46337890e-01
5.73085971e+02 4.48029570e-01
5.75086272e+02 4.49725241e-01
5.77086572e+02 4.51424954e-01
5.79086872e+02 4.53128992e-01
5.81087172e+02 4.54837091e-01
5.83087472e+02 4.56549492e-01
5.85087772e+02 4.58266248e-01
5.87088072e+02 4.59986930e-01
5.89088372e+02 4.61711507e-01
5.91088672e+02 4.63439712e-01
5.93088972e+02 4.65171267e-01
5.95089272e+02 4.66905433e-01
5.97089572e+02 4.68641969e-01
5.99089872e+02 4.70379993e-01
6.01090173e+02 4.72118212e-01
6.03090473e+02 4.73855823e-01
6.05090773e+02 4.75591621e-01
6.07091073e+02 4.77323950e-01
6.09091373e+02 4.79050752e-01
6.11091673e+02 4.80770606e-01
6.13091973e+02 4.82481281e-01
6.15092273e+02 4.84180946e-01
6.17092573e+02 4.85867981e-01
6.19092873e+02 4.87540858e-01
6.21093173e+02 4.89198337e-01
6.23093473e+02 4.90839646e-01
6.25093773e+02 4.92464684e-01
6.27094074e+02 4.94074034e-01
6.29094374e+02 4.95669167e-01
6.31094674e+02 4.97252297e-01
6.33094974e+02 4.98826535e-01
6.35095274e+02 5.00395431e-01
6.37095574e+02 5.01963129e-01
6.39095874e+02 5.03533782e-01
6.41096174e+02 5.05111516e-01
6.43096474e+02 5.06699668e-01
6.45096774e+02 5.08300764e-01
6.47097074e+02 5.09916397e-01
6.49097374e+02 5.11546306e-01
6.51097674e+02 5.13188741e-01
6.53097974e+02 5.14840325e-01
6.55098275e+02 5.16496765e-01
6.57098575e+02 5.18152931e-01
6.59098875e+02 5.19803075e-01
6.61099175e+02 5.21442477e-01
6.63099475e+02 5.23066899e-01
6.65099775e+02 5.24674238e-01
6.67100075e+02 5.26263759e-01
6.69100375e+02 5.27836939e-01
6.71100675e+02 5.29397011e-01
6.73100975e+02 5.30948817e-01
6.75101275e+02 5.32497555e-01
6.77101575e+02 5.34049367e-01
6.79101875e+02 5.35609568e-01
6.81102176e+02 5.37182910e-01
6.83102476e+02 5.38772702e-01
6.85102776e+02 5.40381340e-01
6.87103076e+02 5.42009339e-01
6.89103376e+02 5.43656476e-01
6.91103676e+02 5.45321500e-01
6.93103976e+02 5.47001905e-01
6.95104276e+02 5.48695666e-01
6.97104576e+02 5.50400282e-01
6.99104876e+02 5.52112916e-01
7.01105176e+02 5.53831213e-01
7.03105476e+02 5.55553745e-01
7.05105776e+02 5.57278871e-01
7.07106077e+02 5.59005238e-01
7.09106377e+02 5.60732169e-01
7.11106677e+02 5.62459434e-01
7.13106977e+02 5.64186606e-01
7.15107277e+02 5.65913829e-01
7.17107577e+02 5.67641429e-01
7.19107877e+02 5.69369759e-01
7.21108177e+02 5.71099068e-01
7.23108477e+02 5.72829761e-01
7.25108777e+02 5.74562402e-01
7.27109077e+02 5.76296666e-01
7.29109377e+02 5.78033233e-01
7.31109677e+02 5.79771652e-01
7.33109977e+02 5.81511919e-01
7.35110278e+02 5.83253283e-01
7.37110578e+02 5.84994521e-01
7.39110878e+02 5.86733994e-01
7.41111178e+02 5.88468886e-01
7.43111478e+02 5.90195725e-01
7.45111778e+02 5.91910427e-01
7.47112078e+02 5.93607820e-01
7.49112378e+02 5.95282156e-01
7.51112678e+02 5.96926845e-01
7.53112978e+02 5.98535531e-01
7.55113278e+02 6.00103048e-01
7.57113578e+02 6.01625319e-01
7.59113878e+02 6.03101651e-01
7.61114179e+02 6.04535160e-01
7.63114479e+02 6.05933538e-01
7.65114779e+02 6.07309948e-01
7.67115079e+02 6.08682651e-01
7.69115379e+02 6.10072891e-01
7.71115679e+02 6.11504136e-01
7.73115979e+02 6.12997716e-01
7.75116279e+02 6.14569641e-01
7.77116579e+02 6.16227662e-01
7.79116879e+02 6.17968503e-01
7.81117179e+02 6.19777814e-01
7.83117479e+02 6.21631287e-01
7.85117779e+02 6.23497855e-01
7.87118080e+02 6.25344593e-01
7.89118380e+02 6.27142285e-01
7.91118680e+02 6.28868381e-01
7.93118980e+02 6.30511268e-01
7.95119280e+02 6.32070535e-01
7.97119580e+02 6.33556920e-01
7.99119880e+02 6.34988716e-01
8.01120180e+02 6.36388674e-01
8.03120480e+02 6.37780726e-01
8.05120780e+02 6.39186964e-01
8.07121080e+02 6.40625205e-01
8.09121380e+02 6.42107721e-01
8.11121680e+02 6.43641361e-01
8.13121980e+02 6.45227603e-01
8.15122281e+02 6.46864111e-01
8.17122581e+02 6.48545103e-01
8.19122881e+02 6.50262957e-01
8.21123181e+02 6.52009512e-01
8.23123481e+02 6.53776373e-01
8.25123781e+02 6.55555430e-01
8.27124081e+02 6.57340009e-01
8.29124381e+02 6.59124405e-01
8.31124681e+02 6.60904298e-01
8.33124981e+02 6.62675965e-01
8.35125281e+02 6.64436987e-01
8.37125581e+02 6.66185883e-01
8.39125881e+02 6.67921891e-01
8.41126182e+02 6.69645154e-01
8.43126482e+02 6.71355763e-01
8.45126782e+02 6.73054392e-01
8.47127082e+02 6.74741484e-01
8.49127382e+02 6.76418136e-01
8.51127682e+02 6.78085357e-01
8.53127982e+02 6.79743990e-01
8.55128282e+02 6.81395353e-01
8.57128582e+02 6.83040554e-01
8.59128882e+02 6.84680326e-01
8.61129182e+02 6.86315324e-01
8.63129482e+02 6.87946913e-01
8.65129782e+02 6.89575362e-01
8.67130083e+02 6.91201411e-01
8.69130383e+02 6.92825734e-01
8.71130683e+02 6.94448845e-01
8.73130983e+02 6.96070765e-01
8.75131283e+02 6.97692371e-01
8.77131583e+02 6.99313530e-01
8.79131883e+02 7.00934451e-01
8.81132183e+02 7.02555690e-01
8.83132483e+02 7.04177304e-01
8.85132783e+02 7.05799464e-01
8.87133083e+02 7.07421850e-01
8.89133383e+02 7.09044827e-01
8.91133683e+02 7.10668489e-01
8.93133983e+02 7.12293085e-01
8.95134284e+02 7.13918601e-01
8.97134584e+02 7.15544982e-01
8.99134884e+02 7.17172170e-01
9.01135184e+02 7.18800575e-01
9.03135484e+02 7.20430251e-01
9.05135784e+02 7.22061441e-01
9.07136084e+02 7.23694613e-01
9.09136384e+02 7.25329841e-01
9.11136684e+02 7.26968013e-01
9.13136984e+02 7.28609770e-01
9.15137284e+02 7.30255649e-01
9.17137584e+02 7.31906180e-01
9.19137884e+02 7.33562956e-01
9.21138185e+02 7.35226789e-01
9.23138485e+02 7.36898976e-01
9.25138785e+02 7.38581152e-01
9.27139085e+02 7.40274792e-01
9.29139385e+02 7.41981293e-01
9.31139685e+02 7.43702231e-01
9.33139985e+02 7.45439034e-01
9.35140285e+02 7.47192829e-01
9.37140585e+02 7.48963508e-01
9.39140885e+02 7.50751440e-01
9.41141185e+02 7.52554812e-01
9.43141485e+02 7.54371145e-01
9.45141785e+02 7.56195982e-01
9.47142086e+02 7.58023639e-01
9.49142386e+02 7.59846570e-01
9.51142686e+02 7.61656982e-01
9.53142986e+02 7.63447011e-01
9.55143286e+02 7.65211708e-01
9.57143586e+02 7.66950607e-01
9.59143886e+02 7.68668632e-01
9.61144186e+02 7.70378582e-01
9.63144486e+02 7.72098742e-01
9.65144786e+02 7.73851422e-01
9.67145086e+02 7.75657171e-01
9.69145386e+02 7.77527418e-01
9.71145686e+02 7.79459823e-01
9.73145986e+02 7.81434301e-01
9.75146287e+02 7.83414115e-01
9.77146587e+02 7.85351108e-01
9.79146887e+02 7.87194730e-01
9.81147187e+02 7.88901560e-01
9.83147487e+02 7.90444924e-01
9.85147787e+02 7.91820426e-01
9.87148087e+02 7.93049085e-01
9.89148387e+02 7.94176248e-01
9.91148687e+02 7.95267426e-01
9.93148987e+02 7.96399847e-01
9.95149287e+02 7.97654003e-01
9.97149587e+02 7.99099601e-01
9.99149887e+02 8.00782792e-01
1.00115019e+03 8.02715791e-01
1.00315049e+03 8.04871430e-01
1.00515079e+03 8.07187164e-01
1.00715109e+03 8.09575112e-01
1.00915139e+03 8.11940166e-01
1.01115169e+03 8.14197817e-01
1.01315199e+03 8.16290415e-01
1.01515229e+03 8.18194225e-01
1.01715259e+03 8.19920250e-01
1.01915289e+03 8.21505706e-01
1.02115319e+03 8.23002926e-01
1.02315349e+03 8.24465607e-01
1.02515379e+03 8.25940414e-01
1.02715409e+03 8.27459633e-01
1.02915439e+03 8.29038915e-01
1.03115469e+03 8.30680241e-01
1.03315499e+03 8.32373620e-01
1.03515529e+03 8.34103942e-01
1.03715559e+03 8.35855991e-01
1.03915589e+03 8.37620143e-01
1.04115619e+03 8.39395162e-01
1.04315649e+03 8.41192229e-01
1.04515679e+03 8.43030263e-01
1.04715709e+03 8.44932715e-01
1.04915739e+03 8.46919550e-01
1.05115769e+03 8.49000487e-01
1.05315799e+03 8.51169376e-01
1.05515829e+03 8.53403224e-01
1.05715859e+03 8.55667289e-01
1.05915889e+03 8.57923926e-01
1.06115919e+03 8.60141904e-01
1.06315949e+03 8.62301961e-01
1.06515979e+03 8.64397490e-01
1.06716009e+03 8.66432125e-01
1.06916039e+03 8.68412042e-01
1.07116069e+03 8.70341334e-01
1.07316099e+03 8.72218605e-01
1.07516129e+03 8.74037450e-01
1.07716159e+03 8.75788845e-01
1.07916189e+03 8.77467479e-01
1.08116219e+03 8.79077515e-01
1.08316249e+03 8.80637224e-01
1.08516279e+03 8.82180982e-01
1.08716309e+03 8.83754625e-01
1.08916339e+03 8.85407619e-01
1.09116369e+03 8.87182334e-01
1.09316399e+03 8.89102556e-01
1.09516429e+03 8.91166826e-01
1.09716459e+03 8.93348255e-01
1.09916489e+03 8.95600053e-01
1.10116519e+03 8.97865926e-01
1.10316549e+03 9.00093041e-01
1.10516579e+03 9.02240646e-01
1.10716609e+03 9.04285437e-01
1.10916639e+03 9.06223488e-01
1.11116669e+03 9.08066339e-01
1.11316699e+03 9.09835862e-01
1.11516729e+03 9.11559999e-01
1.11716759e+03 9.13267590e-01
1.11916789e+03 9.14985636e-01
1.12116819e+03 9.16736718e-01
1.12316849e+03 9.18537764e-01
1.12516879e+03 9.20399916e-01
1.12716909e+03 9.22328605e-01
1.12916939e+03 9.24323273e-01
1.13116969e+03 9.26379710e-01
1.13316999e+03 9.28489718e-01
1.13517029e+03 9.30642393e-01
1.13717059e+03 9.32826377e-01
1.13917089e+03 9.35030330e-01
1.14117119e+03 9.37244409e-01
1.14317149e+03 9.39461190e-01
1.14517179e+03 9.41676525e-01
1.14717209e+03 9.43889966e-01
1.14917239e+03 9.46103543e-01
1.15117269e+03 9.48321323e-01
1.15317299e+03 9.50547997e-01
1.15517329e+03 9.52787410e-01
1.15717359e+03 9.55041835e-01
1.15917389e+03 9.57310410e-01
1.16117419e+03 9.59590174e-01
1.16317449e+03 9.61875841e-01
1.16517479e+03 9.64161170e-01
1.16717509e+03 9.66438733e-01
1.16917539e+03 9.68700380e-01
1.17117569e+03 9.70936907e-01
1.17317599e+03 9.73140204e-01
1.17517629e+03 9.75302604e-01
1.17717659e+03 9.77420996e-01
1.17917689e+03 9.79498480e-01
1.18117719e+03 9.81548558e-01
1.18317749e+03 9.83595314e-01
1.18517779e+03 9.85671290e-01
1.18717809e+03 9.87810944e-01
1.18917839e+03 9.90041798e-01
1.19117869e+03 9.92376647e-01
1.19317899e+03 9.94807690e-01
1.19517929e+03 9.97308203e-01
1.19717959e+03 9.99840384e-01
1.19917989e+03 1.00236580e+00
1.20118020e+03 1.00485582e+00
1.20318050e+03 1.00729911e+00
1.20518080e+03 1.00970092e+00
1.20718110e+03 1.01207842e+00
1.20918140e+03 1.01445170e+00
1.21118170e+03 1.01683553e+00
1.21318200e+03 1.01923667e+00
1.21518230e+03 1.02165516e+00
1.21718260e+03 1.02408826e+00
1.21918290e+03 1.02653274e+00
1.22118320e+03 1.02898302e+00
1.22318350e+03 1.03143034e+00
1.22518380e+03 1.03386240e+00
1.22718410e+03 1.03626607e+00
1.22918440e+03 1.03863181e+00
1.23118470e+03 1.04095814e+00
1.23318500e+03 1.04325177e+00
1.23518530e+03 1.04552756e+00
1.23718560e+03 1.04780603e+00
1.23918590e+03 1.05011137e+00
1.24118620e+03 1.05246767e+00
1.24318650e+03 1.05489884e+00
1.24518680e+03 1.05742495e+00
1.24718710e+03 1.06006214e+00
1.24918740e+03 1.06281882e+00
1.25118770e+03 1.06569505e+00
1.25318800e+03 1.06867774e+00
1.25518830e+03 1.07174078e+00
1.25718860e+03 1.07484776e+00
1.25918890e+03 1.07795799e+00
1.26118920e+03 1.08103584e+00
1.26318950e+03 1.08405831e+00
1.26518980e+03 1.08702013e+00
1.26719010e+03 1.08993399e+00
1.26919040e+03 1.09282555e+00
1.27119070e+03 1.09572360e+00
1.27319100e+03 1.09864765e+00
1.27519130e+03 1.10160148e+00
1.27719160e+03 1.10457559e+00
1.27919190e+03 1.10755590e+00
1.28119220e+03 1.11053344e+00
1.28319250e+03 1.11350689e+00
1.28519280e+03 1.11647891e+00
1.28719310e+03 1.11945098e+00
1.28919340e+03 1.12242209e+00
1.29119370e+03 1.12539345e+00
1.29319400e+03 1.12837342e+00
1.29519430e+03 1.13138143e+00
1.29719460e+03 1.13444894e+00
1.29919490e+03 1.13761661e+00
1.30119520e+03 1.14093087e+00
1.30319550e+03 1.14443944e+00
1.30519580e+03 1.14818455e+00
1.30719610e+03 1.15219575e+00
1.30919640e+03 1.15648568e+00
1.31119670e+03 1.16104802e+00
1.31319700e+03 1.16586205e+00
1.31519730e+03 1.17089866e+00
1.31719760e+03 1.17612988e+00
1.31919790e+03 1.18153518e+00
1.32119820e+03 1.18710652e+00
1.32319850e+03 1.19285111e+00
1.32519880e+03 1.19879095e+00
1.32719910e+03 1.20496231e+00
1.32919940e+03 1.21141309e+00
1.33119970e+03 1.21819789e+00
1.33320000e+03 1.22537512e+00
1.33520030e+03 1.23300297e+00
1.33720060e+03 1.24113623e+00
1.33920090e+03 1.24982283e+00
1.34120120e+03 1.25909950e+00
1.34320150e+03 1.26899055e+00
1.34520180e+03 1.27951147e+00
1.34720210e+03 1.29067497e+00
1.34920240e+03 1.30249828e+00
1.35120270e+03 1.31500715e+00
1.35320300e+03 1.32823685e+00
1.35520330e+03 1.34223064e+00
1.35720360e+03 1.35703565e+00
1.35920390e+03 1.37269918e+00
1.36120420e+03 1.38926330e+00
1.36320450e+03 1.40675912e+00
1.36520480e+03 1.42520381e+00
1.36720510e+03 1.44460025e+00
1.36920540e+03 1.46494247e+00
1.37120570e+03 1.48622319e+00
1.37320600e+03 1.50843979e+00
1.37520630e+03 1.53159730e+00
1.37720660e+03 1.55570761e+00
1.37920690e+03 1.58079083e+00
1.38120720e+03 1.60687401e+00
1.38320750e+03 1.63398762e+00
1.38520780e+03 1.66215866e+00
1.38720810e+03 1.69140264e+00
1.38920840e+03 1.72172088e+00
1.39120870e+03 1.75310585e+00
1.39320900e+03 1.78554982e+00
1.39520930e+03 1.81904974e+00
1.39720960e+03 1.85360642e+00
1.39920990e+03 1.88921867e+00
1.40121020e+03 1.92587904e+00
1.40321050e+03 1.96357466e+00
1.40521080e+03 2.00229420e+00
1.40721110e+03 2.04203307e+00
1.40921140e+03 2.08279410e+00
1.41121170e+03 2.12458230e+00
1.41321200e+03 2.16739867e+00
1.41521230e+03 2.21123677e+00
1.41721260e+03 2.25608043e+00
1.41921290e+03 2.30190433e+00
1.42121320e+03 2.34867822e+00
1.42321350e+03 2.39636966e+00
1.42521380e+03 2.44494606e+00
1.42721410e+03 2.49437298e+00
1.42921440e+03 2.54461504e+00
1.43121470e+03 2.59564133e+00
1.43321500e+03 2.64743122e+00
1.43521530e+03 2.69997385e+00
1.43721560e+03 2.75325888e+00
1.43921590e+03 2.80726657e+00
1.44121620e+03 2.86196669e+00
1.44321650e+03 2.91732639e+00
1.44521680e+03 2.97331980e+00
1.44721710e+03 3.02992852e+00
1.44921740e+03 3.08713474e+00
1.45121770e+03 3.14491460e+00
1.45321800e+03 3.20323926e+00
1.45521830e+03 3.26208159e+00
1.45721860e+03 3.32142168e+00
1.45921890e+03 3.38124384e+00
1.46121920e+03 3.44152869e+00
1.46321950e+03 3.50224834e+00
1.46521980e+03 3.56337161e+00
1.46722011e+03 3.62487337e+00
1.46922041e+03 3.68673859e+00
1.47122071e+03 3.74895714e+00
1.47322101e+03 3.81151502e+00
1.47522131e+03 3.87439062e+00
1.47722161e+03 3.93755373e+00
1.47922191e+03 4.00096783e+00
1.48122221e+03 4.06459423e+00
1.48322251e+03 4.12839863e+00
1.48522281e+03 4.19235648e+00
1.48722311e+03 4.25645129e+00
1.48922341e+03 4.32066808e+00
1.49122371e+03 4.38498712e+00
1.49322401e+03 4.44938527e+00
1.49522431e+03 4.51384082e+00
1.49722461e+03 4.57833610e+00
1.49922491e+03 4.64285354e+00
1.50122521e+03 4.70737398e+00
1.50322551e+03 4.77187890e+00
1.50522581e+03 4.83635774e+00
1.50722611e+03 4.90081172e+00
1.50922641e+03 4.96524943e+00
1.51122671e+03 5.02967658e+00
1.51322701e+03 5.09408572e+00
1.51522731e+03 5.15845427e+00
1.51722761e+03 5.22275136e+00
1.51922791e+03 5.28694831e+00
1.52122821e+03 5.35102577e+00
1.52322851e+03 5.41497212e+00
1.52522881e+03 5.47877996e+00
1.52722911e+03 5.54244327e+00
1.52922941e+03 5.60595574e+00
1.53122971e+03 5.66930840e+00
1.53323001e+03 5.73249036e+00
1.53523031e+03 5.79549294e+00
1.53723061e+03 5.85831638e+00
1.53923091e+03 5.92097124e+00
1.54123121e+03 5.98347393e+00
1.54323151e+03 6.04583860e+00
1.54523181e+03 6.10807149e+00
1.54723211e+03 6.17017223e+00
1.54923241e+03 6.23213677e+00
1.55123271e+03 6.29396022e+00
1.55323301e+03 6.35563693e+00
1.55523331e+03 6.41715947e+00
1.55723361e+03 6.47851801e+00
1.55923391e+03 6.53970143e+00
1.56123421e+03 6.60069751e+00
1.56323451e+03 6.66149295e+00
1.56523481e+03 6.72207495e+00
1.56723511e+03 6.78243558e+00
1.56923541e+03 6.84257628e+00
1.57123571e+03 6.90250715e+00
1.57323601e+03 6.96224003e+00
1.57523631e+03 7.02178185e+00
1.57723661e+03 7.08113319e+00
1.57923691e+03 7.14028913e+00
1.58123721e+03 7.19924058e+00
1.58323751e+03 7.25797413e+00
1.58523781e+03 7.31647145e+00
1.58723811e+03 7.37470728e+00
1.58923841e+03 7.43264806e+00
1.59123871e+03 7.49025198e+00
1.59323901e+03 7.54747372e+00
1.59523931e+03 7.60427271e+00
1.59723961e+03 7.66061746e+00
1.59923991e+03 7.71648218e+00
1.60124021e+03 7.77184027e+00
1.60324051e+03 7.82666136e+00
1.60524081e+03 7.88090856e+00
1.60724111e+03 7.93453568e+00
1.60924141e+03 7.98748832e+00
1.61124171e+03 8.03970931e+00
1.61324201e+03 8.09114702e+00
1.61524231e+03 8.14175882e+00
1.61724261e+03 8.19151015e+00
1.61924291e+03 8.24037004e+00
1.62124321e+03 8.28830286e+00
1.62324351e+03 8.33526258e+00
1.62524381e+03 8.38119524e+00
1.62724411e+03 8.42605106e+00
1.62924441e+03 8.46979398e+00
1.63124471e+03 8.51239899e+00
1.63324501e+03 8.55384064e+00
1.63524531e+03 8.59408548e+00
1.63724561e+03 8.63309346e+00
1.63924591e+03 8.67082703e+00
1.64124621e+03 8.70725996e+00
1.64324651e+03 8.74237834e+00
1.64524681e+03 8.77617704e+00
1.64724711e+03 8.80865651e+00
1.64924741e+03 8.83982200e+00
1.65124771e+03 8.86967879e+00
1.65324801e+03 8.89822350e+00
1.65524831e+03 8.92544507e+00
1.65724861e+03 8.95133292e+00
1.65924891e+03 8.97588020e+00
1.66124921e+03 8.99908366e+00
1.66324951e+03 9.02094753e+00
1.66524981e+03 9.04148960e+00
1.66725011e+03 9.06073763e+00
1.66925041e+03 9.07872169e+00
1.67125071e+03 9.09547221e+00
1.67325101e+03 9.11102528e+00
1.67525131e+03 9.12542915e+00
1.67725161e+03 9.13874218e+00
1.67925191e+03 9.15102446e+00
1.68125221e+03 9.16232921e+00
1.68325251e+03 9.17270857e+00
1.68525281e+03 9.18221867e+00
1.68725311e+03 9.19091421e+00
1.68925341e+03 9.19884255e+00
1.69125371e+03 9.20604346e+00
1.69325401e+03 9.21255338e+00
1.69525431e+03 9.21840656e+00
1.69725461e+03 9.22363534e+00
1.69925491e+03 9.22827459e+00
1.70125521e+03 9.23236396e+00
1.70325551e+03 9.23594652e+00
1.70525581e+03 9.23907310e+00
1.70725611e+03 9.24181017e+00
1.70925641e+03 9.24423422e+00
1.71125671e+03 9.24641609e+00
1.71325701e+03 9.24841826e+00
1.71525731e+03 9.25029515e+00
1.71725761e+03 9.25208668e+00
1.71925791e+03 9.25381707e+00
1.72125821e+03 9.25549956e+00
1.72325851e+03 9.25714642e+00
1.72525881e+03 9.25877917e+00
1.72725911e+03 9.26043930e+00
1.72925941e+03 9.26218340e+00
1.73125971e+03 9.26406267e+00
1.73326002e+03 9.26610335e+00
1.73526032e+03 9.26831274e+00
1.73726062e+03 9.27068280e+00
1.73926092e+03 9.27317664e+00
1.74126122e+03 9.27573745e+00
1.74326152e+03 9.27833550e+00
1.74526182e+03 9.28099758e+00
1.74726212e+03 9.28379469e+00
1.74926242e+03 9.28681033e+00
1.75126272e+03 9.29010795e+00
1.75326302e+03 9.29372026e+00
1.75526332e+03 9.29766404e+00
1.75726362e+03 9.30195517e+00
1.75926392e+03 9.30662174e+00
1.76126422e+03 9.31171589e+00
1.76326452e+03 9.31730595e+00
1.76526482e+03 9.32344907e+00
1.76726512e+03 9.33017369e+00
1.76926542e+03 9.33748438e+00
1.77126572e+03 9.34535892e+00
1.77326602e+03 9.35373291e+00
1.77526632e+03 9.36251117e+00
1.77726662e+03 9.37161222e+00
1.77926692e+03 9.38101087e+00
1.78126722e+03 9.39074317e+00
1.78326752e+03 9.40087316e+00
1.78526782e+03 9.41144881e+00
1.78726812e+03 9.42248559e+00
1.78926842e+03 9.43397524e+00
1.79126872e+03 9.44588953e+00
1.79326902e+03 9.45818817e+00
1.79526932e+03 9.47084722e+00
1.79726962e+03 9.48388963e+00
1.79926992e+03 9.49738814e+00
1.80127022e+03 9.51144217e+00
1.80327052e+03 9.52613168e+00
1.80527082e+03 9.54145935e+00
1.80727112e+03 9.55733439e+00
1.80927142e+03 9.57362359e+00
1.81127172e+03 9.59023520e+00
1.81327202e+03 9.60717775e+00
1.81527232e+03 9.62454993e+00
1.81727262e+03 9.64247812e+00
1.81927292e+03 9.66105666e+00
1.82127322e+03 9.68030441e+00
1.82327352e+03 9.70013920e+00
1.82527382e+03 9.72039866e+00
1.82727412e+03 9.74090610e+00
1.82927442e+03 9.76153774e+00
1.83127472e+03 9.78224649e+00
1.83327502e+03 9.80304834e+00
1.83527532e+03 9.82400200e+00
1.83727562e+03 9.84518773e+00
1.83927592e+03 9.86665404e+00
1.84127622e+03 9.88834425e+00
1.84327652e+03 9.91010253e+00
1.84527682e+03 9.93179426e+00
1.84727712e+03 9.95338309e+00
1.84927742e+03 9.97488903e+00
1.85127772e+03 9.99634450e+00
1.85327802e+03 1.00177978e+01
1.85527832e+03 1.00392924e+01
1.85727862e+03 1.00607912e+01
1.85927892e+03 1.00821481e+01
1.86127922e+03 1.01032079e+01
1.86327952e+03 1.01239276e+01
1.86527982e+03 1.01443791e+01
1.86728012e+03 1.01646709e+01
1.86928042e+03 1.01848680e+01
1.87128072e+03 1.02049657e+01
1.87328102e+03 1.02249256e+01
1.87528132e+03 1.02447168e+01
1.87728162e+03 1.02643715e+01
1.87928192e+03 1.02840518e+01
1.88128222e+03 1.03040346e+01
1.88328252e+03 1.03246180e+01
1.88528282e+03 1.03460190e+01
1.88728312e+03 1.03683422e+01
1.88928342e+03 1.03916295e+01
1.89128372e+03 1.04159185e+01
1.89328402e+03 1.04412564e+01
1.89528432e+03 1.04676441e+01
1.89728462e+03 1.04950185e+01
1.89928492e+03 1.05232656e+01
1.90128522e+03 1.05521506e+01
1.90328552e+03 1.05813298e+01
1.90528582e+03 1.06105420e+01
1.90728612e+03 1.06397409e+01
1.90928642e+03 1.06690700e+01
1.91128672e+03 1.06987913e+01
1.91328702e+03 1.07292102e+01
1.91528732e+03 1.07605622e+01
1.91728762e+03 1.07929395e+01
1.91928792e+03 1.08263984e+01
1.92128822e+03 1.08610971e+01
1.92328852e+03 1.08972634e+01
1.92528882e+03 1.09350116e+01
1.92728912e+03 1.09742428e+01
1.92928942e+03 1.10148041e+01
1.93128972e+03 1.10566064e+01
1.93329002e+03 1.10995847e+01
1.93529032e+03 1.11436328e+01
1.93729062e+03 1.11886051e+01
1.93929092e+03 1.12343679e+01
1.94129122e+03 1.12808144e+01
1.94329152e+03 1.13278487e+01
1.94529182e+03 1.13753731e+01
1.94729212e+03 1.14232856e+01
1.94929242e+03 1.14714775e+01
1.95129272e+03 1.15198359e+01
1.95329302e+03 1.15683205e+01
1.95529332e+03 1.16168969e+01
1.95729362e+03 1.16653930e+01
1.95929392e+03 1.17136274e+01
1.96129422e+03 1.17615608e+01
1.96329452e+03 1.18092409e+01
1.96529482e+03 1.18567510e+01
1.96729512e+03 1.19042259e+01
1.96929542e+03 1.19518567e+01
1.97129572e+03 1.19998222e+01
1.97329602e+03 1.20481409e+01
1.97529632e+03 1.20965279e+01
1.97729662e+03 1.21444143e+01
1.97929692e+03 1.21911825e+01
1.98129722e+03 1.22364388e+01
1.98329752e+03 1.22801023e+01
1.98529782e+03 1.23222988e+01
1.98729812e+03 1.23632031e+01
1.98929842e+03 1.24029452e+01
1.99129872e+03 1.24415866e+01
1.99329902e+03 1.24791352e+01
1.99529932e+03 1.25155687e+01
1.99729962e+03 1.25508549e+01
1.99929992e+03 1.25849661e+01
2.00130023e+03 1.26178888e+01
2.00330053e+03 1.26496333e+01
2.00530083e+03 1.26802435e+01
2.00730113e+03 1.27098102e+01
2.00930143e+03 1.27384920e+01
2.01130173e+03 1.27665458e+01
2.01330203e+03 1.27943684e+01
2.01530233e+03 1.28225542e+01
2.01730263e+03 1.28519663e+01
2.01930293e+03 1.28838084e+01
2.02130323e+03 1.29196650e+01
2.02330353e+03 1.29614395e+01
2.02530383e+03 1.30110771e+01
2.02730413e+03 1.30699709e+01
2.02930443e+03 1.31381131e+01
2.03130473e+03 1.32134434e+01
2.03330503e+03 1.32921460e+01
2.03530533e+03 1.33701622e+01
2.03730563e+03 1.34450211e+01
2.03930593e+03 1.35167086e+01
2.04130623e+03 1.35872100e+01
2.04330653e+03 1.36590862e+01
2.04530683e+03 1.37339491e+01
2.04730713e+03 1.38126406e+01
2.04930743e+03 1.38963120e+01
2.05130773e+03 1.39862344e+01
2.05330803e+03 1.40833015e+01
2.05530833e+03 1.41879737e+01
2.05730863e+03 1.43004017e+01
2.05930893e+03 1.44205698e+01
2.06130923e+03 1.45484527e+01
2.06330953e+03 1.46842193e+01
2.06530983e+03 1.48282729e+01
2.06731013e+03 1.49803395e+01
2.06931043e+03 1.51388558e+01
2.07131073e+03 1.53028717e+01
2.07331103e+03 1.54724535e+01
2.07531133e+03 1.56478402e+01
2.07731163e+03 1.58291842e+01
2.07931193e+03 1.60165639e+01
2.08131223e+03 1.62100254e+01
2.08331253e+03 1.64096151e+01
2.08531283e+03 1.66154055e+01
2.08731313e+03 1.68275162e+01
2.08931343e+03 1.70461345e+01
2.09131373e+03 1.72715380e+01
2.09331403e+03 1.75041236e+01
2.09531433e+03 1.77444468e+01
2.09731463e+03 1.79932810e+01
2.09931493e+03 1.82517021e+01
2.10131523e+03 1.85211955e+01
2.10331553e+03 1.88037290e+01
2.10531583e+03 1.91015608e+01
2.10731613e+03 1.94161475e+01
2.10931643e+03 1.97457615e+01
2.11131673e+03 2.00866978e+01
2.11331703e+03 2.04424963e+01
2.11531733e+03 2.08179389e+01
2.11731763e+03 2.12030416e+01
2.11931793e+03 2.15862397e+01
2.12131823e+03 2.19714163e+01
2.12331853e+03 2.23705398e+01
2.12531883e+03 2.27929402e+01
2.12731913e+03 2.32415378e+01
2.12931943e+03 2.37116643e+01
2.13131973e+03 2.42030939e+01
2.13332003e+03 2.47243901e+01
2.13532033e+03 2.52616295e+01
2.13732063e+03 2.57939111e+01
2.13932093e+03 2.63256375e+01
2.14132123e+03 2.68711268e+01
2.14332153e+03 2.74376220e+01
2.14532183e+03 2.80268652e+01
2.14732213e+03 2.86386397e+01
2.14932243e+03 2.92721894e+01
2.15132273e+03 2.99266784e+01
2.15332303e+03 3.06013233e+01
2.15532333e+03 3.12954225e+01
2.15732363e+03 3.20083533e+01
2.15932393e+03 3.27395612e+01
2.16132423e+03 3.34885493e+01
2.16332453e+03 3.42548694e+01
2.16532483e+03 3.50381138e+01
2.16732513e+03 3.58379103e+01
2.16932543e+03 3.66539164e+01
2.17132573e+03 3.74858160e+01
2.17332603e+03 3.83333157e+01
2.17532633e+03 3.91961425e+01
2.17732663e+03 4.00740412e+01
2.17932693e+03 4.09667729e+01
2.18132723e+03 4.18741132e+01
2.18332753e+03 4.27958506e+01
2.18532783e+03 4.37317853e+01
2.18732813e+03 4.46817286e+01
2.18932843e+03 4.56455016e+01
2.19132873e+03 4.66229343e+01
2.19332903e+03 4.76138651e+01
2.19532933e+03 4.86181400e+01
2.19732963e+03 4.96356124e+01
2.19932993e+03 5.06661422e+01
2.20133023e+03 5.17095950e+01
2.20333053e+03 5.27658429e+01
2.20533083e+03 5.38347627e+01
2.20733113e+03 5.49162366e+01
2.20933143e+03 5.60101512e+01
2.21133173e+03 5.71163977e+01
2.21333203e+03 5.82348714e+01
2.21533233e+03 5.93654716e+01
2.21733263e+03 6.05081012e+01
2.21933293e+03 6.16626665e+01
2.22133323e+03 6.28290773e+01
2.22333353e+03 6.40072463e+01
2.22533383e+03 6.51970896e+01
2.22733413e+03 6.63985254e+01
2.22933443e+03 6.76114753e+01
2.23133473e+03 6.88358631e+01
2.23333503e+03 7.00716150e+01
2.23533533e+03 7.13186597e+01
2.23733563e+03 7.25769279e+01
2.23933593e+03 7.38463529e+01
2.24133623e+03 7.51268692e+01
2.24333653e+03 7.64184141e+01
2.24533683e+03 7.77209262e+01
2.24733713e+03 7.90343461e+01
2.24933743e+03 8.03586161e+01
2.25133773e+03 8.16936801e+01
2.25333803e+03 8.30394836e+01
2.25533833e+03 8.43959735e+01
2.25733863e+03 8.57630985e+01
2.25933893e+03 8.71408083e+01
2.26133923e+03 8.85290543e+01
2.26333953e+03 8.99277890e+01
2.26533983e+03 9.13369661e+01
2.26734014e+03 9.27565408e+01
2.26934044e+03 9.41864692e+01
2.27134074e+03 9.56267088e+01
2.27334104e+03 9.70772179e+01
2.27534134e+03 9.85379561e+01
2.27734164e+03 1.00008884e+02
2.27934194e+03 1.01489963e+02
2.28134224e+03 1.02981156e+02
2.28334254e+03 1.04482425e+02
2.28534284e+03 1.05993737e+02
2.28734314e+03 1.07515055e+02
2.28934344e+03 1.09046346e+02
2.29134374e+03 1.10587576e+02
2.29334404e+03 1.12138714e+02
2.29534434e+03 1.13699729e+02
2.29734464e+03 1.15270588e+02
2.29934494e+03 1.16851263e+02
2.30134524e+03 1.18441723e+02
2.30334554e+03 1.20041942e+02
2.30534584e+03 1.21651889e+02
2.30734614e+03 1.23271540e+02
2.30934644e+03 1.24900866e+02
2.31134674e+03 1.26539842e+02
2.31334704e+03 1.28188443e+02
2.31534734e+03 1.29846643e+02
2.31734764e+03 1.31514420e+02
2.31934794e+03 1.33191748e+02
2.32134824e+03 1.34878606e+02
2.32334854e+03 1.36574971e+02
2.32534884e+03 1.38280820e+02
2.32734914e+03 1.39996133e+02
2.32934944e+03 1.41720889e+02
2.33134974e+03 1.43455067e+02
2.33335004e+03 1.45198648e+02
2.33535034e+03 1.46951611e+02
2.33735064e+03 1.48713938e+02
2.33935094e+03 1.50485611e+02
2.34135124e+03 1.52266611e+02
2.34335154e+03 1.54056922e+02
2.34535184e+03 1.55856524e+02
2.34735214e+03 1.57665403e+02
2.34935244e+03 1.59483541e+02
2.35135274e+03 1.61310923e+02
2.35335304e+03 1.63147533e+02
2.35535334e+03 1.64993355e+02
2.35735364e+03 1.66848376e+02
2.35935394e+03 1.68712581e+02
2.36135424e+03 1.70585955e+02
2.36335454e+03 1.72468485e+02
2.36535484e+03 1.74360157e+02
2.36735514e+03 1.76260960e+02
2.36935544e+03 1.78170879e+02
2.37135574e+03 1.80089903e+02
2.37335604e+03 1.82018019e+02
2.37535634e+03 1.83955217e+02
2.37735664e+03 1.85901484e+02
2.37935694e+03 1.87856810e+02
2.38135724e+03 1.89821185e+02
2.38335754e+03 1.91794596e+02
2.38535784e+03 1.93777035e+02
2.38735814e+03 1.95768492e+02
2.38935844e+03 1.97768957e+02
2.39135874e+03 1.99778420e+02
2.39335904e+03 2.01796873e+02
2.39535934e+03 2.03824308e+02
2.39735964e+03 2.05860715e+02
2.39935994e+03 2.07906087e+02
2.40136024e+03 2.09960416e+02
2.40336054e+03 2.12023694e+02
2.40536084e+03 2.14095913e+02
2.40736114e+03 2.16177067e+02
2.40936144e+03 2.18267149e+02
2.41136174e+03 2.20366151e+02
2.41336204e+03 2.22474069e+02
2.41536234e+03 2.24590895e+02
2.41736264e+03 2.26716624e+02
2.41936294e+03 2.28851249e+02
2.42136324e+03 2.30994767e+02
2.42336354e+03 2.33147170e+02
2.42536384e+03 2.35308455e+02
2.42736414e+03 2.37478617e+02
2.42936444e+03 2.39657650e+02
2.43136474e+03 2.41845552e+02
2.43336504e+03 2.44042317e+02
2.43536534e+03 2.46247941e+02
2.43736564e+03 2.48462422e+02
2.43936594e+03 2.50685755e+02
2.44136624e+03 2.52917937e+02
2.44336654e+03 2.55158966e+02
2.44536684e+03 2.57408838e+02
2.44736714e+03 2.59667550e+02
2.44936744e+03 2.61935101e+02
2.45136774e+03 2.64211487e+02
2.45336804e+03 2.66496708e+02
2.45536834e+03 2.68790760e+02
2.45736864e+03 2.71093642e+02
2.45936894e+03 2.73405353e+02
2.46136924e+03 2.75725892e+02
2.46336954e+03 2.78055256e+02
2.46536984e+03 2.80393445e+02
2.46737014e+03 2.82740459e+02
2.46937044e+03 2.85096297e+02
2.47137074e+03 2.87460958e+02
2.47337104e+03 2.89834442e+02
2.47537134e+03 2.92216750e+02
2.47737164e+03 2.94607880e+02
2.47937194e+03 2.97007833e+02
2.48137224e+03 2.99416611e+02
2.48337254e+03 3.01834213e+02
2.48537284e+03 3.04260640e+02
2.48737314e+03 3.06695893e+02
2.48937344e+03 3.09139973e+02
2.49137374e+03 3.11592881e+02
2.49337404e+03 3.14054620e+02
2.49537434e+03 3.16525190e+02
2.49737464e+03 3.19004593e+02
2.49937494e+03 3.21492831e+02
2.50137524e+03 3.23989907e+02
2.50337554e+03 3.26495822e+02
2.50537584e+03 3.29010579e+02
2.50737614e+03 3.31534180e+02
2.50937644e+03 3.34066628e+02
2.51137674e+03 3.36607926e+02
2.51337704e+03 3.39158077e+02
2.51537734e+03 3.41717085e+02
2.51737764e+03 3.44284951e+02
2.51937794e+03 3.46861680e+02
2.52137824e+03 3.49447276e+02
2.52337854e+03 3.52041742e+02
2.52537884e+03 3.54645082e+02
2.52737914e+03 3.57257300e+02
2.52937944e+03 3.59878401e+02
2.53137974e+03 3.62508388e+02
2.53338005e+03 3.65147267e+02
2.53538035e+03 3.67795041e+02
2.53738065e+03 3.70451716e+02
2.53938095e+03 3.73117296e+02
2.54138125e+03 3.75791787e+02
2.54338155e+03 3.78475194e+02
2.54538185e+03 3.81167522e+02
2.54738215e+03 3.83868777e+02
2.54938245e+03 3.86578964e+02
2.55138275e+03 3.89298089e+02
2.55338305e+03 3.92026158e+02
2.55538335e+03 3.94763178e+02
2.55738365e+03 3.97509153e+02
2.55938395e+03 4.00264091e+02
2.56138425e+03 4.03027999e+02
2.56338455e+03 4.05800882e+02
2.56538485e+03 4.08582747e+02
2.56738515e+03 4.11373602e+02
2.56938545e+03 4.14173453e+02
2.57138575e+03 4.16982308e+02
2.57338605e+03 4.19800174e+02
2.57538635e+03 4.22627058e+02
2.57738665e+03 4.25462968e+02
2.57938695e+03 4.28307912e+02
2.58138725e+03 4.31161897e+02
2.58338755e+03 4.34024931e+02
2.58538785e+03 4.36897023e+02
2.58738815e+03 4.39778181e+02
2.58938845e+03 4.42668413e+02
2.59138875e+03 4.45567728e+02
2.59338905e+03 4.48476135e+02
2.59538935e+03 4.51393641e+02
2.59738965e+03 4.54320257e+02
2.59938995e+03 4.57255991e+02
2.60139025e+03 4.60200852e+02
2.60339055e+03 4.63154850e+02
2.60539085e+03 4.66117994e+02
2.60739115e+03 4.69090295e+02
2.60939145e+03 4.72071760e+02
2.61139175e+03 4.75062402e+02
2.61339205e+03 4.78062228e+02
2.61539235e+03 4.81071251e+02
2.61739265e+03 4.84089479e+02
2.61939295e+03 4.87116923e+02
2.62139325e+03 4.90153595e+02
2.62339355e+03 4.93199503e+02
2.62539385e+03 4.96254661e+02
2.62739415e+03 4.99319077e+02
2.62939445e+03 5.02392764e+02
2.63139475e+03 5.05475732e+02
2.63339505e+03 5.08567994e+02
2.63539535e+03 5.11669559e+02
2.63739565e+03 5.14780441e+02
2.63939595e+03 5.17900651e+02
2.64139625e+03 5.21030200e+02
2.64339655e+03 5.24169101e+02
2.64539685e+03 5.27317366e+02
2.64739715e+03 5.30475008e+02
2.64939745e+03 5.33642038e+02
2.65139775e+03 5.36818469e+02
2.65339805e+03 5.40004314e+02
2.65539835e+03 5.43199585e+02
2.65739865e+03 5.46404297e+02
2.65939895e+03 5.49618461e+02
2.66139925e+03 5.52842092e+02
2.66339955e+03 5.56075202e+02
2.66539985e+03 5.59317805e+02
2.66740015e+03 5.62569915e+02
2.66940045e+03 5.65831546e+02
2.67140075e+03 5.69102711e+02
2.67340105e+03 5.72383424e+02
2.67540135e+03 5.75673701e+02
2.67740165e+03 5.78973554e+02
2.67940195e+03 5.82283000e+02
2.68140225e+03 5.85602051e+02
2.68340255e+03 5.88930724e+02
2.68540285e+03 5.92269033e+02
2.68740315e+03 5.95616993e+02
2.68940345e+03 5.98974619e+02
2.69140375e+03 6.02341928e+02
2.69340405e+03 6.05718933e+02
2.69540435e+03 6.09105651e+02
2.69740465e+03 6.12502098e+02
2.69940495e+03 6.15908290e+02
2.70140525e+03 6.19324242e+02
2.70340555e+03 6.22749971e+02
2.70540585e+03 6.26185494e+02
2.70740615e+03 6.29630826e+02
2.70940645e+03 6.33085985e+02
2.71140675e+03 6.36550987e+02
2.71340705e+03 6.40025849e+02
2.71540735e+03 6.43510588e+02
2.71740765e+03 6.47005223e+02
2.71940795e+03 6.50509769e+02
2.72140825e+03 6.54024245e+02
2.72340855e+03 6.57548668e+02
2.72540885e+03 6.61083056e+02
2.72740915e+03 6.64627427e+02
2.72940945e+03 6.68181800e+02
2.73140975e+03 6.71746192e+02
2.73341005e+03 6.75320622e+02
2.73541035e+03 6.78905109e+02
2.73741065e+03 6.82499672e+02
2.73941095e+03 6.86104329e+02
2.74141125e+03 6.89719099e+02
2.74341155e+03 6.93344003e+02
2.74541185e+03 6.96979058e+02
2.74741215e+03 7.00624286e+02
2.74941245e+03 7.04279704e+02
2.75141275e+03 7.07945334e+02
2.75341305e+03 7.11621196e+02
2.75541335e+03 7.15307309e+02
2.75741365e+03 7.19003694e+02
2.75941395e+03 7.22710372e+02
2.76141425e+03 7.26427363e+02
2.76341455e+03 7.30154688e+02
2.76541485e+03 7.33892368e+02
2.76741515e+03 7.37640425e+02
2.76941545e+03 7.41398879e+02
2.77141575e+03 7.45167752e+02
2.77341605e+03 7.48947066e+02
2.77541635e+03 7.52736843e+02
2.77741665e+03 7.56537105e+02
2.77941695e+03 7.60347874e+02
2.78141725e+03 7.64169173e+02
2.78341755e+03 7.68001023e+02
2.78541785e+03 7.71843448e+02
2.78741815e+03 7.75696471e+02
2.78941845e+03 7.79560114e+02
2.79141875e+03 7.83434401e+02
2.79341905e+03 7.87319356e+02
2.79541935e+03 7.91215002e+02
2.79741965e+03 7.95121363e+02
2.79941995e+03 7.99038462e+02
2.80142026e+03 8.02966324e+02
2.80342056e+03 8.06904974e+02
2.80542086e+03 8.10854436e+02
2.80742116e+03 8.14814734e+02
2.80942146e+03 8.18785894e+02
2.81142176e+03 8.22767940e+02
2.81342206e+03 8.26760898e+02
2.81542236e+03 8.30764794e+02
2.81742266e+03 8.34779652e+02
2.81942296e+03 8.38805500e+02
2.82142326e+03 8.42842362e+02
2.82342356e+03 8.46890265e+02
2.82542386e+03 8.50949236e+02
2.82742416e+03 8.55019302e+02
2.82942446e+03 8.59100488e+02
2.83142476e+03 8.63192823e+02
2.83342506e+03 8.67296333e+02
2.83542536e+03 8.71411045e+02
2.83742566e+03 8.75536988e+02
2.83942596e+03 8.79674190e+02
2.84142626e+03 8.83822678e+02
2.84342656e+03 8.87982480e+02
2.84542686e+03 8.92153626e+02
2.84742716e+03 8.96336143e+02
2.84942746e+03 9.00530061e+02
2.85142776e+03 9.04735409e+02
2.85342806e+03 9.08952216e+02
2.85542836e+03 9.13180511e+02
2.85742866e+03 9.17420325e+02
2.85942896e+03 9.21671688e+02
2.86142926e+03 9.25934629e+02
2.86342956e+03 9.30209179e+02
2.86542986e+03 9.34495368e+02
2.86743016e+03 9.38793229e+02
2.86943046e+03 9.43102791e+02
2.87143076e+03 9.47424086e+02
2.87343106e+03 9.51757145e+02
2.87543136e+03 9.56102001e+02
2.87743166e+03 9.60458685e+02
2.87943196e+03 9.64827229e+02
2.88143226e+03 9.69207667e+02
2.88343256e+03 9.73600031e+02
2.88543286e+03 9.78004353e+02
2.88743316e+03 9.82420668e+02
2.88943346e+03 9.86849008e+02
2.89143376e+03 9.91289407e+02
2.89343406e+03 9.95741899e+02
2.89543436e+03 1.00020652e+03
2.89743466e+03 1.00468330e+03
2.89943496e+03 1.00917228e+03
2.90143526e+03 1.01367349e+03
2.90343556e+03 1.01818696e+03
2.90543586e+03 1.02271274e+03
2.90743616e+03 1.02725086e+03
2.90943646e+03 1.03180135e+03
2.91143676e+03 1.03636425e+03
2.91343706e+03 1.04093959e+03
2.91543736e+03 1.04552743e+03
2.91743766e+03 1.05012778e+03
2.91943796e+03 1.05474069e+03
2.92143826e+03 1.05936619e+03
2.92343856e+03 1.06400433e+03
2.92543886e+03 1.06865514e+03
2.92743916e+03 1.07331866e+03
2.92943946e+03 1.07799493e+03
2.93143976e+03 1.08268398e+03
2.93344006e+03 1.08738587e+03
2.93544036e+03 1.09210062e+03
2.93744066e+03 1.09682827e+03
2.93944096e+03 1.10156888e+03
2.94144126e+03 1.10632247e+03
2.94344156e+03 1.11108909e+03
2.94544186e+03 1.11586878e+03
2.94744216e+03 1.12066158e+03
2.94944246e+03 1.12546753e+03
2.95144276e+03 1.13028668e+03
2.95344306e+03 1.13511906e+03
2.95544336e+03 1.13996472e+03
2.95744366e+03 1.14482371e+03
2.95944396e+03 1.14969606e+03
2.96144426e+03 1.15458182e+03
2.96344456e+03 1.15948103e+03
2.96544486e+03 1.16439375e+03
2.96744516e+03 1.16932000e+03
2.96944546e+03 1.17425984e+03
2.97144576e+03 1.17921331e+03
2.97344606e+03 1.18418046e+03
2.97544636e+03 1.18916134e+03
2.97744666e+03 1.19415598e+03
2.97944696e+03 1.19916445e+03
2.98144726e+03 1.20418677e+03
2.98344756e+03 1.20922301e+03
2.98544786e+03 1.21427321e+03
2.98744816e+03 1.21933741e+03
2.98944846e+03 1.22441567e+03
2.99144876e+03 1.22950803e+03
2.99344906e+03 1.23461455e+03
2.99544936e+03 1.23973527e+03
2.99744966e+03 1.24487025e+03
2.99944996e+03 1.25001952e+03
3.00145026e+03 1.25518316e+03
3.00345056e+03 1.26036119e+03
3.00545086e+03 1.26555369e+03
3.00745116e+03 1.27076069e+03
3.00945146e+03 1.27598225e+03
3.01145176e+03 1.28121843e+03
3.01345206e+03 1.28646927e+03
3.01545236e+03 1.29173483e+03
3.01745266e+03 1.29701517e+03
3.01945296e+03 1.30231034e+03
3.02145326e+03 1.30762039e+03
3.02345356e+03 1.31294537e+03
3.02545386e+03 1.31828536e+03
3.02745416e+03 1.32364039e+03
3.02945446e+03 1.32901053e+03
3.03145476e+03 1.33439583e+03
3.03345506e+03 1.33979635e+03
3.03545536e+03 1.34521215e+03
3.03745566e+03 1.35064329e+03
3.03945596e+03 1.35608983e+03
3.04145626e+03 1.36155182e+03
3.04345656e+03 1.36702932e+03
3.04545686e+03 1.37252240e+03
3.04745716e+03 1.37803111e+03
3.04945746e+03 1.38355552e+03
3.05145776e+03 1.38909569e+03
3.05345806e+03 1.39465168e+03
3.05545836e+03 1.40022355e+03
3.05745866e+03 1.40581137e+03
3.05945896e+03 1.41141519e+03
3.06145926e+03 1.41703509e+03
3.06345956e+03 1.42267113e+03
3.06545986e+03 1.42832337e+03
3.06746017e+03 1.43399188e+03
3.06946047e+03 1.43967672e+03
3.07146077e+03 1.44537797e+03
3.07346107e+03 1.45109568e+03
3.07546137e+03 1.45682993e+03
3.07746167e+03 1.46258079e+03
3.07946197e+03 1.46834832e+03
3.08146227e+03 1.47413259e+03
3.08346257e+03 1.47993368e+03
3.08546287e+03 1.48575165e+03
3.08746317e+03 1.49158657e+03
3.08946347e+03 1.49743853e+03
3.09146377e+03 1.50330758e+03
3.09346407e+03 1.50919380e+03
3.09546437e+03 1.51509727e+03
3.09746467e+03 1.52101806e+03
3.09946497e+03 1.52695625e+03
3.10146527e+03 1.53291190e+03
3.10346557e+03 1.53888510e+03
3.10546587e+03 1.54487592e+03
3.10746617e+03 1.55088445e+03
3.10946647e+03 1.55691075e+03
3.11146677e+03 1.56295491e+03
3.11346707e+03 1.56901701e+03
3.11546737e+03 1.57509712e+03
3.11746767e+03 1.58119532e+03
3.11946797e+03 1.58731171e+03
3.12146827e+03 1.59344636e+03
3.12346857e+03 1.59959935e+03
3.12546887e+03 1.60577076e+03
3.12746917e+03 1.61196069e+03
3.12946947e+03 1.61816921e+03
3.13146977e+03 1.62439641e+03
3.13347007e+03 1.63064238e+03
3.13547037e+03 1.63690720e+03
3.13747067e+03 1.64319097e+03
3.13947097e+03 1.64949377e+03
3.14147127e+03 1.65581568e+03
3.14347157e+03 1.66215681e+03
3.14547187e+03 1.66851724e+03
3.14747217e+03 1.67489706e+03
3.14947247e+03 1.68129636e+03
3.15147277e+03 1.68771525e+03
3.15347307e+03 1.69415381e+03
3.15547337e+03 1.70061213e+03
3.15747367e+03 1.70709032e+03
3.15947397e+03 1.71358848e+03
3.16147427e+03 1.72010668e+03
3.16347457e+03 1.72664505e+03
3.16547487e+03 1.73320367e+03
3.16747517e+03 1.73978265e+03
3.16947547e+03 1.74638208e+03
3.17147577e+03 1.75300208e+03
3.17347607e+03 1.75964273e+03
3.17547637e+03 1.76630415e+03
3.17747667e+03 1.77298645e+03
3.17947697e+03 1.77968972e+03
3.18147727e+03 1.78641407e+03
3.18347757e+03 1.79315962e+03
3.18547787e+03 1.79992646e+03
3.18747817e+03 1.80671471e+03
3.18947847e+03 1.81352449e+03
3.19147877e+03 1.82035589e+03
3.19347907e+03 1.82720905e+03
3.19547937e+03 1.83408406e+03
3.19747967e+03 1.84098104e+03
3.19947997e+03 1.84790011e+03
3.20148027e+03 1.85484139e+03
3.20348057e+03 1.86180500e+03
3.20548087e+03 1.86879105e+03
3.20748117e+03 1.87579966e+03
3.20948147e+03 1.88283096e+03
3.21148177e+03 1.88988507e+03
3.21348207e+03 1.89696211e+03
3.21548237e+03 1.90406221e+03
3.21748267e+03 1.91118549e+03
3.21948297e+03 1.91833209e+03
3.22148327e+03 1.92550212e+03
3.22348357e+03 1.93269573e+03
3.22548387e+03 1.93991303e+03
3.22748417e+03 1.94715417e+03
3.22948447e+03 1.95441928e+03
3.23148477e+03 1.96170849e+03
3.23348507e+03 1.96902193e+03
3.23548537e+03 1.97635976e+03
3.23748567e+03 1.98372210e+03
3.23948597e+03 1.99110909e+03
3.24148627e+03 1.99852089e+03
3.24348657e+03 2.00595762e+03
3.24548687e+03 2.01341945e+03
3.24748717e+03 2.02090650e+03
3.24948747e+03 2.02841893e+03
3.25148777e+03 2.03595689e+03
3.25348807e+03 2.04352053e+03
3.25548837e+03 2.05111000e+03
3.25748867e+03 2.05872546e+03
3.25948897e+03 2.06636706e+03
3.26148927e+03 2.07403495e+03
3.26348957e+03 2.08172930e+03
3.26548987e+03 2.08945026e+03
3.26749017e+03 2.09719800e+03
3.26949047e+03 2.10497268e+03
3.27149077e+03 2.11277447e+03
3.27349107e+03 2.12060352e+03
3.27549137e+03 2.12846002e+03
3.27749167e+03 2.13634413e+03
3.27949197e+03 2.14425602e+03
3.28149227e+03 2.15219586e+03
3.28349257e+03 2.16016384e+03
3.28549287e+03 2.16816013e+03
3.28749317e+03 2.17618490e+03
3.28949347e+03 2.18423835e+03
3.29149377e+03 2.19232065e+03
3.29349407e+03 2.20043198e+03
3.29549437e+03 2.20857255e+03
3.29749467e+03 2.21674252e+03
3.29949497e+03 2.22494210e+03
3.30149527e+03 2.23317148e+03
3.30349557e+03 2.24143086e+03
3.30549587e+03 2.24972043e+03
3.30749617e+03 2.25804039e+03
3.30949647e+03 2.26639094e+03
3.31149677e+03 2.27477229e+03
3.31349707e+03 2.28318464e+03
3.31549737e+03 2.29162820e+03
3.31749767e+03 2.30010319e+03
3.31949797e+03 2.30860982e+03
3.32149827e+03 2.31714829e+03
3.32349857e+03 2.32571884e+03
3.32549887e+03 2.33432168e+03
3.32749917e+03 2.34295703e+03
3.32949947e+03 2.35162512e+03
3.33149977e+03 2.36032618e+03
3.33350008e+03 2.36906043e+03
3.33550038e+03 2.37782812e+03
3.33750068e+03 2.38662948e+03
3.33950098e+03 2.39546474e+03
3.34150128e+03 2.40433415e+03
3.34350158e+03 2.41323795e+03
3.34550188e+03 2.42217639e+03
3.34750218e+03 2.43114972e+03
3.34950248e+03 2.44015819e+03
3.35150278e+03 2.44920206e+03
3.35350308e+03 2.45828159e+03
3.35550338e+03 2.46739704e+03
3.35750368e+03 2.47654867e+03
3.35950398e+03 2.48573676e+03
3.36150428e+03 2.49496157e+03
3.36350458e+03 2.50422338e+03
3.36550488e+03 2.51352247e+03
3.36750518e+03 2.52285911e+03
3.36950548e+03 2.53223360e+03
3.37150578e+03 2.54164623e+03
3.37350608e+03 2.55109727e+03
3.37550638e+03 2.56058704e+03
3.37750668e+03 2.57011582e+03
3.37950698e+03 2.57968393e+03
3.38150728e+03 2.58929167e+03
3.38350758e+03 2.59893934e+03
3.38550788e+03 2.60862727e+03
3.38750818e+03 2.61835577e+03
3.38950848e+03 2.62812516e+03
3.39150878e+03 2.63793577e+03
3.39350908e+03 2.64778793e+03
3.39550938e+03 2.65768198e+03
3.39750968e+03 2.66761825e+03
3.39950998e+03 2.67759709e+03
3.40151028e+03 2.68761884e+03
3.40351058e+03 2.69768386e+03
3.40551088e+03 2.70779251e+03
3.40751118e+03 2.71794514e+03
3.40951148e+03 2.72814212e+03
3.41151178e+03 2.73838382e+03
3.41351208e+03 2.74867062e+03
3.41551238e+03 2.75900290e+03
3.41751268e+03 2.76938104e+03
3.41951298e+03 2.77980544e+03
3.42151328e+03 2.79027650e+03
3.42351358e+03 2.80079460e+03
3.42551388e+03 2.81136017e+03
3.42751418e+03 2.82197361e+03
3.42951448e+03 2.83263534e+03
3.43151478e+03 2.84334578e+03
3.43351508e+03 2.85410537e+03
3.43551538e+03 2.86491454e+03
3.43751568e+03 2.87577373e+03
3.43951598e+03 2.88668339e+03
3.44151628e+03 2.89764397e+03
3.44351658e+03 2.90865594e+03
3.44551688e+03 2.91971975e+03
3.44751718e+03 2.93083589e+03
3.44951748e+03 2.94200483e+03
3.45151778e+03 2.95322706e+03
3.45351808e+03 2.96450308e+03
3.45551838e+03 2.97583338e+03
3.45751868e+03 2.98721847e+03
3.45951898e+03 2.99865886e+03
3.46151928e+03 3.01015509e+03
3.46351958e+03 3.02170768e+03
3.46551988e+03 3.03331716e+03
3.46752018e+03 3.04498410e+03
3.46952048e+03 3.05670903e+03
3.47152078e+03 3.06849252e+03
3.47352108e+03 3.08033514e+03
3.47552138e+03 3.09223747e+03
3.47752168e+03 3.10420010e+03
3.47952198e+03 3.11622363e+03
3.48152228e+03 3.12830866e+03
3.48352258e+03 3.14045581e+03
3.48552288e+03 3.15266570e+03
3.48752318e+03 3.16493896e+03
3.48952348e+03 3.17727624e+03
3.49152378e+03 3.18967819e+03
3.49352408e+03 3.20214548e+03
3.49552438e+03 3.21467878e+03
3.49752468e+03 3.22727877e+03
3.49952498e+03 3.23994616e+03
3.50152528e+03 3.25268164e+03
3.50352558e+03 3.26548594e+03
3.50552588e+03 3.27835979e+03
3.50752618e+03 3.29130392e+03
3.50952648e+03 3.30431908e+03
3.51152678e+03 3.31740606e+03
3.51352708e+03 3.33056561e+03
3.51552738e+03 3.34379854e+03
3.51752768e+03 3.35710564e+03
3.51952798e+03 3.37048773e+03
3.52152828e+03 3.38394564e+03
3.52352858e+03 3.39748022e+03
3.52552888e+03 3.41109233e+03
3.52752918e+03 3.42478283e+03
3.52952948e+03 3.43855261e+03
3.53152978e+03 3.45240258e+03
3.53353008e+03 3.46633366e+03
3.53553038e+03 3.48034677e+03
3.53753068e+03 3.49444287e+03
3.53953098e+03 3.50862292e+03
3.54153128e+03 3.52288791e+03
3.54353158e+03 3.53723883e+03
3.54553188e+03 3.55167670e+03
3.54753218e+03 3.56620257e+03
3.54953248e+03 3.58081747e+03
3.55153278e+03 3.59552249e+03
3.55353308e+03 3.61031872e+03
3.55553338e+03 3.62520727e+03
3.55753368e+03 3.64018926e+03
3.55953398e+03 3.65526586e+03
3.56153428e+03 3.67043824e+03
3.56353458e+03 3.68570759e+03
3.56553488e+03 3.70107512e+03
3.56753518e+03 3.71654209e+03
3.56953548e+03 3.73210974e+03
3.57153578e+03 3.74777937e+03
3.57353608e+03 3.76355229e+03
3.57553638e+03 3.77942984e+03
3.57753668e+03 3.79541337e+03
3.57953698e+03 3.81150428e+03
3.58153728e+03 3.82770397e+03
3.58353758e+03 3.84401389e+03
3.58553788e+03 3.86043552e+03
3.58753818e+03 3.87697034e+03
3.58953848e+03 3.89361988e+03
3.59153878e+03 3.91038571e+03
3.59353908e+03 3.92726942e+03
3.59553938e+03 3.94427262e+03
3.59753968e+03 3.96139697e+03
3.59953998e+03 3.97864416e+03
3.60154029e+03 3.99601591e+03
3.60354059e+03 4.01351398e+03
3.60554089e+03 4.03114016e+03
3.60754119e+03 4.04889628e+03
3.60954149e+03 4.06678421e+03
3.61154179e+03 4.08480587e+03
3.61354209e+03 4.10296319e+03
3.61554239e+03 4.12125817e+03
3.61754269e+03 4.13969285e+03
3.61954299e+03 4.15826929e+03
3.62154329e+03 4.17698962e+03
3.62354359e+03 4.19585601e+03
3.62554389e+03 4.21487067e+03
3.62754419e+03 4.23403587e+03
3.62954449e+03 4.25335392e+03
3.63154479e+03 4.27282719e+03
3.63354509e+03 4.29245809e+03
3.63554539e+03 4.31224909e+03
3.63754569e+03 4.33220273e+03
3.63954599e+03 4.35232160e+03
3.64154629e+03 4.37260834e+03
3.64354659e+03 4.39306565e+03
3.64554689e+03 4.41369632e+03
3.64754719e+03 4.43450317e+03
3.64954749e+03 4.45548911e+03
3.65154779e+03 4.47665711e+03
3.65354809e+03 4.49801021e+03
3.65554839e+03 4.51955154e+03
3.65754869e+03 4.54128427e+03
3.65954899e+03 4.56321169e+03
3.66154929e+03 4.58533714e+03
3.66354959e+03 4.60766405e+03
3.66554989e+03 4.63019595e+03
3.66755019e+03 4.65293644e+03
3.66955049e+03 4.67588921e+03
3.67155079e+03 4.69905806e+03
3.67355109e+03 4.72244687e+03
3.67555139e+03 4.74605965e+03
3.67755169e+03 4.76990047e+03
3.67955199e+03 4.79397353e+03
3.68155229e+03 4.81828316e+03
3.68355259e+03 4.84283376e+03
3.68555289e+03 4.86762989e+03
3.68755319e+03 4.89267620e+03
3.68955349e+03 4.91797750e+03
3.69155379e+03 4.94353869e+03
3.69355409e+03 4.96936484e+03
3.69555439e+03 4.99546115e+03
3.69755469e+03 5.02183296e+03
3.69955499e+03 5.04848575e+03
3.70155529e+03 5.07542519e+03
3.70355559e+03 5.10265708e+03
3.70555589e+03 5.13018739e+03
3.70755619e+03 5.15802228e+03
3.70955649e+03 5.18616808e+03
3.71155679e+03 5.21463132e+03
3.71355709e+03 5.24341869e+03
3.71555739e+03 5.27253711e+03
3.71755769e+03 5.30199371e+03
3.71955799e+03 5.33179582e+03
3.72155829e+03 5.36195101e+03
3.72355859e+03 5.39246708e+03
3.72555889e+03 5.42335207e+03
3.72755919e+03 5.45461427e+03
3.72955949e+03 5.48626225e+03
3.73155979e+03 5.51830484e+03
3.73356009e+03 5.55075115e+03
3.73556039e+03 5.58361061e+03
3.73756069e+03 5.61689295e+03
3.73956099e+03 5.65060820e+03
3.74156129e+03 5.68476676e+03
3.74356159e+03 5.71937937e+03
3.74556189e+03 5.75445713e+03
3.74756219e+03 5.79001153e+03
3.74956249e+03 5.82605445e+03
3.75156279e+03 5.86259819e+03
3.75356309e+03 5.89965550e+03
3.75556339e+03 5.93723956e+03
3.75756369e+03 5.97536404e+03
3.75956399e+03 6.01404313e+03
3.76156429e+03 6.05329149e+03
3.76356459e+03 6.09312438e+03
3.76556489e+03 6.13355759e+03
3.76756519e+03 6.17460755e+03
3.76956549e+03 6.21629127e+03
3.77156579e+03 6.25862647e+03
3.77356609e+03 6.30163152e+03
3.77556639e+03 6.34532556e+03
3.77756669e+03 6.38972844e+03
3.77956699e+03 6.43486087e+03
3.78156729e+03 6.48074437e+03
3.78356759e+03 6.52740136e+03
3.78556789e+03 6.57485519e+03
3.78756819e+03 6.62313020e+03
3.78956849e+03 6.67225177e+03
3.79156879e+03 6.72224638e+03
3.79356909e+03 6.77314166e+03
3.79556939e+03 6.82496647e+03
3.79756969e+03 6.87775094e+03
3.79956999e+03 6.93152661e+03
3.80157029e+03 6.98632642e+03
3.80357059e+03 7.04218486e+03
3.80557089e+03 7.09913804e+03
3.80757119e+03 7.15722379e+03
3.80957149e+03 7.21648176e+03
3.81157179e+03 7.27695353e+03
3.81357209e+03 7.33868276e+03
3.81557239e+03 7.40171529e+03
3.81757269e+03 7.46609927e+03
3.81957299e+03 7.53188535e+03
3.82157329e+03 7.59912684e+03
3.82357359e+03 7.66787985e+03
3.82557389e+03 7.73820352e+03
3.82757419e+03 7.81016021e+03
3.82957449e+03 7.88381574e+03
3.83157479e+03 7.95923962e+03
3.83357509e+03 8.03650533e+03
3.83557539e+03 8.11569061e+03
3.83757569e+03 8.19687777e+03
3.83957599e+03 8.28015404e+03
3.84157629e+03 8.36561195e+03
3.84357659e+03 8.45334975e+03
3.84557689e+03 8.54347186e+03
3.84757719e+03 8.63608936e+03
3.84957749e+03 8.73132058e+03
3.85157779e+03 8.82929164e+03
3.85357809e+03 8.93013718e+03
3.85557839e+03 9.03400107e+03
3.85757869e+03 9.14103725e+03
3.85957899e+03 9.25141060e+03
3.86157929e+03 9.36529799e+03
3.86357959e+03 9.48288942e+03
3.86557989e+03 9.60438922e+03
3.86758020e+03 9.73001751e+03
3.86958050e+03 9.86001178e+03
3.87158080e+03 9.99462863e+03
3.87358110e+03 1.01341458e+04
3.87558140e+03 1.02788642e+04
3.87758170e+03 1.04291110e+04
3.87958200e+03 1.05852416e+04
3.88158230e+03 1.07476437e+04
3.88358260e+03 1.09167404e+04
3.88558290e+03 1.10929946e+04
3.88758320e+03 1.12769144e+04
3.88958350e+03 1.14690583e+04
3.89158380e+03 1.16700431e+04
3.89358410e+03 1.18805525e+04
3.89558440e+03 1.21013484e+04
3.89758470e+03 1.23332852e+04
3.89958500e+03 1.25773268e+04
3.90158530e+03 1.28345679e+04
3.90358560e+03 1.31062574e+04
3.90558590e+03 1.33938226e+04
3.90758620e+03 1.36988901e+04
3.90958650e+03 1.40232943e+04
3.91158680e+03 1.43690628e+04
3.91358710e+03 1.47383645e+04
3.91558740e+03 1.51334023e+04
3.91758770e+03 1.55562432e+04
3.91958800e+03 1.60085940e+04
3.92158830e+03 1.64915769e+04
3.92358860e+03 1.70056347e+04
3.92558890e+03 1.75508255e+04
3.92758920e+03 1.81279458e+04
3.92958950e+03 1.87411549e+04
3.93158980e+03 1.94030116e+04
3.93359010e+03 2.01429898e+04
3.93559040e+03 2.10204118e+04
3.93759070e+03 2.21420232e+04
3.93959100e+03 2.36826448e+04
3.94159130e+03 2.59038554e+04
3.94359160e+03 2.91597971e+04
3.94559190e+03 3.38704215e+04
3.94759220e+03 4.04309431e+04
3.94959250e+03 4.90135139e+04
3.95159280e+03 5.92078936e+04
3.95359310e+03 6.94565873e+04
3.95559340e+03 7.63438677e+04
3.95759370e+03 7.45643949e+04
3.95959400e+03 6.25837775e+04
3.96159430e+03 5.44357304e+04
3.96359460e+03 5.56551028e+04
3.96559490e+03 6.13015411e+04
3.96759520e+03 6.83205927e+04
3.96959550e+03 7.55705321e+04
3.97159580e+03 8.27087912e+04
3.97359610e+03 8.96736349e+04
3.97559640e+03 9.64924889e+04
3.97759670e+03 1.03217470e+05
3.97959700e+03 1.09906104e+05
3.98159730e+03 1.16617573e+05
3.98359760e+03 1.23414474e+05
3.98559790e+03 1.30367238e+05
3.98759820e+03 1.37561207e+05
3.98959850e+03 1.45108407e+05
3.99159880e+03 1.53169365e+05
3.99359910e+03 1.61999694e+05
3.99559940e+03 1.72070752e+05
3.99759970e+03 1.84501631e+05
3.99960000e+03 2.04710265e+05
