# Data file for U(x)
# mu = 18.884262196720503
# omB = 3.432
# Columns:
# 1) x
# 2) U(x)
# 3) local density n_e(x)
# 4) compressibility dn_e(x)
# 
-1.99980000e+03 3.53725948e+04 0.00000000e+00 0.00000000e+00
-1.99913329e+03 3.53384756e+04 0.00000000e+00 0.00000000e+00
-1.99846658e+03 3.52704734e+04 0.00000000e+00 0.00000000e+00
-1.99779987e+03 3.51689485e+04 0.00000000e+00 0.00000000e+00
-1.99713316e+03 3.50344394e+04 0.00000000e+00 0.00000000e+00
-1.99646644e+03 3.48676455e+04 0.00000000e+00 0.00000000e+00
-1.99579973e+03 3.46694154e+04 0.00000000e+00 0.00000000e+00
-1.99513302e+03 3.44407341e+04 0.00000000e+00 0.00000000e+00
-1.99446631e+03 3.41827098e+04 0.00000000e+00 0.00000000e+00
-1.99379960e+03 3.38965612e+04 0.00000000e+00 0.00000000e+00
-1.99313289e+03 3.35836038e+04 0.00000000e+00 0.00000000e+00
-1.99246618e+03 3.32452364e+04 0.00000000e+00 0.00000000e+00
-1.99179947e+03 3.28829272e+04 0.00000000e+00 0.00000000e+00
-1.99113276e+03 3.24981998e+04 0.00000000e+00 0.00000000e+00
-1.99046604e+03 3.20926190e+04 0.00000000e+00 0.00000000e+00
-1.98979933e+03 3.16677765e+04 0.00000000e+00 0.00000000e+00
-1.98913262e+03 3.12252771e+04 0.00000000e+00 0.00000000e+00
-1.98846591e+03 3.07667249e+04 0.00000000e+00 0.00000000e+00
-1.98779920e+03 3.02937106e+04 0.00000000e+00 0.00000000e+00
-1.98713249e+03 2.98077992e+04 0.00000000e+00 0.00000000e+00
-1.98646578e+03 2.93105192e+04 0.00000000e+00 0.00000000e+00
-1.98579907e+03 2.88033529e+04 0.00000000e+00 0.00000000e+00
-1.98513236e+03 2.82877275e+04 0.00000000e+00 0.00000000e+00
-1.98446564e+03 2.77650083e+04 0.00000000e+00 0.00000000e+00
-1.98379893e+03 2.72364932e+04 0.00000000e+00 0.00000000e+00
-1.98313222e+03 2.67034082e+04 0.00000000e+00 0.00000000e+00
-1.98246551e+03 2.61669045e+04 0.00000000e+00 0.00000000e+00
-1.98179880e+03 2.56280575e+04 0.00000000e+00 0.00000000e+00
-1.98113209e+03 2.50878664e+04 0.00000000e+00 0.00000000e+00
-1.98046538e+03 2.45472552e+04 0.00000000e+00 0.00000000e+00
-1.97979867e+03 2.40070747e+04 0.00000000e+00 0.00000000e+00
-1.97913196e+03 2.34681059e+04 0.00000000e+00 0.00000000e+00
-1.97846524e+03 2.29310635e+04 0.00000000e+00 0.00000000e+00
-1.97779853e+03 2.23966005e+04 0.00000000e+00 0.00000000e+00
-1.97713182e+03 2.18653128e+04 0.00000000e+00 0.00000000e+00
-1.97646511e+03 2.13377447e+04 0.00000000e+00 0.00000000e+00
-1.97579840e+03 2.08143942e+04 0.00000000e+00 0.00000000e+00
-1.97513169e+03 2.02957185e+04 0.00000000e+00 0.00000000e+00
-1.97446498e+03 1.97821389e+04 0.00000000e+00 0.00000000e+00
-1.97379827e+03 1.92740463e+04 0.00000000e+00 0.00000000e+00
-1.97313156e+03 1.87718054e+04 0.00000000e+00 0.00000000e+00
-1.97246484e+03 1.82757595e+04 0.00000000e+00 0.00000000e+00
-1.97179813e+03 1.77862338e+04 0.00000000e+00 0.00000000e+00
-1.97113142e+03 1.73035388e+04 0.00000000e+00 0.00000000e+00
-1.97046471e+03 1.68279730e+04 0.00000000e+00 0.00000000e+00
-1.96979800e+03 1.63598248e+04 0.00000000e+00 0.00000000e+00
-1.96913129e+03 1.58993740e+04 0.00000000e+00 0.00000000e+00
-1.96846458e+03 1.54468923e+04 0.00000000e+00 0.00000000e+00
-1.96779787e+03 1.50026443e+04 0.00000000e+00 0.00000000e+00
-1.96713116e+03 1.45668865e+04 0.00000000e+00 0.00000000e+00
-1.96646444e+03 1.41398672e+04 0.00000000e+00 0.00000000e+00
-1.96579773e+03 1.37218252e+04 0.00000000e+00 0.00000000e+00
-1.96513102e+03 1.33129883e+04 0.00000000e+00 0.00000000e+00
-1.96446431e+03 1.29135720e+04 0.00000000e+00 0.00000000e+00
-1.96379760e+03 1.25237775e+04 0.00000000e+00 0.00000000e+00
-1.96313089e+03 1.21437897e+04 0.00000000e+00 0.00000000e+00
-1.96246418e+03 1.17737756e+04 0.00000000e+00 0.00000000e+00
-1.96179747e+03 1.14138823e+04 0.00000000e+00 0.00000000e+00
-1.96113076e+03 1.10642349e+04 0.00000000e+00 0.00000000e+00
-1.96046404e+03 1.07249354e+04 0.00000000e+00 0.00000000e+00
-1.95979733e+03 1.03960609e+04 0.00000000e+00 0.00000000e+00
-1.95913062e+03 1.00776627e+04 0.00000000e+00 0.00000000e+00
-1.95846391e+03 9.76976523e+03 0.00000000e+00 0.00000000e+00
-1.95779720e+03 9.47236562e+03 0.00000000e+00 0.00000000e+00
-1.95713049e+03 9.18543328e+03 0.00000000e+00 0.00000000e+00
-1.95646378e+03 8.90891001e+03 0.00000000e+00 0.00000000e+00
-1.95579707e+03 8.64271038e+03 0.00000000e+00 0.00000000e+00
-1.95513036e+03 8.38672235e+03 0.00000000e+00 0.00000000e+00
-1.95446364e+03 8.14080823e+03 0.00000000e+00 0.00000000e+00
-1.95379693e+03 7.90480589e+03 0.00000000e+00 0.00000000e+00
-1.95313022e+03 7.67853019e+03 0.00000000e+00 0.00000000e+00
-1.95246351e+03 7.46177468e+03 0.00000000e+00 0.00000000e+00
-1.95179680e+03 7.25431335e+03 0.00000000e+00 0.00000000e+00
-1.95113009e+03 7.05590269e+03 0.00000000e+00 0.00000000e+00
-1.95046338e+03 6.86628369e+03 0.00000000e+00 0.00000000e+00
-1.94979667e+03 6.68518399e+03 0.00000000e+00 0.00000000e+00
-1.94912995e+03 6.51232010e+03 0.00000000e+00 0.00000000e+00
-1.94846324e+03 6.34739952e+03 0.00000000e+00 0.00000000e+00
-1.94779653e+03 6.19012292e+03 0.00000000e+00 0.00000000e+00
-1.94712982e+03 6.04018624e+03 0.00000000e+00 0.00000000e+00
-1.94646311e+03 5.89728268e+03 0.00000000e+00 0.00000000e+00
-1.94579640e+03 5.76110464e+03 0.00000000e+00 0.00000000e+00
-1.94512969e+03 5.63134549e+03 0.00000000e+00 0.00000000e+00
-1.94446298e+03 5.50770127e+03 0.00000000e+00 0.00000000e+00
-1.94379627e+03 5.38987214e+03 0.00000000e+00 0.00000000e+00
-1.94312955e+03 5.27756384e+03 0.00000000e+00 0.00000000e+00
-1.94246284e+03 5.17048880e+03 0.00000000e+00 0.00000000e+00
-1.94179613e+03 5.06836728e+03 0.00000000e+00 0.00000000e+00
-1.94112942e+03 4.97092819e+03 0.00000000e+00 0.00000000e+00
-1.94046271e+03 4.87790988e+03 0.00000000e+00 0.00000000e+00
-1.93979600e+03 4.78906073e+03 0.00000000e+00 0.00000000e+00
-1.93912929e+03 4.70413958e+03 0.00000000e+00 0.00000000e+00
-1.93846258e+03 4.62291607e+03 0.00000000e+00 0.00000000e+00
-1.93779587e+03 4.54517083e+03 0.00000000e+00 0.00000000e+00
-1.93712915e+03 4.47069557e+03 0.00000000e+00 0.00000000e+00
-1.93646244e+03 4.39929306e+03 0.00000000e+00 0.00000000e+00
-1.93579573e+03 4.33077706e+03 0.00000000e+00 0.00000000e+00
-1.93512902e+03 4.26497207e+03 0.00000000e+00 0.00000000e+00
-1.93446231e+03 4.20171314e+03 0.00000000e+00 0.00000000e+00
-1.93379560e+03 4.14084556e+03 0.00000000e+00 0.00000000e+00
-1.93312889e+03 4.08222446e+03 0.00000000e+00 0.00000000e+00
-1.93246218e+03 4.02571447e+03 0.00000000e+00 0.00000000e+00
-1.93179547e+03 3.97118927e+03 0.00000000e+00 0.00000000e+00
-1.93112875e+03 3.91853117e+03 0.00000000e+00 0.00000000e+00
-1.93046204e+03 3.86763065e+03 0.00000000e+00 0.00000000e+00
-1.92979533e+03 3.81838589e+03 0.00000000e+00 0.00000000e+00
-1.92912862e+03 3.77070234e+03 0.00000000e+00 0.00000000e+00
-1.92846191e+03 3.72449225e+03 0.00000000e+00 0.00000000e+00
-1.92779520e+03 3.67967421e+03 0.00000000e+00 0.00000000e+00
-1.92712849e+03 3.63617275e+03 0.00000000e+00 0.00000000e+00
-1.92646178e+03 3.59391789e+03 0.00000000e+00 0.00000000e+00
-1.92579507e+03 3.55284476e+03 0.00000000e+00 0.00000000e+00
-1.92512835e+03 3.51289320e+03 0.00000000e+00 0.00000000e+00
-1.92446164e+03 3.47400742e+03 0.00000000e+00 0.00000000e+00
-1.92379493e+03 3.43613564e+03 0.00000000e+00 0.00000000e+00
-1.92312822e+03 3.39922977e+03 0.00000000e+00 0.00000000e+00
-1.92246151e+03 3.36324513e+03 0.00000000e+00 0.00000000e+00
-1.92179480e+03 3.32814014e+03 0.00000000e+00 0.00000000e+00
-1.92112809e+03 3.29387609e+03 0.00000000e+00 0.00000000e+00
-1.92046138e+03 3.26041689e+03 0.00000000e+00 0.00000000e+00
-1.91979467e+03 3.22772885e+03 0.00000000e+00 0.00000000e+00
-1.91912795e+03 3.19578047e+03 0.00000000e+00 0.00000000e+00
-1.91846124e+03 3.16454227e+03 0.00000000e+00 0.00000000e+00
-1.91779453e+03 3.13398661e+03 0.00000000e+00 0.00000000e+00
-1.91712782e+03 3.10408755e+03 0.00000000e+00 0.00000000e+00
-1.91646111e+03 3.07482068e+03 0.00000000e+00 0.00000000e+00
-1.91579440e+03 3.04616303e+03 0.00000000e+00 0.00000000e+00
-1.91512769e+03 3.01809294e+03 0.00000000e+00 0.00000000e+00
-1.91446098e+03 2.99058992e+03 0.00000000e+00 0.00000000e+00
-1.91379427e+03 2.96363463e+03 0.00000000e+00 0.00000000e+00
-1.91312755e+03 2.93720872e+03 0.00000000e+00 0.00000000e+00
-1.91246084e+03 2.91129478e+03 0.00000000e+00 0.00000000e+00
-1.91179413e+03 2.88587630e+03 0.00000000e+00 0.00000000e+00
-1.91112742e+03 2.86093755e+03 0.00000000e+00 0.00000000e+00
-1.91046071e+03 2.83646356e+03 0.00000000e+00 0.00000000e+00
-1.90979400e+03 2.81244006e+03 0.00000000e+00 0.00000000e+00
-1.90912729e+03 2.78885342e+03 0.00000000e+00 0.00000000e+00
-1.90846058e+03 2.76569064e+03 0.00000000e+00 0.00000000e+00
-1.90779387e+03 2.74293927e+03 0.00000000e+00 0.00000000e+00
-1.90712715e+03 2.72058739e+03 0.00000000e+00 0.00000000e+00
-1.90646044e+03 2.69862358e+03 0.00000000e+00 0.00000000e+00
-1.90579373e+03 2.67703690e+03 0.00000000e+00 0.00000000e+00
-1.90512702e+03 2.65581684e+03 0.00000000e+00 0.00000000e+00
-1.90446031e+03 2.63495332e+03 0.00000000e+00 0.00000000e+00
-1.90379360e+03 2.61443664e+03 0.00000000e+00 0.00000000e+00
-1.90312689e+03 2.59425747e+03 0.00000000e+00 0.00000000e+00
-1.90246018e+03 2.57440686e+03 0.00000000e+00 0.00000000e+00
-1.90179347e+03 2.55487616e+03 0.00000000e+00 0.00000000e+00
-1.90112675e+03 2.53565706e+03 0.00000000e+00 0.00000000e+00
-1.90046004e+03 2.51674154e+03 0.00000000e+00 0.00000000e+00
-1.89979333e+03 2.49812188e+03 0.00000000e+00 0.00000000e+00
-1.89912662e+03 2.47979062e+03 0.00000000e+00 0.00000000e+00
-1.89845991e+03 2.46174057e+03 0.00000000e+00 0.00000000e+00
-1.89779320e+03 2.44396478e+03 0.00000000e+00 0.00000000e+00
-1.89712649e+03 2.42645654e+03 0.00000000e+00 0.00000000e+00
-1.89645978e+03 2.40920939e+03 0.00000000e+00 0.00000000e+00
-1.89579307e+03 2.39221704e+03 0.00000000e+00 0.00000000e+00
-1.89512635e+03 2.37547345e+03 0.00000000e+00 0.00000000e+00
-1.89445964e+03 2.35897275e+03 0.00000000e+00 0.00000000e+00
-1.89379293e+03 2.34270929e+03 0.00000000e+00 0.00000000e+00
-1.89312622e+03 2.32667757e+03 0.00000000e+00 0.00000000e+00
-1.89245951e+03 2.31087229e+03 0.00000000e+00 0.00000000e+00
-1.89179280e+03 2.29528829e+03 0.00000000e+00 0.00000000e+00
-1.89112609e+03 2.27992061e+03 0.00000000e+00 0.00000000e+00
-1.89045938e+03 2.26476440e+03 0.00000000e+00 0.00000000e+00
-1.88979267e+03 2.24981499e+03 0.00000000e+00 0.00000000e+00
-1.88912595e+03 2.23506785e+03 0.00000000e+00 0.00000000e+00
-1.88845924e+03 2.22051857e+03 0.00000000e+00 0.00000000e+00
-1.88779253e+03 2.20616287e+03 0.00000000e+00 0.00000000e+00
-1.88712582e+03 2.19199663e+03 0.00000000e+00 0.00000000e+00
-1.88645911e+03 2.17801582e+03 0.00000000e+00 0.00000000e+00
-1.88579240e+03 2.16421653e+03 0.00000000e+00 0.00000000e+00
-1.88512569e+03 2.15059497e+03 0.00000000e+00 0.00000000e+00
-1.88445898e+03 2.13714746e+03 0.00000000e+00 0.00000000e+00
-1.88379227e+03 2.12387043e+03 0.00000000e+00 0.00000000e+00
-1.88312555e+03 2.11076039e+03 0.00000000e+00 0.00000000e+00
-1.88245884e+03 2.09781396e+03 0.00000000e+00 0.00000000e+00
-1.88179213e+03 2.08502787e+03 0.00000000e+00 0.00000000e+00
-1.88112542e+03 2.07239891e+03 0.00000000e+00 0.00000000e+00
-1.88045871e+03 2.05992397e+03 0.00000000e+00 0.00000000e+00
-1.87979200e+03 2.04760004e+03 0.00000000e+00 0.00000000e+00
-1.87912529e+03 2.03542416e+03 0.00000000e+00 0.00000000e+00
-1.87845858e+03 2.02339349e+03 0.00000000e+00 0.00000000e+00
-1.87779187e+03 2.01150521e+03 0.00000000e+00 0.00000000e+00
-1.87712515e+03 1.99975663e+03 0.00000000e+00 0.00000000e+00
-1.87645844e+03 1.98814510e+03 0.00000000e+00 0.00000000e+00
-1.87579173e+03 1.97666803e+03 0.00000000e+00 0.00000000e+00
-1.87512502e+03 1.96532293e+03 0.00000000e+00 0.00000000e+00
-1.87445831e+03 1.95410734e+03 0.00000000e+00 0.00000000e+00
-1.87379160e+03 1.94301888e+03 0.00000000e+00 0.00000000e+00
-1.87312489e+03 1.93205524e+03 0.00000000e+00 0.00000000e+00
-1.87245818e+03 1.92121414e+03 0.00000000e+00 0.00000000e+00
-1.87179147e+03 1.91049337e+03 0.00000000e+00 0.00000000e+00
-1.87112475e+03 1.89989079e+03 0.00000000e+00 0.00000000e+00
-1.87045804e+03 1.88940428e+03 0.00000000e+00 0.00000000e+00
-1.86979133e+03 1.87903180e+03 0.00000000e+00 0.00000000e+00
-1.86912462e+03 1.86877135e+03 0.00000000e+00 0.00000000e+00
-1.86845791e+03 1.85862098e+03 0.00000000e+00 0.00000000e+00
-1.86779120e+03 1.84857877e+03 0.00000000e+00 0.00000000e+00
-1.86712449e+03 1.83864286e+03 0.00000000e+00 0.00000000e+00
-1.86645778e+03 1.82881144e+03 0.00000000e+00 0.00000000e+00
-1.86579107e+03 1.81908273e+03 0.00000000e+00 0.00000000e+00
-1.86512435e+03 1.80945500e+03 0.00000000e+00 0.00000000e+00
-1.86445764e+03 1.79992655e+03 0.00000000e+00 0.00000000e+00
-1.86379093e+03 1.79049573e+03 0.00000000e+00 0.00000000e+00
-1.86312422e+03 1.78116092e+03 0.00000000e+00 0.00000000e+00
-1.86245751e+03 1.77192053e+03 0.00000000e+00 0.00000000e+00
-1.86179080e+03 1.76277303e+03 0.00000000e+00 0.00000000e+00
-1.86112409e+03 1.75371691e+03 0.00000000e+00 0.00000000e+00
-1.86045738e+03 1.74475067e+03 0.00000000e+00 0.00000000e+00
-1.85979067e+03 1.73587289e+03 0.00000000e+00 0.00000000e+00
-1.85912395e+03 1.72708214e+03 0.00000000e+00 0.00000000e+00
-1.85845724e+03 1.71837705e+03 0.00000000e+00 0.00000000e+00
-1.85779053e+03 1.70975626e+03 0.00000000e+00 0.00000000e+00
-1.85712382e+03 1.70121845e+03 0.00000000e+00 0.00000000e+00
-1.85645711e+03 1.69276232e+03 0.00000000e+00 0.00000000e+00
-1.85579040e+03 1.68438661e+03 0.00000000e+00 0.00000000e+00
-1.85512369e+03 1.67609007e+03 0.00000000e+00 0.00000000e+00
-1.85445698e+03 1.66787150e+03 0.00000000e+00 0.00000000e+00
-1.85379027e+03 1.65972970e+03 0.00000000e+00 0.00000000e+00
-1.85312355e+03 1.65166351e+03 0.00000000e+00 0.00000000e+00
-1.85245684e+03 1.64367179e+03 0.00000000e+00 0.00000000e+00
-1.85179013e+03 1.63575342e+03 0.00000000e+00 0.00000000e+00
-1.85112342e+03 1.62790731e+03 0.00000000e+00 0.00000000e+00
-1.85045671e+03 1.62013239e+03 0.00000000e+00 0.00000000e+00
-1.84979000e+03 1.61242760e+03 0.00000000e+00 0.00000000e+00
-1.84912329e+03 1.60479192e+03 0.00000000e+00 0.00000000e+00
-1.84845658e+03 1.59722435e+03 0.00000000e+00 0.00000000e+00
-1.84778986e+03 1.58972388e+03 0.00000000e+00 0.00000000e+00
-1.84712315e+03 1.58228956e+03 0.00000000e+00 0.00000000e+00
-1.84645644e+03 1.57492044e+03 0.00000000e+00 0.00000000e+00
-1.84578973e+03 1.56761558e+03 0.00000000e+00 0.00000000e+00
-1.84512302e+03 1.56037407e+03 0.00000000e+00 0.00000000e+00
-1.84445631e+03 1.55319502e+03 0.00000000e+00 0.00000000e+00
-1.84378960e+03 1.54607755e+03 0.00000000e+00 0.00000000e+00
-1.84312289e+03 1.53902080e+03 0.00000000e+00 0.00000000e+00
-1.84245618e+03 1.53202392e+03 0.00000000e+00 0.00000000e+00
-1.84178946e+03 1.52508609e+03 0.00000000e+00 0.00000000e+00
-1.84112275e+03 1.51820649e+03 0.00000000e+00 0.00000000e+00
-1.84045604e+03 1.51138432e+03 0.00000000e+00 0.00000000e+00
-1.83978933e+03 1.50461881e+03 0.00000000e+00 0.00000000e+00
-1.83912262e+03 1.49790918e+03 0.00000000e+00 0.00000000e+00
-1.83845591e+03 1.49125469e+03 0.00000000e+00 0.00000000e+00
-1.83778920e+03 1.48465459e+03 0.00000000e+00 0.00000000e+00
-1.83712249e+03 1.47810815e+03 0.00000000e+00 0.00000000e+00
-1.83645578e+03 1.47161466e+03 0.00000000e+00 0.00000000e+00
-1.83578906e+03 1.46517343e+03 0.00000000e+00 0.00000000e+00
-1.83512235e+03 1.45878376e+03 0.00000000e+00 0.00000000e+00
-1.83445564e+03 1.45244498e+03 0.00000000e+00 0.00000000e+00
-1.83378893e+03 1.44615643e+03 0.00000000e+00 0.00000000e+00
-1.83312222e+03 1.43991745e+03 0.00000000e+00 0.00000000e+00
-1.83245551e+03 1.43372741e+03 0.00000000e+00 0.00000000e+00
-1.83178880e+03 1.42758568e+03 0.00000000e+00 0.00000000e+00
-1.83112209e+03 1.42149163e+03 0.00000000e+00 0.00000000e+00
-1.83045538e+03 1.41544467e+03 0.00000000e+00 0.00000000e+00
-1.82978866e+03 1.40944420e+03 0.00000000e+00 0.00000000e+00
-1.82912195e+03 1.40348963e+03 0.00000000e+00 0.00000000e+00
-1.82845524e+03 1.39758039e+03 0.00000000e+00 0.00000000e+00
-1.82778853e+03 1.39171591e+03 0.00000000e+00 0.00000000e+00
-1.82712182e+03 1.38589563e+03 0.00000000e+00 0.00000000e+00
-1.82645511e+03 1.38011901e+03 0.00000000e+00 0.00000000e+00
-1.82578840e+03 1.37438551e+03 0.00000000e+00 0.00000000e+00
-1.82512169e+03 1.36869460e+03 0.00000000e+00 0.00000000e+00
-1.82445498e+03 1.36304576e+03 0.00000000e+00 0.00000000e+00
-1.82378826e+03 1.35743849e+03 0.00000000e+00 0.00000000e+00
-1.82312155e+03 1.35187227e+03 0.00000000e+00 0.00000000e+00
-1.82245484e+03 1.34634662e+03 0.00000000e+00 0.00000000e+00
-1.82178813e+03 1.34086105e+03 0.00000000e+00 0.00000000e+00
-1.82112142e+03 1.33541508e+03 0.00000000e+00 0.00000000e+00
-1.82045471e+03 1.33000825e+03 0.00000000e+00 0.00000000e+00
-1.81978800e+03 1.32464008e+03 0.00000000e+00 0.00000000e+00
-1.81912129e+03 1.31931012e+03 0.00000000e+00 0.00000000e+00
-1.81845458e+03 1.31401793e+03 0.00000000e+00 0.00000000e+00
-1.81778786e+03 1.30876307e+03 0.00000000e+00 0.00000000e+00
-1.81712115e+03 1.30354510e+03 0.00000000e+00 0.00000000e+00
-1.81645444e+03 1.29836359e+03 0.00000000e+00 0.00000000e+00
-1.81578773e+03 1.29321813e+03 0.00000000e+00 0.00000000e+00
-1.81512102e+03 1.28810830e+03 0.00000000e+00 0.00000000e+00
-1.81445431e+03 1.28303370e+03 0.00000000e+00 0.00000000e+00
-1.81378760e+03 1.27799392e+03 0.00000000e+00 0.00000000e+00
-1.81312089e+03 1.27298858e+03 0.00000000e+00 0.00000000e+00
-1.81245418e+03 1.26801728e+03 0.00000000e+00 0.00000000e+00
-1.81178746e+03 1.26307964e+03 0.00000000e+00 0.00000000e+00
-1.81112075e+03 1.25817529e+03 0.00000000e+00 0.00000000e+00
-1.81045404e+03 1.25330385e+03 0.00000000e+00 0.00000000e+00
-1.80978733e+03 1.24846496e+03 0.00000000e+00 0.00000000e+00
-1.80912062e+03 1.24365827e+03 0.00000000e+00 0.00000000e+00
-1.80845391e+03 1.23888341e+03 0.00000000e+00 0.00000000e+00
-1.80778720e+03 1.23414003e+03 0.00000000e+00 0.00000000e+00
-1.80712049e+03 1.22942781e+03 0.00000000e+00 0.00000000e+00
-1.80645378e+03 1.22474639e+03 0.00000000e+00 0.00000000e+00
-1.80578706e+03 1.22009544e+03 0.00000000e+00 0.00000000e+00
-1.80512035e+03 1.21547465e+03 0.00000000e+00 0.00000000e+00
-1.80445364e+03 1.21088367e+03 0.00000000e+00 0.00000000e+00
-1.80378693e+03 1.20632220e+03 0.00000000e+00 0.00000000e+00
-1.80312022e+03 1.20178993e+03 0.00000000e+00 0.00000000e+00
-1.80245351e+03 1.19728653e+03 0.00000000e+00 0.00000000e+00
-1.80178680e+03 1.19281171e+03 0.00000000e+00 0.00000000e+00
-1.80112009e+03 1.18836517e+03 0.00000000e+00 0.00000000e+00
-1.80045338e+03 1.18394661e+03 0.00000000e+00 0.00000000e+00
-1.79978666e+03 1.17955574e+03 0.00000000e+00 0.00000000e+00
-1.79911995e+03 1.17519227e+03 0.00000000e+00 0.00000000e+00
-1.79845324e+03 1.17085592e+03 0.00000000e+00 0.00000000e+00
-1.79778653e+03 1.16654640e+03 0.00000000e+00 0.00000000e+00
-1.79711982e+03 1.16226345e+03 0.00000000e+00 0.00000000e+00
-1.79645311e+03 1.15800679e+03 0.00000000e+00 0.00000000e+00
-1.79578640e+03 1.15377616e+03 0.00000000e+00 0.00000000e+00
-1.79511969e+03 1.14957129e+03 0.00000000e+00 0.00000000e+00
-1.79445298e+03 1.14539191e+03 0.00000000e+00 0.00000000e+00
-1.79378626e+03 1.14123778e+03 0.00000000e+00 0.00000000e+00
-1.79311955e+03 1.13710864e+03 0.00000000e+00 0.00000000e+00
-1.79245284e+03 1.13300424e+03 0.00000000e+00 0.00000000e+00
-1.79178613e+03 1.12892433e+03 0.00000000e+00 0.00000000e+00
-1.79111942e+03 1.12486867e+03 0.00000000e+00 0.00000000e+00
-1.79045271e+03 1.12083703e+03 0.00000000e+00 0.00000000e+00
-1.78978600e+03 1.11682916e+03 0.00000000e+00 0.00000000e+00
-1.78911929e+03 1.11284484e+03 0.00000000e+00 0.00000000e+00
-1.78845258e+03 1.10888382e+03 0.00000000e+00 0.00000000e+00
-1.78778586e+03 1.10494589e+03 0.00000000e+00 0.00000000e+00
-1.78711915e+03 1.10103082e+03 0.00000000e+00 0.00000000e+00
-1.78645244e+03 1.09713840e+03 0.00000000e+00 0.00000000e+00
-1.78578573e+03 1.09326839e+03 0.00000000e+00 0.00000000e+00
-1.78511902e+03 1.08942060e+03 0.00000000e+00 0.00000000e+00
-1.78445231e+03 1.08559480e+03 0.00000000e+00 0.00000000e+00
-1.78378560e+03 1.08179079e+03 0.00000000e+00 0.00000000e+00
-1.78311889e+03 1.07800836e+03 0.00000000e+00 0.00000000e+00
-1.78245218e+03 1.07424730e+03 0.00000000e+00 0.00000000e+00
-1.78178546e+03 1.07050742e+03 0.00000000e+00 0.00000000e+00
-1.78111875e+03 1.06678852e+03 0.00000000e+00 0.00000000e+00
-1.78045204e+03 1.06309039e+03 0.00000000e+00 0.00000000e+00
-1.77978533e+03 1.05941286e+03 0.00000000e+00 0.00000000e+00
-1.77911862e+03 1.05575572e+03 0.00000000e+00 0.00000000e+00
-1.77845191e+03 1.05211878e+03 0.00000000e+00 0.00000000e+00
-1.77778520e+03 1.04850187e+03 0.00000000e+00 0.00000000e+00
-1.77711849e+03 1.04490479e+03 0.00000000e+00 0.00000000e+00
-1.77645178e+03 1.04132737e+03 0.00000000e+00 0.00000000e+00
-1.77578506e+03 1.03776943e+03 0.00000000e+00 0.00000000e+00
-1.77511835e+03 1.03423078e+03 0.00000000e+00 0.00000000e+00
-1.77445164e+03 1.03071126e+03 0.00000000e+00 0.00000000e+00
-1.77378493e+03 1.02721070e+03 0.00000000e+00 0.00000000e+00
-1.77311822e+03 1.02372891e+03 0.00000000e+00 0.00000000e+00
-1.77245151e+03 1.02026574e+03 0.00000000e+00 0.00000000e+00
-1.77178480e+03 1.01682102e+03 0.00000000e+00 0.00000000e+00
-1.77111809e+03 1.01339458e+03 0.00000000e+00 0.00000000e+00
-1.77045138e+03 1.00998626e+03 0.00000000e+00 0.00000000e+00
-1.76978466e+03 1.00659590e+03 0.00000000e+00 0.00000000e+00
-1.76911795e+03 1.00322335e+03 0.00000000e+00 0.00000000e+00
-1.76845124e+03 9.99868440e+02 0.00000000e+00 0.00000000e+00
-1.76778453e+03 9.96531026e+02 0.00000000e+00 0.00000000e+00
-1.76711782e+03 9.93210951e+02 0.00000000e+00 0.00000000e+00
-1.76645111e+03 9.89908066e+02 0.00000000e+00 0.00000000e+00
-1.76578440e+03 9.86622221e+02 0.00000000e+00 0.00000000e+00
-1.76511769e+03 9.83353270e+02 0.00000000e+00 0.00000000e+00
-1.76445098e+03 9.80101068e+02 0.00000000e+00 0.00000000e+00
-1.76378426e+03 9.76865471e+02 0.00000000e+00 0.00000000e+00
-1.76311755e+03 9.73646336e+02 0.00000000e+00 0.00000000e+00
-1.76245084e+03 9.70443525e+02 0.00000000e+00 0.00000000e+00
-1.76178413e+03 9.67256898e+02 0.00000000e+00 0.00000000e+00
-1.76111742e+03 9.64086319e+02 0.00000000e+00 0.00000000e+00
-1.76045071e+03 9.60931652e+02 0.00000000e+00 0.00000000e+00
-1.75978400e+03 9.57792764e+02 0.00000000e+00 0.00000000e+00
-1.75911729e+03 9.54669523e+02 0.00000000e+00 0.00000000e+00
-1.75845058e+03 9.51561797e+02 0.00000000e+00 0.00000000e+00
-1.75778386e+03 9.48469458e+02 0.00000000e+00 0.00000000e+00
-1.75711715e+03 9.45392379e+02 0.00000000e+00 0.00000000e+00
-1.75645044e+03 9.42330433e+02 0.00000000e+00 0.00000000e+00
-1.75578373e+03 9.39283495e+02 0.00000000e+00 0.00000000e+00
-1.75511702e+03 9.36251443e+02 0.00000000e+00 0.00000000e+00
-1.75445031e+03 9.33234154e+02 0.00000000e+00 0.00000000e+00
-1.75378360e+03 9.30231508e+02 0.00000000e+00 0.00000000e+00
-1.75311689e+03 9.27243386e+02 0.00000000e+00 0.00000000e+00
-1.75245018e+03 9.24269671e+02 0.00000000e+00 0.00000000e+00
-1.75178346e+03 9.21310245e+02 0.00000000e+00 0.00000000e+00
-1.75111675e+03 9.18364994e+02 0.00000000e+00 0.00000000e+00
-1.75045004e+03 9.15433804e+02 0.00000000e+00 0.00000000e+00
-1.74978333e+03 9.12516563e+02 0.00000000e+00 0.00000000e+00
-1.74911662e+03 9.09613159e+02 0.00000000e+00 0.00000000e+00
-1.74844991e+03 9.06723481e+02 0.00000000e+00 0.00000000e+00
-1.74778320e+03 9.03847423e+02 0.00000000e+00 0.00000000e+00
-1.74711649e+03 9.00984874e+02 0.00000000e+00 0.00000000e+00
-1.74644977e+03 8.98135730e+02 0.00000000e+00 0.00000000e+00
-1.74578306e+03 8.95299885e+02 0.00000000e+00 0.00000000e+00
-1.74511635e+03 8.92477235e+02 0.00000000e+00 0.00000000e+00
-1.74444964e+03 8.89667677e+02 0.00000000e+00 0.00000000e+00
-1.74378293e+03 8.86871109e+02 0.00000000e+00 0.00000000e+00
-1.74311622e+03 8.84087431e+02 0.00000000e+00 0.00000000e+00
-1.74244951e+03 8.81316541e+02 0.00000000e+00 0.00000000e+00
-1.74178280e+03 8.78558343e+02 0.00000000e+00 0.00000000e+00
-1.74111609e+03 8.75812739e+02 0.00000000e+00 0.00000000e+00
-1.74044937e+03 8.73079631e+02 0.00000000e+00 0.00000000e+00
-1.73978266e+03 8.70358925e+02 0.00000000e+00 0.00000000e+00
-1.73911595e+03 8.67650527e+02 0.00000000e+00 0.00000000e+00
-1.73844924e+03 8.64954342e+02 0.00000000e+00 0.00000000e+00
-1.73778253e+03 8.62270278e+02 0.00000000e+00 0.00000000e+00
-1.73711582e+03 8.59598244e+02 0.00000000e+00 0.00000000e+00
-1.73644911e+03 8.56938150e+02 0.00000000e+00 0.00000000e+00
-1.73578240e+03 8.54289905e+02 0.00000000e+00 0.00000000e+00
-1.73511569e+03 8.51653421e+02 0.00000000e+00 0.00000000e+00
-1.73444897e+03 8.49028611e+02 0.00000000e+00 0.00000000e+00
-1.73378226e+03 8.46415388e+02 0.00000000e+00 0.00000000e+00
-1.73311555e+03 8.43813666e+02 0.00000000e+00 0.00000000e+00
-1.73244884e+03 8.41223359e+02 0.00000000e+00 0.00000000e+00
-1.73178213e+03 8.38644385e+02 0.00000000e+00 0.00000000e+00
-1.73111542e+03 8.36076659e+02 0.00000000e+00 0.00000000e+00
-1.73044871e+03 8.33520099e+02 0.00000000e+00 0.00000000e+00
-1.72978200e+03 8.30974624e+02 0.00000000e+00 0.00000000e+00
-1.72911529e+03 8.28440153e+02 0.00000000e+00 0.00000000e+00
-1.72844857e+03 8.25916607e+02 0.00000000e+00 0.00000000e+00
-1.72778186e+03 8.23403905e+02 0.00000000e+00 0.00000000e+00
-1.72711515e+03 8.20901971e+02 0.00000000e+00 0.00000000e+00
-1.72644844e+03 8.18410726e+02 0.00000000e+00 0.00000000e+00
-1.72578173e+03 8.15930094e+02 0.00000000e+00 0.00000000e+00
-1.72511502e+03 8.13459998e+02 0.00000000e+00 0.00000000e+00
-1.72444831e+03 8.11000365e+02 0.00000000e+00 0.00000000e+00
-1.72378160e+03 8.08551118e+02 0.00000000e+00 0.00000000e+00
-1.72311489e+03 8.06112186e+02 0.00000000e+00 0.00000000e+00
-1.72244817e+03 8.03683494e+02 0.00000000e+00 0.00000000e+00
-1.72178146e+03 8.01264971e+02 0.00000000e+00 0.00000000e+00
-1.72111475e+03 7.98856545e+02 0.00000000e+00 0.00000000e+00
-1.72044804e+03 7.96458146e+02 0.00000000e+00 0.00000000e+00
-1.71978133e+03 7.94069702e+02 0.00000000e+00 0.00000000e+00
-1.71911462e+03 7.91691146e+02 0.00000000e+00 0.00000000e+00
-1.71844791e+03 7.89322408e+02 0.00000000e+00 0.00000000e+00
-1.71778120e+03 7.86963420e+02 0.00000000e+00 0.00000000e+00
-1.71711449e+03 7.84614115e+02 0.00000000e+00 0.00000000e+00
-1.71644777e+03 7.82274426e+02 0.00000000e+00 0.00000000e+00
-1.71578106e+03 7.79944287e+02 0.00000000e+00 0.00000000e+00
-1.71511435e+03 7.77623632e+02 0.00000000e+00 0.00000000e+00
-1.71444764e+03 7.75312398e+02 0.00000000e+00 0.00000000e+00
-1.71378093e+03 7.73010519e+02 0.00000000e+00 0.00000000e+00
-1.71311422e+03 7.70717932e+02 0.00000000e+00 0.00000000e+00
-1.71244751e+03 7.68434574e+02 0.00000000e+00 0.00000000e+00
-1.71178080e+03 7.66160384e+02 0.00000000e+00 0.00000000e+00
-1.71111409e+03 7.63895298e+02 0.00000000e+00 0.00000000e+00
-1.71044737e+03 7.61639256e+02 0.00000000e+00 0.00000000e+00
-1.70978066e+03 7.59392198e+02 0.00000000e+00 0.00000000e+00
-1.70911395e+03 7.57154063e+02 0.00000000e+00 0.00000000e+00
-1.70844724e+03 7.54924792e+02 0.00000000e+00 0.00000000e+00
-1.70778053e+03 7.52704326e+02 0.00000000e+00 0.00000000e+00
-1.70711382e+03 7.50492606e+02 0.00000000e+00 0.00000000e+00
-1.70644711e+03 7.48289576e+02 0.00000000e+00 0.00000000e+00
-1.70578040e+03 7.46095177e+02 0.00000000e+00 0.00000000e+00
-1.70511369e+03 7.43909353e+02 0.00000000e+00 0.00000000e+00
-1.70444697e+03 7.41732048e+02 0.00000000e+00 0.00000000e+00
-1.70378026e+03 7.39563206e+02 0.00000000e+00 0.00000000e+00
-1.70311355e+03 7.37402772e+02 0.00000000e+00 0.00000000e+00
-1.70244684e+03 7.35250691e+02 0.00000000e+00 0.00000000e+00
-1.70178013e+03 7.33106909e+02 0.00000000e+00 0.00000000e+00
-1.70111342e+03 7.30971373e+02 0.00000000e+00 0.00000000e+00
-1.70044671e+03 7.28844030e+02 0.00000000e+00 0.00000000e+00
-1.69978000e+03 7.26724826e+02 0.00000000e+00 0.00000000e+00
-1.69911329e+03 7.24613710e+02 0.00000000e+00 0.00000000e+00
-1.69844657e+03 7.22510629e+02 0.00000000e+00 0.00000000e+00
-1.69777986e+03 7.20415533e+02 0.00000000e+00 0.00000000e+00
-1.69711315e+03 7.18328372e+02 0.00000000e+00 0.00000000e+00
-1.69644644e+03 7.16249093e+02 0.00000000e+00 0.00000000e+00
-1.69577973e+03 7.14177648e+02 0.00000000e+00 0.00000000e+00
-1.69511302e+03 7.12113988e+02 0.00000000e+00 0.00000000e+00
-1.69444631e+03 7.10058063e+02 0.00000000e+00 0.00000000e+00
-1.69377960e+03 7.08009824e+02 0.00000000e+00 0.00000000e+00
-1.69311289e+03 7.05969224e+02 0.00000000e+00 0.00000000e+00
-1.69244617e+03 7.03936215e+02 0.00000000e+00 0.00000000e+00
-1.69177946e+03 7.01910750e+02 0.00000000e+00 0.00000000e+00
-1.69111275e+03 6.99892782e+02 0.00000000e+00 0.00000000e+00
-1.69044604e+03 6.97882264e+02 0.00000000e+00 0.00000000e+00
-1.68977933e+03 6.95879150e+02 0.00000000e+00 0.00000000e+00
-1.68911262e+03 6.93883396e+02 0.00000000e+00 0.00000000e+00
-1.68844591e+03 6.91894955e+02 0.00000000e+00 0.00000000e+00
-1.68777920e+03 6.89913783e+02 0.00000000e+00 0.00000000e+00
-1.68711249e+03 6.87939835e+02 0.00000000e+00 0.00000000e+00
-1.68644577e+03 6.85973067e+02 0.00000000e+00 0.00000000e+00
-1.68577906e+03 6.84013437e+02 0.00000000e+00 0.00000000e+00
-1.68511235e+03 6.82060900e+02 0.00000000e+00 0.00000000e+00
-1.68444564e+03 6.80115413e+02 0.00000000e+00 0.00000000e+00
-1.68377893e+03 6.78176935e+02 0.00000000e+00 0.00000000e+00
-1.68311222e+03 6.76245422e+02 0.00000000e+00 0.00000000e+00
-1.68244551e+03 6.74320833e+02 0.00000000e+00 0.00000000e+00
-1.68177880e+03 6.72403127e+02 0.00000000e+00 0.00000000e+00
-1.68111209e+03 6.70492263e+02 0.00000000e+00 0.00000000e+00
-1.68044537e+03 6.68588199e+02 0.00000000e+00 0.00000000e+00
-1.67977866e+03 6.66690896e+02 0.00000000e+00 0.00000000e+00
-1.67911195e+03 6.64800313e+02 0.00000000e+00 0.00000000e+00
-1.67844524e+03 6.62916411e+02 0.00000000e+00 0.00000000e+00
-1.67777853e+03 6.61039150e+02 0.00000000e+00 0.00000000e+00
-1.67711182e+03 6.59168491e+02 0.00000000e+00 0.00000000e+00
-1.67644511e+03 6.57304396e+02 0.00000000e+00 0.00000000e+00
-1.67577840e+03 6.55446827e+02 0.00000000e+00 0.00000000e+00
-1.67511169e+03 6.53595744e+02 0.00000000e+00 0.00000000e+00
-1.67444497e+03 6.51751111e+02 0.00000000e+00 0.00000000e+00
-1.67377826e+03 6.49912889e+02 0.00000000e+00 0.00000000e+00
-1.67311155e+03 6.48081043e+02 0.00000000e+00 0.00000000e+00
-1.67244484e+03 6.46255534e+02 0.00000000e+00 0.00000000e+00
-1.67177813e+03 6.44436327e+02 0.00000000e+00 0.00000000e+00
-1.67111142e+03 6.42623386e+02 0.00000000e+00 0.00000000e+00
-1.67044471e+03 6.40816673e+02 0.00000000e+00 0.00000000e+00
-1.66977800e+03 6.39016155e+02 0.00000000e+00 0.00000000e+00
-1.66911129e+03 6.37221795e+02 0.00000000e+00 0.00000000e+00
-1.66844457e+03 6.35433558e+02 0.00000000e+00 0.00000000e+00
-1.66777786e+03 6.33651410e+02 0.00000000e+00 0.00000000e+00
-1.66711115e+03 6.31875317e+02 0.00000000e+00 0.00000000e+00
-1.66644444e+03 6.30105244e+02 0.00000000e+00 0.00000000e+00
-1.66577773e+03 6.28341156e+02 0.00000000e+00 0.00000000e+00
-1.66511102e+03 6.26583022e+02 0.00000000e+00 0.00000000e+00
-1.66444431e+03 6.24830806e+02 0.00000000e+00 0.00000000e+00
-1.66377760e+03 6.23084477e+02 0.00000000e+00 0.00000000e+00
-1.66311089e+03 6.21344001e+02 0.00000000e+00 0.00000000e+00
-1.66244417e+03 6.19609346e+02 0.00000000e+00 0.00000000e+00
-1.66177746e+03 6.17880479e+02 0.00000000e+00 0.00000000e+00
-1.66111075e+03 6.16157369e+02 0.00000000e+00 0.00000000e+00
-1.66044404e+03 6.14439983e+02 0.00000000e+00 0.00000000e+00
-1.65977733e+03 6.12728291e+02 0.00000000e+00 0.00000000e+00
-1.65911062e+03 6.11022260e+02 0.00000000e+00 0.00000000e+00
-1.65844391e+03 6.09321861e+02 0.00000000e+00 0.00000000e+00
-1.65777720e+03 6.07627061e+02 0.00000000e+00 0.00000000e+00
-1.65711049e+03 6.05937831e+02 0.00000000e+00 0.00000000e+00
-1.65644377e+03 6.04254140e+02 0.00000000e+00 0.00000000e+00
-1.65577706e+03 6.02575958e+02 0.00000000e+00 0.00000000e+00
-1.65511035e+03 6.00903256e+02 0.00000000e+00 0.00000000e+00
-1.65444364e+03 5.99236004e+02 0.00000000e+00 0.00000000e+00
-1.65377693e+03 5.97574172e+02 0.00000000e+00 0.00000000e+00
-1.65311022e+03 5.95917731e+02 0.00000000e+00 0.00000000e+00
-1.65244351e+03 5.94266653e+02 0.00000000e+00 0.00000000e+00
-1.65177680e+03 5.92620908e+02 0.00000000e+00 0.00000000e+00
-1.65111009e+03 5.90980469e+02 0.00000000e+00 0.00000000e+00
-1.65044337e+03 5.89345307e+02 0.00000000e+00 0.00000000e+00
-1.64977666e+03 5.87715393e+02 0.00000000e+00 0.00000000e+00
-1.64910995e+03 5.86090702e+02 0.00000000e+00 0.00000000e+00
-1.64844324e+03 5.84471203e+02 0.00000000e+00 0.00000000e+00
-1.64777653e+03 5.82856871e+02 0.00000000e+00 0.00000000e+00
-1.64710982e+03 5.81247679e+02 0.00000000e+00 0.00000000e+00
-1.64644311e+03 5.79643598e+02 0.00000000e+00 0.00000000e+00
-1.64577640e+03 5.78044603e+02 0.00000000e+00 0.00000000e+00
-1.64510968e+03 5.76450667e+02 0.00000000e+00 0.00000000e+00
-1.64444297e+03 5.74861763e+02 0.00000000e+00 0.00000000e+00
-1.64377626e+03 5.73277866e+02 0.00000000e+00 0.00000000e+00
-1.64310955e+03 5.71698949e+02 0.00000000e+00 0.00000000e+00
-1.64244284e+03 5.70124987e+02 0.00000000e+00 0.00000000e+00
-1.64177613e+03 5.68555954e+02 0.00000000e+00 0.00000000e+00
-1.64110942e+03 5.66991825e+02 0.00000000e+00 0.00000000e+00
-1.64044271e+03 5.65432574e+02 0.00000000e+00 0.00000000e+00
-1.63977600e+03 5.63878177e+02 0.00000000e+00 0.00000000e+00
-1.63910928e+03 5.62328609e+02 0.00000000e+00 0.00000000e+00
-1.63844257e+03 5.60783846e+02 0.00000000e+00 0.00000000e+00
-1.63777586e+03 5.59243862e+02 0.00000000e+00 0.00000000e+00
-1.63710915e+03 5.57708633e+02 0.00000000e+00 0.00000000e+00
-1.63644244e+03 5.56178136e+02 0.00000000e+00 0.00000000e+00
-1.63577573e+03 5.54652347e+02 0.00000000e+00 0.00000000e+00
-1.63510902e+03 5.53131241e+02 0.00000000e+00 0.00000000e+00
-1.63444231e+03 5.51614796e+02 0.00000000e+00 0.00000000e+00
-1.63377560e+03 5.50102988e+02 0.00000000e+00 0.00000000e+00
-1.63310888e+03 5.48595794e+02 0.00000000e+00 0.00000000e+00
-1.63244217e+03 5.47093191e+02 0.00000000e+00 0.00000000e+00
-1.63177546e+03 5.45595155e+02 0.00000000e+00 0.00000000e+00
-1.63110875e+03 5.44101665e+02 0.00000000e+00 0.00000000e+00
-1.63044204e+03 5.42612697e+02 0.00000000e+00 0.00000000e+00
-1.62977533e+03 5.41128230e+02 0.00000000e+00 0.00000000e+00
-1.62910862e+03 5.39648241e+02 0.00000000e+00 0.00000000e+00
-1.62844191e+03 5.38172708e+02 0.00000000e+00 0.00000000e+00
-1.62777520e+03 5.36701609e+02 0.00000000e+00 0.00000000e+00
-1.62710848e+03 5.35234923e+02 0.00000000e+00 0.00000000e+00
-1.62644177e+03 5.33772627e+02 0.00000000e+00 0.00000000e+00
-1.62577506e+03 5.32314702e+02 0.00000000e+00 0.00000000e+00
-1.62510835e+03 5.30861124e+02 0.00000000e+00 0.00000000e+00
-1.62444164e+03 5.29411874e+02 0.00000000e+00 0.00000000e+00
-1.62377493e+03 5.27966930e+02 0.00000000e+00 0.00000000e+00
-1.62310822e+03 5.26526272e+02 0.00000000e+00 0.00000000e+00
-1.62244151e+03 5.25089878e+02 0.00000000e+00 0.00000000e+00
-1.62177480e+03 5.23657729e+02 0.00000000e+00 0.00000000e+00
-1.62110808e+03 5.22229804e+02 0.00000000e+00 0.00000000e+00
-1.62044137e+03 5.20806083e+02 0.00000000e+00 0.00000000e+00
-1.61977466e+03 5.19386545e+02 0.00000000e+00 0.00000000e+00
-1.61910795e+03 5.17971171e+02 0.00000000e+00 0.00000000e+00
-1.61844124e+03 5.16559941e+02 0.00000000e+00 0.00000000e+00
-1.61777453e+03 5.15152835e+02 0.00000000e+00 0.00000000e+00
-1.61710782e+03 5.13749834e+02 0.00000000e+00 0.00000000e+00
-1.61644111e+03 5.12350919e+02 0.00000000e+00 0.00000000e+00
-1.61577440e+03 5.10956069e+02 0.00000000e+00 0.00000000e+00
-1.61510768e+03 5.09565267e+02 0.00000000e+00 0.00000000e+00
-1.61444097e+03 5.08178493e+02 0.00000000e+00 0.00000000e+00
-1.61377426e+03 5.06795728e+02 0.00000000e+00 0.00000000e+00
-1.61310755e+03 5.05416954e+02 0.00000000e+00 0.00000000e+00
-1.61244084e+03 5.04042151e+02 0.00000000e+00 0.00000000e+00
-1.61177413e+03 5.02671303e+02 0.00000000e+00 0.00000000e+00
-1.61110742e+03 5.01304389e+02 0.00000000e+00 0.00000000e+00
-1.61044071e+03 4.99941392e+02 0.00000000e+00 0.00000000e+00
-1.60977400e+03 4.98582295e+02 0.00000000e+00 0.00000000e+00
-1.60910728e+03 4.97227078e+02 0.00000000e+00 0.00000000e+00
-1.60844057e+03 4.95875724e+02 0.00000000e+00 0.00000000e+00
-1.60777386e+03 4.94528216e+02 0.00000000e+00 0.00000000e+00
-1.60710715e+03 4.93184536e+02 0.00000000e+00 0.00000000e+00
-1.60644044e+03 4.91844666e+02 0.00000000e+00 0.00000000e+00
-1.60577373e+03 4.90508589e+02 0.00000000e+00 0.00000000e+00
-1.60510702e+03 4.89176288e+02 0.00000000e+00 0.00000000e+00
-1.60444031e+03 4.87847746e+02 0.00000000e+00 0.00000000e+00
-1.60377360e+03 4.86522945e+02 0.00000000e+00 0.00000000e+00
-1.60310688e+03 4.85201869e+02 0.00000000e+00 0.00000000e+00
-1.60244017e+03 4.83884502e+02 0.00000000e+00 0.00000000e+00
-1.60177346e+03 4.82570826e+02 0.00000000e+00 0.00000000e+00
-1.60110675e+03 4.81260824e+02 0.00000000e+00 0.00000000e+00
-1.60044004e+03 4.79954481e+02 0.00000000e+00 0.00000000e+00
-1.59977333e+03 4.78651781e+02 0.00000000e+00 0.00000000e+00
-1.59910662e+03 4.77352706e+02 0.00000000e+00 0.00000000e+00
-1.59843991e+03 4.76057241e+02 0.00000000e+00 0.00000000e+00
-1.59777320e+03 4.74765370e+02 0.00000000e+00 0.00000000e+00
-1.59710648e+03 4.73477077e+02 0.00000000e+00 0.00000000e+00
-1.59643977e+03 4.72192347e+02 0.00000000e+00 0.00000000e+00
-1.59577306e+03 4.70911162e+02 0.00000000e+00 0.00000000e+00
-1.59510635e+03 4.69633509e+02 0.00000000e+00 0.00000000e+00
-1.59443964e+03 4.68359371e+02 0.00000000e+00 0.00000000e+00
-1.59377293e+03 4.67088733e+02 0.00000000e+00 0.00000000e+00
-1.59310622e+03 4.65821580e+02 0.00000000e+00 0.00000000e+00
-1.59243951e+03 4.64557897e+02 0.00000000e+00 0.00000000e+00
-1.59177280e+03 4.63297668e+02 0.00000000e+00 0.00000000e+00
-1.59110608e+03 4.62040879e+02 0.00000000e+00 0.00000000e+00
-1.59043937e+03 4.60787514e+02 0.00000000e+00 0.00000000e+00
-1.58977266e+03 4.59537560e+02 0.00000000e+00 0.00000000e+00
-1.58910595e+03 4.58291001e+02 0.00000000e+00 0.00000000e+00
-1.58843924e+03 4.57047822e+02 0.00000000e+00 0.00000000e+00
-1.58777253e+03 4.55808010e+02 0.00000000e+00 0.00000000e+00
-1.58710582e+03 4.54571549e+02 0.00000000e+00 0.00000000e+00
-1.58643911e+03 4.53338427e+02 0.00000000e+00 0.00000000e+00
-1.58577240e+03 4.52108627e+02 0.00000000e+00 0.00000000e+00
-1.58510568e+03 4.50882137e+02 0.00000000e+00 0.00000000e+00
-1.58443897e+03 4.49658941e+02 0.00000000e+00 0.00000000e+00
-1.58377226e+03 4.48439027e+02 0.00000000e+00 0.00000000e+00
-1.58310555e+03 4.47222381e+02 0.00000000e+00 0.00000000e+00
-1.58243884e+03 4.46008988e+02 0.00000000e+00 0.00000000e+00
-1.58177213e+03 4.44798835e+02 0.00000000e+00 0.00000000e+00
-1.58110542e+03 4.43591908e+02 0.00000000e+00 0.00000000e+00
-1.58043871e+03 4.42388195e+02 0.00000000e+00 0.00000000e+00
-1.57977200e+03 4.41187680e+02 0.00000000e+00 0.00000000e+00
-1.57910528e+03 4.39990352e+02 0.00000000e+00 0.00000000e+00
-1.57843857e+03 4.38796197e+02 0.00000000e+00 0.00000000e+00
-1.57777186e+03 4.37605201e+02 0.00000000e+00 0.00000000e+00
-1.57710515e+03 4.36417352e+02 0.00000000e+00 0.00000000e+00
-1.57643844e+03 4.35232637e+02 0.00000000e+00 0.00000000e+00
-1.57577173e+03 4.34051042e+02 0.00000000e+00 0.00000000e+00
-1.57510502e+03 4.32872556e+02 0.00000000e+00 0.00000000e+00
-1.57443831e+03 4.31697165e+02 0.00000000e+00 0.00000000e+00
-1.57377160e+03 4.30524856e+02 0.00000000e+00 0.00000000e+00
-1.57310488e+03 4.29355617e+02 0.00000000e+00 0.00000000e+00
-1.57243817e+03 4.28189435e+02 0.00000000e+00 0.00000000e+00
-1.57177146e+03 4.27026299e+02 0.00000000e+00 0.00000000e+00
-1.57110475e+03 4.25866195e+02 0.00000000e+00 0.00000000e+00
-1.57043804e+03 4.24709112e+02 0.00000000e+00 0.00000000e+00
-1.56977133e+03 4.23555036e+02 0.00000000e+00 0.00000000e+00
-1.56910462e+03 4.22403957e+02 0.00000000e+00 0.00000000e+00
-1.56843791e+03 4.21255862e+02 0.00000000e+00 0.00000000e+00
-1.56777120e+03 4.20110739e+02 0.00000000e+00 0.00000000e+00
-1.56710448e+03 4.18968576e+02 0.00000000e+00 0.00000000e+00
-1.56643777e+03 4.17829361e+02 0.00000000e+00 0.00000000e+00
-1.56577106e+03 4.16693083e+02 0.00000000e+00 0.00000000e+00
-1.56510435e+03 4.15559729e+02 0.00000000e+00 0.00000000e+00
-1.56443764e+03 4.14429289e+02 0.00000000e+00 0.00000000e+00
-1.56377093e+03 4.13301751e+02 0.00000000e+00 0.00000000e+00
-1.56310422e+03 4.12177102e+02 0.00000000e+00 0.00000000e+00
-1.56243751e+03 4.11055333e+02 0.00000000e+00 0.00000000e+00
-1.56177080e+03 4.09936431e+02 0.00000000e+00 0.00000000e+00
-1.56110408e+03 4.08820385e+02 0.00000000e+00 0.00000000e+00
-1.56043737e+03 4.07707184e+02 0.00000000e+00 0.00000000e+00
-1.55977066e+03 4.06596818e+02 0.00000000e+00 0.00000000e+00
-1.55910395e+03 4.05489274e+02 0.00000000e+00 0.00000000e+00
-1.55843724e+03 4.04384542e+02 0.00000000e+00 0.00000000e+00
-1.55777053e+03 4.03282610e+02 0.00000000e+00 0.00000000e+00
-1.55710382e+03 4.02183469e+02 0.00000000e+00 0.00000000e+00
-1.55643711e+03 4.01087107e+02 0.00000000e+00 0.00000000e+00
-1.55577040e+03 3.99993514e+02 0.00000000e+00 0.00000000e+00
-1.55510368e+03 3.98902679e+02 0.00000000e+00 0.00000000e+00
-1.55443697e+03 3.97814590e+02 0.00000000e+00 0.00000000e+00
-1.55377026e+03 3.96729239e+02 0.00000000e+00 0.00000000e+00
-1.55310355e+03 3.95646614e+02 0.00000000e+00 0.00000000e+00
-1.55243684e+03 3.94566704e+02 0.00000000e+00 0.00000000e+00
-1.55177013e+03 3.93489501e+02 0.00000000e+00 0.00000000e+00
-1.55110342e+03 3.92414992e+02 0.00000000e+00 0.00000000e+00
-1.55043671e+03 3.91343168e+02 0.00000000e+00 0.00000000e+00
-1.54976999e+03 3.90274020e+02 0.00000000e+00 0.00000000e+00
-1.54910328e+03 3.89207536e+02 0.00000000e+00 0.00000000e+00
-1.54843657e+03 3.88143706e+02 0.00000000e+00 0.00000000e+00
-1.54776986e+03 3.87082522e+02 0.00000000e+00 0.00000000e+00
-1.54710315e+03 3.86023972e+02 0.00000000e+00 0.00000000e+00
-1.54643644e+03 3.84968047e+02 0.00000000e+00 0.00000000e+00
-1.54576973e+03 3.83914737e+02 0.00000000e+00 0.00000000e+00
-1.54510302e+03 3.82864033e+02 0.00000000e+00 0.00000000e+00
-1.54443631e+03 3.81815924e+02 0.00000000e+00 0.00000000e+00
-1.54376959e+03 3.80770401e+02 0.00000000e+00 0.00000000e+00
-1.54310288e+03 3.79727455e+02 0.00000000e+00 0.00000000e+00
-1.54243617e+03 3.78687075e+02 0.00000000e+00 0.00000000e+00
-1.54176946e+03 3.77649253e+02 0.00000000e+00 0.00000000e+00
-1.54110275e+03 3.76613979e+02 0.00000000e+00 0.00000000e+00
-1.54043604e+03 3.75581243e+02 0.00000000e+00 0.00000000e+00
-1.53976933e+03 3.74551037e+02 0.00000000e+00 0.00000000e+00
-1.53910262e+03 3.73523351e+02 0.00000000e+00 0.00000000e+00
-1.53843591e+03 3.72498176e+02 0.00000000e+00 0.00000000e+00
-1.53776919e+03 3.71475502e+02 0.00000000e+00 0.00000000e+00
-1.53710248e+03 3.70455321e+02 0.00000000e+00 0.00000000e+00
-1.53643577e+03 3.69437624e+02 0.00000000e+00 0.00000000e+00
-1.53576906e+03 3.68422401e+02 0.00000000e+00 0.00000000e+00
-1.53510235e+03 3.67409644e+02 0.00000000e+00 0.00000000e+00
-1.53443564e+03 3.66399344e+02 0.00000000e+00 0.00000000e+00
-1.53376893e+03 3.65391491e+02 0.00000000e+00 0.00000000e+00
-1.53310222e+03 3.64386078e+02 0.00000000e+00 0.00000000e+00
-1.53243551e+03 3.63383095e+02 0.00000000e+00 0.00000000e+00
-1.53176879e+03 3.62382533e+02 0.00000000e+00 0.00000000e+00
-1.53110208e+03 3.61384385e+02 0.00000000e+00 0.00000000e+00
-1.53043537e+03 3.60388641e+02 0.00000000e+00 0.00000000e+00
-1.52976866e+03 3.59395294e+02 0.00000000e+00 0.00000000e+00
-1.52910195e+03 3.58404333e+02 0.00000000e+00 0.00000000e+00
-1.52843524e+03 3.57415752e+02 0.00000000e+00 0.00000000e+00
-1.52776853e+03 3.56429541e+02 0.00000000e+00 0.00000000e+00
-1.52710182e+03 3.55445693e+02 0.00000000e+00 0.00000000e+00
-1.52643511e+03 3.54464199e+02 0.00000000e+00 0.00000000e+00
-1.52576839e+03 3.53485050e+02 0.00000000e+00 0.00000000e+00
-1.52510168e+03 3.52508239e+02 0.00000000e+00 0.00000000e+00
-1.52443497e+03 3.51533757e+02 0.00000000e+00 0.00000000e+00
-1.52376826e+03 3.50561597e+02 0.00000000e+00 0.00000000e+00
-1.52310155e+03 3.49591749e+02 0.00000000e+00 0.00000000e+00
-1.52243484e+03 3.48624207e+02 0.00000000e+00 0.00000000e+00
-1.52176813e+03 3.47658962e+02 0.00000000e+00 0.00000000e+00
-1.52110142e+03 3.46696006e+02 0.00000000e+00 0.00000000e+00
-1.52043471e+03 3.45735332e+02 0.00000000e+00 0.00000000e+00
-1.51976799e+03 3.44776931e+02 0.00000000e+00 0.00000000e+00
-1.51910128e+03 3.43820795e+02 0.00000000e+00 0.00000000e+00
-1.51843457e+03 3.42866918e+02 0.00000000e+00 0.00000000e+00
-1.51776786e+03 3.41915291e+02 0.00000000e+00 0.00000000e+00
-1.51710115e+03 3.40965906e+02 0.00000000e+00 0.00000000e+00
-1.51643444e+03 3.40018757e+02 0.00000000e+00 0.00000000e+00
-1.51576773e+03 3.39073834e+02 0.00000000e+00 0.00000000e+00
-1.51510102e+03 3.38131132e+02 0.00000000e+00 0.00000000e+00
-1.51443431e+03 3.37190641e+02 0.00000000e+00 0.00000000e+00
-1.51376759e+03 3.36252356e+02 0.00000000e+00 0.00000000e+00
-1.51310088e+03 3.35316267e+02 0.00000000e+00 0.00000000e+00
-1.51243417e+03 3.34382369e+02 0.00000000e+00 0.00000000e+00
-1.51176746e+03 3.33450654e+02 0.00000000e+00 0.00000000e+00
-1.51110075e+03 3.32521113e+02 0.00000000e+00 0.00000000e+00
-1.51043404e+03 3.31593741e+02 0.00000000e+00 0.00000000e+00
-1.50976733e+03 3.30668530e+02 0.00000000e+00 0.00000000e+00
-1.50910062e+03 3.29745472e+02 0.00000000e+00 0.00000000e+00
-1.50843391e+03 3.28824561e+02 0.00000000e+00 0.00000000e+00
-1.50776719e+03 3.27905789e+02 0.00000000e+00 0.00000000e+00
-1.50710048e+03 3.26989150e+02 0.00000000e+00 0.00000000e+00
-1.50643377e+03 3.26074636e+02 0.00000000e+00 0.00000000e+00
-1.50576706e+03 3.25162240e+02 0.00000000e+00 0.00000000e+00
-1.50510035e+03 3.24251956e+02 0.00000000e+00 0.00000000e+00
-1.50443364e+03 3.23343776e+02 0.00000000e+00 0.00000000e+00
-1.50376693e+03 3.22437694e+02 0.00000000e+00 0.00000000e+00
-1.50310022e+03 3.21533702e+02 0.00000000e+00 0.00000000e+00
-1.50243351e+03 3.20631795e+02 0.00000000e+00 0.00000000e+00
-1.50176679e+03 3.19731964e+02 0.00000000e+00 0.00000000e+00
-1.50110008e+03 3.18834204e+02 0.00000000e+00 0.00000000e+00
-1.50043337e+03 3.17938508e+02 0.00000000e+00 0.00000000e+00
-1.49976666e+03 3.17044869e+02 0.00000000e+00 0.00000000e+00
-1.49909995e+03 3.16153280e+02 0.00000000e+00 0.00000000e+00
-1.49843324e+03 3.15263735e+02 0.00000000e+00 0.00000000e+00
-1.49776653e+03 3.14376228e+02 0.00000000e+00 0.00000000e+00
-1.49709982e+03 3.13490751e+02 0.00000000e+00 0.00000000e+00
-1.49643311e+03 3.12607298e+02 0.00000000e+00 0.00000000e+00
-1.49576639e+03 3.11725864e+02 0.00000000e+00 0.00000000e+00
-1.49509968e+03 3.10846441e+02 0.00000000e+00 0.00000000e+00
-1.49443297e+03 3.09969023e+02 0.00000000e+00 0.00000000e+00
-1.49376626e+03 3.09093603e+02 0.00000000e+00 0.00000000e+00
-1.49309955e+03 3.08220176e+02 0.00000000e+00 0.00000000e+00
-1.49243284e+03 3.07348736e+02 0.00000000e+00 0.00000000e+00
-1.49176613e+03 3.06479275e+02 0.00000000e+00 0.00000000e+00
-1.49109942e+03 3.05611788e+02 0.00000000e+00 0.00000000e+00
-1.49043271e+03 3.04746268e+02 0.00000000e+00 0.00000000e+00
-1.48976599e+03 3.03882710e+02 0.00000000e+00 0.00000000e+00
-1.48909928e+03 3.03021107e+02 0.00000000e+00 0.00000000e+00
-1.48843257e+03 3.02161453e+02 0.00000000e+00 0.00000000e+00
-1.48776586e+03 3.01303742e+02 0.00000000e+00 0.00000000e+00
-1.48709915e+03 3.00447968e+02 0.00000000e+00 0.00000000e+00
-1.48643244e+03 2.99594125e+02 0.00000000e+00 0.00000000e+00
-1.48576573e+03 2.98742207e+02 0.00000000e+00 0.00000000e+00
-1.48509902e+03 2.97892209e+02 0.00000000e+00 0.00000000e+00
-1.48443231e+03 2.97044124e+02 0.00000000e+00 0.00000000e+00
-1.48376559e+03 2.96197946e+02 0.00000000e+00 0.00000000e+00
-1.48309888e+03 2.95353670e+02 0.00000000e+00 0.00000000e+00
-1.48243217e+03 2.94511289e+02 0.00000000e+00 0.00000000e+00
-1.48176546e+03 2.93670799e+02 0.00000000e+00 0.00000000e+00
-1.48109875e+03 2.92832193e+02 0.00000000e+00 0.00000000e+00
-1.48043204e+03 2.91995466e+02 0.00000000e+00 0.00000000e+00
-1.47976533e+03 2.91160611e+02 0.00000000e+00 0.00000000e+00
-1.47909862e+03 2.90327624e+02 0.00000000e+00 0.00000000e+00
-1.47843191e+03 2.89496498e+02 0.00000000e+00 0.00000000e+00
-1.47776519e+03 2.88667228e+02 0.00000000e+00 0.00000000e+00
-1.47709848e+03 2.87839809e+02 0.00000000e+00 0.00000000e+00
-1.47643177e+03 2.87014235e+02 0.00000000e+00 0.00000000e+00
-1.47576506e+03 2.86190500e+02 0.00000000e+00 0.00000000e+00
-1.47509835e+03 2.85368598e+02 0.00000000e+00 0.00000000e+00
-1.47443164e+03 2.84548526e+02 0.00000000e+00 0.00000000e+00
-1.47376493e+03 2.83730276e+02 0.00000000e+00 0.00000000e+00
-1.47309822e+03 2.82913844e+02 0.00000000e+00 0.00000000e+00
-1.47243151e+03 2.82099224e+02 0.00000000e+00 0.00000000e+00
-1.47176479e+03 2.81286411e+02 0.00000000e+00 0.00000000e+00
-1.47109808e+03 2.80475400e+02 0.00000000e+00 0.00000000e+00
-1.47043137e+03 2.79666185e+02 0.00000000e+00 0.00000000e+00
-1.46976466e+03 2.78858761e+02 0.00000000e+00 0.00000000e+00
-1.46909795e+03 2.78053123e+02 0.00000000e+00 0.00000000e+00
-1.46843124e+03 2.77249265e+02 0.00000000e+00 0.00000000e+00
-1.46776453e+03 2.76447183e+02 0.00000000e+00 0.00000000e+00
-1.46709782e+03 2.75646872e+02 0.00000000e+00 0.00000000e+00
-1.46643111e+03 2.74848325e+02 0.00000000e+00 0.00000000e+00
-1.46576439e+03 2.74051538e+02 0.00000000e+00 0.00000000e+00
-1.46509768e+03 2.73256506e+02 0.00000000e+00 0.00000000e+00
-1.46443097e+03 2.72463225e+02 0.00000000e+00 0.00000000e+00
-1.46376426e+03 2.71671688e+02 0.00000000e+00 0.00000000e+00
-1.46309755e+03 2.70881890e+02 0.00000000e+00 0.00000000e+00
-1.46243084e+03 2.70093828e+02 0.00000000e+00 0.00000000e+00
-1.46176413e+03 2.69307496e+02 0.00000000e+00 0.00000000e+00
-1.46109742e+03 2.68522889e+02 0.00000000e+00 0.00000000e+00
-1.46043071e+03 2.67740002e+02 0.00000000e+00 0.00000000e+00
-1.45976399e+03 2.66958830e+02 0.00000000e+00 0.00000000e+00
-1.45909728e+03 2.66179368e+02 0.00000000e+00 0.00000000e+00
-1.45843057e+03 2.65401612e+02 0.00000000e+00 0.00000000e+00
-1.45776386e+03 2.64625557e+02 0.00000000e+00 0.00000000e+00
-1.45709715e+03 2.63851197e+02 0.00000000e+00 0.00000000e+00
-1.45643044e+03 2.63078529e+02 0.00000000e+00 0.00000000e+00
-1.45576373e+03 2.62307547e+02 0.00000000e+00 0.00000000e+00
-1.45509702e+03 2.61538247e+02 0.00000000e+00 0.00000000e+00
-1.45443031e+03 2.60770624e+02 0.00000000e+00 0.00000000e+00
-1.45376359e+03 2.60004674e+02 0.00000000e+00 0.00000000e+00
-1.45309688e+03 2.59240391e+02 0.00000000e+00 0.00000000e+00
-1.45243017e+03 2.58477772e+02 0.00000000e+00 0.00000000e+00
-1.45176346e+03 2.57716811e+02 0.00000000e+00 0.00000000e+00
-1.45109675e+03 2.56957504e+02 0.00000000e+00 0.00000000e+00
-1.45043004e+03 2.56199847e+02 0.00000000e+00 0.00000000e+00
-1.44976333e+03 2.55443834e+02 0.00000000e+00 0.00000000e+00
-1.44909662e+03 2.54689462e+02 0.00000000e+00 0.00000000e+00
-1.44842990e+03 2.53936726e+02 0.00000000e+00 0.00000000e+00
-1.44776319e+03 2.53185621e+02 0.00000000e+00 0.00000000e+00
-1.44709648e+03 2.52436144e+02 0.00000000e+00 0.00000000e+00
-1.44642977e+03 2.51688289e+02 0.00000000e+00 0.00000000e+00
-1.44576306e+03 2.50942052e+02 0.00000000e+00 0.00000000e+00
-1.44509635e+03 2.50197430e+02 0.00000000e+00 0.00000000e+00
-1.44442964e+03 2.49454417e+02 0.00000000e+00 0.00000000e+00
-1.44376293e+03 2.48713009e+02 0.00000000e+00 0.00000000e+00
-1.44309622e+03 2.47973202e+02 0.00000000e+00 0.00000000e+00
-1.44242950e+03 2.47234991e+02 0.00000000e+00 0.00000000e+00
-1.44176279e+03 2.46498373e+02 0.00000000e+00 0.00000000e+00
-1.44109608e+03 2.45763343e+02 0.00000000e+00 0.00000000e+00
-1.44042937e+03 2.45029897e+02 0.00000000e+00 0.00000000e+00
-1.43976266e+03 2.44298031e+02 0.00000000e+00 0.00000000e+00
-1.43909595e+03 2.43567740e+02 0.00000000e+00 0.00000000e+00
-1.43842924e+03 2.42839021e+02 0.00000000e+00 0.00000000e+00
-1.43776253e+03 2.42111868e+02 0.00000000e+00 0.00000000e+00
-1.43709582e+03 2.41386279e+02 0.00000000e+00 0.00000000e+00
-1.43642910e+03 2.40662249e+02 0.00000000e+00 0.00000000e+00
-1.43576239e+03 2.39939773e+02 0.00000000e+00 0.00000000e+00
-1.43509568e+03 2.39218849e+02 0.00000000e+00 0.00000000e+00
-1.43442897e+03 2.38499471e+02 0.00000000e+00 0.00000000e+00
-1.43376226e+03 2.37781636e+02 0.00000000e+00 0.00000000e+00
-1.43309555e+03 2.37065340e+02 0.00000000e+00 0.00000000e+00
-1.43242884e+03 2.36350579e+02 0.00000000e+00 0.00000000e+00
-1.43176213e+03 2.35637348e+02 0.00000000e+00 0.00000000e+00
-1.43109542e+03 2.34925644e+02 0.00000000e+00 0.00000000e+00
-1.43042870e+03 2.34215464e+02 0.00000000e+00 0.00000000e+00
-1.42976199e+03 2.33506802e+02 0.00000000e+00 0.00000000e+00
-1.42909528e+03 2.32799656e+02 0.00000000e+00 0.00000000e+00
-1.42842857e+03 2.32094021e+02 0.00000000e+00 0.00000000e+00
-1.42776186e+03 2.31389893e+02 0.00000000e+00 0.00000000e+00
-1.42709515e+03 2.30687270e+02 0.00000000e+00 0.00000000e+00
-1.42642844e+03 2.29986146e+02 0.00000000e+00 0.00000000e+00
-1.42576173e+03 2.29286518e+02 0.00000000e+00 0.00000000e+00
-1.42509502e+03 2.28588382e+02 0.00000000e+00 0.00000000e+00
-1.42442830e+03 2.27891734e+02 0.00000000e+00 0.00000000e+00
-1.42376159e+03 2.27196572e+02 0.00000000e+00 0.00000000e+00
-1.42309488e+03 2.26502890e+02 0.00000000e+00 0.00000000e+00
-1.42242817e+03 2.25810686e+02 0.00000000e+00 0.00000000e+00
-1.42176146e+03 2.25119956e+02 0.00000000e+00 0.00000000e+00
-1.42109475e+03 2.24430696e+02 0.00000000e+00 0.00000000e+00
-1.42042804e+03 2.23742902e+02 0.00000000e+00 0.00000000e+00
-1.41976133e+03 2.23056570e+02 0.00000000e+00 0.00000000e+00
-1.41909462e+03 2.22371698e+02 0.00000000e+00 0.00000000e+00
-1.41842790e+03 2.21688281e+02 0.00000000e+00 0.00000000e+00
-1.41776119e+03 2.21006317e+02 0.00000000e+00 0.00000000e+00
-1.41709448e+03 2.20325800e+02 0.00000000e+00 0.00000000e+00
-1.41642777e+03 2.19646729e+02 0.00000000e+00 0.00000000e+00
-1.41576106e+03 2.18969098e+02 0.00000000e+00 0.00000000e+00
-1.41509435e+03 2.18292906e+02 0.00000000e+00 0.00000000e+00
-1.41442764e+03 2.17618148e+02 0.00000000e+00 0.00000000e+00
-1.41376093e+03 2.16944820e+02 0.00000000e+00 0.00000000e+00
-1.41309422e+03 2.16272920e+02 0.00000000e+00 0.00000000e+00
-1.41242750e+03 2.15602443e+02 0.00000000e+00 0.00000000e+00
-1.41176079e+03 2.14933387e+02 0.00000000e+00 0.00000000e+00
-1.41109408e+03 2.14265749e+02 0.00000000e+00 0.00000000e+00
-1.41042737e+03 2.13599524e+02 0.00000000e+00 0.00000000e+00
-1.40976066e+03 2.12934709e+02 0.00000000e+00 0.00000000e+00
-1.40909395e+03 2.12271301e+02 0.00000000e+00 0.00000000e+00
-1.40842724e+03 2.11609297e+02 0.00000000e+00 0.00000000e+00
-1.40776053e+03 2.10948693e+02 0.00000000e+00 0.00000000e+00
-1.40709382e+03 2.10289486e+02 0.00000000e+00 0.00000000e+00
-1.40642710e+03 2.09631673e+02 0.00000000e+00 0.00000000e+00
-1.40576039e+03 2.08975249e+02 0.00000000e+00 0.00000000e+00
-1.40509368e+03 2.08320213e+02 0.00000000e+00 0.00000000e+00
-1.40442697e+03 2.07666561e+02 0.00000000e+00 0.00000000e+00
-1.40376026e+03 2.07014289e+02 0.00000000e+00 0.00000000e+00
-1.40309355e+03 2.06363395e+02 0.00000000e+00 0.00000000e+00
-1.40242684e+03 2.05713875e+02 0.00000000e+00 0.00000000e+00
-1.40176013e+03 2.05065726e+02 0.00000000e+00 0.00000000e+00
-1.40109342e+03 2.04418944e+02 0.00000000e+00 0.00000000e+00
-1.40042670e+03 2.03773528e+02 0.00000000e+00 0.00000000e+00
-1.39975999e+03 2.03129472e+02 0.00000000e+00 0.00000000e+00
-1.39909328e+03 2.02486775e+02 0.00000000e+00 0.00000000e+00
-1.39842657e+03 2.01845434e+02 0.00000000e+00 0.00000000e+00
-1.39775986e+03 2.01205444e+02 0.00000000e+00 0.00000000e+00
-1.39709315e+03 2.00566804e+02 0.00000000e+00 0.00000000e+00
-1.39642644e+03 1.99929509e+02 0.00000000e+00 0.00000000e+00
-1.39575973e+03 1.99293558e+02 0.00000000e+00 0.00000000e+00
-1.39509302e+03 1.98658946e+02 0.00000000e+00 0.00000000e+00
-1.39442630e+03 1.98025672e+02 0.00000000e+00 0.00000000e+00
-1.39375959e+03 1.97393731e+02 0.00000000e+00 0.00000000e+00
-1.39309288e+03 1.96763121e+02 0.00000000e+00 0.00000000e+00
-1.39242617e+03 1.96133838e+02 0.00000000e+00 0.00000000e+00
-1.39175946e+03 1.95505881e+02 0.00000000e+00 0.00000000e+00
-1.39109275e+03 1.94879246e+02 0.00000000e+00 0.00000000e+00
-1.39042604e+03 1.94253929e+02 0.00000000e+00 0.00000000e+00
-1.38975933e+03 1.93629929e+02 0.00000000e+00 0.00000000e+00
-1.38909262e+03 1.93007242e+02 0.00000000e+00 0.00000000e+00
-1.38842590e+03 1.92385865e+02 0.00000000e+00 0.00000000e+00
-1.38775919e+03 1.91765795e+02 0.00000000e+00 0.00000000e+00
-1.38709248e+03 1.91147030e+02 0.00000000e+00 0.00000000e+00
-1.38642577e+03 1.90529566e+02 0.00000000e+00 0.00000000e+00
-1.38575906e+03 1.89913401e+02 0.00000000e+00 0.00000000e+00
-1.38509235e+03 1.89298532e+02 0.00000000e+00 0.00000000e+00
-1.38442564e+03 1.88684957e+02 0.00000000e+00 0.00000000e+00
-1.38375893e+03 1.88072671e+02 0.00000000e+00 0.00000000e+00
-1.38309222e+03 1.87461673e+02 0.00000000e+00 0.00000000e+00
-1.38242550e+03 1.86851960e+02 0.00000000e+00 0.00000000e+00
-1.38175879e+03 1.86243529e+02 0.00000000e+00 0.00000000e+00
-1.38109208e+03 1.85636377e+02 0.00000000e+00 0.00000000e+00
-1.38042537e+03 1.85030501e+02 0.00000000e+00 0.00000000e+00
-1.37975866e+03 1.84425899e+02 0.00000000e+00 0.00000000e+00
-1.37909195e+03 1.83822568e+02 0.00000000e+00 0.00000000e+00
-1.37842524e+03 1.83220506e+02 0.00000000e+00 0.00000000e+00
-1.37775853e+03 1.82619709e+02 0.00000000e+00 0.00000000e+00
-1.37709182e+03 1.82020175e+02 0.00000000e+00 0.00000000e+00
-1.37642510e+03 1.81421901e+02 0.00000000e+00 0.00000000e+00
-1.37575839e+03 1.80824885e+02 0.00000000e+00 0.00000000e+00
-1.37509168e+03 1.80229124e+02 0.00000000e+00 0.00000000e+00
-1.37442497e+03 1.79634616e+02 0.00000000e+00 0.00000000e+00
-1.37375826e+03 1.79041357e+02 0.00000000e+00 0.00000000e+00
-1.37309155e+03 1.78449345e+02 0.00000000e+00 0.00000000e+00
-1.37242484e+03 1.77858578e+02 0.00000000e+00 0.00000000e+00
-1.37175813e+03 1.77269053e+02 0.00000000e+00 0.00000000e+00
-1.37109142e+03 1.76680767e+02 0.00000000e+00 0.00000000e+00
-1.37042470e+03 1.76093718e+02 0.00000000e+00 0.00000000e+00
-1.36975799e+03 1.75507903e+02 0.00000000e+00 0.00000000e+00
-1.36909128e+03 1.74923321e+02 0.00000000e+00 0.00000000e+00
-1.36842457e+03 1.74339967e+02 0.00000000e+00 0.00000000e+00
-1.36775786e+03 1.73757841e+02 0.00000000e+00 0.00000000e+00
-1.36709115e+03 1.73176939e+02 0.00000000e+00 0.00000000e+00
-1.36642444e+03 1.72597258e+02 0.00000000e+00 0.00000000e+00
-1.36575773e+03 1.72018797e+02 0.00000000e+00 0.00000000e+00
-1.36509102e+03 1.71441553e+02 0.00000000e+00 0.00000000e+00
-1.36442430e+03 1.70865523e+02 0.00000000e+00 0.00000000e+00
-1.36375759e+03 1.70290705e+02 0.00000000e+00 0.00000000e+00
-1.36309088e+03 1.69717097e+02 0.00000000e+00 0.00000000e+00
-1.36242417e+03 1.69144696e+02 0.00000000e+00 0.00000000e+00
-1.36175746e+03 1.68573500e+02 0.00000000e+00 0.00000000e+00
-1.36109075e+03 1.68003506e+02 0.00000000e+00 0.00000000e+00
-1.36042404e+03 1.67434712e+02 0.00000000e+00 0.00000000e+00
-1.35975733e+03 1.66867116e+02 0.00000000e+00 0.00000000e+00
-1.35909062e+03 1.66300715e+02 0.00000000e+00 0.00000000e+00
-1.35842390e+03 1.65735508e+02 0.00000000e+00 0.00000000e+00
-1.35775719e+03 1.65171490e+02 0.00000000e+00 0.00000000e+00
-1.35709048e+03 1.64608661e+02 0.00000000e+00 0.00000000e+00
-1.35642377e+03 1.64047018e+02 0.00000000e+00 0.00000000e+00
-1.35575706e+03 1.63486559e+02 0.00000000e+00 0.00000000e+00
-1.35509035e+03 1.62927281e+02 0.00000000e+00 0.00000000e+00
-1.35442364e+03 1.62369183e+02 0.00000000e+00 0.00000000e+00
-1.35375693e+03 1.61812261e+02 0.00000000e+00 0.00000000e+00
-1.35309022e+03 1.61256514e+02 0.00000000e+00 0.00000000e+00
-1.35242350e+03 1.60701939e+02 0.00000000e+00 0.00000000e+00
-1.35175679e+03 1.60148534e+02 0.00000000e+00 0.00000000e+00
-1.35109008e+03 1.59596297e+02 0.00000000e+00 0.00000000e+00
-1.35042337e+03 1.59045227e+02 0.00000000e+00 0.00000000e+00
-1.34975666e+03 1.58495319e+02 0.00000000e+00 0.00000000e+00
-1.34908995e+03 1.57946573e+02 0.00000000e+00 0.00000000e+00
-1.34842324e+03 1.57398986e+02 0.00000000e+00 0.00000000e+00
-1.34775653e+03 1.56852556e+02 0.00000000e+00 0.00000000e+00
-1.34708981e+03 1.56307281e+02 0.00000000e+00 0.00000000e+00
-1.34642310e+03 1.55763158e+02 0.00000000e+00 0.00000000e+00
-1.34575639e+03 1.55220187e+02 0.00000000e+00 0.00000000e+00
-1.34508968e+03 1.54678363e+02 0.00000000e+00 0.00000000e+00
-1.34442297e+03 1.54137686e+02 0.00000000e+00 0.00000000e+00
-1.34375626e+03 1.53598152e+02 0.00000000e+00 0.00000000e+00
-1.34308955e+03 1.53059761e+02 0.00000000e+00 0.00000000e+00
-1.34242284e+03 1.52522510e+02 0.00000000e+00 0.00000000e+00
-1.34175613e+03 1.51986397e+02 0.00000000e+00 0.00000000e+00
-1.34108941e+03 1.51451420e+02 0.00000000e+00 0.00000000e+00
-1.34042270e+03 1.50917577e+02 0.00000000e+00 0.00000000e+00
-1.33975599e+03 1.50384866e+02 0.00000000e+00 0.00000000e+00
-1.33908928e+03 1.49853284e+02 0.00000000e+00 0.00000000e+00
-1.33842257e+03 1.49322829e+02 0.00000000e+00 0.00000000e+00
-1.33775586e+03 1.48793501e+02 0.00000000e+00 0.00000000e+00
-1.33708915e+03 1.48265296e+02 0.00000000e+00 0.00000000e+00
-1.33642244e+03 1.47738213e+02 0.00000000e+00 0.00000000e+00
-1.33575573e+03 1.47212250e+02 0.00000000e+00 0.00000000e+00
-1.33508901e+03 1.46687404e+02 0.00000000e+00 0.00000000e+00
-1.33442230e+03 1.46163674e+02 0.00000000e+00 0.00000000e+00
-1.33375559e+03 1.45641058e+02 0.00000000e+00 0.00000000e+00
-1.33308888e+03 1.45119554e+02 0.00000000e+00 0.00000000e+00
-1.33242217e+03 1.44599160e+02 0.00000000e+00 0.00000000e+00
-1.33175546e+03 1.44079874e+02 0.00000000e+00 0.00000000e+00
-1.33108875e+03 1.43561694e+02 0.00000000e+00 0.00000000e+00
-1.33042204e+03 1.43044618e+02 0.00000000e+00 0.00000000e+00
-1.32975533e+03 1.42528645e+02 0.00000000e+00 0.00000000e+00
-1.32908861e+03 1.42013771e+02 0.00000000e+00 0.00000000e+00
-1.32842190e+03 1.41499997e+02 0.00000000e+00 0.00000000e+00
-1.32775519e+03 1.40987319e+02 0.00000000e+00 0.00000000e+00
-1.32708848e+03 1.40475736e+02 0.00000000e+00 0.00000000e+00
-1.32642177e+03 1.39965245e+02 0.00000000e+00 0.00000000e+00
-1.32575506e+03 1.39455846e+02 0.00000000e+00 0.00000000e+00
-1.32508835e+03 1.38947536e+02 0.00000000e+00 0.00000000e+00
-1.32442164e+03 1.38440314e+02 0.00000000e+00 0.00000000e+00
-1.32375493e+03 1.37934177e+02 0.00000000e+00 0.00000000e+00
-1.32308821e+03 1.37429124e+02 0.00000000e+00 0.00000000e+00
-1.32242150e+03 1.36925153e+02 0.00000000e+00 0.00000000e+00
-1.32175479e+03 1.36422262e+02 0.00000000e+00 0.00000000e+00
-1.32108808e+03 1.35920450e+02 0.00000000e+00 0.00000000e+00
-1.32042137e+03 1.35419714e+02 0.00000000e+00 0.00000000e+00
-1.31975466e+03 1.34920054e+02 0.00000000e+00 0.00000000e+00
-1.31908795e+03 1.34421467e+02 0.00000000e+00 0.00000000e+00
-1.31842124e+03 1.33923951e+02 0.00000000e+00 0.00000000e+00
-1.31775453e+03 1.33427505e+02 0.00000000e+00 0.00000000e+00
-1.31708781e+03 1.32932126e+02 0.00000000e+00 0.00000000e+00
-1.31642110e+03 1.32437815e+02 0.00000000e+00 0.00000000e+00
-1.31575439e+03 1.31944567e+02 0.00000000e+00 0.00000000e+00
-1.31508768e+03 1.31452383e+02 0.00000000e+00 0.00000000e+00
-1.31442097e+03 1.30961260e+02 0.00000000e+00 0.00000000e+00
-1.31375426e+03 1.30471196e+02 0.00000000e+00 0.00000000e+00
-1.31308755e+03 1.29982190e+02 0.00000000e+00 0.00000000e+00
-1.31242084e+03 1.29494240e+02 0.00000000e+00 0.00000000e+00
-1.31175413e+03 1.29007345e+02 0.00000000e+00 0.00000000e+00
-1.31108741e+03 1.28521503e+02 0.00000000e+00 0.00000000e+00
-1.31042070e+03 1.28036712e+02 0.00000000e+00 0.00000000e+00
-1.30975399e+03 1.27552971e+02 0.00000000e+00 0.00000000e+00
-1.30908728e+03 1.27070277e+02 0.00000000e+00 0.00000000e+00
-1.30842057e+03 1.26588630e+02 0.00000000e+00 0.00000000e+00
-1.30775386e+03 1.26108029e+02 0.00000000e+00 0.00000000e+00
-1.30708715e+03 1.25628470e+02 0.00000000e+00 0.00000000e+00
-1.30642044e+03 1.25149953e+02 0.00000000e+00 0.00000000e+00
-1.30575373e+03 1.24672476e+02 0.00000000e+00 0.00000000e+00
-1.30508701e+03 1.24196037e+02 0.00000000e+00 0.00000000e+00
-1.30442030e+03 1.23720635e+02 0.00000000e+00 0.00000000e+00
-1.30375359e+03 1.23246269e+02 0.00000000e+00 0.00000000e+00
-1.30308688e+03 1.22772937e+02 0.00000000e+00 0.00000000e+00
-1.30242017e+03 1.22300636e+02 0.00000000e+00 0.00000000e+00
-1.30175346e+03 1.21829367e+02 0.00000000e+00 0.00000000e+00
-1.30108675e+03 1.21359127e+02 0.00000000e+00 0.00000000e+00
-1.30042004e+03 1.20889915e+02 0.00000000e+00 0.00000000e+00
-1.29975333e+03 1.20421729e+02 0.00000000e+00 0.00000000e+00
-1.29908661e+03 1.19954568e+02 0.00000000e+00 0.00000000e+00
-1.29841990e+03 1.19488430e+02 0.00000000e+00 0.00000000e+00
-1.29775319e+03 1.19023314e+02 0.00000000e+00 0.00000000e+00
-1.29708648e+03 1.18559218e+02 0.00000000e+00 0.00000000e+00
-1.29641977e+03 1.18096141e+02 0.00000000e+00 0.00000000e+00
-1.29575306e+03 1.17634082e+02 0.00000000e+00 0.00000000e+00
-1.29508635e+03 1.17173039e+02 0.00000000e+00 0.00000000e+00
-1.29441964e+03 1.16713010e+02 0.00000000e+00 0.00000000e+00
-1.29375293e+03 1.16253994e+02 0.00000000e+00 0.00000000e+00
-1.29308621e+03 1.15795990e+02 0.00000000e+00 0.00000000e+00
-1.29241950e+03 1.15338997e+02 0.00000000e+00 0.00000000e+00
-1.29175279e+03 1.14883012e+02 0.00000000e+00 0.00000000e+00
-1.29108608e+03 1.14428035e+02 0.00000000e+00 0.00000000e+00
-1.29041937e+03 1.13974065e+02 0.00000000e+00 0.00000000e+00
-1.28975266e+03 1.13521099e+02 0.00000000e+00 0.00000000e+00
-1.28908595e+03 1.13069136e+02 0.00000000e+00 0.00000000e+00
-1.28841924e+03 1.12618176e+02 0.00000000e+00 0.00000000e+00
-1.28775253e+03 1.12168216e+02 0.00000000e+00 0.00000000e+00
-1.28708581e+03 1.11719256e+02 0.00000000e+00 0.00000000e+00
-1.28641910e+03 1.11271293e+02 0.00000000e+00 0.00000000e+00
-1.28575239e+03 1.10824328e+02 0.00000000e+00 0.00000000e+00
-1.28508568e+03 1.10378358e+02 0.00000000e+00 0.00000000e+00
-1.28441897e+03 1.09933382e+02 0.00000000e+00 0.00000000e+00
-1.28375226e+03 1.09489399e+02 0.00000000e+00 0.00000000e+00
-1.28308555e+03 1.09046407e+02 0.00000000e+00 0.00000000e+00
-1.28241884e+03 1.08604405e+02 0.00000000e+00 0.00000000e+00
-1.28175213e+03 1.08163392e+02 0.00000000e+00 0.00000000e+00
-1.28108541e+03 1.07723367e+02 0.00000000e+00 0.00000000e+00
-1.28041870e+03 1.07284328e+02 0.00000000e+00 0.00000000e+00
-1.27975199e+03 1.06846275e+02 0.00000000e+00 0.00000000e+00
-1.27908528e+03 1.06409205e+02 0.00000000e+00 0.00000000e+00
-1.27841857e+03 1.05973118e+02 0.00000000e+00 0.00000000e+00
-1.27775186e+03 1.05538012e+02 0.00000000e+00 0.00000000e+00
-1.27708515e+03 1.05103886e+02 0.00000000e+00 0.00000000e+00
-1.27641844e+03 1.04670740e+02 0.00000000e+00 0.00000000e+00
-1.27575173e+03 1.04238571e+02 0.00000000e+00 0.00000000e+00
-1.27508501e+03 1.03807379e+02 0.00000000e+00 0.00000000e+00
-1.27441830e+03 1.03377162e+02 0.00000000e+00 0.00000000e+00
-1.27375159e+03 1.02947919e+02 0.00000000e+00 0.00000000e+00
-1.27308488e+03 1.02519650e+02 0.00000000e+00 0.00000000e+00
-1.27241817e+03 1.02092352e+02 0.00000000e+00 0.00000000e+00
-1.27175146e+03 1.01666025e+02 0.00000000e+00 0.00000000e+00
-1.27108475e+03 1.01240667e+02 0.00000000e+00 0.00000000e+00
-1.27041804e+03 1.00816277e+02 0.00000000e+00 0.00000000e+00
-1.26975133e+03 1.00392855e+02 0.00000000e+00 0.00000000e+00
-1.26908461e+03 9.99703993e+01 0.00000000e+00 0.00000000e+00
-1.26841790e+03 9.95489082e+01 0.00000000e+00 0.00000000e+00
-1.26775119e+03 9.91283810e+01 0.00000000e+00 0.00000000e+00
-1.26708448e+03 9.87088165e+01 0.00000000e+00 0.00000000e+00
-1.26641777e+03 9.82902136e+01 0.00000000e+00 0.00000000e+00
-1.26575106e+03 9.78725713e+01 0.00000000e+00 0.00000000e+00
-1.26508435e+03 9.74558885e+01 0.00000000e+00 0.00000000e+00
-1.26441764e+03 9.70401640e+01 0.00000000e+00 0.00000000e+00
-1.26375093e+03 9.66253968e+01 0.00000000e+00 0.00000000e+00
-1.26308421e+03 9.62115859e+01 0.00000000e+00 0.00000000e+00
-1.26241750e+03 9.57987302e+01 0.00000000e+00 0.00000000e+00
-1.26175079e+03 9.53868287e+01 0.00000000e+00 0.00000000e+00
-1.26108408e+03 9.49758803e+01 0.00000000e+00 0.00000000e+00
-1.26041737e+03 9.45658839e+01 0.00000000e+00 0.00000000e+00
-1.25975066e+03 9.41568386e+01 0.00000000e+00 0.00000000e+00
-1.25908395e+03 9.37487433e+01 0.00000000e+00 0.00000000e+00
-1.25841724e+03 9.33415971e+01 0.00000000e+00 0.00000000e+00
-1.25775053e+03 9.29353989e+01 0.00000000e+00 0.00000000e+00
-1.25708381e+03 9.25301477e+01 0.00000000e+00 0.00000000e+00
-1.25641710e+03 9.21258426e+01 0.00000000e+00 0.00000000e+00
-1.25575039e+03 9.17224825e+01 0.00000000e+00 0.00000000e+00
-1.25508368e+03 9.13200666e+01 0.00000000e+00 0.00000000e+00
-1.25441697e+03 9.09185938e+01 0.00000000e+00 0.00000000e+00
-1.25375026e+03 9.05180631e+01 0.00000000e+00 0.00000000e+00
-1.25308355e+03 9.01184737e+01 0.00000000e+00 0.00000000e+00
-1.25241684e+03 8.97198246e+01 0.00000000e+00 0.00000000e+00
-1.25175013e+03 8.93221148e+01 0.00000000e+00 0.00000000e+00
-1.25108341e+03 8.89253435e+01 0.00000000e+00 0.00000000e+00
-1.25041670e+03 8.85295097e+01 0.00000000e+00 0.00000000e+00
-1.24974999e+03 8.81346126e+01 0.00000000e+00 0.00000000e+00
-1.24908328e+03 8.77406511e+01 0.00000000e+00 0.00000000e+00
-1.24841657e+03 8.73476245e+01 0.00000000e+00 0.00000000e+00
-1.24774986e+03 8.69555318e+01 0.00000000e+00 0.00000000e+00
-1.24708315e+03 8.65643721e+01 0.00000000e+00 0.00000000e+00
-1.24641644e+03 8.61741447e+01 0.00000000e+00 0.00000000e+00
-1.24574972e+03 8.57848485e+01 0.00000000e+00 0.00000000e+00
-1.24508301e+03 8.53964829e+01 0.00000000e+00 0.00000000e+00
-1.24441630e+03 8.50090468e+01 0.00000000e+00 0.00000000e+00
-1.24374959e+03 8.46225396e+01 0.00000000e+00 0.00000000e+00
-1.24308288e+03 8.42369602e+01 0.00000000e+00 0.00000000e+00
-1.24241617e+03 8.38523080e+01 0.00000000e+00 0.00000000e+00
-1.24174946e+03 8.34685821e+01 0.00000000e+00 0.00000000e+00
-1.24108275e+03 8.30857817e+01 0.00000000e+00 0.00000000e+00
-1.24041604e+03 8.27039059e+01 0.00000000e+00 0.00000000e+00
-1.23974932e+03 8.23229541e+01 0.00000000e+00 0.00000000e+00
-1.23908261e+03 8.19429254e+01 0.00000000e+00 0.00000000e+00
-1.23841590e+03 8.15638190e+01 0.00000000e+00 0.00000000e+00
-1.23774919e+03 8.11856342e+01 0.00000000e+00 0.00000000e+00
-1.23708248e+03 8.08083702e+01 0.00000000e+00 0.00000000e+00
-1.23641577e+03 8.04320262e+01 0.00000000e+00 0.00000000e+00
-1.23574906e+03 8.00566016e+01 0.00000000e+00 0.00000000e+00
-1.23508235e+03 7.96820954e+01 0.00000000e+00 0.00000000e+00
-1.23441564e+03 7.93085071e+01 0.00000000e+00 0.00000000e+00
-1.23374892e+03 7.89358360e+01 0.00000000e+00 0.00000000e+00
-1.23308221e+03 7.85640812e+01 0.00000000e+00 0.00000000e+00
-1.23241550e+03 7.81932421e+01 0.00000000e+00 0.00000000e+00
-1.23174879e+03 7.78233180e+01 0.00000000e+00 0.00000000e+00
-1.23108208e+03 7.74543082e+01 0.00000000e+00 0.00000000e+00
-1.23041537e+03 7.70862120e+01 0.00000000e+00 0.00000000e+00
-1.22974866e+03 7.67190287e+01 0.00000000e+00 0.00000000e+00
-1.22908195e+03 7.63527577e+01 0.00000000e+00 0.00000000e+00
-1.22841524e+03 7.59873983e+01 0.00000000e+00 0.00000000e+00
-1.22774852e+03 7.56229498e+01 0.00000000e+00 0.00000000e+00
-1.22708181e+03 7.52594117e+01 0.00000000e+00 0.00000000e+00
-1.22641510e+03 7.48967832e+01 0.00000000e+00 0.00000000e+00
-1.22574839e+03 7.45350639e+01 0.00000000e+00 0.00000000e+00
-1.22508168e+03 7.41742529e+01 0.00000000e+00 0.00000000e+00
-1.22441497e+03 7.38143497e+01 0.00000000e+00 0.00000000e+00
-1.22374826e+03 7.34553538e+01 0.00000000e+00 0.00000000e+00
-1.22308155e+03 7.30972644e+01 0.00000000e+00 0.00000000e+00
-1.22241484e+03 7.27400811e+01 0.00000000e+00 0.00000000e+00
-1.22174812e+03 7.23838033e+01 0.00000000e+00 0.00000000e+00
-1.22108141e+03 7.20284304e+01 0.00000000e+00 0.00000000e+00
-1.22041470e+03 7.16739618e+01 0.00000000e+00 0.00000000e+00
-1.21974799e+03 7.13203969e+01 0.00000000e+00 0.00000000e+00
-1.21908128e+03 7.09677353e+01 0.00000000e+00 0.00000000e+00
-1.21841457e+03 7.06159764e+01 0.00000000e+00 0.00000000e+00
-1.21774786e+03 7.02651196e+01 0.00000000e+00 0.00000000e+00
-1.21708115e+03 6.99151645e+01 0.00000000e+00 0.00000000e+00
-1.21641444e+03 6.95661105e+01 0.00000000e+00 0.00000000e+00
-1.21574772e+03 6.92179571e+01 0.00000000e+00 0.00000000e+00
-1.21508101e+03 6.88707039e+01 0.00000000e+00 0.00000000e+00
-1.21441430e+03 6.85243503e+01 0.00000000e+00 0.00000000e+00
-1.21374759e+03 6.81788958e+01 0.00000000e+00 0.00000000e+00
-1.21308088e+03 6.78343401e+01 0.00000000e+00 0.00000000e+00
-1.21241417e+03 6.74906826e+01 0.00000000e+00 0.00000000e+00
-1.21174746e+03 6.71479229e+01 0.00000000e+00 0.00000000e+00
-1.21108075e+03 6.68060605e+01 0.00000000e+00 0.00000000e+00
-1.21041404e+03 6.64650950e+01 0.00000000e+00 0.00000000e+00
-1.20974732e+03 6.61250260e+01 0.00000000e+00 0.00000000e+00
-1.20908061e+03 6.57858531e+01 0.00000000e+00 0.00000000e+00
-1.20841390e+03 6.54475759e+01 0.00000000e+00 0.00000000e+00
-1.20774719e+03 6.51101939e+01 0.00000000e+00 0.00000000e+00
-1.20708048e+03 6.47737067e+01 0.00000000e+00 0.00000000e+00
-1.20641377e+03 6.44381141e+01 0.00000000e+00 0.00000000e+00
-1.20574706e+03 6.41034155e+01 0.00000000e+00 0.00000000e+00
-1.20508035e+03 6.37696108e+01 0.00000000e+00 0.00000000e+00
-1.20441364e+03 6.34366994e+01 0.00000000e+00 0.00000000e+00
-1.20374692e+03 6.31046810e+01 0.00000000e+00 0.00000000e+00
-1.20308021e+03 6.27735554e+01 0.00000000e+00 0.00000000e+00
-1.20241350e+03 6.24433222e+01 0.00000000e+00 0.00000000e+00
-1.20174679e+03 6.21139811e+01 0.00000000e+00 0.00000000e+00
-1.20108008e+03 6.17855317e+01 0.00000000e+00 0.00000000e+00
-1.20041337e+03 6.14579738e+01 0.00000000e+00 0.00000000e+00
-1.19974666e+03 6.11313071e+01 0.00000000e+00 0.00000000e+00
-1.19907995e+03 6.08055313e+01 0.00000000e+00 0.00000000e+00
-1.19841324e+03 6.04806461e+01 0.00000000e+00 0.00000000e+00
-1.19774652e+03 6.01566513e+01 0.00000000e+00 0.00000000e+00
-1.19707981e+03 5.98335466e+01 0.00000000e+00 0.00000000e+00
-1.19641310e+03 5.95113318e+01 0.00000000e+00 0.00000000e+00
-1.19574639e+03 5.91900067e+01 0.00000000e+00 0.00000000e+00
-1.19507968e+03 5.88695710e+01 0.00000000e+00 0.00000000e+00
-1.19441297e+03 5.85500246e+01 0.00000000e+00 0.00000000e+00
-1.19374626e+03 5.82313671e+01 0.00000000e+00 0.00000000e+00
-1.19307955e+03 5.79135985e+01 0.00000000e+00 0.00000000e+00
-1.19241284e+03 5.75967185e+01 0.00000000e+00 0.00000000e+00
-1.19174612e+03 5.72807270e+01 0.00000000e+00 0.00000000e+00
-1.19107941e+03 5.69656239e+01 0.00000000e+00 0.00000000e+00
-1.19041270e+03 5.66514089e+01 0.00000000e+00 0.00000000e+00
-1.18974599e+03 5.63380820e+01 0.00000000e+00 0.00000000e+00
-1.18907928e+03 5.60256430e+01 0.00000000e+00 0.00000000e+00
-1.18841257e+03 5.57140917e+01 0.00000000e+00 0.00000000e+00
-1.18774586e+03 5.54034281e+01 0.00000000e+00 0.00000000e+00
-1.18707915e+03 5.50936522e+01 0.00000000e+00 0.00000000e+00
-1.18641244e+03 5.47847637e+01 0.00000000e+00 0.00000000e+00
-1.18574572e+03 5.44767626e+01 0.00000000e+00 0.00000000e+00
-1.18507901e+03 5.41696489e+01 0.00000000e+00 0.00000000e+00
-1.18441230e+03 5.38634225e+01 0.00000000e+00 0.00000000e+00
-1.18374559e+03 5.35580834e+01 0.00000000e+00 0.00000000e+00
-1.18307888e+03 5.32536315e+01 0.00000000e+00 0.00000000e+00
-1.18241217e+03 5.29500668e+01 0.00000000e+00 0.00000000e+00
-1.18174546e+03 5.26473893e+01 0.00000000e+00 0.00000000e+00
-1.18107875e+03 5.23455990e+01 0.00000000e+00 0.00000000e+00
-1.18041204e+03 5.20446960e+01 0.00000000e+00 0.00000000e+00
-1.17974532e+03 5.17446802e+01 0.00000000e+00 0.00000000e+00
-1.17907861e+03 5.14455517e+01 0.00000000e+00 0.00000000e+00
-1.17841190e+03 5.11473106e+01 0.00000000e+00 0.00000000e+00
-1.17774519e+03 5.08499569e+01 0.00000000e+00 0.00000000e+00
-1.17707848e+03 5.05534906e+01 0.00000000e+00 0.00000000e+00
-1.17641177e+03 5.02579120e+01 0.00000000e+00 0.00000000e+00
-1.17574506e+03 4.99632209e+01 0.00000000e+00 0.00000000e+00
-1.17507835e+03 4.96694177e+01 0.00000000e+00 0.00000000e+00
-1.17441164e+03 4.93765024e+01 0.00000000e+00 0.00000000e+00
-1.17374492e+03 4.90844752e+01 0.00000000e+00 0.00000000e+00
-1.17307821e+03 4.87933361e+01 0.00000000e+00 0.00000000e+00
-1.17241150e+03 4.85030854e+01 0.00000000e+00 0.00000000e+00
-1.17174479e+03 4.82137233e+01 0.00000000e+00 0.00000000e+00
-1.17107808e+03 4.79252499e+01 0.00000000e+00 0.00000000e+00
-1.17041137e+03 4.76376654e+01 0.00000000e+00 0.00000000e+00
-1.16974466e+03 4.73509700e+01 0.00000000e+00 0.00000000e+00
-1.16907795e+03 4.70651641e+01 0.00000000e+00 0.00000000e+00
-1.16841124e+03 4.67802477e+01 0.00000000e+00 0.00000000e+00
-1.16774452e+03 4.64962213e+01 0.00000000e+00 0.00000000e+00
-1.16707781e+03 4.62130851e+01 0.00000000e+00 0.00000000e+00
-1.16641110e+03 4.59308393e+01 0.00000000e+00 0.00000000e+00
-1.16574439e+03 4.56494842e+01 0.00000000e+00 0.00000000e+00
-1.16507768e+03 4.53690203e+01 0.00000000e+00 0.00000000e+00
-1.16441097e+03 4.50894477e+01 0.00000000e+00 0.00000000e+00
-1.16374426e+03 4.48107668e+01 0.00000000e+00 0.00000000e+00
-1.16307755e+03 4.45329781e+01 0.00000000e+00 0.00000000e+00
-1.16241084e+03 4.42560819e+01 0.00000000e+00 0.00000000e+00
-1.16174412e+03 4.39800785e+01 0.00000000e+00 0.00000000e+00
-1.16107741e+03 4.37049685e+01 0.00000000e+00 0.00000000e+00
-1.16041070e+03 4.34307521e+01 0.00000000e+00 0.00000000e+00
-1.15974399e+03 4.31574299e+01 0.00000000e+00 0.00000000e+00
-1.15907728e+03 4.28850024e+01 0.00000000e+00 0.00000000e+00
-1.15841057e+03 4.26134699e+01 0.00000000e+00 0.00000000e+00
-1.15774386e+03 4.23428329e+01 0.00000000e+00 0.00000000e+00
-1.15707715e+03 4.20730921e+01 0.00000000e+00 0.00000000e+00
-1.15641044e+03 4.18042479e+01 0.00000000e+00 0.00000000e+00
-1.15574372e+03 4.15363008e+01 0.00000000e+00 0.00000000e+00
-1.15507701e+03 4.12692515e+01 0.00000000e+00 0.00000000e+00
-1.15441030e+03 4.10031004e+01 0.00000000e+00 0.00000000e+00
-1.15374359e+03 4.07378483e+01 0.00000000e+00 0.00000000e+00
-1.15307688e+03 4.04734956e+01 0.00000000e+00 0.00000000e+00
-1.15241017e+03 4.02100431e+01 0.00000000e+00 0.00000000e+00
-1.15174346e+03 3.99474914e+01 0.00000000e+00 0.00000000e+00
-1.15107675e+03 3.96858411e+01 0.00000000e+00 0.00000000e+00
-1.15041004e+03 3.94250929e+01 0.00000000e+00 0.00000000e+00
-1.14974332e+03 3.91652477e+01 0.00000000e+00 0.00000000e+00
-1.14907661e+03 3.89063061e+01 0.00000000e+00 0.00000000e+00
-1.14840990e+03 3.86482688e+01 0.00000000e+00 0.00000000e+00
-1.14774319e+03 3.83911366e+01 0.00000000e+00 0.00000000e+00
-1.14707648e+03 3.81349104e+01 0.00000000e+00 0.00000000e+00
-1.14640977e+03 3.78795910e+01 0.00000000e+00 0.00000000e+00
-1.14574306e+03 3.76251791e+01 0.00000000e+00 0.00000000e+00
-1.14507635e+03 3.73716756e+01 0.00000000e+00 0.00000000e+00
-1.14440963e+03 3.71190815e+01 0.00000000e+00 0.00000000e+00
-1.14374292e+03 3.68673977e+01 0.00000000e+00 0.00000000e+00
-1.14307621e+03 3.66166250e+01 0.00000000e+00 0.00000000e+00
-1.14240950e+03 3.63667644e+01 0.00000000e+00 0.00000000e+00
-1.14174279e+03 3.61178169e+01 0.00000000e+00 0.00000000e+00
-1.14107608e+03 3.58697836e+01 0.00000000e+00 0.00000000e+00
-1.14040937e+03 3.56226653e+01 0.00000000e+00 0.00000000e+00
-1.13974266e+03 3.53764632e+01 0.00000000e+00 0.00000000e+00
-1.13907595e+03 3.51311784e+01 0.00000000e+00 0.00000000e+00
-1.13840923e+03 3.48868119e+01 0.00000000e+00 0.00000000e+00
-1.13774252e+03 3.46433650e+01 0.00000000e+00 0.00000000e+00
-1.13707581e+03 3.44008387e+01 0.00000000e+00 0.00000000e+00
-1.13640910e+03 3.41592343e+01 0.00000000e+00 0.00000000e+00
-1.13574239e+03 3.39185530e+01 0.00000000e+00 0.00000000e+00
-1.13507568e+03 3.36787960e+01 0.00000000e+00 0.00000000e+00
-1.13440897e+03 3.34399646e+01 0.00000000e+00 0.00000000e+00
-1.13374226e+03 3.32020601e+01 0.00000000e+00 0.00000000e+00
-1.13307555e+03 3.29650838e+01 0.00000000e+00 0.00000000e+00
-1.13240883e+03 3.27290372e+01 0.00000000e+00 0.00000000e+00
-1.13174212e+03 3.24939216e+01 0.00000000e+00 0.00000000e+00
-1.13107541e+03 3.22597385e+01 0.00000000e+00 0.00000000e+00
-1.13040870e+03 3.20264894e+01 0.00000000e+00 0.00000000e+00
-1.12974199e+03 3.17941757e+01 0.00000000e+00 0.00000000e+00
-1.12907528e+03 3.15627990e+01 0.00000000e+00 0.00000000e+00
-1.12840857e+03 3.13323609e+01 0.00000000e+00 0.00000000e+00
-1.12774186e+03 3.11028629e+01 0.00000000e+00 0.00000000e+00
-1.12707515e+03 3.08743068e+01 0.00000000e+00 0.00000000e+00
-1.12640843e+03 3.06466943e+01 0.00000000e+00 0.00000000e+00
-1.12574172e+03 3.04200270e+01 0.00000000e+00 0.00000000e+00
-1.12507501e+03 3.01943068e+01 0.00000000e+00 0.00000000e+00
-1.12440830e+03 2.99695355e+01 0.00000000e+00 0.00000000e+00
-1.12374159e+03 2.97457149e+01 0.00000000e+00 0.00000000e+00
-1.12307488e+03 2.95228469e+01 0.00000000e+00 0.00000000e+00
-1.12240817e+03 2.93009335e+01 0.00000000e+00 0.00000000e+00
-1.12174146e+03 2.90799767e+01 0.00000000e+00 0.00000000e+00
-1.12107475e+03 2.88599786e+01 0.00000000e+00 0.00000000e+00
-1.12040803e+03 2.86409412e+01 0.00000000e+00 0.00000000e+00
-1.11974132e+03 2.84228667e+01 0.00000000e+00 0.00000000e+00
-1.11907461e+03 2.82057572e+01 0.00000000e+00 0.00000000e+00
-1.11840790e+03 2.79896151e+01 0.00000000e+00 0.00000000e+00
-1.11774119e+03 2.77744427e+01 0.00000000e+00 0.00000000e+00
-1.11707448e+03 2.75602422e+01 0.00000000e+00 0.00000000e+00
-1.11640777e+03 2.73470162e+01 0.00000000e+00 0.00000000e+00
-1.11574106e+03 2.71347671e+01 0.00000000e+00 0.00000000e+00
-1.11507435e+03 2.69234974e+01 0.00000000e+00 4.42188753e-321
-1.11440763e+03 2.67132099e+01 0.00000000e+00 1.15637266e-312
-1.11374092e+03 2.65039071e+01 0.00000000e+00 1.02712833e-304
-1.11307421e+03 2.62955919e+01 0.00000000e+00 8.31774010e-297
-1.11240750e+03 2.60882670e+01 0.00000000e+00 6.14156584e-289
-1.11174079e+03 2.58819353e+01 0.00000000e+00 4.13336435e-281
-1.11107408e+03 2.56765998e+01 0.00000000e+00 2.53473577e-273
-1.11040737e+03 2.54722635e+01 0.00000000e+00 1.41584396e-265
-1.10974066e+03 2.52689297e+01 7.24216246e-319 7.20105965e-258
-1.10907395e+03 2.50666015e+01 1.89331797e-310 3.33361572e-250
-1.10840723e+03 2.48652822e+01 1.68170838e-302 1.40413100e-242
-1.10774052e+03 2.46649753e+01 1.36185753e-294 5.37900403e-235
-1.10707381e+03 2.44656842e+01 1.00555514e-286 1.87336539e-227
-1.10640710e+03 2.42674126e+01 6.76754275e-279 5.92909472e-220
-1.10574039e+03 2.40701642e+01 4.15011996e-271 1.70455860e-212
-1.10507368e+03 2.38739427e+01 2.31816361e-263 4.44937732e-205
-1.10440697e+03 2.36787521e+01 1.17903294e-255 1.05402198e-197
-1.10374026e+03 2.34845965e+01 5.45815673e-248 2.26493354e-190
-1.10307355e+03 2.32914800e+01 2.29900086e-240 4.41266974e-183
-1.10240683e+03 2.30994070e+01 8.80713228e-233 7.79048862e-176
-1.10174012e+03 2.29083820e+01 3.06730096e-225 1.24570107e-168
-1.10107341e+03 2.27184095e+01 9.70786309e-218 1.80305723e-161
-1.10040670e+03 2.25294942e+01 2.79092814e-210 2.36104378e-154
-1.09973999e+03 2.23416411e+01 7.28513374e-203 2.79537677e-147
-1.09907328e+03 2.21548553e+01 1.72579675e-195 2.99055962e-140
-1.09840657e+03 2.19691420e+01 3.70849108e-188 2.88912000e-133
-1.09773986e+03 2.17845066e+01 7.22512085e-181 2.51881622e-126
-1.09707315e+03 2.16009549e+01 1.27558798e-173 1.98040744e-119
-1.09640643e+03 2.14184927e+01 2.03967846e-166 1.40327782e-112
-1.09573972e+03 2.12371260e+01 2.95229438e-159 8.95498106e-106
-1.09507301e+03 2.10568611e+01 3.86595315e-152 5.14305486e-99
-1.09440630e+03 2.08777046e+01 4.57715292e-145 2.65659823e-92
-1.09373959e+03 2.06996631e+01 4.89677545e-138 1.23341635e-85
-1.09307288e+03 2.05227436e+01 4.73070742e-131 5.14441287e-79
-1.09240617e+03 2.03469534e+01 4.12439174e-124 1.92671918e-72
-1.09173946e+03 2.01722997e+01 3.24280646e-117 6.47808773e-66
-1.09107275e+03 1.99987900e+01 2.29780588e-110 1.95530640e-59
-1.09040603e+03 1.98264320e+01 1.46635013e-103 5.29973049e-53
-1.08973932e+03 1.96552332e+01 8.42165888e-97 1.29081916e-46
-1.08907261e+03 1.94852007e+01 4.35016764e-90 2.82846331e-40
-1.08840590e+03 1.93163415e+01 2.01973125e-83 5.58499202e-34
-1.08773919e+03 1.91486616e+01 8.42410207e-77 9.95854896e-28
-1.08707248e+03 1.89821655e+01 3.15507936e-70 1.60743096e-21
-1.08640577e+03 1.88168562e+01 1.06082293e-63 2.17640593e-15
-1.08573906e+03 1.86527338e+01 3.20195506e-57 3.21312353e-10
-1.08507235e+03 1.84897950e+01 8.67877948e-51 1.38848174e-07
-1.08440563e+03 1.83280322e+01 2.11385324e-44 9.63737469e-07
-1.08373892e+03 1.81674325e+01 4.63195795e-38 4.97084623e-06
-1.08307221e+03 1.80079781e+01 9.14621201e-32 2.00727938e-05
-1.08240550e+03 1.78496456e+01 1.63087008e-25 6.35182805e-05
-1.08173879e+03 1.76924081e+01 2.63247541e-19 1.57684606e-04
-1.08107208e+03 1.75362366e+01 3.64505970e-13 3.07493899e-04
-1.08040537e+03 1.73811035e+01 7.47757155e-08 4.71688806e-04
-1.07973866e+03 1.72269844e+01 7.80195523e-05 5.70247874e-04
-1.07907195e+03 1.70738671e+01 4.70132932e-04 5.45058827e-04
-1.07840523e+03 1.69218213e+01 4.96555736e-04 4.17605290e-04
-1.07773852e+03 1.67708417e+01 4.96563422e-04 2.76470782e-04
-1.07707181e+03 1.66209187e+01 4.96563422e-04 2.14584523e-04
-1.07640510e+03 1.64720436e+01 4.96563422e-04 2.79920230e-04
-1.07573839e+03 1.63242094e+01 4.96563548e-04 4.53319706e-04
-1.07507168e+03 1.61774128e+01 4.98787330e-04 6.43712038e-04
-1.07440497e+03 1.60316547e+01 7.19681814e-04 7.29507327e-04
-1.07373826e+03 1.58869786e+01 9.88387104e-04 6.49080308e-04
-1.07307155e+03 1.57434641e+01 9.93126262e-04 4.52414458e-04
-1.07240483e+03 1.56011289e+01 9.93126845e-04 2.47073634e-04
-1.07173812e+03 1.54599922e+01 9.93126845e-04 1.05804114e-04
-1.07107141e+03 1.53200709e+01 9.93126845e-04 3.55655689e-05
-1.07040470e+03 1.51813777e+01 9.93126845e-04 9.39612777e-06
-1.06973799e+03 1.50439210e+01 9.93126845e-04 1.95370882e-06
-1.06907128e+03 1.49077031e+01 9.93126845e-04 3.42909914e-07
-1.06840457e+03 1.47727203e+01 9.93126845e-04 3.95377489e-07
-1.06773786e+03 1.46389617e+01 9.93126845e-04 2.28313285e-06
-1.06707115e+03 1.45064091e+01 9.93126845e-04 1.07464409e-05
-1.06640443e+03 1.43750373e+01 9.93126845e-04 3.99578004e-05
-1.06573772e+03 1.42448155e+01 9.93126845e-04 1.17230984e-04
-1.06507101e+03 1.41157097e+01 9.93126845e-04 2.71078050e-04
-1.06440430e+03 1.39876856e+01 9.93132181e-04 4.93537236e-04
-1.06373759e+03 1.38607118e+01 1.00141830e-03 7.06927422e-04
-1.06307088e+03 1.37347616e+01 1.24637429e-03 7.96225009e-04
-1.06240417e+03 1.36098562e+01 1.48203553e-03 7.05192009e-04
-1.06173746e+03 1.34860383e+01 1.48968441e-03 4.92006824e-04
-1.06107075e+03 1.33632977e+01 1.48969027e-03 2.74777971e-04
-1.06040403e+03 1.32416240e+01 1.48969027e-03 1.40161827e-04
-1.05973732e+03 1.31210048e+01 1.48969027e-03 1.17337951e-04
-1.05907061e+03 1.30014251e+01 1.48969027e-03 2.08405018e-04
-1.05840390e+03 1.28828691e+01 1.48969053e-03 3.99290084e-04
-1.05773719e+03 1.27653227e+01 1.49048108e-03 6.31119312e-04
-1.05707048e+03 1.26487755e+01 1.57231725e-03 7.93759871e-04
-1.05640377e+03 1.25332320e+01 1.90870464e-03 7.91605601e-04
-1.05573706e+03 1.24187623e+01 1.98547853e-03 6.25736062e-04
-1.05507035e+03 1.23053919e+01 1.98625333e-03 3.91928102e-04
-1.05440363e+03 1.21931293e+01 1.98625369e-03 1.94402418e-04
-1.05373692e+03 1.20819836e+01 1.98625369e-03 7.63013894e-05
-1.05307021e+03 1.19719626e+01 1.98625369e-03 2.36765405e-05
-1.05240350e+03 1.18630718e+01 1.98625369e-03 5.80363633e-06
-1.05173679e+03 1.17553143e+01 1.98625369e-03 1.12268722e-06
-1.05107008e+03 1.16486909e+01 1.98625369e-03 1.54494395e-07
-1.05040337e+03 1.15431988e+01 1.98625369e-03 2.83500671e-09
-1.04973666e+03 1.14388323e+01 1.98625369e-03 1.94245300e-12
-1.04906994e+03 1.13355823e+01 1.98625369e-03 4.60599829e-11
-1.04840323e+03 1.12334357e+01 1.98625369e-03 9.15579532e-09
-1.04773652e+03 1.11323761e+01 1.98625369e-03 2.03374204e-07
-1.04706981e+03 1.10323832e+01 1.98625369e-03 1.42483660e-06
-1.04640310e+03 1.09334324e+01 1.98625369e-03 7.18274596e-06
-1.04573639e+03 1.08354955e+01 1.98625369e-03 2.87783066e-05
-1.04506968e+03 1.07385406e+01 1.98625369e-03 9.18042312e-05
-1.04440297e+03 1.06425333e+01 1.98625369e-03 2.33232331e-04
-1.04373626e+03 1.05474394e+01 1.98626334e-03 4.72040393e-04
-1.04306954e+03 1.04532268e+01 1.98898415e-03 7.61312052e-04
-1.04240283e+03 1.03598690e+01 2.07082595e-03 9.78646446e-04
-1.04173612e+03 1.02673573e+01 2.35182873e-03 1.00274750e-03
-1.04106941e+03 1.01757355e+01 2.47583092e-03 8.18878856e-04
-1.04040270e+03 1.00850281e+01 2.48276746e-03 5.32877358e-04
-1.03973599e+03 9.99523491e+00 2.48281705e-03 2.76273204e-04
-1.03906928e+03 9.90635517e+00 2.48281711e-03 1.14270268e-04
-1.03840257e+03 9.81838572e+00 2.48281711e-03 3.88331439e-05
-1.03773586e+03 9.73131933e+00 2.48281711e-03 1.64629743e-05
-1.03706914e+03 9.64514383e+00 2.48281711e-03 2.89392019e-05
-1.03640243e+03 9.55984153e+00 2.48281711e-03 8.77215752e-05
-1.03573572e+03 9.47538965e+00 2.48281715e-03 2.27672894e-04
-1.03506901e+03 9.39176180e+00 2.48283887e-03 4.75224309e-04
-1.03440230e+03 9.30893065e+00 2.48558726e-03 7.95093311e-04
-1.03373559e+03 9.22687101e+00 2.54584346e-03 1.06621430e-03
-1.03306888e+03 9.14557014e+00 2.78035111e-03 1.14597906e-03
-1.03240217e+03 9.06505797e+00 2.95369466e-03 9.87217740e-04
-1.03173546e+03 8.98536600e+00 2.97866262e-03 6.81661858e-04
-1.03106874e+03 8.90649713e+00 2.97937601e-03 3.77302367e-04
-1.03040203e+03 8.82845166e+00 2.97938053e-03 1.67435752e-04
-1.02973532e+03 8.75123080e+00 2.97938053e-03 5.95848849e-05
-1.02906861e+03 8.67483579e+00 2.97938053e-03 1.70076697e-05
-1.02840190e+03 8.59926755e+00 2.97938053e-03 3.89345212e-06
-1.02773519e+03 8.52452642e+00 2.97938053e-03 7.01304856e-07
-1.02706848e+03 8.45061189e+00 2.97938053e-03 7.78903703e-08
-1.02640177e+03 8.37752235e+00 2.97938053e-03 2.77718655e-09
-1.02573506e+03 8.30525507e+00 2.97938053e-03 2.24015024e-11
-1.02506834e+03 8.23380634e+00 2.97938053e-03 5.01950797e-14
-1.02440163e+03 8.16317167e+00 2.97938053e-03 5.58113594e-17
-1.02373492e+03 8.09334604e+00 2.97938053e-03 5.46585607e-20
-1.02306821e+03 8.02432412e+00 2.97938053e-03 5.69468342e-23
-1.02240150e+03 7.95610034e+00 2.97938053e-03 3.68039973e-23
-1.02173479e+03 7.88866893e+00 2.97938053e-03 9.76109040e-21
-1.02106808e+03 7.82202376e+00 2.97938053e-03 2.42778203e-18
-1.02040137e+03 7.75615826e+00 2.97938053e-03 5.47047459e-16
-1.01973466e+03 7.69106507e+00 2.97938053e-03 9.58047374e-14
-1.01906794e+03 7.62673588e+00 2.97938053e-03 9.98754452e-12
-1.01840123e+03 7.56316100e+00 2.97938053e-03 5.04506749e-10
-1.01773452e+03 7.50032908e+00 2.97938053e-03 1.16762037e-08
-1.01706781e+03 7.43822668e+00 2.97938053e-03 1.35110972e-07
-1.01640110e+03 7.37683783e+00 2.97938053e-03 9.46501940e-07
-1.01573439e+03 7.31614366e+00 2.97938053e-03 4.84983266e-06
-1.01506768e+03 7.25612209e+00 2.97938053e-03 1.99330646e-05
-1.01440097e+03 7.19674776e+00 2.97938055e-03 6.70951531e-05
-1.01373426e+03 7.13799252e+00 2.97938238e-03 1.85367157e-04
-1.01306754e+03 7.07982649e+00 2.97948515e-03 4.20423004e-04
-1.01240083e+03 7.02222003e+00 2.98198353e-03 7.82905667e-04
-1.01173412e+03 6.96514648e+00 3.00716483e-03 1.19721469e-03
-1.01106741e+03 6.90858759e+00 3.11182775e-03 1.50369111e-03
-1.01040070e+03 6.85254654e+00 3.29325685e-03 1.55155604e-03
-1.00973399e+03 6.79705183e+00 3.42677277e-03 1.31556039e-03
-1.00906728e+03 6.74213187e+00 3.46943025e-03 9.16886180e-04
-1.00840057e+03 6.68780085e+00 3.47552407e-03 5.25440733e-04
-1.00773386e+03 6.63406726e+00 3.47593021e-03 2.47682151e-04
-1.00706714e+03 6.58093890e+00 3.47594370e-03 9.60738293e-05
-1.00640043e+03 6.52842275e+00 3.47594395e-03 3.06787759e-05
-1.00573372e+03 6.47652449e+00 3.47594396e-03 8.06192770e-06
-1.00506701e+03 6.42524801e+00 3.47594396e-03 1.72622237e-06
-1.00440030e+03 6.37459493e+00 3.47594396e-03 2.84971757e-07
-1.00373359e+03 6.32456431e+00 3.47594396e-03 3.21201567e-08
-1.00306688e+03 6.27515229e+00 3.47594396e-03 7.09632785e-09
-1.00240017e+03 6.22635193e+00 3.47594396e-03 5.02050915e-08
-1.00173346e+03 6.17815299e+00 3.47594396e-03 3.53522963e-07
-1.00106674e+03 6.13054176e+00 3.47594396e-03 1.90360011e-06
-1.00040003e+03 6.08350074e+00 3.47594396e-03 8.29184528e-06
-9.99733322e+02 6.03700846e+00 3.47594402e-03 3.00435535e-05
-9.99066611e+02 5.99103959e+00 3.47594627e-03 9.13288451e-05
-9.98399900e+02 5.94556529e+00 3.47600009e-03 2.33347498e-04
-9.97733189e+02 5.90055435e+00 3.47676917e-03 5.01315552e-04
-9.97066478e+02 5.85597514e+00 3.48316341e-03 9.05823731e-04
-9.96399767e+02 5.81179871e+00 3.51385348e-03 1.37697812e-03
-9.95733056e+02 5.76800457e+00 3.59902979e-03 1.76160845e-03
-9.95066344e+02 5.72458904e+00 3.73661693e-03 1.89741127e-03
-9.94399633e+02 5.68156743e+00 3.86723739e-03 1.72138262e-03
-9.93732922e+02 5.63896270e+00 3.94108226e-03 1.31606054e-03
-9.93066211e+02 5.59679297e+00 3.96636577e-03 8.48402064e-04
-9.92399500e+02 5.55507024e+00 3.97171979e-03 4.61453778e-04
-9.91732789e+02 5.51380441e+00 3.97243971e-03 2.11913737e-04
-9.91066078e+02 5.47300501e+00 3.97250333e-03 8.22285182e-05
-9.90399367e+02 5.43268114e+00 3.97250720e-03 2.69758025e-05
-9.89732655e+02 5.39284081e+00 3.97250737e-03 7.47446678e-06
-9.89065944e+02 5.35349034e+00 3.97250738e-03 1.73589268e-06
-9.88399233e+02 5.31463389e+00 3.97250738e-03 3.30262720e-07
-9.87732522e+02 5.27627309e+00 3.97250738e-03 4.94327247e-08
-9.87065811e+02 5.23840689e+00 3.97250738e-03 5.56687589e-09
-9.86399100e+02 5.20103158e+00 3.97250738e-03 4.58303546e-10
-9.85732389e+02 5.16414094e+00 3.97250738e-03 2.75753997e-11
-9.85065678e+02 5.12772648e+00 3.97250738e-03 1.25273372e-12
-9.84398966e+02 5.09177771e+00 3.97250738e-03 4.58413257e-14
-9.83732255e+02 5.05628256e+00 3.97250738e-03 1.47432767e-15
-9.83065544e+02 5.02122766e+00 3.97250738e-03 4.53877007e-17
-9.82398833e+02 4.98659880e+00 3.97250738e-03 1.41582698e-18
-9.81732122e+02 4.95238133e+00 3.97250738e-03 4.58512625e-20
-9.81065411e+02 4.91856061e+00 3.97250738e-03 1.55122654e-21
-9.80398700e+02 4.88512239e+00 3.97250738e-03 5.48555223e-23
-9.79731989e+02 4.85205328e+00 3.97250738e-03 2.02622688e-24
-9.79065278e+02 4.81934110e+00 3.97250738e-03 7.80991903e-26
-9.78398566e+02 4.78697523e+00 3.97250738e-03 3.13758458e-27
-9.77731855e+02 4.75494686e+00 3.97250738e-03 1.31215940e-28
-9.77065144e+02 4.72324922e+00 3.97250738e-03 5.70481153e-30
-9.76398433e+02 4.69187761e+00 3.97250738e-03 2.57494684e-31
-9.75731722e+02 4.66082940e+00 3.97250738e-03 1.20498562e-32
-9.75065011e+02 4.63010390e+00 3.97250738e-03 5.83900364e-34
-9.74398300e+02 4.59970210e+00 3.97250738e-03 2.95830011e-35
-9.73731589e+02 4.56962633e+00 3.97250738e-03 5.49612327e-36
-9.73064877e+02 4.53987982e+00 3.97250738e-03 4.75648962e-35
-9.72398166e+02 4.51046630e+00 3.97250738e-03 5.49721880e-34
-9.71731455e+02 4.48138943e+00 3.97250738e-03 6.18030202e-33
-9.71064744e+02 4.45265244e+00 3.97250738e-03 6.75140027e-32
-9.70398033e+02 4.42425765e+00 3.97250738e-03 7.17061907e-31
-9.69731322e+02 4.39620620e+00 3.97250738e-03 7.40934543e-30
-9.69064611e+02 4.36849781e+00 3.97250738e-03 7.45333973e-29
-9.68397900e+02 4.34113067e+00 3.97250738e-03 7.30385193e-28
-9.67731189e+02 4.31410147e+00 3.97250738e-03 6.97669027e-27
-9.67064477e+02 4.28740546e+00 3.97250738e-03 6.49958128e-26
-9.66397766e+02 4.26103674e+00 3.97250738e-03 5.90840491e-25
-9.65731055e+02 4.23498843e+00 3.97250738e-03 5.24297591e-24
-9.65064344e+02 4.20925306e+00 3.97250738e-03 4.54299451e-23
-9.64397633e+02 4.18382290e+00 3.97250738e-03 3.84464478e-22
-9.63730922e+02 4.15869027e+00 3.97250738e-03 3.17812880e-21
-9.63064211e+02 4.13384788e+00 3.97250738e-03 2.56623500e-20
-9.62397500e+02 4.10928909e+00 3.97250738e-03 2.02388188e-19
-9.61730788e+02 4.08500817e+00 3.97250738e-03 1.55848070e-18
-9.61064077e+02 4.06100041e+00 3.97250738e-03 1.17093362e-17
-9.60397366e+02 4.03726228e+00 3.97250738e-03 8.57102197e-17
-9.59730655e+02 4.01379145e+00 3.97250738e-03 6.09564215e-16
-9.59063944e+02 3.99058675e+00 3.97250738e-03 4.19372707e-15
-9.58397233e+02 3.96764814e+00 3.97250738e-03 2.77431365e-14
-9.57730522e+02 3.94497655e+00 3.97250738e-03 1.75205208e-13
-9.57063811e+02 3.92257375e+00 3.97250738e-03 1.04831675e-12
-9.56397100e+02 3.90044220e+00 3.97250738e-03 5.90154445e-12
-9.55730388e+02 3.87858483e+00 3.97250738e-03 3.10800366e-11
-9.55063677e+02 3.85700485e+00 3.97250738e-03 1.52480875e-10
-9.54396966e+02 3.83570558e+00 3.97250738e-03 6.94990104e-10
-9.53730255e+02 3.81469024e+00 3.97250738e-03 2.93839654e-09
-9.53063544e+02 3.79396176e+00 3.97250738e-03 1.15170647e-08
-9.52396833e+02 3.77352257e+00 3.97250739e-03 4.18475575e-08
-9.51730122e+02 3.75337444e+00 3.97250742e-03 1.41013575e-07
-9.51063411e+02 3.73351818e+00 3.97250760e-03 4.40941824e-07
-9.50396699e+02 3.71395343e+00 3.97250839e-03 1.28043946e-06
-9.49729988e+02 3.69467834e+00 3.97251168e-03 3.45589256e-06
-9.49063277e+02 3.67568925e+00 3.97252401e-03 8.67714999e-06
-9.48396566e+02 3.65698035e+00 3.97256572e-03 2.02871441e-05
-9.47729855e+02 3.63854340e+00 3.97269301e-03 4.42095328e-05
-9.47063144e+02 3.62036743e+00 3.97304377e-03 8.98862159e-05
-9.46396433e+02 3.60243871e+00 3.97391815e-03 1.70680196e-04
-9.45729722e+02 3.58474083e+00 3.97589457e-03 3.02976809e-04
-9.45063011e+02 3.56725516e+00 3.97995632e-03 5.03247387e-04
-9.44396299e+02 3.54996175e+00 3.98756605e-03 7.82872240e-04
-9.43729588e+02 3.53284049e+00 4.00059662e-03 1.14158539e-03
-9.43062877e+02 3.51587275e+00 4.02103691e-03 1.56165690e-03
-9.42396166e+02 3.49904309e+00 4.05046629e-03 2.00566874e-03
-9.41729455e+02 3.48234094e+00 4.08941854e-03 2.42024027e-03
-9.41062744e+02 3.46576177e+00 4.13687688e-03 2.74609579e-03
-9.40396033e+02 3.44930763e+00 4.19016625e-03 2.93209302e-03
-9.39729322e+02 3.43298680e+00 4.24538220e-03 2.94861913e-03
-9.39062610e+02 3.41681272e+00 4.29825600e-03 2.79544679e-03
-9.38395899e+02 3.40080220e+00 4.34513690e-03 2.50113316e-03
-9.37729188e+02 3.38497355e+00 4.38371703e-03 2.11442777e-03
-9.37062477e+02 3.36934466e+00 4.41326904e-03 1.69120787e-03
-9.36395766e+02 3.35393147e+00 4.43440858e-03 1.28170456e-03
-9.35729055e+02 3.33874686e+00 4.44858162e-03 9.21855838e-04
-9.35062344e+02 3.32380002e+00 4.45752208e-03 6.30336994e-04
-9.34395633e+02 3.30909617e+00 4.46284922e-03 4.10500095e-04
-9.33728921e+02 3.29463667e+00 4.46585925e-03 2.55103387e-04
-9.33062210e+02 3.28041934e+00 4.46747826e-03 1.51578924e-04
-9.32395499e+02 3.26643898e+00 4.46831023e-03 8.62884860e-05
-9.31728788e+02 3.25268798e+00 4.46872009e-03 4.71557698e-05
-9.31062077e+02 3.23915703e+00 4.46891429e-03 2.47889208e-05
-9.30395366e+02 3.22583581e+00 4.46900304e-03 1.25598405e-05
-9.29728655e+02 3.21271373e+00 4.46904227e-03 6.14559632e-06
-9.29061944e+02 3.19978054e+00 4.46905910e-03 2.90960242e-06
-9.28395233e+02 3.18702693e+00 4.46906611e-03 1.33542448e-06
-9.27728521e+02 3.17444500e+00 4.46906896e-03 5.95311678e-07
-9.27061810e+02 3.16202865e+00 4.46907009e-03 2.58249431e-07
-9.26395099e+02 3.14977382e+00 4.46907053e-03 1.09233284e-07
-9.25728388e+02 3.13767860e+00 4.46907070e-03 4.51416325e-08
-9.25061677e+02 3.12574319e+00 4.46907076e-03 1.82659966e-08
-9.24394966e+02 3.11396974e+00 4.46907079e-03 7.25365757e-09
-9.23728255e+02 3.10236202e+00 4.46907080e-03 2.83401100e-09
-9.23061544e+02 3.09092504e+00 4.46907080e-03 1.09231533e-09
-9.22394832e+02 3.07966449e+00 4.46907080e-03 4.16540592e-10
-9.21728121e+02 3.06858622e+00 4.46907080e-03 1.57642118e-10
-9.21061410e+02 3.05769567e+00 4.46907080e-03 5.94017385e-11
-9.20394699e+02 3.04699734e+00 4.46907080e-03 2.23602956e-11
-9.19727988e+02 3.03649431e+00 4.46907080e-03 8.43604507e-12
-9.19061277e+02 3.02618792e+00 4.46907080e-03 3.20005453e-12
-9.18394566e+02 3.01607748e+00 4.46907080e-03 1.22404564e-12
-9.17727855e+02 3.00616023e+00 4.46907080e-03 4.73331804e-13
-9.17061144e+02 2.99643128e+00 4.46907080e-03 1.85425711e-13
-9.16394432e+02 2.98688385e+00 4.46907080e-03 7.37049059e-14
-9.15727721e+02 2.97750941e+00 4.46907080e-03 2.97578103e-14
-9.15061010e+02 2.96829811e+00 4.46907080e-03 1.22100725e-14
-9.14394299e+02 2.95923907e+00 4.46907080e-03 5.09194058e-15
-9.13727588e+02 2.95032082e+00 4.46907080e-03 2.15755970e-15
-9.13060877e+02 2.94153173e+00 4.46907080e-03 9.28304497e-16
-9.12394166e+02 2.93286035e+00 4.46907080e-03 4.05232495e-16
-9.11727455e+02 2.92429584e+00 4.46907080e-03 1.79302103e-16
-9.11060743e+02 2.91582824e+00 4.46907080e-03 8.03358388e-17
-9.10394032e+02 2.90744878e+00 4.46907080e-03 3.64221028e-17
-9.09727321e+02 2.89915008e+00 4.46907080e-03 1.67181173e-17
-9.09060610e+02 2.89092632e+00 4.46907080e-03 7.81535686e-18
-9.08393899e+02 2.88277334e+00 4.46907080e-03 3.82579369e-18
-9.07727188e+02 2.87468870e+00 4.46907080e-03 2.17025221e-18
-9.07060477e+02 2.86667165e+00 4.46907080e-03 1.78221216e-18
-9.06393766e+02 2.85872308e+00 4.46907080e-03 2.36755859e-18
-9.05727055e+02 2.85084540e+00 4.46907080e-03 4.16502623e-18
-9.05060343e+02 2.84304236e+00 4.46907080e-03 8.00569093e-18
-9.04393632e+02 2.83531884e+00 4.46907080e-03 1.56497739e-17
-9.03726921e+02 2.82768064e+00 4.46907080e-03 3.05078830e-17
-9.03060210e+02 2.82013418e+00 4.46907080e-03 5.89973503e-17
-9.02393499e+02 2.81268624e+00 4.46907080e-03 1.12993518e-16
-9.01726788e+02 2.80534370e+00 4.46907080e-03 2.14168482e-16
-9.01060077e+02 2.79811320e+00 4.46907080e-03 4.01545680e-16
-9.00393366e+02 2.79100099e+00 4.46907080e-03 7.44454603e-16
-8.99726654e+02 2.78401262e+00 4.46907080e-03 1.36441794e-15
-8.99059943e+02 2.77715284e+00 4.46907080e-03 2.47159538e-15
-8.98393232e+02 2.77042540e+00 4.46907080e-03 4.42460847e-15
-8.97726521e+02 2.76383301e+00 4.46907080e-03 7.82739937e-15
-8.97059810e+02 2.75737729e+00 4.46907080e-03 1.36839693e-14
-8.96393099e+02 2.75105876e+00 4.46907080e-03 2.36424256e-14
-8.95726388e+02 2.74487692e+00 4.46907080e-03 4.03751563e-14
-8.95059677e+02 2.73883032e+00 4.46907080e-03 6.81640737e-14
-8.94392965e+02 2.73291667e+00 4.46907080e-03 1.13791309e-13
-8.93726254e+02 2.72713296e+00 4.46907080e-03 1.87879891e-13
-8.93059543e+02 2.72147562e+00 4.46907080e-03 3.06890238e-13
-8.92392832e+02 2.71594067e+00 4.46907080e-03 4.96062265e-13
-8.91726121e+02 2.71052383e+00 4.46907080e-03 7.93706530e-13
-8.91059410e+02 2.70522069e+00 4.46907080e-03 1.25739933e-12
-8.90392699e+02 2.70002680e+00 4.46907080e-03 1.97283578e-12
-8.89725988e+02 2.69493779e+00 4.46907080e-03 3.06635215e-12
-8.89059277e+02 2.68994945e+00 4.46907080e-03 4.72245606e-12
-8.88392565e+02 2.68505782e+00 4.46907080e-03 7.20811046e-12
-8.87725854e+02 2.68025919e+00 4.46907080e-03 1.09060154e-11
-8.87059143e+02 2.67555022e+00 4.46907080e-03 1.63597255e-11
-8.86392432e+02 2.67092785e+00 4.46907080e-03 2.43341293e-11
-8.85725721e+02 2.66638942e+00 4.46907080e-03 3.58955952e-11
-8.85059010e+02 2.66193259e+00 4.46907080e-03 5.25169269e-11
-8.84392299e+02 2.65755536e+00 4.46907080e-03 7.62131420e-11
-8.83725588e+02 2.65325606e+00 4.46907080e-03 1.09714927e-10
-8.83058876e+02 2.64903331e+00 4.46907080e-03 1.56687352e-10
-8.82392165e+02 2.64488601e+00 4.46907080e-03 2.22001958e-10
-8.81725454e+02 2.64081329e+00 4.46907080e-03 3.12070520e-10
-8.81058743e+02 2.63681452e+00 4.46907081e-03 4.35248524e-10
-8.80392032e+02 2.63288926e+00 4.46907081e-03 6.02315527e-10
-8.79725321e+02 2.62903722e+00 4.46907081e-03 8.27037984e-10
-8.79058610e+02 2.62525826e+00 4.46907081e-03 1.12681767e-09
-8.78391899e+02 2.62155236e+00 4.46907082e-03 1.52342561e-09
-8.77725188e+02 2.61791957e+00 4.46907082e-03 2.04381724e-09
-8.77058476e+02 2.61436000e+00 4.46907083e-03 2.72101987e-09
-8.76391765e+02 2.61087382e+00 4.46907084e-03 3.59507853e-09
-8.75725054e+02 2.60746118e+00 4.46907085e-03 4.71404086e-09
-8.75058343e+02 2.60412222e+00 4.46907087e-03 6.13495806e-09
-8.74391632e+02 2.60085704e+00 4.46907089e-03 7.92487511e-09
-8.73724921e+02 2.59766567e+00 4.46907091e-03 1.01617830e-08
-8.73058210e+02 2.59454802e+00 4.46907095e-03 1.29355070e-08
-8.72391499e+02 2.59150391e+00 4.46907099e-03 1.63485086e-08
-8.71724787e+02 2.58853296e+00 4.46907104e-03 2.05165875e-08
-8.71058076e+02 2.58563466e+00 4.46907110e-03 2.55694774e-08
-8.70391365e+02 2.58280825e+00 4.46907117e-03 3.16513414e-08
-8.69724654e+02 2.58005280e+00 4.46907126e-03 3.89211807e-08
-8.69057943e+02 2.57736712e+00 4.46907137e-03 4.75531805e-08
-8.68391232e+02 2.57474981e+00 4.46907150e-03 5.77370133e-08
-8.67724521e+02 2.57219925e+00 4.46907165e-03 6.96781204e-08
-8.67057810e+02 2.56971362e+00 4.46907183e-03 8.35979695e-08
-8.66391099e+02 2.56729091e+00 4.46907204e-03 9.97342675e-08
-8.65724387e+02 2.56492903e+00 4.46907228e-03 1.18341066e-07
-8.65057676e+02 2.56262577e+00 4.46907257e-03 1.39688654e-07
-8.64390965e+02 2.56037893e+00 4.46907289e-03 1.64063093e-07
-8.63724254e+02 2.55818637e+00 4.46907327e-03 1.91765189e-07
-8.63057543e+02 2.55604610e+00 4.46907369e-03 2.23108677e-07
-8.62390832e+02 2.55395631e+00 4.46907418e-03 2.58417377e-07
-8.61724121e+02 2.55191548e+00 4.46907473e-03 2.98021073e-07
-8.61057410e+02 2.54992243e+00 4.46907535e-03 3.42249951e-07
-8.60390698e+02 2.54797634e+00 4.46907604e-03 3.91427461e-07
-8.59723987e+02 2.54607681e+00 4.46907681e-03 4.45861642e-07
-8.59057276e+02 2.54422383e+00 4.46907767e-03 5.05835087e-07
-8.58390565e+02 2.54241780e+00 4.46907862e-03 5.71593887e-07
-8.57723854e+02 2.54065943e+00 4.46907966e-03 6.43336116e-07
-8.57057143e+02 2.53894976e+00 4.46908081e-03 7.21200560e-07
-8.56390432e+02 2.53728998e+00 4.46908205e-03 8.05256506e-07
-8.55723721e+02 2.53568144e+00 4.46908340e-03 8.95495494e-07
-8.55057010e+02 2.53412546e+00 4.46908485e-03 9.91825831e-07
-8.54390298e+02 2.53262331e+00 4.46908639e-03 1.09407058e-06
-8.53723587e+02 2.53117603e+00 4.46908804e-03 1.20196947e-06
-8.53056876e+02 2.52978442e+00 4.46908977e-03 1.31518479e-06
-8.52390165e+02 2.52844895e+00 4.46909159e-03 1.43331118e-06
-8.51723454e+02 2.52716968e+00 4.46909349e-03 1.55588864e-06
-8.51056743e+02 2.52594628e+00 4.46909546e-03 1.68241783e-06
-8.50390032e+02 2.52477801e+00 4.46909749e-03 1.81237681e-06
-8.49723321e+02 2.52366371e+00 4.46909958e-03 1.94523781e-06
-8.49056609e+02 2.52260187e+00 4.46910171e-03 2.08048296e-06
-8.48389898e+02 2.52159066e+00 4.46910388e-03 2.21761817e-06
-8.47723187e+02 2.52062799e+00 4.46910608e-03 2.35618417e-06
-8.47056476e+02 2.51971158e+00 4.46910830e-03 2.49576455e-06
-8.46389765e+02 2.51883899e+00 4.46911053e-03 2.63599048e-06
-8.45723054e+02 2.51800776e+00 4.46911278e-03 2.77654245e-06
-8.45056343e+02 2.51721538e+00 4.46911503e-03 2.91714934e-06
-8.44389632e+02 2.51645941e+00 4.46911729e-03 3.05758542e-06
-8.43722920e+02 2.51573745e+00 4.46911955e-03 3.19766585e-06
-8.43056209e+02 2.51504725e+00 4.46912180e-03 3.33724128e-06
-8.42389498e+02 2.51438667e+00 4.46912405e-03 3.47619227e-06
-8.41722787e+02 2.51375372e+00 4.46912630e-03 3.61442372e-06
-8.41056076e+02 2.51314656e+00 4.46912853e-03 3.75185993e-06
-8.40389365e+02 2.51256349e+00 4.46913076e-03 3.88844035e-06
-8.39722654e+02 2.51200296e+00 4.46913298e-03 4.02411622e-06
-8.39055943e+02 2.51146355e+00 4.46913519e-03 4.15884806e-06
-8.38389232e+02 2.51094396e+00 4.46913738e-03 4.29260410e-06
-8.37722520e+02 2.51044300e+00 4.46913956e-03 4.42535933e-06
-8.37055809e+02 2.50995958e+00 4.46914174e-03 4.55709531e-06
-8.36389098e+02 2.50949267e+00 4.46914389e-03 4.68780030e-06
-8.35722387e+02 2.50904132e+00 4.46914604e-03 4.81746982e-06
-8.35055676e+02 2.50860465e+00 4.46914817e-03 4.94610741e-06
-8.34388965e+02 2.50818181e+00 4.46915029e-03 5.07372549e-06
-8.33722254e+02 2.50777199e+00 4.46915239e-03 5.20034634e-06
-8.33055543e+02 2.50737443e+00 4.46915449e-03 5.32600301e-06
-8.32388831e+02 2.50698837e+00 4.46915656e-03 5.45074024e-06
-8.31722120e+02 2.50661308e+00 4.46915863e-03 5.57461520e-06
-8.31055409e+02 2.50624785e+00 4.46916069e-03 5.69769822e-06
-8.30388698e+02 2.50589199e+00 4.46916274e-03 5.82007326e-06
-8.29721987e+02 2.50554479e+00 4.46916478e-03 5.94183831e-06
-8.29055276e+02 2.50520558e+00 4.46916682e-03 6.06310554e-06
-8.28388565e+02 2.50487367e+00 4.46916885e-03 6.18400133e-06
-8.27721854e+02 2.50454841e+00 4.46917088e-03 6.30466600e-06
-8.27055143e+02 2.50422912e+00 4.46917291e-03 6.42525335e-06
-8.26388431e+02 2.50391515e+00 4.46917495e-03 6.54592991e-06
-8.25721720e+02 2.50360585e+00 4.46917699e-03 6.66687394e-06
-8.25055009e+02 2.50330059e+00 4.46917904e-03 6.78827415e-06
-8.24388298e+02 2.50299876e+00 4.46918111e-03 6.91032816e-06
-8.23721587e+02 2.50269975e+00 4.46918319e-03 7.03324080e-06
-8.23054876e+02 2.50240299e+00 4.46918529e-03 7.15722220e-06
-8.22388165e+02 2.50210793e+00 4.46918742e-03 7.28248577e-06
-8.21721454e+02 2.50181405e+00 4.46918958e-03 7.40924617e-06
-8.21054742e+02 2.50152087e+00 4.46919177e-03 7.53771725e-06
-8.20388031e+02 2.50122794e+00 4.46919399e-03 7.66811011e-06
-8.19721320e+02 2.50093486e+00 4.46919626e-03 7.80063140e-06
-8.19054609e+02 2.50064124e+00 4.46919856e-03 7.93548180e-06
-8.18387898e+02 2.50034677e+00 4.46920092e-03 8.07285490e-06
-8.17721187e+02 2.50005116e+00 4.46920332e-03 8.21293646e-06
-8.17054476e+02 2.49975415e+00 4.46920578e-03 8.35590410e-06
-8.16387765e+02 2.49945555e+00 4.46920829e-03 8.50192748e-06
-8.15721054e+02 2.49915517e+00 4.46921087e-03 8.65116901e-06
-8.15054342e+02 2.49885285e+00 4.46921350e-03 8.80378493e-06
-8.14387631e+02 2.49854848e+00 4.46921620e-03 8.95992692e-06
-8.13720920e+02 2.49824195e+00 4.46921897e-03 9.11974395e-06
-8.13054209e+02 2.49793316e+00 4.46922181e-03 9.28338447e-06
-8.12387498e+02 2.49762202e+00 4.46922472e-03 9.45099876e-06
-8.11720787e+02 2.49730845e+00 4.46922770e-03 9.62274128e-06
-8.11054076e+02 2.49699236e+00 4.46923077e-03 9.79877317e-06
-8.10387365e+02 2.49667366e+00 4.46923392e-03 9.97926452e-06
-8.09720653e+02 2.49635226e+00 4.46923715e-03 1.01643965e-05
-8.09053942e+02 2.49602804e+00 4.46924047e-03 1.03543631e-05
-8.08387231e+02 2.49570088e+00 4.46924388e-03 1.05493729e-05
-8.07720520e+02 2.49537065e+00 4.46924740e-03 1.07496495e-05
-8.07053809e+02 2.49503719e+00 4.46925101e-03 1.09554326e-05
-8.06387098e+02 2.49470037e+00 4.46925473e-03 1.11669781e-05
-8.05720387e+02 2.49436001e+00 4.46925856e-03 1.13845576e-05
-8.05053676e+02 2.49401595e+00 4.46926251e-03 1.16084582e-05
-8.04386964e+02 2.49366802e+00 4.46926658e-03 1.18389812e-05
-8.03720253e+02 2.49331605e+00 4.46927078e-03 1.20764413e-05
-8.03053542e+02 2.49295989e+00 4.46927512e-03 1.23211650e-05
-8.02386831e+02 2.49259938e+00 4.46927960e-03 1.25734887e-05
-8.01720120e+02 2.49223437e+00 4.46928423e-03 1.28337574e-05
-8.01053409e+02 2.49186474e+00 4.46928901e-03 1.31023227e-05
-8.00386698e+02 2.49149038e+00 4.46929396e-03 1.33795413e-05
-7.99719987e+02 2.49111118e+00 4.46929908e-03 1.36657730e-05
-7.99053276e+02 2.49072708e+00 4.46930438e-03 1.39613794e-05
-7.98386564e+02 2.49033802e+00 4.46930986e-03 1.42667226e-05
-7.97719853e+02 2.48994396e+00 4.46931553e-03 1.45821631e-05
-7.97053142e+02 2.48954489e+00 4.46932140e-03 1.49080591e-05
-7.96386431e+02 2.48914082e+00 4.46932748e-03 1.52447652e-05
-7.95719720e+02 2.48873178e+00 4.46933378e-03 1.55926314e-05
-7.95053009e+02 2.48831782e+00 4.46934029e-03 1.59520020e-05
-7.94386298e+02 2.48789902e+00 4.46934704e-03 1.63232155e-05
-7.93719587e+02 2.48747546e+00 4.46935402e-03 1.67066034e-05
-7.93052875e+02 2.48704724e+00 4.46936125e-03 1.71024907e-05
-7.92386164e+02 2.48661450e+00 4.46936872e-03 1.75111956e-05
-7.91719453e+02 2.48617735e+00 4.46937645e-03 1.79330293e-05
-7.91052742e+02 2.48573596e+00 4.46938445e-03 1.83682969e-05
-7.90386031e+02 2.48529047e+00 4.46939271e-03 1.88172975e-05
-7.89719320e+02 2.48484105e+00 4.46940126e-03 1.92803252e-05
-7.89052609e+02 2.48438787e+00 4.46941009e-03 1.97576703e-05
-7.88385898e+02 2.48393109e+00 4.46941920e-03 2.02496206e-05
-7.87719187e+02 2.48347089e+00 4.46942862e-03 2.07564634e-05
-7.87052475e+02 2.48300744e+00 4.46943834e-03 2.12784874e-05
-7.86385764e+02 2.48254090e+00 4.46944838e-03 2.18159850e-05
-7.85719053e+02 2.48207143e+00 4.46945873e-03 2.23692549e-05
-7.85052342e+02 2.48159917e+00 4.46946941e-03 2.29386039e-05
-7.84385631e+02 2.48112427e+00 4.46948042e-03 2.35243503e-05
-7.83718920e+02 2.48064686e+00 4.46949177e-03 2.41268258e-05
-7.83052209e+02 2.48016704e+00 4.46950347e-03 2.47463783e-05
-7.82385498e+02 2.47968492e+00 4.46951553e-03 2.53833751e-05
-7.81718786e+02 2.47920059e+00 4.46952796e-03 2.60382045e-05
-7.81052075e+02 2.47871410e+00 4.46954077e-03 2.67112789e-05
-7.80385364e+02 2.47822553e+00 4.46955396e-03 2.74030365e-05
-7.79718653e+02 2.47773490e+00 4.46956756e-03 2.81139433e-05
-7.79051942e+02 2.47724224e+00 4.46958156e-03 2.88444940e-05
-7.78385231e+02 2.47674758e+00 4.46959599e-03 2.95952140e-05
-7.77718520e+02 2.47625090e+00 4.46961085e-03 3.03666590e-05
-7.77051809e+02 2.47575220e+00 4.46962616e-03 3.11594164e-05
-7.76385098e+02 2.47525145e+00 4.46964194e-03 3.19741047e-05
-7.75718386e+02 2.47474864e+00 4.46965820e-03 3.28113738e-05
-7.75051675e+02 2.47424373e+00 4.46967495e-03 3.36719041e-05
-7.74384964e+02 2.47373668e+00 4.46969221e-03 3.45564060e-05
-7.73718253e+02 2.47322745e+00 4.46971001e-03 3.54656186e-05
-7.73051542e+02 2.47271599e+00 4.46972835e-03 3.64003086e-05
-7.72384831e+02 2.47220227e+00 4.46974726e-03 3.73612685e-05
-7.71718120e+02 2.47168624e+00 4.46976676e-03 3.83493158e-05
-7.71051409e+02 2.47116785e+00 4.46978686e-03 3.93652905e-05
-7.70384697e+02 2.47064709e+00 4.46980759e-03 4.04100542e-05
-7.69717986e+02 2.47012390e+00 4.46982897e-03 4.14844885e-05
-7.69051275e+02 2.46959827e+00 4.46985103e-03 4.25894929e-05
-7.68384564e+02 2.46907017e+00 4.46987377e-03 4.37259839e-05
-7.67717853e+02 2.46853959e+00 4.46989724e-03 4.48948934e-05
-7.67051142e+02 2.46800652e+00 4.46992144e-03 4.60971672e-05
-7.66384431e+02 2.46747095e+00 4.46994641e-03 4.73337640e-05
-7.65717720e+02 2.46693288e+00 4.46997217e-03 4.86056548e-05
-7.65051009e+02 2.46639233e+00 4.46999875e-03 4.99138220e-05
-7.64384297e+02 2.46584931e+00 4.47002616e-03 5.12592592e-05
-7.63717586e+02 2.46530384e+00 4.47005445e-03 5.26429708e-05
-7.63050875e+02 2.46475594e+00 4.47008362e-03 5.40659713e-05
-7.62384164e+02 2.46420564e+00 4.47011372e-03 5.55292856e-05
-7.61717453e+02 2.46365298e+00 4.47014476e-03 5.70339482e-05
-7.61050742e+02 2.46309799e+00 4.47017678e-03 5.85810038e-05
-7.60384031e+02 2.46254072e+00 4.47020980e-03 6.01715072e-05
-7.59717320e+02 2.46198120e+00 4.47024386e-03 6.18065243e-05
-7.59050608e+02 2.46141948e+00 4.47027898e-03 6.34871320e-05
-7.58383897e+02 2.46085562e+00 4.47031520e-03 6.52144196e-05
-7.57717186e+02 2.46028965e+00 4.47035254e-03 6.69894885e-05
-7.57050475e+02 2.45972162e+00 4.47039103e-03 6.88134538e-05
-7.56383764e+02 2.45915160e+00 4.47043072e-03 7.06874444e-05
-7.55717053e+02 2.45857961e+00 4.47047162e-03 7.26126041e-05
-7.55050342e+02 2.45800573e+00 4.47051378e-03 7.45900929e-05
-7.54383631e+02 2.45742998e+00 4.47055723e-03 7.66210884e-05
-7.53716919e+02 2.45685242e+00 4.47060200e-03 7.87067873e-05
-7.53050208e+02 2.45627310e+00 4.47064813e-03 8.08484073e-05
-7.52383497e+02 2.45569206e+00 4.47069565e-03 8.30471886e-05
-7.51716786e+02 2.45510933e+00 4.47074461e-03 8.53043958e-05
-7.51050075e+02 2.45452496e+00 4.47079505e-03 8.76213193e-05
-7.50383364e+02 2.45393898e+00 4.47084699e-03 8.99992775e-05
-7.49716653e+02 2.45335142e+00 4.47090049e-03 9.24396187e-05
-7.49049942e+02 2.45276231e+00 4.47095558e-03 9.49437243e-05
-7.48383231e+02 2.45217167e+00 4.47101232e-03 9.75130114e-05
-7.47716519e+02 2.45157953e+00 4.47107073e-03 1.00148936e-04
-7.47049808e+02 2.45098590e+00 4.47113088e-03 1.02852999e-04
-7.46383097e+02 2.45039078e+00 4.47119280e-03 1.05626744e-04
-7.45716386e+02 2.44979419e+00 4.47125655e-03 1.08471765e-04
-7.45049675e+02 2.44919612e+00 4.47132218e-03 1.11389710e-04
-7.44382964e+02 2.44859657e+00 4.47138974e-03 1.14382279e-04
-7.43716253e+02 2.44799553e+00 4.47145928e-03 1.17451233e-04
-7.43049542e+02 2.44739299e+00 4.47153087e-03 1.20598394e-04
-7.42382830e+02 2.44678891e+00 4.47160457e-03 1.23825648e-04
-7.41716119e+02 2.44618329e+00 4.47168043e-03 1.27134955e-04
-7.41049408e+02 2.44557608e+00 4.47175852e-03 1.30528346e-04
-7.40382697e+02 2.44496725e+00 4.47183891e-03 1.34007930e-04
-7.39715986e+02 2.44435676e+00 4.47192166e-03 1.37575894e-04
-7.39049275e+02 2.44374456e+00 4.47200685e-03 1.41234509e-04
-7.38382564e+02 2.44313061e+00 4.47209456e-03 1.44986132e-04
-7.37715853e+02 2.44251484e+00 4.47218487e-03 1.48833206e-04
-7.37049142e+02 2.44189720e+00 4.47227785e-03 1.52778263e-04
-7.36382430e+02 2.44127763e+00 4.47237359e-03 1.56823930e-04
-7.35715719e+02 2.44065607e+00 4.47247218e-03 1.60972926e-04
-7.35049008e+02 2.44003244e+00 4.47257372e-03 1.65228066e-04
-7.34382297e+02 2.43940667e+00 4.47267830e-03 1.69592262e-04
-7.33715586e+02 2.43877870e+00 4.47278601e-03 1.74068521e-04
-7.33048875e+02 2.43814844e+00 4.47289697e-03 1.78659947e-04
-7.32382164e+02 2.43751583e+00 4.47301129e-03 1.83369740e-04
-7.31715453e+02 2.43688079e+00 4.47312906e-03 1.88201196e-04
-7.31048741e+02 2.43624325e+00 4.47325041e-03 1.93157705e-04
-7.30382030e+02 2.43560313e+00 4.47337547e-03 1.98242749e-04
-7.29715319e+02 2.43496036e+00 4.47350434e-03 2.03459903e-04
-7.29048608e+02 2.43431486e+00 4.47363717e-03 2.08812830e-04
-7.28381897e+02 2.43366657e+00 4.47377408e-03 2.14305277e-04
-7.27715186e+02 2.43301543e+00 4.47391521e-03 2.19941075e-04
-7.27048475e+02 2.43236135e+00 4.47406071e-03 2.25724134e-04
-7.26381764e+02 2.43170430e+00 4.47421071e-03 2.31658438e-04
-7.25715053e+02 2.43104420e+00 4.47436536e-03 2.37748044e-04
-7.25048341e+02 2.43038100e+00 4.47452483e-03 2.43997078e-04
-7.24381630e+02 2.42971465e+00 4.47468927e-03 2.50409730e-04
-7.23714919e+02 2.42904511e+00 4.47485884e-03 2.56990250e-04
-7.23048208e+02 2.42837233e+00 4.47503370e-03 2.63742942e-04
-7.22381497e+02 2.42769627e+00 4.47521403e-03 2.70672166e-04
-7.21714786e+02 2.42701691e+00 4.47540001e-03 2.77782327e-04
-7.21048075e+02 2.42633420e+00 4.47559181e-03 2.85077872e-04
-7.20381364e+02 2.42564814e+00 4.47578962e-03 2.92563294e-04
-7.19714652e+02 2.42495868e+00 4.47599363e-03 3.00243120e-04
-7.19047941e+02 2.42426583e+00 4.47620402e-03 3.08121914e-04
-7.18381230e+02 2.42356955e+00 4.47642100e-03 3.16204272e-04
-7.17714519e+02 2.42286985e+00 4.47664477e-03 3.24494821e-04
-7.17047808e+02 2.42216672e+00 4.47687553e-03 3.32998213e-04
-7.16381097e+02 2.42146014e+00 4.47711350e-03 3.41719127e-04
-7.15714386e+02 2.42075012e+00 4.47735889e-03 3.50662267e-04
-7.15047675e+02 2.42003666e+00 4.47761192e-03 3.59832364e-04
-7.14380963e+02 2.41931977e+00 4.47787282e-03 3.69234177e-04
-7.13714252e+02 2.41859943e+00 4.47814182e-03 3.78872492e-04
-7.13047541e+02 2.41787566e+00 4.47841915e-03 3.88752128e-04
-7.12380830e+02 2.41714846e+00 4.47870507e-03 3.98877931e-04
-7.11714119e+02 2.41641784e+00 4.47899981e-03 4.09254782e-04
-7.11047408e+02 2.41568379e+00 4.47930364e-03 4.19887597e-04
-7.10380697e+02 2.41494633e+00 4.47961680e-03 4.30781330e-04
-7.09713986e+02 2.41420544e+00 4.47993958e-03 4.41940984e-04
-7.09047275e+02 2.41346113e+00 4.48027225e-03 4.53371608e-04
-7.08380563e+02 2.41271340e+00 4.48061509e-03 4.65078308e-04
-7.07713852e+02 2.41196224e+00 4.48096839e-03 4.77066252e-04
-7.07047141e+02 2.41120764e+00 4.48133245e-03 4.89340672e-04
-7.06380430e+02 2.41044958e+00 4.48170759e-03 5.01906873e-04
-7.05713719e+02 2.40968805e+00 4.48209411e-03 5.14770235e-04
-7.05047008e+02 2.40892303e+00 4.48249235e-03 5.27936218e-04
-7.04380297e+02 2.40815450e+00 4.48290265e-03 5.41410365e-04
-7.03713586e+02 2.40738242e+00 4.48332535e-03 5.55198312e-04
-7.03046874e+02 2.40660675e+00 4.48376082e-03 5.69305789e-04
-7.02380163e+02 2.40582747e+00 4.48420943e-03 5.83738631e-04
-7.01713452e+02 2.40504453e+00 4.48467157e-03 5.98502773e-04
-7.01046741e+02 2.40425787e+00 4.48514764e-03 6.13604260e-04
-7.00380030e+02 2.40346744e+00 4.48563804e-03 6.29049243e-04
-6.99713319e+02 2.40267318e+00 4.48614322e-03 6.44843978e-04
-6.99046608e+02 2.40187504e+00 4.48666360e-03 6.60994825e-04
-6.98379897e+02 2.40107293e+00 4.48719965e-03 6.77508248e-04
-6.97713186e+02 2.40026680e+00 4.48775185e-03 6.94390812e-04
-6.97046474e+02 2.39945655e+00 4.48832067e-03 7.11649178e-04
-6.96379763e+02 2.39864211e+00 4.48890664e-03 7.29290100e-04
-6.95713052e+02 2.39782340e+00 4.48951027e-03 7.47320415e-04
-6.95046341e+02 2.39700031e+00 4.49013211e-03 7.65747039e-04
-6.94379630e+02 2.39617277e+00 4.49077273e-03 7.84576949e-04
-6.93712919e+02 2.39534067e+00 4.49143269e-03 8.03817176e-04
-6.93046208e+02 2.39450392e+00 4.49211261e-03 8.23474785e-04
-6.92379497e+02 2.39366241e+00 4.49281309e-03 8.43556860e-04
-6.91712785e+02 2.39281603e+00 4.49353479e-03 8.64070494e-04
-6.91046074e+02 2.39196469e+00 4.49427836e-03 8.85022761e-04
-6.90379363e+02 2.39110828e+00 4.49504448e-03 9.06420704e-04
-6.89712652e+02 2.39024668e+00 4.49583386e-03 9.28271307e-04
-6.89045941e+02 2.38937979e+00 4.49664721e-03 9.50581474e-04
-6.88379230e+02 2.38850749e+00 4.49748529e-03 9.73358003e-04
-6.87712519e+02 2.38762967e+00 4.49834885e-03 9.96607560e-04
-6.87045808e+02 2.38674622e+00 4.49923869e-03 1.02033665e-03
-6.86379097e+02 2.38585703e+00 4.50015562e-03 1.04455160e-03
-6.85712385e+02 2.38496198e+00 4.50110046e-03 1.06925850e-03
-6.85045674e+02 2.38406097e+00 4.50207408e-03 1.09446323e-03
-6.84378963e+02 2.38315387e+00 4.50307734e-03 1.12017137e-03
-6.83712252e+02 2.38224058e+00 4.50411116e-03 1.14638820e-03
-6.83045541e+02 2.38132097e+00 4.50517646e-03 1.17311866e-03
-6.82378830e+02 2.38039494e+00 4.50627419e-03 1.20036731e-03
-6.81712119e+02 2.37946238e+00 4.50740530e-03 1.22813832e-03
-6.81045408e+02 2.37852315e+00 4.50857081e-03 1.25643540e-03
-6.80378696e+02 2.37757716e+00 4.50977174e-03 1.28526179e-03
-6.79711985e+02 2.37662429e+00 4.51100911e-03 1.31462021e-03
-6.79045274e+02 2.37566441e+00 4.51228401e-03 1.34451285e-03
-6.78378563e+02 2.37469741e+00 4.51359754e-03 1.37494132e-03
-6.77711852e+02 2.37372316e+00 4.51495080e-03 1.40590660e-03
-6.77045141e+02 2.37274155e+00 4.51634496e-03 1.43740899e-03
-6.76378430e+02 2.37175244e+00 4.51778119e-03 1.46944811e-03
-6.75711719e+02 2.37075571e+00 4.51926068e-03 1.50202281e-03
-6.75045008e+02 2.36975122e+00 4.52078468e-03 1.53513117e-03
-6.74378296e+02 2.36873885e+00 4.52235444e-03 1.56877041e-03
-6.73711585e+02 2.36771845e+00 4.52397125e-03 1.60293689e-03
-6.73044874e+02 2.36668988e+00 4.52563643e-03 1.63762600e-03
-6.72378163e+02 2.36565298e+00 4.52735134e-03 1.67283217e-03
-6.71711452e+02 2.36460761e+00 4.52911734e-03 1.70854875e-03
-6.71044741e+02 2.36355360e+00 4.53093586e-03 1.74476800e-03
-6.70378030e+02 2.36249079e+00 4.53280835e-03 1.78148097e-03
-6.69711319e+02 2.36141901e+00 4.53473626e-03 1.81867748e-03
-6.69044607e+02 2.36033809e+00 4.53672113e-03 1.85634599e-03
-6.68377896e+02 2.35924783e+00 4.53876447e-03 1.89447356e-03
-6.67711185e+02 2.35814805e+00 4.54086788e-03 1.93304577e-03
-6.67044474e+02 2.35703855e+00 4.54303294e-03 1.97204657e-03
-6.66377763e+02 2.35591913e+00 4.54526131e-03 2.01145825e-03
-6.65711052e+02 2.35478958e+00 4.54755463e-03 2.05126129e-03
-6.65044341e+02 2.35364967e+00 4.54991460e-03 2.09143425e-03
-6.64377630e+02 2.35249919e+00 4.55234294e-03 2.13195367e-03
-6.63710918e+02 2.35133791e+00 4.55484140e-03 2.17279395e-03
-6.63044207e+02 2.35016559e+00 4.55741173e-03 2.21392719e-03
-6.62377496e+02 2.34898197e+00 4.56005573e-03 2.25532312e-03
-6.61710785e+02 2.34778683e+00 4.56277520e-03 2.29694888e-03
-6.61044074e+02 2.34657989e+00 4.56557196e-03 2.33876892e-03
-6.60377363e+02 2.34536090e+00 4.56844781e-03 2.38074486e-03
-6.59710652e+02 2.34412959e+00 4.57140459e-03 2.42283530e-03
-6.59043941e+02 2.34288570e+00 4.57444412e-03 2.46499572e-03
-6.58377230e+02 2.34162895e+00 4.57756820e-03 2.50717828e-03
-6.57710518e+02 2.34035907e+00 4.58077862e-03 2.54933172e-03
-6.57043807e+02 2.33907578e+00 4.58407715e-03 2.59140119e-03
-6.56377096e+02 2.33777879e+00 4.58746551e-03 2.63332813e-03
-6.55710385e+02 2.33646782e+00 4.59094541e-03 2.67505012e-03
-6.55043674e+02 2.33514259e+00 4.59451848e-03 2.71650077e-03
-6.54376963e+02 2.33380281e+00 4.59818628e-03 2.75760959e-03
-6.53710252e+02 2.33244821e+00 4.60195031e-03 2.79830195e-03
-6.53043541e+02 2.33107849e+00 4.60581198e-03 2.83849892e-03
-6.52376829e+02 2.32969337e+00 4.60977258e-03 2.87811730e-03
-6.51710118e+02 2.32829258e+00 4.61383330e-03 2.91706952e-03
-6.51043407e+02 2.32687584e+00 4.61799519e-03 2.95526371e-03
-6.50376696e+02 2.32544288e+00 4.62225917e-03 2.99260367e-03
-6.49709985e+02 2.32399343e+00 4.62662597e-03 3.02898895e-03
-6.49043274e+02 2.32252722e+00 4.63109615e-03 3.06431499e-03
-6.48376563e+02 2.32104400e+00 4.63567009e-03 3.09847320e-03
-6.47709852e+02 2.31954352e+00 4.64034793e-03 3.13135122e-03
-6.47043141e+02 2.31802553e+00 4.64512958e-03 3.16283308e-03
-6.46376429e+02 2.31648979e+00 4.65001473e-03 3.19279957e-03
-6.45709718e+02 2.31493607e+00 4.65500277e-03 3.22112854e-03
-6.45043007e+02 2.31336416e+00 4.66009282e-03 3.24769529e-03
-6.44376296e+02 2.31177382e+00 4.66528369e-03 3.27237307e-03
-6.43709585e+02 2.31016486e+00 4.67057389e-03 3.29503354e-03
-6.43042874e+02 2.30853708e+00 4.67596158e-03 3.31554739e-03
-6.42376163e+02 2.30689028e+00 4.68144457e-03 3.33378496e-03
-6.41709452e+02 2.30522429e+00 4.68702032e-03 3.34961692e-03
-6.41042740e+02 2.30353893e+00 4.69268590e-03 3.36291508e-03
-6.40376029e+02 2.30183405e+00 4.69843800e-03 3.37355310e-03
-6.39709318e+02 2.30010947e+00 4.70427293e-03 3.38140746e-03
-6.39042607e+02 2.29836507e+00 4.71018658e-03 3.38635828e-03
-6.38375896e+02 2.29660069e+00 4.71617444e-03 3.38829033e-03
-6.37709185e+02 2.29481622e+00 4.72223159e-03 3.38709397e-03
-6.37042474e+02 2.29301152e+00 4.72835270e-03 3.38266621e-03
-6.36375763e+02 2.29118649e+00 4.73453203e-03 3.37491172e-03
-6.35709052e+02 2.28934103e+00 4.74076344e-03 3.36374389e-03
-6.35042340e+02 2.28747503e+00 4.74704040e-03 3.34908590e-03
-6.34375629e+02 2.28558840e+00 4.75335600e-03 3.33087171e-03
-6.33708918e+02 2.28368105e+00 4.75970297e-03 3.30904712e-03
-6.33042207e+02 2.28175292e+00 4.76607369e-03 3.28357077e-03
-6.32375496e+02 2.27980393e+00 4.77246021e-03 3.25441502e-03
-6.31708785e+02 2.27783400e+00 4.77885429e-03 3.22156690e-03
-6.31042074e+02 2.27584308e+00 4.78524742e-03 3.18502887e-03
-6.30375363e+02 2.27383111e+00 4.79163085e-03 3.14481955e-03
-6.29708651e+02 2.27179804e+00 4.79799562e-03 3.10097437e-03
-6.29041940e+02 2.26974381e+00 4.80433262e-03 3.05354602e-03
-6.28375229e+02 2.26766839e+00 4.81063262e-03 3.00260487e-03
-6.27708518e+02 2.26557173e+00 4.81688628e-03 2.94823920e-03
-6.27041807e+02 2.26345378e+00 4.82308427e-03 2.89055529e-03
-6.26375096e+02 2.26131452e+00 4.82921724e-03 2.82967737e-03
-6.25708385e+02 2.25915391e+00 4.83527593e-03 2.76574737e-03
-6.25041674e+02 2.25697191e+00 4.84125118e-03 2.69892453e-03
-6.24374962e+02 2.25476850e+00 4.84713401e-03 2.62938482e-03
-6.23708251e+02 2.25254364e+00 4.85291565e-03 2.55732022e-03
-6.23041540e+02 2.25029731e+00 4.85858760e-03 2.48293774e-03
-6.22374829e+02 2.24802948e+00 4.86414171e-03 2.40645836e-03
-6.21708118e+02 2.24574012e+00 4.86957017e-03 2.32811573e-03
-6.21041407e+02 2.24342921e+00 4.87486560e-03 2.24815480e-03
-6.20374696e+02 2.24109673e+00 4.88002111e-03 2.16683017e-03
-6.19707985e+02 2.23874266e+00 4.88503029e-03 2.08440443e-03
-6.19041274e+02 2.23636697e+00 4.88988731e-03 2.00114631e-03
-6.18374562e+02 2.23396964e+00 4.89458692e-03 1.91732876e-03
-6.17707851e+02 2.23155066e+00 4.89912448e-03 1.83322694e-03
-6.17041140e+02 2.22911000e+00 4.90349601e-03 1.74911616e-03
-6.16374429e+02 2.22664765e+00 4.90769819e-03 1.66526977e-03
-6.15707718e+02 2.22416359e+00 4.91172841e-03 1.58195706e-03
-6.15041007e+02 2.22165781e+00 4.91558472e-03 1.49944121e-03
-6.14374296e+02 2.21913030e+00 4.91926591e-03 1.41797721e-03
-6.13707585e+02 2.21658104e+00 4.92277145e-03 1.33780991e-03
-6.13040873e+02 2.21401003e+00 4.92610153e-03 1.25917218e-03
-6.12374162e+02 2.21141727e+00 4.92925700e-03 1.18228313e-03
-6.11707451e+02 2.20880274e+00 4.93223939e-03 1.10734658e-03
-6.11040740e+02 2.20616645e+00 4.93505086e-03 1.03454959e-03
-6.10374029e+02 2.20350839e+00 4.93769420e-03 9.64061263e-04
-6.09707318e+02 2.20082858e+00 4.94017277e-03 8.96031735e-04
-6.09040607e+02 2.19812702e+00 4.94249047e-03 8.30591377e-04
-6.08373896e+02 2.19540372e+00 4.94465169e-03 7.67850228e-04
-6.07707185e+02 2.19265870e+00 4.94666128e-03 7.07897678e-04
-6.07040473e+02 2.18989197e+00 4.94852448e-03 6.50802372e-04
-6.06373762e+02 2.18710356e+00 4.95024689e-03 5.96612365e-04
-6.05707051e+02 2.18429350e+00 4.95183440e-03 5.45355500e-04
-6.05040340e+02 2.18146180e+00 4.95329313e-03 4.97040017e-04
-6.04373629e+02 2.17860852e+00 4.95462942e-03 4.51655362e-04
-6.03706918e+02 2.17573368e+00 4.95584970e-03 4.09173182e-04
-6.03040207e+02 2.17283733e+00 4.95696052e-03 3.69548496e-04
-6.02373496e+02 2.16991952e+00 4.95796844e-03 3.32721003e-04
-6.01706784e+02 2.16698029e+00 4.95887999e-03 2.98616518e-04
-6.01040073e+02 2.16401971e+00 4.95970165e-03 2.67148495e-04
-6.00373362e+02 2.16103782e+00 4.96043981e-03 2.38219632e-04
-5.99706651e+02 2.15803469e+00 4.96110069e-03 2.11723497e-04
-5.99039940e+02 2.15501039e+00 4.96169033e-03 1.87546179e-04
-5.98373229e+02 2.15196499e+00 4.96221458e-03 1.65567919e-04
-5.97706518e+02 2.14889856e+00 4.96267902e-03 1.45664707e-04
-5.97039807e+02 2.14581118e+00 4.96308902e-03 1.27709808e-04
-5.96373096e+02 2.14270292e+00 4.96344964e-03 1.11575223e-04
-5.95706384e+02 2.13957386e+00 4.96376565e-03 9.71330343e-05
-5.95039673e+02 2.13642410e+00 4.96404156e-03 8.42566474e-05
-5.94372962e+02 2.13325371e+00 4.96428154e-03 7.28219081e-05
-5.93706251e+02 2.13006278e+00 4.96448948e-03 6.27080835e-05
-5.93039540e+02 2.12685140e+00 4.96466896e-03 5.37987075e-05
-5.92372829e+02 2.12361966e+00 4.96482329e-03 4.59822872e-05
-5.91706118e+02 2.12036765e+00 4.96495546e-03 3.91528724e-05
-5.91039407e+02 2.11709546e+00 4.96506822e-03 3.32104912e-05
-5.90372695e+02 2.11380319e+00 4.96516402e-03 2.80614578e-05
-5.89705984e+02 2.11049092e+00 4.96524509e-03 2.36185626e-05
-5.89039273e+02 2.10715874e+00 4.96531343e-03 1.98011516e-05
-5.88372562e+02 2.10380675e+00 4.96537078e-03 1.65351091e-05
-5.87705851e+02 2.10043503e+00 4.96541873e-03 1.37527525e-05
-5.87039140e+02 2.09704367e+00 4.96545864e-03 1.13926544e-05
-5.86372429e+02 2.09363277e+00 4.96549173e-03 9.39940207e-06
-5.85705718e+02 2.09020239e+00 4.96551904e-03 7.72330754e-06
-5.85039007e+02 2.08675263e+00 4.96554149e-03 6.32007961e-06
-5.84372295e+02 2.08328358e+00 4.96555987e-03 5.15046894e-06
-5.83705584e+02 2.07979530e+00 4.96557485e-03 4.17989595e-06
-5.83038873e+02 2.07628787e+00 4.96558700e-03 3.37807069e-06
-5.82372162e+02 2.07276138e+00 4.96559682e-03 2.71861242e-06
-5.81705451e+02 2.06921589e+00 4.96560472e-03 2.17867565e-06
-5.81038740e+02 2.06565147e+00 4.96561105e-03 1.73858819e-06
-5.80372029e+02 2.06206820e+00 4.96561609e-03 1.38150555e-06
-5.79705318e+02 2.05846614e+00 4.96562010e-03 1.09308517e-06
-5.79038606e+02 2.05484535e+00 4.96562327e-03 8.61182835e-07
-5.78371895e+02 2.05120589e+00 4.96562576e-03 6.75572783e-07
-5.77705184e+02 2.04754782e+00 4.96562771e-03 5.27692220e-07
-5.77038473e+02 2.04387120e+00 4.96562923e-03 4.10410378e-07
-5.76371762e+02 2.04017609e+00 4.96563042e-03 3.17821618e-07
-5.75705051e+02 2.03646253e+00 4.96563133e-03 2.45061698e-07
-5.75038340e+02 2.03273057e+00 4.96563204e-03 1.88145974e-07
-5.74371629e+02 2.02898027e+00 4.96563258e-03 1.43828081e-07
-5.73704917e+02 2.02521166e+00 4.96563299e-03 1.09477466e-07
-5.73038206e+02 2.02142479e+00 4.96563330e-03 8.29740718e-08
-5.72371495e+02 2.01761971e+00 4.96563354e-03 6.26184594e-08
-5.71704784e+02 2.01379645e+00 4.96563371e-03 4.70556486e-08
-5.71038073e+02 2.00995505e+00 4.96563385e-03 3.52110624e-08
-5.70371362e+02 2.00609555e+00 4.96563395e-03 2.62370237e-08
-5.69704651e+02 2.00221798e+00 4.96563402e-03 1.94683765e-08
-5.69037940e+02 1.99832237e+00 4.96563408e-03 1.43859289e-08
-5.68371229e+02 1.99440876e+00 4.96563412e-03 1.05865391e-08
-5.67704517e+02 1.99047717e+00 4.96563415e-03 7.75880130e-09
-5.67037806e+02 1.98652764e+00 4.96563417e-03 5.66341114e-09
-5.66371095e+02 1.98256018e+00 4.96563418e-03 4.11741282e-09
-5.65704384e+02 1.97857482e+00 4.96563420e-03 2.98164092e-09
-5.65037673e+02 1.97457158e+00 4.96563420e-03 2.15077179e-09
-5.64370962e+02 1.97055049e+00 4.96563421e-03 1.54549120e-09
-5.63704251e+02 1.96651155e+00 4.96563421e-03 1.10636586e-09
-5.63037540e+02 1.96245479e+00 4.96563422e-03 7.89077084e-10
-5.62370828e+02 1.95838022e+00 4.96563422e-03 5.60736058e-10
-5.61704117e+02 1.95428785e+00 4.96563422e-03 3.97051945e-10
-5.61037406e+02 1.95017769e+00 4.96563422e-03 2.80168116e-10
-5.60370695e+02 1.94604974e+00 4.96563422e-03 1.97018314e-10
-5.59703984e+02 1.94190402e+00 4.96563422e-03 1.38084850e-10
-5.59037273e+02 1.93774053e+00 4.96563422e-03 9.64657136e-11
-5.58370562e+02 1.93355927e+00 4.96563422e-03 6.71775471e-11
-5.57703851e+02 1.92936024e+00 4.96563422e-03 4.66376617e-11
-5.57037140e+02 1.92514343e+00 4.96563422e-03 3.22811098e-11
-5.56370428e+02 1.92090885e+00 4.96563422e-03 2.22790637e-11
-5.55703717e+02 1.91665649e+00 4.96563422e-03 1.53327423e-11
-5.55037006e+02 1.91238634e+00 4.96563422e-03 1.05233610e-11
-5.54370295e+02 1.90809841e+00 4.96563422e-03 7.20340115e-12
-5.53703584e+02 1.90379267e+00 4.96563422e-03 4.91818915e-12
-5.53036873e+02 1.89946913e+00 4.96563422e-03 3.34959558e-12
-5.52370162e+02 1.89512778e+00 4.96563422e-03 2.27579374e-12
-5.51703451e+02 1.89076860e+00 4.96563422e-03 1.54262125e-12
-5.51036739e+02 1.88639160e+00 4.96563422e-03 1.04328416e-12
-5.50370028e+02 1.88199676e+00 4.96563422e-03 7.04031667e-13
-5.49703317e+02 1.87758409e+00 4.96563422e-03 4.74084420e-13
-5.49036606e+02 1.87315357e+00 4.96563422e-03 3.18580298e-13
-5.48369895e+02 1.86870521e+00 4.96563422e-03 2.13651462e-13
-5.47703184e+02 1.86423901e+00 4.96563422e-03 1.43000868e-13
-5.47036473e+02 1.85975498e+00 4.96563422e-03 9.55295231e-14
-5.46369762e+02 1.85525312e+00 4.96563422e-03 6.36973212e-14
-5.45703051e+02 1.85073345e+00 4.96563422e-03 4.23941677e-14
-5.45036339e+02 1.84619598e+00 4.96563422e-03 2.81648584e-14
-5.44369628e+02 1.84164074e+00 4.96563422e-03 1.86783771e-14
-5.43702917e+02 1.83706776e+00 4.96563422e-03 1.23655371e-14
-5.43036206e+02 1.83247706e+00 4.96563422e-03 8.17221896e-15
-5.42369495e+02 1.82786868e+00 4.96563422e-03 5.39175185e-15
-5.41702784e+02 1.82324267e+00 4.96563422e-03 3.55133306e-15
-5.41036073e+02 1.81859909e+00 4.96563422e-03 2.33524450e-15
-5.40369362e+02 1.81393798e+00 4.96563422e-03 1.53306251e-15
-5.39702650e+02 1.80925941e+00 4.96563422e-03 1.00480182e-15
-5.39035939e+02 1.80456345e+00 4.96563422e-03 6.57506444e-16
-5.38369228e+02 1.79985019e+00 4.96563422e-03 4.29560456e-16
-5.37702517e+02 1.79511971e+00 4.96563422e-03 2.80193855e-16
-5.37035806e+02 1.79037211e+00 4.96563422e-03 1.82476994e-16
-5.36369095e+02 1.78560748e+00 4.96563422e-03 1.18652774e-16
-5.35702384e+02 1.78082593e+00 4.96563422e-03 7.70323194e-17
-5.35035673e+02 1.77602759e+00 4.96563422e-03 4.99342365e-17
-5.34368961e+02 1.77121258e+00 4.96563422e-03 3.23191069e-17
-5.33702250e+02 1.76638103e+00 4.96563422e-03 2.08862772e-17
-5.33035539e+02 1.76153309e+00 4.96563422e-03 1.34774855e-17
-5.32368828e+02 1.75666889e+00 4.96563422e-03 8.68377233e-18
-5.31702117e+02 1.75178859e+00 4.96563422e-03 5.58683030e-18
-5.31035406e+02 1.74689236e+00 4.96563422e-03 3.58910375e-18
-5.30368695e+02 1.74198036e+00 4.96563422e-03 2.30237597e-18
-5.29701984e+02 1.73705277e+00 4.96563422e-03 1.47483225e-18
-5.29035273e+02 1.73210978e+00 4.96563422e-03 9.43391266e-19
-5.28368561e+02 1.72715157e+00 4.96563422e-03 6.02602406e-19
-5.27701850e+02 1.72217833e+00 4.96563422e-03 3.84385361e-19
-5.27035139e+02 1.71719028e+00 4.96563422e-03 2.44854004e-19
-5.26368428e+02 1.71218761e+00 4.96563422e-03 1.55761325e-19
-5.25701717e+02 1.70717054e+00 4.96563422e-03 9.89536909e-20
-5.25035006e+02 1.70213929e+00 4.96563422e-03 6.27816070e-20
-5.24368295e+02 1.69709409e+00 4.96563422e-03 3.97804121e-20
-5.23701584e+02 1.69203517e+00 4.96563422e-03 2.51739363e-20
-5.23034872e+02 1.68696276e+00 4.96563422e-03 1.59106087e-20
-5.22368161e+02 1.68187711e+00 4.96563422e-03 1.00435052e-20
-5.21701450e+02 1.67677846e+00 4.96563422e-03 6.33221911e-21
-5.21034739e+02 1.67166708e+00 4.96563422e-03 3.98756841e-21
-5.20368028e+02 1.66654321e+00 4.96563422e-03 2.50813925e-21
-5.19701317e+02 1.66140713e+00 4.96563422e-03 1.57578275e-21
-5.19034606e+02 1.65625910e+00 4.96563422e-03 9.88899999e-22
-5.18367895e+02 1.65109940e+00 4.96563422e-03 6.19912087e-22
-5.17701184e+02 1.64592832e+00 4.96563422e-03 3.88186212e-22
-5.17034472e+02 1.64074614e+00 4.96563422e-03 2.42824879e-22
-5.16367761e+02 1.63555315e+00 4.96563422e-03 1.51740095e-22
-5.15701050e+02 1.63034965e+00 4.96563422e-03 9.47267980e-23
-5.15034339e+02 1.62513595e+00 4.96563422e-03 5.90775051e-23
-5.14367628e+02 1.61991235e+00 4.96563422e-03 3.68094973e-23
-5.13700917e+02 1.61467918e+00 4.96563422e-03 2.29138442e-23
-5.13034206e+02 1.60943674e+00 4.96563422e-03 1.42511022e-23
-5.12367495e+02 1.60418536e+00 4.96563422e-03 8.85571616e-24
-5.11700783e+02 1.59892539e+00 4.96563422e-03 5.49839811e-24
-5.11034072e+02 1.59365714e+00 4.96563422e-03 3.41113306e-24
-5.10367361e+02 1.58838097e+00 4.96563422e-03 2.11457964e-24
-5.09700650e+02 1.58309720e+00 4.96563422e-03 1.30986172e-24
-5.09033939e+02 1.57780620e+00 4.96563422e-03 8.10804525e-25
-5.08367228e+02 1.57250832e+00 4.96563422e-03 5.01544698e-25
-5.07700517e+02 1.56720390e+00 4.96563422e-03 3.10041273e-25
-5.07033806e+02 1.56189331e+00 4.96563422e-03 1.91540025e-25
-5.06367095e+02 1.55657691e+00 4.96563422e-03 1.18261569e-25
-5.05700383e+02 1.55125506e+00 4.96563422e-03 7.29769721e-26
-5.05033672e+02 1.54592814e+00 4.96563422e-03 4.50090966e-26
-5.04366961e+02 1.54059649e+00 4.96563422e-03 2.77460552e-26
-5.03700250e+02 1.53526050e+00 4.96563422e-03 1.70963343e-26
-5.03033539e+02 1.52992053e+00 4.96563422e-03 1.05297953e-26
-5.02366828e+02 1.52457695e+00 4.96563422e-03 6.48285689e-27
-5.01700117e+02 1.51923012e+00 4.96563422e-03 3.98985337e-27
-5.01033406e+02 1.51388041e+00 4.96563422e-03 2.45474199e-27
-5.00366694e+02 1.50852819e+00 4.96563422e-03 1.50982838e-27
-4.99699983e+02 1.50317382e+00 4.96563422e-03 9.28402909e-28
-4.99033272e+02 1.49781765e+00 4.96563422e-03 5.70751257e-28
-4.98366561e+02 1.49246005e+00 4.96563422e-03 3.50810797e-28
-4.97699850e+02 1.48710136e+00 4.96563422e-03 2.15590109e-28
-4.97033139e+02 1.48174194e+00 4.96563422e-03 1.32473348e-28
-4.96366428e+02 1.47638213e+00 4.96563422e-03 8.13927740e-29
-4.95699717e+02 1.47102226e+00 4.96563422e-03 5.00051293e-29
-4.95033006e+02 1.46566267e+00 4.96563422e-03 3.07204922e-29
-4.94366294e+02 1.46030370e+00 4.96563422e-03 1.88729616e-29
-4.93699583e+02 1.45494566e+00 4.96563422e-03 1.15948032e-29
-4.93032872e+02 1.44958888e+00 4.96563422e-03 7.12378999e-30
-4.92366161e+02 1.44423365e+00 4.96563422e-03 4.37719572e-30
-4.91699450e+02 1.43888029e+00 4.96563422e-03 2.68986485e-30
-4.91032739e+02 1.43352910e+00 4.96563422e-03 1.65320556e-30
-4.90366028e+02 1.42818037e+00 4.96563422e-03 1.01624208e-30
-4.89699317e+02 1.42283437e+00 4.96563422e-03 6.24817489e-31
-4.89032605e+02 1.41749139e+00 4.96563422e-03 3.84243365e-31
-4.88365894e+02 1.41215170e+00 4.96563422e-03 2.36356758e-31
-4.87699183e+02 1.40681557e+00 4.96563422e-03 1.45428361e-31
-4.87032472e+02 1.40148325e+00 4.96563422e-03 8.95076927e-32
-4.86365761e+02 1.39615499e+00 4.96563422e-03 5.51076964e-32
-4.85699050e+02 1.39083104e+00 4.96563422e-03 3.39402482e-32
-4.85032339e+02 1.38551164e+00 4.96563422e-03 2.09111832e-32
-4.84365628e+02 1.38019703e+00 4.96563422e-03 1.28888082e-32
-4.83698916e+02 1.37488742e+00 4.96563422e-03 7.94743449e-33
-4.83032205e+02 1.36958304e+00 4.96563422e-03 4.90264495e-33
-4.82365494e+02 1.36428411e+00 4.96563422e-03 3.02574434e-33
-4.81698783e+02 1.35899083e+00 4.96563422e-03 1.86827630e-33
-4.81032072e+02 1.35370341e+00 4.96563422e-03 1.15415898e-33
-4.80365361e+02 1.34842206e+00 4.96563422e-03 7.13368916e-34
-4.79698650e+02 1.34314697e+00 4.96563422e-03 4.41158757e-34
-4.79031939e+02 1.33787832e+00 4.96563422e-03 2.72970537e-34
-4.78365228e+02 1.33261631e+00 4.96563422e-03 1.68999172e-34
-4.77698516e+02 1.32736112e+00 4.96563422e-03 1.04690896e-34
-4.77031805e+02 1.32211293e+00 4.96563422e-03 6.48927576e-35
-4.76365094e+02 1.31687192e+00 4.96563422e-03 4.02488770e-35
-4.75698383e+02 1.31163824e+00 4.96563422e-03 2.49797801e-35
-4.75031672e+02 1.30641207e+00 4.96563422e-03 1.55134243e-35
-4.74364961e+02 1.30119357e+00 4.96563422e-03 9.64090238e-36
-4.73698250e+02 1.29598289e+00 4.96563422e-03 5.99549742e-36
-4.73031539e+02 1.29078019e+00 4.96563422e-03 3.73109811e-36
-4.72364827e+02 1.28558562e+00 4.96563422e-03 2.32358331e-36
-4.71698116e+02 1.28039932e+00 4.96563422e-03 1.44809144e-36
-4.71031405e+02 1.27522142e+00 4.96563422e-03 9.03141323e-37
-4.70364694e+02 1.27005206e+00 4.96563422e-03 5.63693542e-37
-4.69697983e+02 1.26489135e+00 4.96563422e-03 3.52097898e-37
-4.69031272e+02 1.25973943e+00 4.96563422e-03 2.20101000e-37
-4.68364561e+02 1.25459641e+00 4.96563422e-03 1.37696769e-37
-4.67697850e+02 1.24946238e+00 4.96563422e-03 8.62131114e-38
-4.67031139e+02 1.24433744e+00 4.96563422e-03 5.40225572e-38
-4.66364427e+02 1.23922170e+00 4.96563422e-03 3.38792142e-38
-4.65697716e+02 1.23411521e+00 4.96563422e-03 2.12643308e-38
-4.65031005e+02 1.22901807e+00 4.96563422e-03 1.33577667e-38
-4.64364294e+02 1.22393032e+00 4.96563422e-03 8.39813858e-39
-4.63697583e+02 1.21885201e+00 4.96563422e-03 5.28448302e-39
-4.63030872e+02 1.21378319e+00 4.96563422e-03 3.32809632e-39
-4.62364161e+02 1.20872389e+00 4.96563422e-03 2.09782055e-39
-4.61697450e+02 1.20367411e+00 4.96563422e-03 1.32351677e-39
-4.61030738e+02 1.19863387e+00 4.96563422e-03 8.35796398e-40
-4.60364027e+02 1.19360316e+00 4.96563422e-03 5.28362992e-40
-4.59697316e+02 1.18858194e+00 4.96563422e-03 3.34464604e-40
-4.59030605e+02 1.18357019e+00 4.96563422e-03 2.12159430e-40
-4.58363894e+02 1.17856785e+00 4.96563422e-03 1.35091309e-40
-4.57697183e+02 1.17357487e+00 4.96563422e-03 8.67138962e-41
-4.57030472e+02 1.16859117e+00 4.96563422e-03 5.66773232e-41
-4.56363761e+02 1.16361665e+00 4.96563422e-03 3.85752895e-41
-4.55697050e+02 1.15865121e+00 4.96563422e-03 2.85539775e-41
-4.55030338e+02 1.15369474e+00 4.96563422e-03 2.44754792e-41
-4.54363627e+02 1.14874711e+00 4.96563422e-03 2.54507683e-41
-4.53696916e+02 1.14380818e+00 4.96563422e-03 3.16379918e-41
-4.53030205e+02 1.13887778e+00 4.96563422e-03 4.42589093e-41
-4.52363494e+02 1.13395576e+00 4.96563422e-03 6.58321043e-41
-4.51696783e+02 1.12904193e+00 4.96563422e-03 1.00665839e-40
-4.51030072e+02 1.12413611e+00 4.96563422e-03 1.55705199e-40
-4.50363361e+02 1.11923810e+00 4.96563422e-03 2.41897806e-40
-4.49696649e+02 1.11434770e+00 4.96563422e-03 3.76343441e-40
-4.49029938e+02 1.10946469e+00 4.96563422e-03 5.85645075e-40
-4.48363227e+02 1.10458886e+00 4.96563422e-03 9.11111257e-40
-4.47696516e+02 1.09971998e+00 4.96563422e-03 1.41681734e-39
-4.47029805e+02 1.09485781e+00 4.96563422e-03 2.20208411e-39
-4.46363094e+02 1.09000213e+00 4.96563422e-03 3.42078271e-39
-4.45696383e+02 1.08515270e+00 4.96563422e-03 5.31118665e-39
-4.45029672e+02 1.08030929e+00 4.96563422e-03 8.24211649e-39
-4.44362960e+02 1.07547166e+00 4.96563422e-03 1.27842463e-38
-4.43696249e+02 1.07063956e+00 4.96563422e-03 1.98202587e-38
-4.43029538e+02 1.06581278e+00 4.96563422e-03 3.07149679e-38
-4.42362827e+02 1.06099106e+00 4.96563422e-03 4.75779852e-38
-4.41696116e+02 1.05617420e+00 4.96563422e-03 7.36691713e-38
-4.41029405e+02 1.05136195e+00 4.96563422e-03 1.14024345e-37
-4.40362694e+02 1.04655412e+00 4.96563422e-03 1.76420688e-37
-4.39695983e+02 1.04175047e+00 4.96563422e-03 2.72865941e-37
-4.39029272e+02 1.03695082e+00 4.96563422e-03 4.21895135e-37
-4.38362560e+02 1.03215495e+00 4.96563422e-03 6.52112034e-37
-4.37695849e+02 1.02736270e+00 4.96563422e-03 1.00764888e-36
-4.37029138e+02 1.02257386e+00 4.96563422e-03 1.55658200e-36
-4.36362427e+02 1.01778828e+00 4.96563422e-03 2.40390126e-36
-4.35695716e+02 1.01300578e+00 4.96563422e-03 3.71149431e-36
-4.35029005e+02 1.00822623e+00 4.96563422e-03 5.72893452e-36
-4.34362294e+02 1.00344947e+00 4.96563422e-03 8.84090572e-36
-4.33695583e+02 9.98675367e-01 4.96563422e-03 1.36402423e-35
-4.33028871e+02 9.93903808e-01 4.96563422e-03 2.10404027e-35
-4.32362160e+02 9.89134674e-01 4.96563422e-03 3.24486398e-35
-4.31695449e+02 9.84367861e-01 4.96563422e-03 5.00325822e-35
-4.31028738e+02 9.79603274e-01 4.96563422e-03 7.71305531e-35
-4.30362027e+02 9.74840827e-01 4.96563422e-03 1.18883032e-34
-4.29695316e+02 9.70080444e-01 4.96563422e-03 1.83204297e-34
-4.29028605e+02 9.65322057e-01 4.96563422e-03 2.82277291e-34
-4.28361894e+02 9.60565607e-01 4.96563422e-03 4.34853098e-34
-4.27695183e+02 9.55811042e-01 4.96563422e-03 6.69787585e-34
-4.27028471e+02 9.51058318e-01 4.96563422e-03 1.03147997e-33
-4.26361760e+02 9.46307398e-01 4.96563422e-03 1.58823481e-33
-4.25695049e+02 9.41558253e-01 4.96563422e-03 2.44511678e-33
-4.25028338e+02 9.36810858e-01 4.96563422e-03 3.76370894e-33
-4.24361627e+02 9.32065196e-01 4.96563422e-03 5.79247683e-33
-4.23694916e+02 9.27321256e-01 4.96563422e-03 8.91342358e-33
-4.23028205e+02 9.22579031e-01 4.96563422e-03 1.37137638e-32
-4.22361494e+02 9.17838521e-01 4.96563422e-03 2.10960135e-32
-4.21694782e+02 9.13099729e-01 4.96563422e-03 3.24470551e-32
-4.21028071e+02 9.08362666e-01 4.96563422e-03 4.98977227e-32
-4.20361360e+02 9.03627342e-01 4.96563422e-03 7.67212957e-32
-4.19694649e+02 8.98893775e-01 4.96563422e-03 1.17945115e-31
-4.19027938e+02 8.94161987e-01 4.96563422e-03 1.81289107e-31
-4.18361227e+02 8.89432002e-01 4.96563422e-03 2.78605662e-31
-4.17694516e+02 8.84703850e-01 4.96563422e-03 4.28088185e-31
-4.17027805e+02 8.79977564e-01 4.96563422e-03 6.57657945e-31
-4.16361094e+02 8.75253180e-01 4.96563422e-03 1.01015668e-30
-4.15694382e+02 8.70530739e-01 4.96563422e-03 1.55130578e-30
-4.15027671e+02 8.65810285e-01 4.96563422e-03 2.38190323e-30
-4.14360960e+02 8.61091866e-01 4.96563422e-03 3.65650964e-30
-4.13694249e+02 8.56375532e-01 4.96563422e-03 5.61206859e-30
-4.13027538e+02 8.51661338e-01 4.96563422e-03 8.61173058e-30
-4.12360827e+02 8.46949343e-01 4.96563422e-03 1.32119384e-29
-4.11694116e+02 8.42239609e-01 4.96563422e-03 2.02650912e-29
-4.11027405e+02 8.37532203e-01 4.96563422e-03 3.10766088e-29
-4.10360693e+02 8.32827195e-01 4.96563422e-03 4.76451479e-29
-4.09693982e+02 8.28124659e-01 4.96563422e-03 7.30298729e-29
-4.09027271e+02 8.23424674e-01 4.96563422e-03 1.11911795e-28
-4.08360560e+02 8.18727322e-01 4.96563422e-03 1.71451431e-28
-4.07693849e+02 8.14032688e-01 4.96563422e-03 2.62598729e-28
-4.07027138e+02 8.09340864e-01 4.96563422e-03 4.02093012e-28
-4.06360427e+02 8.04651943e-01 4.96563422e-03 6.15515256e-28
-4.05693716e+02 7.99966027e-01 4.96563422e-03 9.41944535e-28
-4.05027005e+02 7.95283216e-01 4.96563422e-03 1.44105885e-27
-4.04360293e+02 7.90603620e-01 4.96563422e-03 2.20395889e-27
-4.03693582e+02 7.85927350e-01 4.96563422e-03 3.36965934e-27
-4.03026871e+02 7.81254521e-01 4.96563422e-03 5.15020406e-27
-4.02360160e+02 7.76585252e-01 4.96563422e-03 7.86889681e-27
-4.01693449e+02 7.71919668e-01 4.96563422e-03 1.20184685e-26
-4.01026738e+02 7.67257895e-01 4.96563422e-03 1.83495335e-26
-4.00360027e+02 7.62600065e-01 4.96563422e-03 2.80050368e-26
-3.99693316e+02 7.57946312e-01 4.96563422e-03 4.27244978e-26
-3.99026604e+02 7.53296776e-01 4.96563422e-03 6.51541124e-26
-3.98359893e+02 7.48651599e-01 4.96563422e-03 9.93173154e-26
-3.97693182e+02 7.44010925e-01 4.96563422e-03 1.51328418e-25
-3.97026471e+02 7.39374902e-01 4.96563422e-03 2.30474236e-25
-3.96359760e+02 7.34743682e-01 4.96563422e-03 3.50852472e-25
-3.95693049e+02 7.30117419e-01 4.96563422e-03 5.33851846e-25
-3.95026338e+02 7.25496269e-01 4.96563422e-03 8.11904047e-25
-3.94359627e+02 7.20880393e-01 4.96563422e-03 1.23415591e-24
-3.93692915e+02 7.16269952e-01 4.96563422e-03 1.87503877e-24
-3.93026204e+02 7.11665109e-01 4.96563422e-03 2.84720574e-24
-3.92359493e+02 7.07066030e-01 4.96563422e-03 4.32104938e-24
-3.91692782e+02 7.02472883e-01 4.96563422e-03 6.55412529e-24
-3.91026071e+02 6.97885836e-01 4.96563422e-03 9.93547598e-24
-3.90359360e+02 6.93305060e-01 4.96563422e-03 1.50523498e-23
-3.89692649e+02 6.88730726e-01 4.96563422e-03 2.27905514e-23
-3.89025938e+02 6.84163007e-01 4.96563422e-03 3.44852572e-23
-3.88359227e+02 6.79602076e-01 4.96563422e-03 5.21474876e-23
-3.87692515e+02 6.75048109e-01 4.96563422e-03 7.88039103e-23
-3.87025804e+02 6.70501280e-01 4.96563422e-03 1.19006251e-22
-3.86359093e+02 6.65961763e-01 4.96563422e-03 1.79594317e-22
-3.85692382e+02 6.61429733e-01 4.96563422e-03 2.70837879e-22
-3.85025671e+02 6.56905364e-01 4.96563422e-03 4.08144011e-22
-3.84358960e+02 6.52388830e-01 4.96563422e-03 6.14607565e-22
-3.83692249e+02 6.47880306e-01 4.96563422e-03 9.24817634e-22
-3.83025538e+02 6.43379963e-01 4.96563422e-03 1.39053318e-21
-3.82358826e+02 6.38887975e-01 4.96563422e-03 2.08913758e-21
-3.81692115e+02 6.34404511e-01 4.96563422e-03 3.13622059e-21
-3.81025404e+02 6.29929741e-01 4.96563422e-03 4.70428416e-21
-3.80358693e+02 6.25463831e-01 4.96563422e-03 7.05052503e-21
-3.79691982e+02 6.21006948e-01 4.96563422e-03 1.05580570e-20
-3.79025271e+02 6.16559254e-01 4.96563422e-03 1.57970111e-20
-3.78358560e+02 6.12120912e-01 4.96563422e-03 2.36150068e-20
-3.77691849e+02 6.07692082e-01 4.96563422e-03 3.52709699e-20
-3.77025138e+02 6.03272919e-01 4.96563422e-03 5.26328602e-20
-3.76358426e+02 5.98863579e-01 4.96563422e-03 7.84695137e-20
-3.75691715e+02 5.94464212e-01 4.96563422e-03 1.16880936e-19
-3.75025004e+02 5.90074966e-01 4.96563422e-03 1.73932027e-19
-3.74358293e+02 5.85695986e-01 4.96563422e-03 2.58584904e-19
-3.73691582e+02 5.81327413e-01 4.96563422e-03 3.84068954e-19
-3.73024871e+02 5.76969385e-01 4.96563422e-03 5.69891932e-19
-3.72358160e+02 5.72622035e-01 4.96563422e-03 8.44788646e-19
-3.71691449e+02 5.68285495e-01 4.96563422e-03 1.25103947e-18
-3.71024737e+02 5.63959891e-01 4.96563422e-03 1.85078776e-18
-3.70358026e+02 5.59645346e-01 4.96563422e-03 2.73527070e-18
-3.69691315e+02 5.55341978e-01 4.96563422e-03 4.03829147e-18
-3.69024604e+02 5.51049901e-01 4.96563422e-03 5.95585848e-18
-3.68357893e+02 5.46769226e-01 4.96563422e-03 8.77478083e-18
-3.67691182e+02 5.42500058e-01 4.96563422e-03 1.29142548e-17
-3.67024471e+02 5.38242501e-01 4.96563422e-03 1.89862710e-17
-3.66357760e+02 5.33996652e-01 4.96563422e-03 2.78832534e-17
-3.65691049e+02 5.29762605e-01 4.96563422e-03 4.09050525e-17
-3.65024337e+02 5.25540450e-01 4.96563422e-03 5.99427377e-17
-3.64357626e+02 5.21330274e-01 4.96563422e-03 8.77442652e-17
-3.63690915e+02 5.17132158e-01 4.96563422e-03 1.28298012e-16
-3.63024204e+02 5.12946180e-01 4.96563422e-03 1.87385773e-16
-3.62357493e+02 5.08772414e-01 4.96563422e-03 2.73379068e-16
-3.61690782e+02 5.04610930e-01 4.96563422e-03 3.98384342e-16
-3.61024071e+02 5.00461796e-01 4.96563422e-03 5.79887734e-16
-3.60357360e+02 4.96325076e-01 4.96563422e-03 8.43114201e-16
-3.59690648e+02 4.92200831e-01 4.96563422e-03 1.22440664e-15
-3.59023937e+02 4.88089117e-01 4.96563422e-03 1.77605930e-15
-3.58357226e+02 4.83989989e-01 4.96563422e-03 2.57322155e-15
-3.57690515e+02 4.79903499e-01 4.96563422e-03 3.72374448e-15
-3.57023804e+02 4.75829696e-01 4.96563422e-03 5.38220386e-15
-3.56357093e+02 4.71768627e-01 4.96563422e-03 7.76984012e-15
-3.55690382e+02 4.67720335e-01 4.96563422e-03 1.12028673e-14
-3.55023671e+02 4.63684864e-01 4.96563422e-03 1.61325982e-14
-3.54356959e+02 4.59662255e-01 4.96563422e-03 2.32022209e-14
-3.53690248e+02 4.55652547e-01 4.96563422e-03 3.33269986e-14
-3.53023537e+02 4.51655777e-01 4.96563422e-03 4.78073483e-14
-3.52356826e+02 4.47671981e-01 4.96563422e-03 6.84879790e-14
-3.51690115e+02 4.43701194e-01 4.96563422e-03 9.79814130e-14
-3.51023404e+02 4.39743450e-01 4.96563422e-03 1.39981300e-13
-3.50356693e+02 4.35798783e-01 4.96563422e-03 1.99700667e-13
-3.49689982e+02 4.31867226e-01 4.96563422e-03 2.84483574e-13
-3.49023271e+02 4.27948811e-01 4.96563422e-03 4.04656841e-13
-3.48356559e+02 4.24043572e-01 4.96563422e-03 5.74713243e-13
-3.47689848e+02 4.20151539e-01 4.96563422e-03 8.14951115e-13
-3.47023137e+02 4.16272744e-01 4.96563422e-03 1.15374056e-12
-3.46356426e+02 4.12407220e-01 4.96563422e-03 1.63064738e-12
-3.45689715e+02 4.08554998e-01 4.96563422e-03 2.30072746e-12
-3.45023004e+02 4.04716112e-01 4.96563422e-03 3.24041315e-12
-3.44356293e+02 4.00890593e-01 4.96563422e-03 4.55555787e-12
-3.43689582e+02 3.97078476e-01 4.96563422e-03 6.39239654e-12
-3.43022870e+02 3.93279795e-01 4.96563422e-03 8.95243117e-12
-3.42356159e+02 3.89494585e-01 4.96563422e-03 1.25125813e-11
-3.41689448e+02 3.85722881e-01 4.96563422e-03 1.74523694e-11
-3.41022737e+02 3.81964720e-01 4.96563422e-03 2.42904695e-11
-3.40356026e+02 3.78220138e-01 4.96563422e-03 3.37336694e-11
-3.39689315e+02 3.74489175e-01 4.96563422e-03 4.67422235e-11
-3.39022604e+02 3.70771870e-01 4.96563423e-03 6.46167525e-11
-3.38355893e+02 3.67068264e-01 4.96563423e-03 8.91133554e-11
-3.37689182e+02 3.63378399e-01 4.96563423e-03 1.22595490e-10
-3.37022470e+02 3.59702319e-01 4.96563423e-03 1.68233562e-10
-3.36355759e+02 3.56040068e-01 4.96563423e-03 2.30266141e-10
-3.35689048e+02 3.52391692e-01 4.96563423e-03 3.14340393e-10
-3.35022337e+02 3.48757238e-01 4.96563423e-03 4.27953870e-10
-3.34355626e+02 3.45136754e-01 4.96563423e-03 5.81025354e-10
-3.33688915e+02 3.41530292e-01 4.96563423e-03 7.86629193e-10
-3.33022204e+02 3.37937904e-01 4.96563423e-03 1.06193575e-09
-3.32355493e+02 3.34359642e-01 4.96563424e-03 1.42941028e-09
-3.31688781e+02 3.30795562e-01 4.96563424e-03 1.91833433e-09
-3.31022070e+02 3.27245723e-01 4.96563425e-03 2.56672714e-09
-3.30355359e+02 3.23710181e-01 4.96563426e-03 3.42376097e-09
-3.29688648e+02 3.20188997e-01 4.96563427e-03 4.55278245e-09
-3.29021937e+02 3.16682234e-01 4.96563429e-03 6.03507367e-09
-3.28355226e+02 3.13189957e-01 4.96563431e-03 7.97451092e-09
-3.27688515e+02 3.09712232e-01 4.96563434e-03 1.05033065e-08
-3.27021804e+02 3.06249127e-01 4.96563437e-03 1.37890490e-08
-3.26355093e+02 3.02800714e-01 4.96563442e-03 1.80432926e-08
-3.25688381e+02 2.99367067e-01 4.96563448e-03 2.35319789e-08
-3.25021670e+02 2.95948261e-01 4.96563456e-03 3.05880193e-08
-3.24354959e+02 2.92544373e-01 4.96563467e-03 3.96264000e-08
-3.23688248e+02 2.89155483e-01 4.96563480e-03 5.11622206e-08
-3.23021537e+02 2.85781675e-01 4.96563497e-03 6.58321146e-08
-3.22354826e+02 2.82423032e-01 4.96563520e-03 8.44195450e-08
-3.21688115e+02 2.79079643e-01 4.96563548e-03 1.07884505e-07
-3.21021404e+02 2.75751599e-01 4.96563585e-03 1.37398190e-07
-3.20354692e+02 2.72438992e-01 4.96563631e-03 1.74383235e-07
-3.19687981e+02 2.69141919e-01 4.96563689e-03 2.20560127e-07
-3.19021270e+02 2.65860477e-01 4.96563762e-03 2.78000414e-07
-3.18354559e+02 2.62594768e-01 4.96563855e-03 3.49187320e-07
-3.17687848e+02 2.59344895e-01 4.96563970e-03 4.37084359e-07
-3.17021137e+02 2.56110967e-01 4.96564115e-03 5.45212478e-07
-3.16354426e+02 2.52893093e-01 4.96564294e-03 6.77736210e-07
-3.15687715e+02 2.49691387e-01 4.96564516e-03 8.39559208e-07
-3.15021004e+02 2.46505964e-01 4.96564790e-03 1.03642941e-06
-3.14354292e+02 2.43336944e-01 4.96565126e-03 1.27505393e-06
-3.13687581e+02 2.40184450e-01 4.96565539e-03 1.56322355e-06
-3.13020870e+02 2.37048605e-01 4.96566042e-03 1.90994657e-06
-3.12354159e+02 2.33929538e-01 4.96566655e-03 2.32559130e-06
-3.11687448e+02 2.30827381e-01 4.96567397e-03 2.82203643e-06
-3.11020737e+02 2.27742265e-01 4.96568294e-03 3.41282811e-06
-3.10354026e+02 2.24674329e-01 4.96569374e-03 4.11334212e-06
-3.09687315e+02 2.21623712e-01 4.96570668e-03 4.94094934e-06
-3.09020603e+02 2.18590557e-01 4.96572216e-03 5.91518222e-06
-3.08353892e+02 2.15575008e-01 4.96574059e-03 7.05789970e-06
-3.07687181e+02 2.12577213e-01 4.96576246e-03 8.39344748e-06
-3.07020470e+02 2.09597321e-01 4.96578833e-03 9.94881037e-06
-3.06353759e+02 2.06635484e-01 4.96581883e-03 1.17537532e-05
-3.05687048e+02 2.03691858e-01 4.96585465e-03 1.38409459e-05
-3.05020337e+02 2.00766597e-01 4.96589660e-03 1.62460698e-05
-3.04353626e+02 1.97859861e-01 4.96594553e-03 1.90078992e-05
-3.03686914e+02 1.94971809e-01 4.96600244e-03 2.21683557e-05
-3.03020203e+02 1.92102603e-01 4.96606839e-03 2.57725296e-05
-3.02353492e+02 1.89252406e-01 4.96614458e-03 2.98686654e-05
-3.01686781e+02 1.86421379e-01 4.96623230e-03 3.45081063e-05
-3.01020070e+02 1.83609688e-01 4.96633298e-03 3.97451955e-05
-3.00353359e+02 1.80817498e-01 4.96644813e-03 4.56371305e-05
-2.99686648e+02 1.78044973e-01 4.96657944e-03 5.22437680e-05
-2.99019937e+02 1.75292280e-01 4.96672869e-03 5.96273785e-05
-2.98353226e+02 1.72559583e-01 4.96689780e-03 6.78523487e-05
-2.97686514e+02 1.69847047e-01 4.96708881e-03 7.69848325e-05
-2.97019803e+02 1.67154836e-01 4.96730388e-03 8.70923509e-05
-2.96353092e+02 1.64483112e-01 4.96754532e-03 9.82433435e-05
-2.95686381e+02 1.61832037e-01 4.96781553e-03 1.10506673e-04
-2.95019670e+02 1.59201769e-01 4.96811703e-03 1.23951090e-04
-2.94352959e+02 1.56592468e-01 4.96845245e-03 1.38644656e-04
-2.93686248e+02 1.54004287e-01 4.96882451e-03 1.54654140e-04
-2.93019537e+02 1.51437381e-01 4.96923601e-03 1.72044389e-04
-2.92352825e+02 1.48891900e-01 4.96968983e-03 1.90877683e-04
-2.91686114e+02 1.46367991e-01 4.97018891e-03 2.11213079e-04
-2.91019403e+02 1.43865798e-01 4.97073623e-03 2.33105753e-04
-2.90352692e+02 1.41385462e-01 4.97133478e-03 2.56606359e-04
-2.89685981e+02 1.38927120e-01 4.97198758e-03 2.81760394e-04
-2.89019270e+02 1.36490905e-01 4.97269764e-03 3.08607600e-04
-2.88352559e+02 1.34076948e-01 4.97346791e-03 3.37181395e-04
-2.87685848e+02 1.31685373e-01 4.97430134e-03 3.67508355e-04
-2.87019137e+02 1.29316303e-01 4.97520076e-03 3.99607737e-04
-2.86352425e+02 1.26969854e-01 4.97616894e-03 4.33491080e-04
-2.85685714e+02 1.24646139e-01 4.97720853e-03 4.69161854e-04
-2.85019003e+02 1.22345267e-01 4.97832203e-03 5.06615188e-04
-2.84352292e+02 1.20067341e-01 4.97951182e-03 5.45837679e-04
-2.83685581e+02 1.17812458e-01 4.98078007e-03 5.86807267e-04
-2.83018870e+02 1.15580715e-01 4.98212879e-03 6.29493202e-04
-2.82352159e+02 1.13372200e-01 4.98355978e-03 6.73856089e-04
-2.81685448e+02 1.11186999e-01 4.98507459e-03 7.19848010e-04
-2.81018736e+02 1.09025192e-01 4.98667455e-03 7.67412738e-04
-2.80352025e+02 1.06886855e-01 4.98836074e-03 8.16486019e-04
-2.79685314e+02 1.04772059e-01 4.99013398e-03 8.66995927e-04
-2.79018603e+02 1.02680869e-01 4.99199480e-03 9.18863293e-04
-2.78351892e+02 1.00613347e-01 4.99394348e-03 9.72002188e-04
-2.77685181e+02 9.85695516e-02 4.99597999e-03 1.02632047e-03
-2.77018470e+02 9.65495345e-02 4.99810402e-03 1.08172039e-03
-2.76351759e+02 9.45533441e-02 5.00031499e-03 1.13809920e-03
-2.75685048e+02 9.25810244e-02 5.00261200e-03 1.19534986e-03
-2.75018336e+02 9.06326153e-02 5.00499389e-03 1.25336171e-03
-2.74351625e+02 8.87081514e-02 5.00745922e-03 1.31202120e-03
-2.73684914e+02 8.68076626e-02 5.01000627e-03 1.37121263e-03
-2.73018203e+02 8.49311748e-02 5.01263307e-03 1.43081885e-03
-2.72351492e+02 8.30787092e-02 5.01533738e-03 1.49072198e-03
-2.71684781e+02 8.12502828e-02 5.01811672e-03 1.55080416e-03
-2.71018070e+02 7.94459079e-02 5.02096840e-03 1.61094820e-03
-2.70351359e+02 7.76655923e-02 5.02388950e-03 1.67103827e-03
-2.69684647e+02 7.59093397e-02 5.02687692e-03 1.73096053e-03
-2.69017936e+02 7.41771486e-02 5.02992735e-03 1.79060370e-03
-2.68351225e+02 7.24690122e-02 5.03303735e-03 1.84985968e-03
-2.67684514e+02 7.07849194e-02 5.03620331e-03 1.90862400e-03
-2.67017803e+02 6.91248543e-02 5.03942149e-03 1.96679631e-03
-2.66351092e+02 6.74887960e-02 5.04268807e-03 2.02428082e-03
-2.65684381e+02 6.58767186e-02 5.04599911e-03 2.08098662e-03
-2.65017670e+02 6.42885910e-02 5.04935060e-03 2.13682803e-03
-2.64350958e+02 6.27243776e-02 5.05273849e-03 2.19172486e-03
-2.63684247e+02 6.11840368e-02 5.05615869e-03 2.24560262e-03
-2.63017536e+02 5.96675210e-02 5.05960708e-03 2.29839266e-03
-2.62350825e+02 5.81747776e-02 5.06307955e-03 2.35003232e-03
-2.61684114e+02 5.67057487e-02 5.06657200e-03 2.40046497e-03
-2.61017403e+02 5.52603705e-02 5.07008036e-03 2.44964005e-03
-2.60350692e+02 5.38385738e-02 5.07360060e-03 2.49751301e-03
-2.59683981e+02 5.24402833e-02 5.07712876e-03 2.54404530e-03
-2.59017270e+02 5.10654182e-02 5.08066094e-03 2.58920423e-03
-2.58350558e+02 4.97138922e-02 5.08419332e-03 2.63296288e-03
-2.57683847e+02 4.83856123e-02 5.08772219e-03 2.67529990e-03
-2.57017136e+02 4.70804792e-02 5.09124393e-03 2.71619936e-03
-2.56350425e+02 4.57983879e-02 5.09475503e-03 2.75565052e-03
-2.55683714e+02 4.45392274e-02 5.09825212e-03 2.79364762e-03
-2.55017003e+02 4.33028808e-02 5.10173193e-03 2.83018959e-03
-2.54350292e+02 4.20892249e-02 5.10519134e-03 2.86527985e-03
-2.53683581e+02 4.08981307e-02 5.10862737e-03 2.89892597e-03
-2.53016869e+02 3.97294638e-02 5.11203716e-03 2.93113948e-03
-2.52350158e+02 3.85830831e-02 5.11541801e-03 2.96193550e-03
-2.51683447e+02 3.74588411e-02 5.11876738e-03 2.99133252e-03
-2.51016736e+02 3.63565854e-02 5.12208285e-03 3.01935211e-03
-2.50350025e+02 3.52761576e-02 5.12536215e-03 3.04601857e-03
-2.49683314e+02 3.42173938e-02 5.12860319e-03 3.07135876e-03
-2.49016603e+02 3.31801248e-02 5.13180398e-03 3.09540172e-03
-2.48349892e+02 3.21641761e-02 5.13496271e-03 3.11817850e-03
-2.47683181e+02 3.11693680e-02 5.13807770e-03 3.13972183e-03
-2.47016469e+02 3.01955161e-02 5.14114740e-03 3.16006592e-03
-2.46349758e+02 2.92424308e-02 5.14417042e-03 3.17924622e-03
-2.45683047e+02 2.83099171e-02 5.14714549e-03 3.19729918e-03
-2.45016336e+02 2.73977757e-02 5.15007147e-03 3.21426205e-03
-2.44349625e+02 2.65058034e-02 5.15294736e-03 3.23017268e-03
-2.43682914e+02 2.56337922e-02 5.15577225e-03 3.24506932e-03
-2.43016203e+02 2.47815306e-02 5.15854539e-03 3.25899047e-03
-2.42349492e+02 2.39488031e-02 5.16126612e-03 3.27197471e-03
-2.41682780e+02 2.31353909e-02 5.16393387e-03 3.28406052e-03
-2.41016069e+02 2.23410716e-02 5.16654821e-03 3.29528621e-03
-2.40349358e+02 2.15656186e-02 5.16910879e-03 3.30568972e-03
-2.39682647e+02 2.08088032e-02 5.17161535e-03 3.31530858e-03
-2.39015936e+02 2.00703938e-02 5.17406772e-03 3.32417975e-03
-2.38349225e+02 1.93501562e-02 5.17646584e-03 3.33233956e-03
-2.37682514e+02 1.86478541e-02 5.17880968e-03 3.33982364e-03
-2.37015803e+02 1.79632488e-02 5.18109932e-03 3.34666683e-03
-2.36349092e+02 1.72961000e-02 5.18333491e-03 3.35290311e-03
-2.35682380e+02 1.66461659e-02 5.18551664e-03 3.35856559e-03
-2.35015669e+02 1.60132027e-02 5.18764477e-03 3.36368644e-03
-2.34348958e+02 1.53969648e-02 5.18971964e-03 3.36829685e-03
-2.33682247e+02 1.47972058e-02 5.19174161e-03 3.37242702e-03
-2.33015536e+02 1.42136784e-02 5.19371111e-03 3.37610615e-03
-2.32348825e+02 1.36461346e-02 5.19562860e-03 3.37936236e-03
-2.31682114e+02 1.30943258e-02 5.19749459e-03 3.38222279e-03
-2.31015403e+02 1.25580027e-02 5.19930962e-03 3.38471347e-03
-2.30348691e+02 1.20369168e-02 5.20107428e-03 3.38685944e-03
-2.29681980e+02 1.15308185e-02 5.20278916e-03 3.38868467e-03
-2.29015269e+02 1.10394580e-02 5.20445491e-03 3.39021210e-03
-2.28348558e+02 1.05625862e-02 5.20607219e-03 3.39146365e-03
-2.27681847e+02 1.00999544e-02 5.20764167e-03 3.39246025e-03
-2.27015136e+02 9.65131454e-03 5.20916407e-03 3.39322183e-03
-2.26348425e+02 9.21641933e-03 5.21064010e-03 3.39376734e-03
-2.25681714e+02 8.79502233e-03 5.21207049e-03 3.39411482e-03
-2.25015003e+02 8.38687809e-03 5.21345599e-03 3.39428134e-03
-2.24348291e+02 7.99174273e-03 5.21479735e-03 3.39428311e-03
-2.23681580e+02 7.60937302e-03 5.21609534e-03 3.39413544e-03
-2.23014869e+02 7.23952653e-03 5.21735072e-03 3.39385282e-03
-2.22348158e+02 6.88196273e-03 5.21856429e-03 3.39344888e-03
-2.21681447e+02 6.53644262e-03 5.21973682e-03 3.39293651e-03
-2.21014736e+02 6.20272883e-03 5.22086908e-03 3.39232778e-03
-2.20348025e+02 5.88058575e-03 5.22196188e-03 3.39163407e-03
-2.19681314e+02 5.56977956e-03 5.22301598e-03 3.39086603e-03
-2.19014602e+02 5.27007887e-03 5.22403218e-03 3.39003363e-03
-2.18347891e+02 4.98125366e-03 5.22501124e-03 3.38914619e-03
-2.17681180e+02 4.70307552e-03 5.22595396e-03 3.38821240e-03
-2.17014469e+02 4.43531861e-03 5.22686111e-03 3.38724036e-03
-2.16347758e+02 4.17775932e-03 5.22773344e-03 3.38623761e-03
-2.15681047e+02 3.93017631e-03 5.22857174e-03 3.38521111e-03
-2.15014336e+02 3.69235062e-03 5.22937675e-03 3.38416734e-03
-2.14347625e+02 3.46406563e-03 5.23014923e-03 3.38311225e-03
-2.13680913e+02 3.24510771e-03 5.23088991e-03 3.38205135e-03
-2.13014202e+02 3.03526513e-03 5.23159953e-03 3.38098970e-03
-2.12347491e+02 2.83432825e-03 5.23227882e-03 3.37993191e-03
-2.11680780e+02 2.64209050e-03 5.23292850e-03 3.37888222e-03
-2.11014069e+02 2.45834803e-03 5.23354928e-03 3.37784447e-03
-2.10347358e+02 2.28289970e-03 5.23414186e-03 3.37682216e-03
-2.09680647e+02 2.11554722e-03 5.23470692e-03 3.37581844e-03
-2.09013936e+02 1.95609514e-03 5.23524515e-03 3.37483615e-03
-2.08347225e+02 1.80435087e-03 5.23575721e-03 3.37387783e-03
-2.07680513e+02 1.66012520e-03 5.23624376e-03 3.37294573e-03
-2.07013802e+02 1.52323131e-03 5.23670546e-03 3.37204184e-03
-2.06347091e+02 1.39348479e-03 5.23714294e-03 3.37116791e-03
-2.05680380e+02 1.27070474e-03 5.23755682e-03 3.37032545e-03
-2.05013669e+02 1.15471329e-03 5.23794772e-03 3.36951576e-03
-2.04346958e+02 1.04533566e-03 5.23831624e-03 3.36873994e-03
-2.03680247e+02 9.42400186e-04 5.23866299e-03 3.36799890e-03
-2.03013536e+02 8.45738366e-04 5.23898853e-03 3.36729336e-03
-2.02346824e+02 7.55185379e-04 5.23929344e-03 3.36662392e-03
-2.01680113e+02 6.70579074e-04 5.23957826e-03 3.36599099e-03
-2.01013402e+02 5.91760053e-04 5.23984356e-03 3.36539487e-03
-2.00346691e+02 5.18572732e-04 5.24008986e-03 3.36483571e-03
-1.99679980e+02 4.50864877e-04 5.24031769e-03 3.36431357e-03
-1.99013269e+02 3.88487688e-04 5.24052754e-03 3.36382839e-03
-1.98346558e+02 3.31295846e-04 5.24071993e-03 3.36338001e-03
-1.97679847e+02 2.79147539e-04 5.24089533e-03 3.36296821e-03
-1.97013136e+02 2.31904447e-04 5.24105421e-03 3.36259266e-03
-1.96346424e+02 1.89432287e-04 5.24119704e-03 3.36225298e-03
-1.95679713e+02 1.51599774e-04 5.24132425e-03 3.36194871e-03
-1.95013002e+02 1.18278685e-04 5.24143628e-03 3.36167936e-03
-1.94346291e+02 8.93449012e-05 5.24153356e-03 3.36144437e-03
-1.93679580e+02 6.46779283e-05 5.24161648e-03 3.36124314e-03
-1.93012869e+02 4.41609614e-05 5.24168546e-03 3.36107504e-03
-1.92346158e+02 2.76809079e-05 5.24174086e-03 3.36093941e-03
-1.91679447e+02 1.51283734e-05 5.24178306e-03 3.36083555e-03
-1.91012735e+02 6.39819853e-06 5.24181241e-03 3.36076275e-03
-1.90346024e+02 1.38841662e-06 5.24182926e-03 3.36072030e-03
-1.89679313e+02 2.98208282e-10 5.24183393e-03 3.36070743e-03
-1.89012602e+02 2.13938154e-06 5.24182675e-03 3.36072341e-03
-1.88345891e+02 7.71496995e-06 5.24180802e-03 3.36076747e-03
-1.87679180e+02 1.66401653e-05 5.24177804e-03 3.36083885e-03
-1.87012469e+02 2.88318608e-05 5.24173707e-03 3.36093680e-03
-1.86345758e+02 4.42106964e-05 5.24168539e-03 3.36106056e-03
-1.85679047e+02 6.27009720e-05 5.24162325e-03 3.36120937e-03
-1.85012335e+02 8.42311014e-05 5.24155089e-03 3.36138248e-03
-1.84345624e+02 1.08732485e-04 5.24146853e-03 3.36157915e-03
-1.83678913e+02 1.36139446e-04 5.24137641e-03 3.36179865e-03
-1.83012202e+02 1.66390159e-04 5.24127471e-03 3.36204024e-03
-1.82345491e+02 1.99426031e-04 5.24116364e-03 3.36230322e-03
-1.81678780e+02 2.35191609e-04 5.24104339e-03 3.36258686e-03
-1.81012069e+02 2.73634434e-04 5.24091412e-03 3.36289047e-03
-1.80345358e+02 3.14704842e-04 5.24077600e-03 3.36321336e-03
-1.79678646e+02 3.58356295e-04 5.24062919e-03 3.36355484e-03
-1.79011935e+02 4.04544119e-04 5.24047383e-03 3.36391423e-03
-1.78345224e+02 4.53225298e-04 5.24031006e-03 3.36429086e-03
-1.77678513e+02 5.04359252e-04 5.24013803e-03 3.36468405e-03
-1.77011802e+02 5.57907057e-04 5.23995784e-03 3.36509313e-03
-1.76345091e+02 6.13831189e-04 5.23976964e-03 3.36551745e-03
-1.75678380e+02 6.72095221e-04 5.23957354e-03 3.36595634e-03
-1.75011669e+02 7.32663454e-04 5.23936966e-03 3.36640911e-03
-1.74344957e+02 7.95501099e-04 5.23915811e-03 3.36687511e-03
-1.73678246e+02 8.60572878e-04 5.23893900e-03 3.36735364e-03
-1.73011535e+02 9.27842678e-04 5.23871247e-03 3.36784402e-03
-1.72344824e+02 9.97274229e-04 5.23847861e-03 3.36834554e-03
-1.71678113e+02 1.06883023e-03 5.23823757e-03 3.36885750e-03
-1.71011402e+02 1.14247203e-03 5.23798946e-03 3.36937918e-03
-1.70344691e+02 1.21815928e-03 5.23773442e-03 3.36990983e-03
-1.69677980e+02 1.29584956e-03 5.23747258e-03 3.37044870e-03
-1.69011269e+02 1.37549803e-03 5.23720411e-03 3.37099503e-03
-1.68344557e+02 1.45705758e-03 5.23692914e-03 3.37154803e-03
-1.67677846e+02 1.54047755e-03 5.23664786e-03 3.37210691e-03
-1.67011135e+02 1.62570344e-03 5.23636044e-03 3.37267085e-03
-1.66344424e+02 1.71267776e-03 5.23606708e-03 3.37323903e-03
-1.65677713e+02 1.80133933e-03 5.23576797e-03 3.37381059e-03
-1.65011002e+02 1.89162324e-03 5.23546334e-03 3.37438470e-03
-1.64344291e+02 1.98346077e-03 5.23515341e-03 3.37496049e-03
-1.63677580e+02 2.07677938e-03 5.23483843e-03 3.37553711e-03
-1.63010868e+02 2.17150326e-03 5.23451865e-03 3.37611367e-03
-1.62344157e+02 2.26755246e-03 5.23419435e-03 3.37668931e-03
-1.61677446e+02 2.36484306e-03 5.23386579e-03 3.37726319e-03
-1.61010735e+02 2.46328854e-03 5.23353328e-03 3.37783443e-03
-1.60344024e+02 2.56279952e-03 5.23319711e-03 3.37840220e-03
-1.59677313e+02 2.66328432e-03 5.23285760e-03 3.37896569e-03
-1.59010602e+02 2.76464930e-03 5.23251505e-03 3.37952409e-03
-1.58343891e+02 2.86679946e-03 5.23216980e-03 3.38007663e-03
-1.57677180e+02 2.96963889e-03 5.23182215e-03 3.38062258e-03
-1.57010468e+02 3.07307191e-03 5.23147245e-03 3.38116122e-03
-1.56343757e+02 3.17700261e-03 5.23112101e-03 3.38169190e-03
-1.55677046e+02 3.28133555e-03 5.23076815e-03 3.38221399e-03
-1.55010335e+02 3.38597739e-03 5.23041419e-03 3.38272691e-03
-1.54343624e+02 3.49083711e-03 5.23005944e-03 3.38323013e-03
-1.53676913e+02 3.59582664e-03 5.22970420e-03 3.38372317e-03
-1.53010202e+02 3.70086152e-03 5.22934876e-03 3.38420561e-03
-1.52343491e+02 3.80586142e-03 5.22899338e-03 3.38467706e-03
-1.51676779e+02 3.91075125e-03 5.22863833e-03 3.38513721e-03
-1.51010068e+02 4.01546051e-03 5.22828384e-03 3.38558579e-03
-1.50343357e+02 4.11992379e-03 5.22793014e-03 3.38602257e-03
-1.49676646e+02 4.22408210e-03 5.22757742e-03 3.38644739e-03
-1.49009935e+02 4.32788263e-03 5.22722588e-03 3.38686012e-03
-1.48343224e+02 4.43127893e-03 5.22687566e-03 3.38726069e-03
-1.47676513e+02 4.53423097e-03 5.22652690e-03 3.38764907e-03
-1.47009802e+02 4.63670511e-03 5.22617972e-03 3.38802524e-03
-1.46343091e+02 4.73867386e-03 5.22583422e-03 3.38838926e-03
-1.45676379e+02 4.84011617e-03 5.22549047e-03 3.38874119e-03
-1.45009668e+02 4.94101603e-03 5.22514852e-03 3.38908112e-03
-1.44342957e+02 5.04136203e-03 5.22480841e-03 3.38940918e-03
-1.43676246e+02 5.14114792e-03 5.22447017e-03 3.38972549e-03
-1.43009535e+02 5.24037147e-03 5.22413380e-03 3.39003022e-03
-1.42342824e+02 5.33903392e-03 5.22379931e-03 3.39032351e-03
-1.41676113e+02 5.43713928e-03 5.22346668e-03 3.39060553e-03
-1.41009402e+02 5.53469355e-03 5.22313589e-03 3.39087647e-03
-1.40342690e+02 5.63170457e-03 5.22280691e-03 3.39113648e-03
-1.39675979e+02 5.72818020e-03 5.22247973e-03 3.39138575e-03
-1.39009268e+02 5.82412756e-03 5.22215431e-03 3.39162443e-03
-1.38342557e+02 5.91955347e-03 5.22183064e-03 3.39185270e-03
-1.37675846e+02 6.01446318e-03 5.22150870e-03 3.39207072e-03
-1.37009135e+02 6.10885985e-03 5.22118848e-03 3.39227862e-03
-1.36342424e+02 6.20274397e-03 5.22086999e-03 3.39247656e-03
-1.35675713e+02 6.29611286e-03 5.22055322e-03 3.39266468e-03
-1.35009002e+02 6.38896017e-03 5.22023820e-03 3.39284311e-03
-1.34342290e+02 6.48127609e-03 5.21992497e-03 3.39301197e-03
-1.33675579e+02 6.57304597e-03 5.21961358e-03 3.39317139e-03
-1.33008868e+02 6.66425017e-03 5.21930409e-03 3.39332150e-03
-1.32342157e+02 6.75486504e-03 5.21899659e-03 3.39346241e-03
-1.31675446e+02 6.84486232e-03 5.21869117e-03 3.39359425e-03
-1.31008735e+02 6.93420930e-03 5.21838795e-03 3.39371714e-03
-1.30342024e+02 7.02286899e-03 5.21808705e-03 3.39383122e-03
-1.29675313e+02 7.11080024e-03 5.21778861e-03 3.39393662e-03
-1.29008601e+02 7.19795859e-03 5.21749279e-03 3.39403348e-03
-1.28341890e+02 7.28429556e-03 5.21719975e-03 3.39412198e-03
-1.27675179e+02 7.36975898e-03 5.21690967e-03 3.39420227e-03
-1.27008468e+02 7.45429455e-03 5.21662272e-03 3.39427453e-03
-1.26341757e+02 7.53784570e-03 5.21633912e-03 3.39433897e-03
-1.25675046e+02 7.62035414e-03 5.21605905e-03 3.39439578e-03
-1.25008335e+02 7.70176035e-03 5.21578271e-03 3.39444521e-03
-1.24341624e+02 7.78200403e-03 5.21551032e-03 3.39448747e-03
-1.23674912e+02 7.86102510e-03 5.21524208e-03 3.39452284e-03
-1.23008201e+02 7.93876316e-03 5.21497818e-03 3.39455158e-03
-1.22341490e+02 8.01515794e-03 5.21471885e-03 3.39457397e-03
-1.21674779e+02 8.09015084e-03 5.21446427e-03 3.39459030e-03
-1.21008068e+02 8.16368479e-03 5.21421465e-03 3.39460089e-03
-1.20341357e+02 8.23570473e-03 5.21397016e-03 3.39460605e-03
-1.19674646e+02 8.30615799e-03 5.21373100e-03 3.39460610e-03
-1.19007935e+02 8.37499455e-03 5.21349732e-03 3.39460139e-03
-1.18341224e+02 8.44216733e-03 5.21326929e-03 3.39459224e-03
-1.17674512e+02 8.50763291e-03 5.21304705e-03 3.39457900e-03
-1.17007801e+02 8.57135070e-03 5.21283075e-03 3.39456202e-03
-1.16341090e+02 8.63328313e-03 5.21262051e-03 3.39454165e-03
-1.15674379e+02 8.69339676e-03 5.21241645e-03 3.39451821e-03
-1.15007668e+02 8.75166193e-03 5.21221866e-03 3.39449205e-03
-1.14340957e+02 8.80805283e-03 5.21202724e-03 3.39446352e-03
-1.13674246e+02 8.86254753e-03 5.21184225e-03 3.39443292e-03
-1.13007535e+02 8.91512795e-03 5.21166377e-03 3.39440059e-03
-1.12340823e+02 8.96578037e-03 5.21149183e-03 3.39436683e-03
-1.11674112e+02 9.01449431e-03 5.21132647e-03 3.39433194e-03
-1.11007401e+02 9.06126246e-03 5.21116772e-03 3.39429621e-03
-1.10340690e+02 9.10608169e-03 5.21101559e-03 3.39425991e-03
-1.09673979e+02 9.14895236e-03 5.21087007e-03 3.39422330e-03
-1.09007268e+02 9.18987831e-03 5.21073115e-03 3.39418663e-03
-1.08340557e+02 9.22886668e-03 5.21059882e-03 3.39415013e-03
-1.07673846e+02 9.26592778e-03 5.21047302e-03 3.39411402e-03
-1.07007135e+02 9.30107487e-03 5.21035372e-03 3.39407849e-03
-1.06340423e+02 9.33432453e-03 5.21024087e-03 3.39404373e-03
-1.05673712e+02 9.36569539e-03 5.21013439e-03 3.39400991e-03
-1.05007001e+02 9.39520801e-03 5.21003422e-03 3.39397719e-03
-1.04340290e+02 9.42288570e-03 5.20994028e-03 3.39394569e-03
-1.03673579e+02 9.44875389e-03 5.20985248e-03 3.39391554e-03
-1.03006868e+02 9.47283995e-03 5.20977073e-03 3.39388686e-03
-1.02340157e+02 9.49517304e-03 5.20969493e-03 3.39385973e-03
-1.01673446e+02 9.51578395e-03 5.20962497e-03 3.39383424e-03
-1.01006734e+02 9.53470539e-03 5.20956075e-03 3.39381045e-03
-1.00340023e+02 9.55197084e-03 5.20950215e-03 3.39378841e-03
-9.96733122e+01 9.56761427e-03 5.20944905e-03 3.39376818e-03
-9.90066011e+01 9.58167127e-03 5.20940134e-03 3.39374977e-03
-9.83398900e+01 9.59417840e-03 5.20935889e-03 3.39373320e-03
-9.76731789e+01 9.60517278e-03 5.20932158e-03 3.39371850e-03
-9.70064677e+01 9.61469219e-03 5.20928927e-03 3.39370565e-03
-9.63397566e+01 9.62277487e-03 5.20926183e-03 3.39369465e-03
-9.56730455e+01 9.62945938e-03 5.20923914e-03 3.39368549e-03
-9.50063344e+01 9.63478461e-03 5.20922106e-03 3.39367813e-03
-9.43396233e+01 9.63878962e-03 5.20920747e-03 3.39367255e-03
-9.36729122e+01 9.64151355e-03 5.20919822e-03 3.39366871e-03
-9.30062010e+01 9.64299557e-03 5.20919319e-03 3.39366657e-03
-9.23394899e+01 9.64327470e-03 5.20919223e-03 3.39366608e-03
-9.16727788e+01 9.64238976e-03 5.20919523e-03 3.39366719e-03
-9.10060677e+01 9.64037935e-03 5.20920205e-03 3.39366985e-03
-9.03393566e+01 9.63728177e-03 5.20921256e-03 3.39367399e-03
-8.96726454e+01 9.63313503e-03 5.20922663e-03 3.39367955e-03
-8.90059343e+01 9.62797664e-03 5.20924413e-03 3.39368648e-03
-8.83392232e+01 9.62184365e-03 5.20926494e-03 3.39369470e-03
-8.76725121e+01 9.61477262e-03 5.20928893e-03 3.39370415e-03
-8.70058010e+01 9.60679959e-03 5.20931598e-03 3.39371477e-03
-8.63390898e+01 9.59796009e-03 5.20934598e-03 3.39372648e-03
-8.56723787e+01 9.58828900e-03 5.20937880e-03 3.39373921e-03
-8.50056676e+01 9.57782053e-03 5.20941432e-03 3.39375290e-03
-8.43389565e+01 9.56658829e-03 5.20945243e-03 3.39376747e-03
-8.36722454e+01 9.55462526e-03 5.20949303e-03 3.39378287e-03
-8.30055343e+01 9.54196373e-03 5.20953600e-03 3.39379902e-03
-8.23388231e+01 9.52863534e-03 5.20958123e-03 3.39381586e-03
-8.16721120e+01 9.51467102e-03 5.20962862e-03 3.39383332e-03
-8.10054009e+01 9.50010090e-03 5.20967806e-03 3.39385134e-03
-8.03386898e+01 9.48495449e-03 5.20972946e-03 3.39386985e-03
-7.96719787e+01 9.46926054e-03 5.20978272e-03 3.39388880e-03
-7.90052675e+01 9.45304718e-03 5.20983774e-03 3.39390812e-03
-7.83385564e+01 9.43634174e-03 5.20989444e-03 3.39392776e-03
-7.76718453e+01 9.41917080e-03 5.20995271e-03 3.39394767e-03
-7.70051342e+01 9.40156030e-03 5.21001248e-03 3.39396779e-03
-7.63384231e+01 9.38353546e-03 5.21007365e-03 3.39398806e-03
-7.56717120e+01 9.36512082e-03 5.21013614e-03 3.39400845e-03
-7.50050008e+01 9.34634029e-03 5.21019988e-03 3.39402890e-03
-7.43382897e+01 9.32721703e-03 5.21026478e-03 3.39404936e-03
-7.36715786e+01 9.30777351e-03 5.21033077e-03 3.39406980e-03
-7.30048675e+01 9.28803157e-03 5.21039778e-03 3.39409017e-03
-7.23381564e+01 9.26801240e-03 5.21046572e-03 3.39411043e-03
-7.16714452e+01 9.24773663e-03 5.21053453e-03 3.39413055e-03
-7.10047341e+01 9.22722418e-03 5.21060415e-03 3.39415049e-03
-7.03380230e+01 9.20649432e-03 5.21067451e-03 3.39417022e-03
-6.96713119e+01 9.18556576e-03 5.21074554e-03 3.39418971e-03
-6.90046008e+01 9.16445664e-03 5.21081719e-03 3.39420892e-03
-6.83378896e+01 9.14318456e-03 5.21088939e-03 3.39422784e-03
-6.76711785e+01 9.12176651e-03 5.21096208e-03 3.39424644e-03
-6.70044674e+01 9.10021891e-03 5.21103522e-03 3.39426468e-03
-6.63377563e+01 9.07855769e-03 5.21110874e-03 3.39428256e-03
-6.56710452e+01 9.05679824e-03 5.21118259e-03 3.39430006e-03
-6.50043341e+01 9.03495549e-03 5.21125673e-03 3.39431714e-03
-6.43376229e+01 9.01304391e-03 5.21133110e-03 3.39433381e-03
-6.36709118e+01 8.99107745e-03 5.21140566e-03 3.39435004e-03
-6.30042007e+01 8.96906954e-03 5.21148036e-03 3.39436581e-03
-6.23374896e+01 8.94703321e-03 5.21155516e-03 3.39438113e-03
-6.16707785e+01 8.92498107e-03 5.21163001e-03 3.39439597e-03
-6.10040673e+01 8.90292533e-03 5.21170487e-03 3.39441033e-03
-6.03373562e+01 8.88087776e-03 5.21177971e-03 3.39442421e-03
-5.96706451e+01 8.85884965e-03 5.21185448e-03 3.39443758e-03
-5.90039340e+01 8.83685201e-03 5.21192915e-03 3.39445046e-03
-5.83372229e+01 8.81489543e-03 5.21200368e-03 3.39446283e-03
-5.76705118e+01 8.79299018e-03 5.21207803e-03 3.39447470e-03
-5.70038006e+01 8.77114620e-03 5.21215218e-03 3.39448606e-03
-5.63370895e+01 8.74937308e-03 5.21222608e-03 3.39449690e-03
-5.56703784e+01 8.72768001e-03 5.21229972e-03 3.39450724e-03
-5.50036673e+01 8.70607592e-03 5.21237305e-03 3.39451707e-03
-5.43369562e+01 8.68456944e-03 5.21244605e-03 3.39452639e-03
-5.36702450e+01 8.66316895e-03 5.21251870e-03 3.39453521e-03
-5.30035339e+01 8.64188248e-03 5.21259095e-03 3.39454353e-03
-5.23368228e+01 8.62071775e-03 5.21266280e-03 3.39455135e-03
-5.16701117e+01 8.59968226e-03 5.21273420e-03 3.39455869e-03
-5.10034006e+01 8.57878325e-03 5.21280514e-03 3.39456554e-03
-5.03366894e+01 8.55802776e-03 5.21287559e-03 3.39457191e-03
-4.96699783e+01 8.53742254e-03 5.21294554e-03 3.39457781e-03
-4.90032672e+01 8.51697407e-03 5.21301495e-03 3.39458324e-03
-4.83365561e+01 8.49668866e-03 5.21308381e-03 3.39458822e-03
-4.76698450e+01 8.47657239e-03 5.21315209e-03 3.39459276e-03
-4.70031339e+01 8.45663118e-03 5.21321978e-03 3.39459685e-03
-4.63364227e+01 8.43687075e-03 5.21328686e-03 3.39460052e-03
-4.56697116e+01 8.41729662e-03 5.21335331e-03 3.39460377e-03
-4.50030005e+01 8.39791404e-03 5.21341910e-03 3.39460661e-03
-4.43362894e+01 8.37872816e-03 5.21348423e-03 3.39460905e-03
-4.36695783e+01 8.35974393e-03 5.21354867e-03 3.39461110e-03
-4.30028671e+01 8.34096620e-03 5.21361241e-03 3.39461278e-03
-4.23361560e+01 8.32239959e-03 5.21367544e-03 3.39461410e-03
-4.16694449e+01 8.30404853e-03 5.21373773e-03 3.39461506e-03
-4.10027338e+01 8.28591735e-03 5.21379928e-03 3.39461567e-03
-4.03360227e+01 8.26801023e-03 5.21386006e-03 3.39461596e-03
-3.96693116e+01 8.25033121e-03 5.21392008e-03 3.39461593e-03
-3.90026004e+01 8.23288428e-03 5.21397930e-03 3.39461560e-03
-3.83358893e+01 8.21567321e-03 5.21403772e-03 3.39461497e-03
-3.76691782e+01 8.19870161e-03 5.21409533e-03 3.39461406e-03
-3.70024671e+01 8.18197304e-03 5.21415212e-03 3.39461289e-03
-3.63357560e+01 8.16549090e-03 5.21420807e-03 3.39461145e-03
-3.56690448e+01 8.14925855e-03 5.21426317e-03 3.39460978e-03
-3.50023337e+01 8.13327919e-03 5.21431741e-03 3.39460787e-03
-3.43356226e+01 8.11755586e-03 5.21437079e-03 3.39460574e-03
-3.36689115e+01 8.10209152e-03 5.21442328e-03 3.39460341e-03
-3.30022004e+01 8.08688905e-03 5.21447489e-03 3.39460088e-03
-3.23354892e+01 8.07195130e-03 5.21452559e-03 3.39459818e-03
-3.16687781e+01 8.05728094e-03 5.21457539e-03 3.39459530e-03
-3.10020670e+01 8.04288052e-03 5.21462427e-03 3.39459227e-03
-3.03353559e+01 8.02875255e-03 5.21467223e-03 3.39458910e-03
-2.96686448e+01 8.01489947e-03 5.21471926e-03 3.39458579e-03
-2.90019337e+01 8.00132363e-03 5.21476534e-03 3.39458237e-03
-2.83352225e+01 7.98802736e-03 5.21481047e-03 3.39457883e-03
-2.76685114e+01 7.97501284e-03 5.21485465e-03 3.39457520e-03
-2.70018003e+01 7.96228215e-03 5.21489787e-03 3.39457149e-03
-2.63350892e+01 7.94983733e-03 5.21494011e-03 3.39456770e-03
-2.56683781e+01 7.93768036e-03 5.21498138e-03 3.39456385e-03
-2.50016669e+01 7.92581318e-03 5.21502166e-03 3.39455995e-03
-2.43349558e+01 7.91423762e-03 5.21506095e-03 3.39455601e-03
-2.36682447e+01 7.90295540e-03 5.21509925e-03 3.39455204e-03
-2.30015336e+01 7.89196822e-03 5.21513655e-03 3.39454805e-03
-2.23348225e+01 7.88127771e-03 5.21517284e-03 3.39454406e-03
-2.16681114e+01 7.87088547e-03 5.21520811e-03 3.39454006e-03
-2.10014002e+01 7.86079308e-03 5.21524237e-03 3.39453608e-03
-2.03346891e+01 7.85100199e-03 5.21527561e-03 3.39453212e-03
-1.96679780e+01 7.84151358e-03 5.21530781e-03 3.39452819e-03
-1.90012669e+01 7.83232920e-03 5.21533899e-03 3.39452430e-03
-1.83345558e+01 7.82345015e-03 5.21536913e-03 3.39452046e-03
-1.76678446e+01 7.81487773e-03 5.21539823e-03 3.39451668e-03
-1.70011335e+01 7.80661312e-03 5.21542628e-03 3.39451297e-03
-1.63344224e+01 7.79865740e-03 5.21545329e-03 3.39450933e-03
-1.56677113e+01 7.79101167e-03 5.21547924e-03 3.39450577e-03
-1.50010002e+01 7.78367694e-03 5.21550414e-03 3.39450230e-03
-1.43342890e+01 7.77665424e-03 5.21552798e-03 3.39449893e-03
-1.36675779e+01 7.76994452e-03 5.21555075e-03 3.39449566e-03
-1.30008668e+01 7.76354859e-03 5.21557246e-03 3.39449250e-03
-1.23341557e+01 7.75746732e-03 5.21559311e-03 3.39448946e-03
-1.16674446e+01 7.75170148e-03 5.21561268e-03 3.39448655e-03
-1.10007335e+01 7.74625184e-03 5.21563118e-03 3.39448376e-03
-1.03340223e+01 7.74111917e-03 5.21564860e-03 3.39448111e-03
-9.66731122e+00 7.73630413e-03 5.21566494e-03 3.39447860e-03
-9.00060010e+00 7.73180730e-03 5.21568021e-03 3.39447623e-03
-8.33388898e+00 7.72762928e-03 5.21569439e-03 3.39447402e-03
-7.66717786e+00 7.72377062e-03 5.21570749e-03 3.39447196e-03
-7.00046674e+00 7.72023180e-03 5.21571950e-03 3.39447005e-03
-6.33375563e+00 7.71701326e-03 5.21573042e-03 3.39446831e-03
-5.66704451e+00 7.71411542e-03 5.21574026e-03 3.39446673e-03
-5.00033339e+00 7.71153864e-03 5.21574901e-03 3.39446532e-03
-4.33362227e+00 7.70928326e-03 5.21575666e-03 3.39446408e-03
-3.66691115e+00 7.70734955e-03 5.21576323e-03 3.39446301e-03
-3.00020003e+00 7.70573775e-03 5.21576870e-03 3.39446212e-03
-2.33348891e+00 7.70444807e-03 5.21577307e-03 3.39446140e-03
-1.66677780e+00 7.70348066e-03 5.21577636e-03 3.39446086e-03
-1.00006668e+00 7.70283565e-03 5.21577855e-03 3.39446051e-03
-3.33355559e-01 7.70251311e-03 5.21577964e-03 3.39446033e-03
3.33355559e-01 7.70251309e-03 5.21577964e-03 3.39446033e-03
1.00006668e+00 7.70283559e-03 5.21577855e-03 3.39446051e-03
1.66677780e+00 7.70348057e-03 5.21577636e-03 3.39446086e-03
2.33348891e+00 7.70444794e-03 5.21577308e-03 3.39446140e-03
3.00020003e+00 7.70573758e-03 5.21576870e-03 3.39446212e-03
3.66691115e+00 7.70734934e-03 5.21576323e-03 3.39446301e-03
4.33362227e+00 7.70928301e-03 5.21575666e-03 3.39446408e-03
5.00033339e+00 7.71153836e-03 5.21574901e-03 3.39446532e-03
5.66704451e+00 7.71411510e-03 5.21574026e-03 3.39446673e-03
6.33375563e+00 7.71701291e-03 5.21573042e-03 3.39446831e-03
7.00046674e+00 7.72023141e-03 5.21571950e-03 3.39447005e-03
7.66717786e+00 7.72377020e-03 5.21570749e-03 3.39447195e-03
8.33388898e+00 7.72762884e-03 5.21569439e-03 3.39447402e-03
9.00060010e+00 7.73180683e-03 5.21568021e-03 3.39447623e-03
9.66731122e+00 7.73630364e-03 5.21566494e-03 3.39447860e-03
1.03340223e+01 7.74111866e-03 5.21564860e-03 3.39448111e-03
1.10007335e+01 7.74625132e-03 5.21563118e-03 3.39448376e-03
1.16674446e+01 7.75170094e-03 5.21561268e-03 3.39448655e-03
1.23341557e+01 7.75746677e-03 5.21559311e-03 3.39448946e-03
1.30008668e+01 7.76354804e-03 5.21557246e-03 3.39449250e-03
1.36675779e+01 7.76994397e-03 5.21555075e-03 3.39449566e-03
1.43342890e+01 7.77665370e-03 5.21552798e-03 3.39449893e-03
1.50010002e+01 7.78367640e-03 5.21550414e-03 3.39450230e-03
1.56677113e+01 7.79101114e-03 5.21547924e-03 3.39450577e-03
1.63344224e+01 7.79865689e-03 5.21545329e-03 3.39450933e-03
1.70011335e+01 7.80661262e-03 5.21542628e-03 3.39451297e-03
1.76678446e+01 7.81487725e-03 5.21539823e-03 3.39451668e-03
1.83345558e+01 7.82344970e-03 5.21536913e-03 3.39452046e-03
1.90012669e+01 7.83232878e-03 5.21533899e-03 3.39452430e-03
1.96679780e+01 7.84151319e-03 5.21530782e-03 3.39452819e-03
2.03346891e+01 7.85100163e-03 5.21527561e-03 3.39453212e-03
2.10014002e+01 7.86079275e-03 5.21524237e-03 3.39453608e-03
2.16681114e+01 7.87088519e-03 5.21520811e-03 3.39454006e-03
2.23348225e+01 7.88127746e-03 5.21517284e-03 3.39454406e-03
2.30015336e+01 7.89196800e-03 5.21513655e-03 3.39454805e-03
2.36682447e+01 7.90295523e-03 5.21509925e-03 3.39455204e-03
2.43349558e+01 7.91423749e-03 5.21506095e-03 3.39455601e-03
2.50016669e+01 7.92581308e-03 5.21502166e-03 3.39455995e-03
2.56683781e+01 7.93768030e-03 5.21498138e-03 3.39456385e-03
2.63350892e+01 7.94983730e-03 5.21494011e-03 3.39456770e-03
2.70018003e+01 7.96228216e-03 5.21489787e-03 3.39457149e-03
2.76685114e+01 7.97501288e-03 5.21485465e-03 3.39457520e-03
2.83352225e+01 7.98802743e-03 5.21481047e-03 3.39457883e-03
2.90019337e+01 8.00132374e-03 5.21476534e-03 3.39458237e-03
2.96686448e+01 8.01489962e-03 5.21471926e-03 3.39458579e-03
3.03353559e+01 8.02875272e-03 5.21467223e-03 3.39458910e-03
3.10020670e+01 8.04288072e-03 5.21462427e-03 3.39459227e-03
3.16687781e+01 8.05728116e-03 5.21457539e-03 3.39459530e-03
3.23354892e+01 8.07195154e-03 5.21452559e-03 3.39459818e-03
3.30022004e+01 8.08688931e-03 5.21447489e-03 3.39460088e-03
3.36689115e+01 8.10209178e-03 5.21442328e-03 3.39460341e-03
3.43356226e+01 8.11755613e-03 5.21437079e-03 3.39460574e-03
3.50023337e+01 8.13327947e-03 5.21431741e-03 3.39460787e-03
3.56690448e+01 8.14925882e-03 5.21426317e-03 3.39460978e-03
3.63357560e+01 8.16549116e-03 5.21420807e-03 3.39461145e-03
3.70024671e+01 8.18197329e-03 5.21415212e-03 3.39461289e-03
3.76691782e+01 8.19870186e-03 5.21409533e-03 3.39461406e-03
3.83358893e+01 8.21567343e-03 5.21403772e-03 3.39461497e-03
3.90026004e+01 8.23288449e-03 5.21397930e-03 3.39461560e-03
3.96693116e+01 8.25033140e-03 5.21392008e-03 3.39461593e-03
4.03360227e+01 8.26801039e-03 5.21386006e-03 3.39461596e-03
4.10027338e+01 8.28591748e-03 5.21379928e-03 3.39461567e-03
4.16694449e+01 8.30404864e-03 5.21373773e-03 3.39461506e-03
4.23361560e+01 8.32239967e-03 5.21367544e-03 3.39461410e-03
4.30028671e+01 8.34096624e-03 5.21361241e-03 3.39461278e-03
4.36695783e+01 8.35974394e-03 5.21354867e-03 3.39461110e-03
4.43362894e+01 8.37872813e-03 5.21348423e-03 3.39460905e-03
4.50030005e+01 8.39791398e-03 5.21341910e-03 3.39460661e-03
4.56697116e+01 8.41729652e-03 5.21335331e-03 3.39460377e-03
4.63364227e+01 8.43687061e-03 5.21328686e-03 3.39460052e-03
4.70031339e+01 8.45663101e-03 5.21321979e-03 3.39459685e-03
4.76698450e+01 8.47657219e-03 5.21315209e-03 3.39459276e-03
4.83365561e+01 8.49668842e-03 5.21308381e-03 3.39458822e-03
4.90032672e+01 8.51697380e-03 5.21301495e-03 3.39458324e-03
4.96699783e+01 8.53742225e-03 5.21294554e-03 3.39457781e-03
5.03366894e+01 8.55802744e-03 5.21287560e-03 3.39457191e-03
5.10034006e+01 8.57878292e-03 5.21280514e-03 3.39456554e-03
5.16701117e+01 8.59968191e-03 5.21273420e-03 3.39455869e-03
5.23368228e+01 8.62071740e-03 5.21266280e-03 3.39455135e-03
5.30035339e+01 8.64188212e-03 5.21259095e-03 3.39454353e-03
5.36702450e+01 8.66316859e-03 5.21251870e-03 3.39453521e-03
5.43369562e+01 8.68456910e-03 5.21244606e-03 3.39452639e-03
5.50036673e+01 8.70607559e-03 5.21237305e-03 3.39451707e-03
5.56703784e+01 8.72767970e-03 5.21229972e-03 3.39450724e-03
5.63370895e+01 8.74937279e-03 5.21222608e-03 3.39449690e-03
5.70038006e+01 8.77114594e-03 5.21215218e-03 3.39448606e-03
5.76705118e+01 8.79298995e-03 5.21207803e-03 3.39447470e-03
5.83372229e+01 8.81489525e-03 5.21200368e-03 3.39446283e-03
5.90039340e+01 8.83685187e-03 5.21192915e-03 3.39445046e-03
5.96706451e+01 8.85884956e-03 5.21185448e-03 3.39443758e-03
6.03373562e+01 8.88087771e-03 5.21177971e-03 3.39442421e-03
6.10040673e+01 8.90292534e-03 5.21170487e-03 3.39441033e-03
6.16707785e+01 8.92498113e-03 5.21163001e-03 3.39439597e-03
6.23374896e+01 8.94703333e-03 5.21155516e-03 3.39438113e-03
6.30042007e+01 8.96906970e-03 5.21148036e-03 3.39436581e-03
6.36709118e+01 8.99107767e-03 5.21140566e-03 3.39435004e-03
6.43376229e+01 9.01304419e-03 5.21133110e-03 3.39433381e-03
6.50043341e+01 9.03495582e-03 5.21125673e-03 3.39431714e-03
6.56710452e+01 9.05679862e-03 5.21118259e-03 3.39430006e-03
6.63377563e+01 9.07855811e-03 5.21110874e-03 3.39428256e-03
6.70044674e+01 9.10021938e-03 5.21103522e-03 3.39426468e-03
6.76711785e+01 9.12176702e-03 5.21096208e-03 3.39424644e-03
6.83378896e+01 9.14318510e-03 5.21088939e-03 3.39422784e-03
6.90046008e+01 9.16445721e-03 5.21081719e-03 3.39420892e-03
6.96713119e+01 9.18556636e-03 5.21074554e-03 3.39418971e-03
7.03380230e+01 9.20649495e-03 5.21067451e-03 3.39417022e-03
7.10047341e+01 9.22722483e-03 5.21060415e-03 3.39415049e-03
7.16714452e+01 9.24773730e-03 5.21053453e-03 3.39413055e-03
7.23381564e+01 9.26801308e-03 5.21046572e-03 3.39411043e-03
7.30048675e+01 9.28803225e-03 5.21039777e-03 3.39409017e-03
7.36715786e+01 9.30777419e-03 5.21033077e-03 3.39406980e-03
7.43382897e+01 9.32721771e-03 5.21026478e-03 3.39404936e-03
7.50050008e+01 9.34634096e-03 5.21019988e-03 3.39402890e-03
7.56717120e+01 9.36512149e-03 5.21013614e-03 3.39400845e-03
7.63384231e+01 9.38353612e-03 5.21007365e-03 3.39398806e-03
7.70051342e+01 9.40156094e-03 5.21001247e-03 3.39396779e-03
7.76718453e+01 9.41917142e-03 5.20995271e-03 3.39394767e-03
7.83385564e+01 9.43634232e-03 5.20989443e-03 3.39392776e-03
7.90052675e+01 9.45304773e-03 5.20983774e-03 3.39390812e-03
7.96719787e+01 9.46926107e-03 5.20978272e-03 3.39388880e-03
8.03386898e+01 9.48495498e-03 5.20972946e-03 3.39386985e-03
8.10054009e+01 9.50010136e-03 5.20967806e-03 3.39385134e-03
8.16721120e+01 9.51467144e-03 5.20962861e-03 3.39383332e-03
8.23388231e+01 9.52863574e-03 5.20958123e-03 3.39381586e-03
8.30055343e+01 9.54196409e-03 5.20953600e-03 3.39379902e-03
8.36722454e+01 9.55462560e-03 5.20949303e-03 3.39378287e-03
8.43389565e+01 9.56658861e-03 5.20945243e-03 3.39376747e-03
8.50056676e+01 9.57782082e-03 5.20941432e-03 3.39375290e-03
8.56723787e+01 9.58828927e-03 5.20937880e-03 3.39373921e-03
8.63390898e+01 9.59796034e-03 5.20934598e-03 3.39372647e-03
8.70058010e+01 9.60679982e-03 5.20931598e-03 3.39371477e-03
8.76725121e+01 9.61477283e-03 5.20928893e-03 3.39370415e-03
8.83392232e+01 9.62184384e-03 5.20926494e-03 3.39369470e-03
8.90059343e+01 9.62797681e-03 5.20924413e-03 3.39368648e-03
8.96726454e+01 9.63313518e-03 5.20922663e-03 3.39367955e-03
9.03393566e+01 9.63728191e-03 5.20921256e-03 3.39367399e-03
9.10060677e+01 9.64037947e-03 5.20920205e-03 3.39366984e-03
9.16727788e+01 9.64238986e-03 5.20919523e-03 3.39366719e-03
9.23394899e+01 9.64327479e-03 5.20919223e-03 3.39366608e-03
9.30062010e+01 9.64299563e-03 5.20919319e-03 3.39366657e-03
9.36729122e+01 9.64151360e-03 5.20919822e-03 3.39366871e-03
9.43396233e+01 9.63878965e-03 5.20920747e-03 3.39367255e-03
9.50063344e+01 9.63478461e-03 5.20922106e-03 3.39367813e-03
9.56730455e+01 9.62945935e-03 5.20923914e-03 3.39368549e-03
9.63397566e+01 9.62277481e-03 5.20926183e-03 3.39369465e-03
9.70064677e+01 9.61469210e-03 5.20928927e-03 3.39370565e-03
9.76731789e+01 9.60517266e-03 5.20932158e-03 3.39371850e-03
9.83398900e+01 9.59417825e-03 5.20935889e-03 3.39373320e-03
9.90066011e+01 9.58167109e-03 5.20940134e-03 3.39374977e-03
9.96733122e+01 9.56761405e-03 5.20944906e-03 3.39376818e-03
1.00340023e+02 9.55197060e-03 5.20950215e-03 3.39378841e-03
1.01006734e+02 9.53470512e-03 5.20956075e-03 3.39381045e-03
1.01673446e+02 9.51578365e-03 5.20962497e-03 3.39383424e-03
1.02340157e+02 9.49517272e-03 5.20969493e-03 3.39385973e-03
1.03006868e+02 9.47283960e-03 5.20977073e-03 3.39388686e-03
1.03673579e+02 9.44875352e-03 5.20985248e-03 3.39391554e-03
1.04340290e+02 9.42288531e-03 5.20994028e-03 3.39394569e-03
1.05007001e+02 9.39520760e-03 5.21003422e-03 3.39397719e-03
1.05673712e+02 9.36569496e-03 5.21013439e-03 3.39400991e-03
1.06340423e+02 9.33432408e-03 5.21024087e-03 3.39404373e-03
1.07007135e+02 9.30107441e-03 5.21035372e-03 3.39407849e-03
1.07673846e+02 9.26592730e-03 5.21047302e-03 3.39411402e-03
1.08340557e+02 9.22886619e-03 5.21059882e-03 3.39415014e-03
1.09007268e+02 9.18987782e-03 5.21073116e-03 3.39418663e-03
1.09673979e+02 9.14895186e-03 5.21087007e-03 3.39422330e-03
1.10340690e+02 9.10608119e-03 5.21101559e-03 3.39425991e-03
1.11007401e+02 9.06126196e-03 5.21116772e-03 3.39429621e-03
1.11674112e+02 9.01449380e-03 5.21132647e-03 3.39433194e-03
1.12340823e+02 8.96577987e-03 5.21149183e-03 3.39436683e-03
1.13007535e+02 8.91512745e-03 5.21166377e-03 3.39440059e-03
1.13674246e+02 8.86254704e-03 5.21184226e-03 3.39443292e-03
1.14340957e+02 8.80805234e-03 5.21202724e-03 3.39446352e-03
1.15007668e+02 8.75166145e-03 5.21221866e-03 3.39449205e-03
1.15674379e+02 8.69339629e-03 5.21241645e-03 3.39451821e-03
1.16341090e+02 8.63328267e-03 5.21262051e-03 3.39454165e-03
1.17007801e+02 8.57135026e-03 5.21283075e-03 3.39456202e-03
1.17674512e+02 8.50763248e-03 5.21304705e-03 3.39457900e-03
1.18341224e+02 8.44216692e-03 5.21326929e-03 3.39459224e-03
1.19007935e+02 8.37499415e-03 5.21349732e-03 3.39460139e-03
1.19674646e+02 8.30615761e-03 5.21373100e-03 3.39460610e-03
1.20341357e+02 8.23570437e-03 5.21397017e-03 3.39460605e-03
1.21008068e+02 8.16368444e-03 5.21421465e-03 3.39460089e-03
1.21674779e+02 8.09015051e-03 5.21446428e-03 3.39459030e-03
1.22341490e+02 8.01515764e-03 5.21471885e-03 3.39457397e-03
1.23008201e+02 7.93876288e-03 5.21497819e-03 3.39455158e-03
1.23674912e+02 7.86102484e-03 5.21524208e-03 3.39452284e-03
1.24341624e+02 7.78200380e-03 5.21551032e-03 3.39448747e-03
1.25008335e+02 7.70176015e-03 5.21578271e-03 3.39444521e-03
1.25675046e+02 7.62035396e-03 5.21605905e-03 3.39439578e-03
1.26341757e+02 7.53784555e-03 5.21633912e-03 3.39433897e-03
1.27008468e+02 7.45429444e-03 5.21662272e-03 3.39427453e-03
1.27675179e+02 7.36975890e-03 5.21690967e-03 3.39420227e-03
1.28341890e+02 7.28429551e-03 5.21719975e-03 3.39412198e-03
1.29008601e+02 7.19795858e-03 5.21749279e-03 3.39403348e-03
1.29675313e+02 7.11080026e-03 5.21778861e-03 3.39393662e-03
1.30342024e+02 7.02286903e-03 5.21808705e-03 3.39383122e-03
1.31008735e+02 6.93420937e-03 5.21838795e-03 3.39371714e-03
1.31675446e+02 6.84486240e-03 5.21869117e-03 3.39359425e-03
1.32342157e+02 6.75486513e-03 5.21899659e-03 3.39346241e-03
1.33008868e+02 6.66425027e-03 5.21930409e-03 3.39332150e-03
1.33675579e+02 6.57304606e-03 5.21961358e-03 3.39317139e-03
1.34342290e+02 6.48127618e-03 5.21992497e-03 3.39301197e-03
1.35009002e+02 6.38896025e-03 5.22023820e-03 3.39284311e-03
1.35675713e+02 6.29611291e-03 5.22055322e-03 3.39266468e-03
1.36342424e+02 6.20274399e-03 5.22086999e-03 3.39247656e-03
1.37009135e+02 6.10885984e-03 5.22118848e-03 3.39227862e-03
1.37675846e+02 6.01446313e-03 5.22150870e-03 3.39207072e-03
1.38342557e+02 5.91955338e-03 5.22183064e-03 3.39185270e-03
1.39009268e+02 5.82412743e-03 5.22215431e-03 3.39162443e-03
1.39675979e+02 5.72818002e-03 5.22247973e-03 3.39138575e-03
1.40342690e+02 5.63170435e-03 5.22280691e-03 3.39113648e-03
1.41009402e+02 5.53469329e-03 5.22313589e-03 3.39087647e-03
1.41676113e+02 5.43713897e-03 5.22346668e-03 3.39060553e-03
1.42342824e+02 5.33903358e-03 5.22379931e-03 3.39032350e-03
1.43009535e+02 5.24037110e-03 5.22413380e-03 3.39003021e-03
1.43676246e+02 5.14114752e-03 5.22447017e-03 3.38972549e-03
1.44342957e+02 5.04136162e-03 5.22480841e-03 3.38940918e-03
1.45009668e+02 4.94101560e-03 5.22514852e-03 3.38908112e-03
1.45676379e+02 4.84011574e-03 5.22549047e-03 3.38874119e-03
1.46343091e+02 4.73867343e-03 5.22583422e-03 3.38838926e-03
1.47009802e+02 4.63670469e-03 5.22617972e-03 3.38802524e-03
1.47676513e+02 4.53423056e-03 5.22652690e-03 3.38764906e-03
1.48343224e+02 4.43127853e-03 5.22687566e-03 3.38726069e-03
1.49009935e+02 4.32788225e-03 5.22722588e-03 3.38686012e-03
1.49676646e+02 4.22408174e-03 5.22757742e-03 3.38644739e-03
1.50343357e+02 4.11992345e-03 5.22793014e-03 3.38602257e-03
1.51010068e+02 4.01546020e-03 5.22828384e-03 3.38558579e-03
1.51676779e+02 3.91075096e-03 5.22863833e-03 3.38513721e-03
1.52343491e+02 3.80586116e-03 5.22899338e-03 3.38467706e-03
1.53010202e+02 3.70086127e-03 5.22934876e-03 3.38420560e-03
1.53676913e+02 3.59582641e-03 5.22970420e-03 3.38372317e-03
1.54343624e+02 3.49083689e-03 5.23005944e-03 3.38323013e-03
1.55010335e+02 3.38597719e-03 5.23041419e-03 3.38272691e-03
1.55677046e+02 3.28133536e-03 5.23076815e-03 3.38221399e-03
1.56343757e+02 3.17700245e-03 5.23112101e-03 3.38169190e-03
1.57010468e+02 3.07307176e-03 5.23147245e-03 3.38116122e-03
1.57677180e+02 2.96963876e-03 5.23182215e-03 3.38062258e-03
1.58343891e+02 2.86679934e-03 5.23216980e-03 3.38007663e-03
1.59010602e+02 2.76464921e-03 5.23251505e-03 3.37952409e-03
1.59677313e+02 2.66328425e-03 5.23285760e-03 3.37896569e-03
1.60344024e+02 2.56279950e-03 5.23319711e-03 3.37840220e-03
1.61010735e+02 2.46328854e-03 5.23353328e-03 3.37783443e-03
1.61677446e+02 2.36484311e-03 5.23386579e-03 3.37726319e-03
1.62344157e+02 2.26755255e-03 5.23419435e-03 3.37668932e-03
1.63010868e+02 2.17150340e-03 5.23451865e-03 3.37611367e-03
1.63677580e+02 2.07677957e-03 5.23483843e-03 3.37553711e-03
1.64344291e+02 1.98346101e-03 5.23515341e-03 3.37496050e-03
1.65011002e+02 1.89162352e-03 5.23546334e-03 3.37438470e-03
1.65677713e+02 1.80133966e-03 5.23576797e-03 3.37381060e-03
1.66344424e+02 1.71267813e-03 5.23606708e-03 3.37323903e-03
1.67011135e+02 1.62570386e-03 5.23636044e-03 3.37267086e-03
1.67677846e+02 1.54047801e-03 5.23664786e-03 3.37210692e-03
1.68344557e+02 1.45705807e-03 5.23692914e-03 3.37154804e-03
1.69011269e+02 1.37549854e-03 5.23720411e-03 3.37099503e-03
1.69677980e+02 1.29585009e-03 5.23747258e-03 3.37044870e-03
1.70344691e+02 1.21815983e-03 5.23773441e-03 3.36990983e-03
1.71011402e+02 1.14247259e-03 5.23798946e-03 3.36937918e-03
1.71678113e+02 1.06883080e-03 5.23823757e-03 3.36885751e-03
1.72344824e+02 9.97274798e-04 5.23847861e-03 3.36834555e-03
1.73011535e+02 9.27843244e-04 5.23871246e-03 3.36784402e-03
1.73678246e+02 8.60573437e-04 5.23893900e-03 3.36735364e-03
1.74344957e+02 7.95501647e-04 5.23915811e-03 3.36687511e-03
1.75011669e+02 7.32663985e-04 5.23936966e-03 3.36640912e-03
1.75678380e+02 6.72095730e-04 5.23957354e-03 3.36595634e-03
1.76345091e+02 6.13831671e-04 5.23976964e-03 3.36551746e-03
1.77011802e+02 5.57907505e-04 5.23995784e-03 3.36509314e-03
1.77678513e+02 5.04359662e-04 5.24013802e-03 3.36468405e-03
1.78345224e+02 4.53225665e-04 5.24031006e-03 3.36429086e-03
1.79011935e+02 4.04544437e-04 5.24047383e-03 3.36391423e-03
1.79678646e+02 3.58356561e-04 5.24062919e-03 3.36355484e-03
1.80345358e+02 3.14705054e-04 5.24077600e-03 3.36321336e-03
1.81012069e+02 2.73634590e-04 5.24091412e-03 3.36289048e-03
1.81678780e+02 2.35191708e-04 5.24104339e-03 3.36258686e-03
1.82345491e+02 1.99426074e-04 5.24116364e-03 3.36230322e-03
1.83012202e+02 1.66390148e-04 5.24127471e-03 3.36204024e-03
1.83678913e+02 1.36139383e-04 5.24137641e-03 3.36179865e-03
1.84345624e+02 1.08732374e-04 5.24146853e-03 3.36157915e-03
1.85012335e+02 8.42309467e-05 5.24155089e-03 3.36138248e-03
1.85679047e+02 6.27007789e-05 5.24162325e-03 3.36120936e-03
1.86345758e+02 4.42104707e-05 5.24168539e-03 3.36106056e-03
1.87012469e+02 2.88316085e-05 5.24173707e-03 3.36093680e-03
1.87679180e+02 1.66398927e-05 5.24177804e-03 3.36083885e-03
1.88345891e+02 7.71468309e-06 5.24180802e-03 3.36076747e-03
1.89012602e+02 2.13908630e-06 5.24182675e-03 3.36072340e-03
1.89679313e+02 0.00000000e+00 5.24183393e-03 3.36070743e-03
1.90346024e+02 1.38812031e-06 5.24182926e-03 3.36072029e-03
1.91012735e+02 6.39790838e-06 5.24181241e-03 3.36076275e-03
1.91679447e+02 1.51280930e-05 5.24178306e-03 3.36083555e-03
1.92346158e+02 2.76806405e-05 5.24174086e-03 3.36093941e-03
1.93012869e+02 4.41607095e-05 5.24168546e-03 3.36107504e-03
1.93679580e+02 6.46776943e-05 5.24161648e-03 3.36124314e-03
1.94346291e+02 8.93446873e-05 5.24153356e-03 3.36144437e-03
1.95013002e+02 1.18278494e-04 5.24143628e-03 3.36167936e-03
1.95679713e+02 1.51599607e-04 5.24132425e-03 3.36194871e-03
1.96346424e+02 1.89432147e-04 5.24119704e-03 3.36225298e-03
1.97013136e+02 2.31904336e-04 5.24105421e-03 3.36259266e-03
1.97679847e+02 2.79147460e-04 5.24089533e-03 3.36296821e-03
1.98346558e+02 3.31295803e-04 5.24071993e-03 3.36338001e-03
1.99013269e+02 3.88487684e-04 5.24052754e-03 3.36382839e-03
1.99679980e+02 4.50864916e-04 5.24031769e-03 3.36431357e-03
2.00346691e+02 5.18572817e-04 5.24008986e-03 3.36483571e-03
2.01013402e+02 5.91760186e-04 5.23984356e-03 3.36539487e-03
2.01680113e+02 6.70579256e-04 5.23957826e-03 3.36599099e-03
2.02346824e+02 7.55185611e-04 5.23929344e-03 3.36662392e-03
2.03013536e+02 8.45738645e-04 5.23898853e-03 3.36729337e-03
2.03680247e+02 9.42400509e-04 5.23866299e-03 3.36799890e-03
2.04346958e+02 1.04533602e-03 5.23831624e-03 3.36873994e-03
2.05013669e+02 1.15471368e-03 5.23794772e-03 3.36951577e-03
2.05680380e+02 1.27070515e-03 5.23755682e-03 3.37032545e-03
2.06347091e+02 1.39348520e-03 5.23714293e-03 3.37116791e-03
2.07013802e+02 1.52323171e-03 5.23670546e-03 3.37204184e-03
2.07680513e+02 1.66012559e-03 5.23624376e-03 3.37294573e-03
2.08347225e+02 1.80435122e-03 5.23575721e-03 3.37387783e-03
2.09013936e+02 1.95609544e-03 5.23524514e-03 3.37483615e-03
2.09680647e+02 2.11554745e-03 5.23470692e-03 3.37581844e-03
2.10347358e+02 2.28289986e-03 5.23414186e-03 3.37682216e-03
2.11014069e+02 2.45834811e-03 5.23354928e-03 3.37784447e-03
2.11680780e+02 2.64209051e-03 5.23292850e-03 3.37888222e-03
2.12347491e+02 2.83432817e-03 5.23227882e-03 3.37993191e-03
2.13014202e+02 3.03526498e-03 5.23159953e-03 3.38098970e-03
2.13680913e+02 3.24510748e-03 5.23088991e-03 3.38205135e-03
2.14347625e+02 3.46406535e-03 5.23014923e-03 3.38311225e-03
2.15014336e+02 3.69235028e-03 5.22937675e-03 3.38416733e-03
2.15681047e+02 3.93017594e-03 5.22857174e-03 3.38521111e-03
2.16347758e+02 4.17775891e-03 5.22773345e-03 3.38623761e-03
2.17014469e+02 4.43531818e-03 5.22686111e-03 3.38724036e-03
2.17681180e+02 4.70307507e-03 5.22595396e-03 3.38821240e-03
2.18347891e+02 4.98125320e-03 5.22501124e-03 3.38914618e-03
2.19014602e+02 5.27007839e-03 5.22403218e-03 3.39003363e-03
2.19681314e+02 5.56977908e-03 5.22301598e-03 3.39086603e-03
2.20348025e+02 5.88058526e-03 5.22196188e-03 3.39163407e-03
2.21014736e+02 6.20272833e-03 5.22086909e-03 3.39232778e-03
2.21681447e+02 6.53644211e-03 5.21973682e-03 3.39293651e-03
2.22348158e+02 6.88196221e-03 5.21856429e-03 3.39344888e-03
2.23014869e+02 7.23952599e-03 5.21735073e-03 3.39385282e-03
2.23681580e+02 7.60937247e-03 5.21609534e-03 3.39413544e-03
2.24348291e+02 7.99174217e-03 5.21479735e-03 3.39428311e-03
2.25015003e+02 8.38687751e-03 5.21345599e-03 3.39428134e-03
2.25681714e+02 8.79502175e-03 5.21207049e-03 3.39411482e-03
2.26348425e+02 9.21641874e-03 5.21064010e-03 3.39376734e-03
2.27015136e+02 9.65131394e-03 5.20916407e-03 3.39322183e-03
2.27681847e+02 1.00999538e-02 5.20764167e-03 3.39246025e-03
2.28348558e+02 1.05625856e-02 5.20607219e-03 3.39146365e-03
2.29015269e+02 1.10394574e-02 5.20445491e-03 3.39021210e-03
2.29681980e+02 1.15308179e-02 5.20278916e-03 3.38868467e-03
2.30348691e+02 1.20369162e-02 5.20107428e-03 3.38685944e-03
2.31015403e+02 1.25580022e-02 5.19930962e-03 3.38471348e-03
2.31682114e+02 1.30943252e-02 5.19749459e-03 3.38222279e-03
2.32348825e+02 1.36461341e-02 5.19562860e-03 3.37936237e-03
2.33015536e+02 1.42136780e-02 5.19371111e-03 3.37610615e-03
2.33682247e+02 1.47972054e-02 5.19174161e-03 3.37242703e-03
2.34348958e+02 1.53969644e-02 5.18971964e-03 3.36829685e-03
2.35015669e+02 1.60132023e-02 5.18764477e-03 3.36368644e-03
2.35682380e+02 1.66461655e-02 5.18551664e-03 3.35856559e-03
2.36349092e+02 1.72960996e-02 5.18333491e-03 3.35290311e-03
2.37015803e+02 1.79632485e-02 5.18109933e-03 3.34666683e-03
2.37682514e+02 1.86478538e-02 5.17880968e-03 3.33982365e-03
2.38349225e+02 1.93501560e-02 5.17646584e-03 3.33233956e-03
2.39015936e+02 2.00703936e-02 5.17406772e-03 3.32417975e-03
2.39682647e+02 2.08088030e-02 5.17161535e-03 3.31530858e-03
2.40349358e+02 2.15656185e-02 5.16910879e-03 3.30568972e-03
2.41016069e+02 2.23410715e-02 5.16654821e-03 3.29528621e-03
2.41682780e+02 2.31353910e-02 5.16393387e-03 3.28406052e-03
2.42349492e+02 2.39488032e-02 5.16126611e-03 3.27197471e-03
2.43016203e+02 2.47815308e-02 5.15854539e-03 3.25899047e-03
2.43682914e+02 2.56337924e-02 5.15577225e-03 3.24506932e-03
2.44349625e+02 2.65058036e-02 5.15294736e-03 3.23017267e-03
2.45016336e+02 2.73977760e-02 5.15007147e-03 3.21426205e-03
2.45683047e+02 2.83099173e-02 5.14714549e-03 3.19729918e-03
2.46349758e+02 2.92424311e-02 5.14417042e-03 3.17924622e-03
2.47016469e+02 3.01955164e-02 5.14114740e-03 3.16006591e-03
2.47683181e+02 3.11693683e-02 5.13807770e-03 3.13972182e-03
2.48349892e+02 3.21641765e-02 5.13496271e-03 3.11817849e-03
2.49016603e+02 3.31801252e-02 5.13180398e-03 3.09540171e-03
2.49683314e+02 3.42173942e-02 5.12860319e-03 3.07135875e-03
2.50350025e+02 3.52761580e-02 5.12536215e-03 3.04601856e-03
2.51016736e+02 3.63565859e-02 5.12208285e-03 3.01935210e-03
2.51683447e+02 3.74588416e-02 5.11876738e-03 2.99133251e-03
2.52350158e+02 3.85830835e-02 5.11541801e-03 2.96193549e-03
2.53016869e+02 3.97294642e-02 5.11203716e-03 2.93113946e-03
2.53683581e+02 4.08981312e-02 5.10862737e-03 2.89892596e-03
2.54350292e+02 4.20892253e-02 5.10519134e-03 2.86527983e-03
2.55017003e+02 4.33028812e-02 5.10173193e-03 2.83018958e-03
2.55683714e+02 4.45392279e-02 5.09825212e-03 2.79364761e-03
2.56350425e+02 4.57983884e-02 5.09475503e-03 2.75565051e-03
2.57017136e+02 4.70804797e-02 5.09124393e-03 2.71619934e-03
2.57683847e+02 4.83856129e-02 5.08772219e-03 2.67529988e-03
2.58350558e+02 4.97138928e-02 5.08419332e-03 2.63296286e-03
2.59017270e+02 5.10654188e-02 5.08066094e-03 2.58920421e-03
2.59683981e+02 5.24402840e-02 5.07712876e-03 2.54404528e-03
2.60350692e+02 5.38385745e-02 5.07360060e-03 2.49751299e-03
2.61017403e+02 5.52603714e-02 5.07008036e-03 2.44964002e-03
2.61684114e+02 5.67057496e-02 5.06657200e-03 2.40046494e-03
2.62350825e+02 5.81747786e-02 5.06307955e-03 2.35003229e-03
2.63017536e+02 5.96675220e-02 5.05960708e-03 2.29839262e-03
2.63684247e+02 6.11840379e-02 5.05615869e-03 2.24560258e-03
2.64350958e+02 6.27243788e-02 5.05273849e-03 2.19172482e-03
2.65017670e+02 6.42885922e-02 5.04935060e-03 2.13682799e-03
2.65684381e+02 6.58767198e-02 5.04599911e-03 2.08098658e-03
2.66351092e+02 6.74887972e-02 5.04268807e-03 2.02428078e-03
2.67017803e+02 6.91248556e-02 5.03942149e-03 1.96679627e-03
2.67684514e+02 7.07849207e-02 5.03620330e-03 1.90862396e-03
2.68351225e+02 7.24690134e-02 5.03303735e-03 1.84985964e-03
2.69017936e+02 7.41771498e-02 5.02992735e-03 1.79060366e-03
2.69684647e+02 7.59093408e-02 5.02687692e-03 1.73096049e-03
2.70351359e+02 7.76655933e-02 5.02388950e-03 1.67103824e-03
2.71018070e+02 7.94459088e-02 5.02096840e-03 1.61094817e-03
2.71684781e+02 8.12502837e-02 5.01811672e-03 1.55080413e-03
2.72351492e+02 8.30787100e-02 5.01533737e-03 1.49072195e-03
2.73018203e+02 8.49311755e-02 5.01263307e-03 1.43081882e-03
2.73684914e+02 8.68076633e-02 5.01000627e-03 1.37121261e-03
2.74351625e+02 8.87081520e-02 5.00745922e-03 1.31202118e-03
2.75018336e+02 9.06326159e-02 5.00499389e-03 1.25336169e-03
2.75685048e+02 9.25810250e-02 5.00261200e-03 1.19534984e-03
2.76351759e+02 9.45533447e-02 5.00031498e-03 1.13809919e-03
2.77018470e+02 9.65495350e-02 4.99810402e-03 1.08172038e-03
2.77685181e+02 9.85695521e-02 4.99597999e-03 1.02632046e-03
2.78351892e+02 1.00613348e-01 4.99394348e-03 9.72002175e-04
2.79018603e+02 1.02680869e-01 4.99199480e-03 9.18863280e-04
2.79685314e+02 1.04772059e-01 4.99013398e-03 8.66995914e-04
2.80352025e+02 1.06886856e-01 4.98836074e-03 8.16486005e-04
2.81018736e+02 1.09025193e-01 4.98667455e-03 7.67412723e-04
2.81685448e+02 1.11187000e-01 4.98507459e-03 7.19847993e-04
2.82352159e+02 1.13372201e-01 4.98355978e-03 6.73856071e-04
2.83018870e+02 1.15580716e-01 4.98212879e-03 6.29493184e-04
2.83685581e+02 1.17812459e-01 4.98078007e-03 5.86807248e-04
2.84352292e+02 1.20067342e-01 4.97951181e-03 5.45837660e-04
2.85019003e+02 1.22345268e-01 4.97832203e-03 5.06615169e-04
2.85685714e+02 1.24646141e-01 4.97720853e-03 4.69161836e-04
2.86352425e+02 1.26969855e-01 4.97616894e-03 4.33491063e-04
2.87019137e+02 1.29316304e-01 4.97520076e-03 3.99607721e-04
2.87685848e+02 1.31685374e-01 4.97430134e-03 3.67508340e-04
2.88352559e+02 1.34076949e-01 4.97346791e-03 3.37181381e-04
2.89019270e+02 1.36490907e-01 4.97269764e-03 3.08607586e-04
2.89685981e+02 1.38927121e-01 4.97198758e-03 2.81760381e-04
2.90352692e+02 1.41385463e-01 4.97133478e-03 2.56606347e-04
2.91019403e+02 1.43865799e-01 4.97073623e-03 2.33105742e-04
2.91686114e+02 1.46367992e-01 4.97018891e-03 2.11213068e-04
2.92352825e+02 1.48891901e-01 4.96968983e-03 1.90877673e-04
2.93019537e+02 1.51437382e-01 4.96923601e-03 1.72044379e-04
2.93686248e+02 1.54004289e-01 4.96882451e-03 1.54654130e-04
2.94352959e+02 1.56592469e-01 4.96845245e-03 1.38644647e-04
2.95019670e+02 1.59201771e-01 4.96811703e-03 1.23951082e-04
2.95686381e+02 1.61832038e-01 4.96781553e-03 1.10506666e-04
2.96353092e+02 1.64483114e-01 4.96754532e-03 9.82433364e-05
2.97019803e+02 1.67154837e-01 4.96730388e-03 8.70923446e-05
2.97686514e+02 1.69847048e-01 4.96708881e-03 7.69848269e-05
2.98353226e+02 1.72559584e-01 4.96689780e-03 6.78523439e-05
2.99019937e+02 1.75292281e-01 4.96672869e-03 5.96273744e-05
2.99686648e+02 1.78044975e-01 4.96657944e-03 5.22437645e-05
3.00353359e+02 1.80817499e-01 4.96644813e-03 4.56371276e-05
3.01020070e+02 1.83609689e-01 4.96633298e-03 3.97451931e-05
3.01686781e+02 1.86421380e-01 4.96623230e-03 3.45081044e-05
3.02353492e+02 1.89252407e-01 4.96614458e-03 2.98686638e-05
3.03020203e+02 1.92102604e-01 4.96606839e-03 2.57725284e-05
3.03686914e+02 1.94971810e-01 4.96600244e-03 2.21683547e-05
3.04353626e+02 1.97859862e-01 4.96594553e-03 1.90078984e-05
3.05020337e+02 2.00766598e-01 4.96589660e-03 1.62460691e-05
3.05687048e+02 2.03691858e-01 4.96585465e-03 1.38409454e-05
3.06353759e+02 2.06635485e-01 4.96581883e-03 1.17537528e-05
3.07020470e+02 2.09597321e-01 4.96578833e-03 9.94881009e-06
3.07687181e+02 2.12577213e-01 4.96576246e-03 8.39344728e-06
3.08353892e+02 2.15575008e-01 4.96574059e-03 7.05789957e-06
3.09020603e+02 2.18590557e-01 4.96572216e-03 5.91518214e-06
3.09687315e+02 2.21623712e-01 4.96570668e-03 4.94094930e-06
3.10354026e+02 2.24674329e-01 4.96569374e-03 4.11334211e-06
3.11020737e+02 2.27742265e-01 4.96568294e-03 3.41282811e-06
3.11687448e+02 2.30827380e-01 4.96567397e-03 2.82203644e-06
3.12354159e+02 2.33929538e-01 4.96566655e-03 2.32559131e-06
3.13020870e+02 2.37048605e-01 4.96566042e-03 1.90994658e-06
3.13687581e+02 2.40184450e-01 4.96565539e-03 1.56322356e-06
3.14354292e+02 2.43336944e-01 4.96565126e-03 1.27505393e-06
3.15021004e+02 2.46505964e-01 4.96564790e-03 1.03642941e-06
3.15687715e+02 2.49691387e-01 4.96564516e-03 8.39559212e-07
3.16354426e+02 2.52893093e-01 4.96564294e-03 6.77736215e-07
3.17021137e+02 2.56110967e-01 4.96564115e-03 5.45212483e-07
3.17687848e+02 2.59344895e-01 4.96563970e-03 4.37084364e-07
3.18354559e+02 2.62594767e-01 4.96563855e-03 3.49187325e-07
3.19021270e+02 2.65860477e-01 4.96563762e-03 2.78000419e-07
3.19687981e+02 2.69141918e-01 4.96563689e-03 2.20560132e-07
3.20354692e+02 2.72438991e-01 4.96563631e-03 1.74383241e-07
3.21021404e+02 2.75751598e-01 4.96563585e-03 1.37398196e-07
3.21688115e+02 2.79079642e-01 4.96563548e-03 1.07884511e-07
3.22354826e+02 2.82423031e-01 4.96563520e-03 8.44195507e-08
3.23021537e+02 2.85781673e-01 4.96563497e-03 6.58321202e-08
3.23688248e+02 2.89155482e-01 4.96563480e-03 5.11622258e-08
3.24354959e+02 2.92544371e-01 4.96563467e-03 3.96264046e-08
3.25021670e+02 2.95948259e-01 4.96563456e-03 3.05880233e-08
3.25688381e+02 2.99367065e-01 4.96563448e-03 2.35319822e-08
3.26355093e+02 3.02800712e-01 4.96563442e-03 1.80432952e-08
3.27021804e+02 3.06249125e-01 4.96563437e-03 1.37890511e-08
3.27688515e+02 3.09712230e-01 4.96563434e-03 1.05033081e-08
3.28355226e+02 3.13189955e-01 4.96563431e-03 7.97451219e-09
3.29021937e+02 3.16682232e-01 4.96563429e-03 6.03507464e-09
3.29688648e+02 3.20188995e-01 4.96563427e-03 4.55278319e-09
3.30355359e+02 3.23710179e-01 4.96563426e-03 3.42376153e-09
3.31022070e+02 3.27245721e-01 4.96563425e-03 2.56672756e-09
3.31688781e+02 3.30795560e-01 4.96563424e-03 1.91833464e-09
3.32355493e+02 3.34359640e-01 4.96563424e-03 1.42941052e-09
3.33022204e+02 3.37937902e-01 4.96563423e-03 1.06193592e-09
3.33688915e+02 3.41530291e-01 4.96563423e-03 7.86629323e-10
3.34355626e+02 3.45136753e-01 4.96563423e-03 5.81025449e-10
3.35022337e+02 3.48757236e-01 4.96563423e-03 4.27953939e-10
3.35689048e+02 3.52391690e-01 4.96563423e-03 3.14340442e-10
3.36355759e+02 3.56040066e-01 4.96563423e-03 2.30266175e-10
3.37022470e+02 3.59702318e-01 4.96563423e-03 1.68233585e-10
3.37689182e+02 3.63378398e-01 4.96563423e-03 1.22595505e-10
3.38355893e+02 3.67068263e-01 4.96563423e-03 8.91133660e-11
3.39022604e+02 3.70771869e-01 4.96563423e-03 6.46167597e-11
3.39689315e+02 3.74489174e-01 4.96563422e-03 4.67422285e-11
3.40356026e+02 3.78220137e-01 4.96563422e-03 3.37336730e-11
3.41022737e+02 3.81964718e-01 4.96563422e-03 2.42904721e-11
3.41689448e+02 3.85722880e-01 4.96563422e-03 1.74523715e-11
3.42356159e+02 3.89494583e-01 4.96563422e-03 1.25125829e-11
3.43022870e+02 3.93279793e-01 4.96563422e-03 8.95243239e-12
3.43689582e+02 3.97078474e-01 4.96563422e-03 6.39239747e-12
3.44356293e+02 4.00890591e-01 4.96563422e-03 4.55555858e-12
3.45023004e+02 4.04716110e-01 4.96563422e-03 3.24041368e-12
3.45689715e+02 4.08554996e-01 4.96563422e-03 2.30072785e-12
3.46356426e+02 4.12407218e-01 4.96563422e-03 1.63064766e-12
3.47023137e+02 4.16272742e-01 4.96563422e-03 1.15374076e-12
3.47689848e+02 4.20151537e-01 4.96563422e-03 8.14951255e-13
3.48356559e+02 4.24043570e-01 4.96563422e-03 5.74713341e-13
3.49023271e+02 4.27948810e-01 4.96563422e-03 4.04656908e-13
3.49689982e+02 4.31867224e-01 4.96563422e-03 2.84483620e-13
3.50356693e+02 4.35798782e-01 4.96563422e-03 1.99700698e-13
3.51023404e+02 4.39743448e-01 4.96563422e-03 1.39981321e-13
3.51690115e+02 4.43701192e-01 4.96563422e-03 9.79814267e-14
3.52356826e+02 4.47671979e-01 4.96563422e-03 6.84879878e-14
3.53023537e+02 4.51655776e-01 4.96563422e-03 4.78073540e-14
3.53690248e+02 4.55652546e-01 4.96563422e-03 3.33270023e-14
3.54356959e+02 4.59662254e-01 4.96563422e-03 2.32022232e-14
3.55023671e+02 4.63684863e-01 4.96563422e-03 1.61325997e-14
3.55690382e+02 4.67720334e-01 4.96563422e-03 1.12028684e-14
3.56357093e+02 4.71768626e-01 4.96563422e-03 7.76984084e-15
3.57023804e+02 4.75829695e-01 4.96563422e-03 5.38220435e-15
3.57690515e+02 4.79903498e-01 4.96563422e-03 3.72374482e-15
3.58357226e+02 4.83989988e-01 4.96563422e-03 2.57322178e-15
3.59023937e+02 4.88089116e-01 4.96563422e-03 1.77605946e-15
3.59690648e+02 4.92200830e-01 4.96563422e-03 1.22440675e-15
3.60357360e+02 4.96325075e-01 4.96563422e-03 8.43114277e-16
3.61024071e+02 5.00461795e-01 4.96563422e-03 5.79887787e-16
3.61690782e+02 5.04610929e-01 4.96563422e-03 3.98384379e-16
3.62357493e+02 5.08772413e-01 4.96563422e-03 2.73379093e-16
3.63024204e+02 5.12946179e-01 4.96563422e-03 1.87385790e-16
3.63690915e+02 5.17132157e-01 4.96563422e-03 1.28298024e-16
3.64357626e+02 5.21330273e-01 4.96563422e-03 8.77442732e-17
3.65024337e+02 5.25540449e-01 4.96563422e-03 5.99427432e-17
3.65691049e+02 5.29762604e-01 4.96563422e-03 4.09050562e-17
3.66357760e+02 5.33996651e-01 4.96563422e-03 2.78832559e-17
3.67024471e+02 5.38242500e-01 4.96563422e-03 1.89862726e-17
3.67691182e+02 5.42500057e-01 4.96563422e-03 1.29142559e-17
3.68357893e+02 5.46769225e-01 4.96563422e-03 8.77478149e-18
3.69024604e+02 5.51049900e-01 4.96563422e-03 5.95585888e-18
3.69691315e+02 5.55341977e-01 4.96563422e-03 4.03829170e-18
3.70358026e+02 5.59645346e-01 4.96563422e-03 2.73527082e-18
3.71024737e+02 5.63959891e-01 4.96563422e-03 1.85078782e-18
3.71691449e+02 5.68285495e-01 4.96563422e-03 1.25103950e-18
3.72358160e+02 5.72622035e-01 4.96563422e-03 8.44788650e-19
3.73024871e+02 5.76969385e-01 4.96563422e-03 5.69891926e-19
3.73691582e+02 5.81327414e-01 4.96563422e-03 3.84068944e-19
3.74358293e+02 5.85695987e-01 4.96563422e-03 2.58584893e-19
3.75025004e+02 5.90074967e-01 4.96563422e-03 1.73932017e-19
3.75691715e+02 5.94464213e-01 4.96563422e-03 1.16880927e-19
3.76358426e+02 5.98863580e-01 4.96563422e-03 7.84695072e-20
3.77025138e+02 6.03272920e-01 4.96563422e-03 5.26328553e-20
3.77691849e+02 6.07692083e-01 4.96563422e-03 3.52709664e-20
3.78358560e+02 6.12120914e-01 4.96563422e-03 2.36150043e-20
3.79025271e+02 6.16559255e-01 4.96563422e-03 1.57970094e-20
3.79691982e+02 6.21006949e-01 4.96563422e-03 1.05580558e-20
3.80358693e+02 6.25463832e-01 4.96563422e-03 7.05052417e-21
3.81025404e+02 6.29929742e-01 4.96563422e-03 4.70428353e-21
3.81692115e+02 6.34404513e-01 4.96563422e-03 3.13622014e-21
3.82358826e+02 6.38887977e-01 4.96563422e-03 2.08913724e-21
3.83025538e+02 6.43379966e-01 4.96563422e-03 1.39053293e-21
3.83692249e+02 6.47880308e-01 4.96563422e-03 9.24817457e-22
3.84358960e+02 6.52388833e-01 4.96563422e-03 6.14607439e-22
3.85025671e+02 6.56905366e-01 4.96563422e-03 4.08143924e-22
3.85692382e+02 6.61429735e-01 4.96563422e-03 2.70837820e-22
3.86359093e+02 6.65961765e-01 4.96563422e-03 1.79594277e-22
3.87025804e+02 6.70501282e-01 4.96563422e-03 1.19006225e-22
3.87692515e+02 6.75048111e-01 4.96563422e-03 7.88038931e-23
3.88359227e+02 6.79602078e-01 4.96563422e-03 5.21474767e-23
3.89025938e+02 6.84163009e-01 4.96563422e-03 3.44852502e-23
3.89692649e+02 6.88730728e-01 4.96563422e-03 2.27905470e-23
3.90359360e+02 6.93305062e-01 4.96563422e-03 1.50523469e-23
3.91026071e+02 6.97885838e-01 4.96563422e-03 9.93547413e-24
3.91692782e+02 7.02472885e-01 4.96563422e-03 6.55412408e-24
3.92359493e+02 7.07066032e-01 4.96563422e-03 4.32104859e-24
3.93026204e+02 7.11665111e-01 4.96563422e-03 2.84720522e-24
3.93692915e+02 7.16269954e-01 4.96563422e-03 1.87503843e-24
3.94359627e+02 7.20880395e-01 4.96563422e-03 1.23415569e-24
3.95026338e+02 7.25496271e-01 4.96563422e-03 8.11903899e-25
3.95693049e+02 7.30117421e-01 4.96563422e-03 5.33851749e-25
3.96359760e+02 7.34743684e-01 4.96563422e-03 3.50852409e-25
3.97026471e+02 7.39374904e-01 4.96563422e-03 2.30474195e-25
3.97693182e+02 7.44010926e-01 4.96563422e-03 1.51328391e-25
3.98359893e+02 7.48651601e-01 4.96563422e-03 9.93172985e-26
3.99026604e+02 7.53296778e-01 4.96563422e-03 6.51541019e-26
3.99693316e+02 7.57946314e-01 4.96563422e-03 4.27244913e-26
4.00360027e+02 7.62600066e-01 4.96563422e-03 2.80050329e-26
4.01026738e+02 7.67257896e-01 4.96563422e-03 1.83495312e-26
4.01693449e+02 7.71919669e-01 4.96563422e-03 1.20184672e-26
4.02360160e+02 7.76585253e-01 4.96563422e-03 7.86889601e-27
4.03026871e+02 7.81254522e-01 4.96563422e-03 5.15020359e-27
4.03693582e+02 7.85927351e-01 4.96563422e-03 3.36965907e-27
4.04360293e+02 7.90603621e-01 4.96563422e-03 2.20395874e-27
4.05027005e+02 7.95283216e-01 4.96563422e-03 1.44105877e-27
4.05693716e+02 7.99966027e-01 4.96563422e-03 9.41944492e-28
4.06360427e+02 8.04651943e-01 4.96563422e-03 6.15515236e-28
4.07027138e+02 8.09340864e-01 4.96563422e-03 4.02093005e-28
4.07693849e+02 8.14032688e-01 4.96563422e-03 2.62598727e-28
4.08360560e+02 8.18727322e-01 4.96563422e-03 1.71451432e-28
4.09027271e+02 8.23424674e-01 4.96563422e-03 1.11911797e-28
4.09693982e+02 8.28124659e-01 4.96563422e-03 7.30298743e-29
4.10360693e+02 8.32827194e-01 4.96563422e-03 4.76451492e-29
4.11027405e+02 8.37532202e-01 4.96563422e-03 3.10766099e-29
4.11694116e+02 8.42239608e-01 4.96563422e-03 2.02650921e-29
4.12360827e+02 8.46949342e-01 4.96563422e-03 1.32119391e-29
4.13027538e+02 8.51661337e-01 4.96563422e-03 8.61173107e-30
4.13694249e+02 8.56375531e-01 4.96563422e-03 5.61206892e-30
4.14360960e+02 8.61091865e-01 4.96563422e-03 3.65650985e-30
4.15027671e+02 8.65810285e-01 4.96563422e-03 2.38190335e-30
4.15694382e+02 8.70530738e-01 4.96563422e-03 1.55130585e-30
4.16361094e+02 8.75253179e-01 4.96563422e-03 1.01015672e-30
4.17027805e+02 8.79977563e-01 4.96563422e-03 6.57657974e-31
4.17694516e+02 8.84703849e-01 4.96563422e-03 4.28088206e-31
4.18361227e+02 8.89432001e-01 4.96563422e-03 2.78605678e-31
4.19027938e+02 8.94161986e-01 4.96563422e-03 1.81289119e-31
4.19694649e+02 8.98893774e-01 4.96563422e-03 1.17945123e-31
4.20361360e+02 9.03627341e-01 4.96563422e-03 7.67213008e-32
4.21028071e+02 9.08362665e-01 4.96563422e-03 4.98977257e-32
4.21694782e+02 9.13099729e-01 4.96563422e-03 3.24470569e-32
4.22361494e+02 9.17838520e-01 4.96563422e-03 2.10960144e-32
4.23028205e+02 9.22579031e-01 4.96563422e-03 1.37137643e-32
4.23694916e+02 9.27321256e-01 4.96563422e-03 8.91342383e-33
4.24361627e+02 9.32065196e-01 4.96563422e-03 5.79247697e-33
4.25028338e+02 9.36810858e-01 4.96563422e-03 3.76370901e-33
4.25695049e+02 9.41558253e-01 4.96563422e-03 2.44511682e-33
4.26361760e+02 9.46307398e-01 4.96563422e-03 1.58823483e-33
4.27028471e+02 9.51058317e-01 4.96563422e-03 1.03147998e-33
4.27695183e+02 9.55811042e-01 4.96563422e-03 6.69787594e-34
4.28361894e+02 9.60565607e-01 4.96563422e-03 4.34853103e-34
4.29028605e+02 9.65322057e-01 4.96563422e-03 2.82277294e-34
4.29695316e+02 9.70080444e-01 4.96563422e-03 1.83204298e-34
4.30362027e+02 9.74840827e-01 4.96563422e-03 1.18883032e-34
4.31028738e+02 9.79603274e-01 4.96563422e-03 7.71305533e-35
4.31695449e+02 9.84367861e-01 4.96563422e-03 5.00325823e-35
4.32362160e+02 9.89134674e-01 4.96563422e-03 3.24486398e-35
4.33028871e+02 9.93903808e-01 4.96563422e-03 2.10404027e-35
4.33695583e+02 9.98675367e-01 4.96563422e-03 1.36402423e-35
4.34362294e+02 1.00344947e+00 4.96563422e-03 8.84090572e-36
4.35029005e+02 1.00822623e+00 4.96563422e-03 5.72893452e-36
4.35695716e+02 1.01300578e+00 4.96563422e-03 3.71149431e-36
4.36362427e+02 1.01778828e+00 4.96563422e-03 2.40390126e-36
4.37029138e+02 1.02257386e+00 4.96563422e-03 1.55658200e-36
4.37695849e+02 1.02736270e+00 4.96563422e-03 1.00764888e-36
4.38362560e+02 1.03215495e+00 4.96563422e-03 6.52112034e-37
4.39029272e+02 1.03695082e+00 4.96563422e-03 4.21895135e-37
4.39695983e+02 1.04175047e+00 4.96563422e-03 2.72865941e-37
4.40362694e+02 1.04655412e+00 4.96563422e-03 1.76420688e-37
4.41029405e+02 1.05136195e+00 4.96563422e-03 1.14024345e-37
4.41696116e+02 1.05617420e+00 4.96563422e-03 7.36691713e-38
4.42362827e+02 1.06099106e+00 4.96563422e-03 4.75779852e-38
4.43029538e+02 1.06581278e+00 4.96563422e-03 3.07149679e-38
4.43696249e+02 1.07063956e+00 4.96563422e-03 1.98202587e-38
4.44362960e+02 1.07547166e+00 4.96563422e-03 1.27842463e-38
4.45029672e+02 1.08030929e+00 4.96563422e-03 8.24211649e-39
4.45696383e+02 1.08515270e+00 4.96563422e-03 5.31118664e-39
4.46363094e+02 1.09000213e+00 4.96563422e-03 3.42078271e-39
4.47029805e+02 1.09485781e+00 4.96563422e-03 2.20208411e-39
4.47696516e+02 1.09971998e+00 4.96563422e-03 1.41681734e-39
4.48363227e+02 1.10458886e+00 4.96563422e-03 9.11111257e-40
4.49029938e+02 1.10946469e+00 4.96563422e-03 5.85645075e-40
4.49696649e+02 1.11434770e+00 4.96563422e-03 3.76343441e-40
4.50363361e+02 1.11923810e+00 4.96563422e-03 2.41897806e-40
4.51030072e+02 1.12413611e+00 4.96563422e-03 1.55705199e-40
4.51696783e+02 1.12904193e+00 4.96563422e-03 1.00665839e-40
4.52363494e+02 1.13395576e+00 4.96563422e-03 6.58321043e-41
4.53030205e+02 1.13887778e+00 4.96563422e-03 4.42589092e-41
4.53696916e+02 1.14380818e+00 4.96563422e-03 3.16379915e-41
4.54363627e+02 1.14874711e+00 4.96563422e-03 2.54507674e-41
4.55030338e+02 1.15369474e+00 4.96563422e-03 2.44754768e-41
4.55697050e+02 1.15865121e+00 4.96563422e-03 2.85539720e-41
4.56363761e+02 1.16361665e+00 4.96563422e-03 3.85752783e-41
4.57030472e+02 1.16859116e+00 4.96563422e-03 5.66773023e-41
4.57697183e+02 1.17357487e+00 4.96563422e-03 8.67138603e-41
4.58363894e+02 1.17856785e+00 4.96563422e-03 1.35091251e-40
4.59030605e+02 1.18357018e+00 4.96563422e-03 2.12159340e-40
4.59697316e+02 1.18858193e+00 4.96563422e-03 3.34464467e-40
4.60364027e+02 1.19360315e+00 4.96563422e-03 5.28362782e-40
4.61030738e+02 1.19863387e+00 4.96563422e-03 8.35796070e-40
4.61697450e+02 1.20367411e+00 4.96563422e-03 1.32351625e-39
4.62364161e+02 1.20872388e+00 4.96563422e-03 2.09781971e-39
4.63030872e+02 1.21378319e+00 4.96563422e-03 3.32809496e-39
4.63697583e+02 1.21885201e+00 4.96563422e-03 5.28448088e-39
4.64364294e+02 1.22393031e+00 4.96563422e-03 8.39813533e-39
4.65031005e+02 1.22901806e+00 4.96563422e-03 1.33577620e-38
4.65697716e+02 1.23411521e+00 4.96563422e-03 2.12643245e-38
4.66364427e+02 1.23922169e+00 4.96563422e-03 3.38792062e-38
4.67031139e+02 1.24433744e+00 4.96563422e-03 5.40225479e-38
4.67697850e+02 1.24946237e+00 4.96563422e-03 8.62131017e-38
4.68364561e+02 1.25459640e+00 4.96563422e-03 1.37696759e-37
4.69031272e+02 1.25973943e+00 4.96563422e-03 2.20100991e-37
4.69697983e+02 1.26489135e+00 4.96563422e-03 3.52097891e-37
4.70364694e+02 1.27005206e+00 4.96563422e-03 5.63693535e-37
4.71031405e+02 1.27522142e+00 4.96563422e-03 9.03141309e-37
4.71698116e+02 1.28039932e+00 4.96563422e-03 1.44809140e-36
4.72364827e+02 1.28558562e+00 4.96563422e-03 2.32358321e-36
4.73031539e+02 1.29078019e+00 4.96563422e-03 3.73109785e-36
4.73698250e+02 1.29598289e+00 4.96563422e-03 5.99549683e-36
4.74364961e+02 1.30119357e+00 4.96563422e-03 9.64090123e-36
4.75031672e+02 1.30641207e+00 4.96563422e-03 1.55134223e-35
4.75698383e+02 1.31163824e+00 4.96563422e-03 2.49797771e-35
4.76365094e+02 1.31687191e+00 4.96563422e-03 4.02488729e-35
4.77031805e+02 1.32211293e+00 4.96563422e-03 6.48927527e-35
4.77698516e+02 1.32736112e+00 4.96563422e-03 1.04690891e-34
4.78365228e+02 1.33261631e+00 4.96563422e-03 1.68999167e-34
4.79031939e+02 1.33787832e+00 4.96563422e-03 2.72970533e-34
4.79698650e+02 1.34314697e+00 4.96563422e-03 4.41158755e-34
4.80365361e+02 1.34842206e+00 4.96563422e-03 7.13368914e-34
4.81032072e+02 1.35370341e+00 4.96563422e-03 1.15415898e-33
4.81698783e+02 1.35899083e+00 4.96563422e-03 1.86827630e-33
4.82365494e+02 1.36428411e+00 4.96563422e-03 3.02574434e-33
4.83032205e+02 1.36958304e+00 4.96563422e-03 4.90264495e-33
4.83698916e+02 1.37488742e+00 4.96563422e-03 7.94743449e-33
4.84365628e+02 1.38019703e+00 4.96563422e-03 1.28888082e-32
4.85032339e+02 1.38551164e+00 4.96563422e-03 2.09111832e-32
4.85699050e+02 1.39083104e+00 4.96563422e-03 3.39402483e-32
4.86365761e+02 1.39615499e+00 4.96563422e-03 5.51076964e-32
4.87032472e+02 1.40148325e+00 4.96563422e-03 8.95076927e-32
4.87699183e+02 1.40681557e+00 4.96563422e-03 1.45428361e-31
4.88365894e+02 1.41215170e+00 4.96563422e-03 2.36356758e-31
4.89032605e+02 1.41749139e+00 4.96563422e-03 3.84243365e-31
4.89699317e+02 1.42283437e+00 4.96563422e-03 6.24817489e-31
4.90366028e+02 1.42818037e+00 4.96563422e-03 1.01624208e-30
4.91032739e+02 1.43352910e+00 4.96563422e-03 1.65320556e-30
4.91699450e+02 1.43888029e+00 4.96563422e-03 2.68986485e-30
4.92366161e+02 1.44423365e+00 4.96563422e-03 4.37719572e-30
4.93032872e+02 1.44958888e+00 4.96563422e-03 7.12378999e-30
4.93699583e+02 1.45494566e+00 4.96563422e-03 1.15948033e-29
4.94366294e+02 1.46030370e+00 4.96563422e-03 1.88729616e-29
4.95033006e+02 1.46566267e+00 4.96563422e-03 3.07204922e-29
4.95699717e+02 1.47102226e+00 4.96563422e-03 5.00051294e-29
4.96366428e+02 1.47638213e+00 4.96563422e-03 8.13927741e-29
4.97033139e+02 1.48174194e+00 4.96563422e-03 1.32473348e-28
4.97699850e+02 1.48710136e+00 4.96563422e-03 2.15590109e-28
4.98366561e+02 1.49246005e+00 4.96563422e-03 3.50810797e-28
4.99033272e+02 1.49781765e+00 4.96563422e-03 5.70751256e-28
4.99699983e+02 1.50317382e+00 4.96563422e-03 9.28402908e-28
5.00366694e+02 1.50852819e+00 4.96563422e-03 1.50982837e-27
5.01033406e+02 1.51388041e+00 4.96563422e-03 2.45474196e-27
5.01700117e+02 1.51923012e+00 4.96563422e-03 3.98985326e-27
5.02366828e+02 1.52457695e+00 4.96563422e-03 6.48285656e-27
5.03033539e+02 1.52992053e+00 4.96563422e-03 1.05297944e-26
5.03700250e+02 1.53526050e+00 4.96563422e-03 1.70963322e-26
5.04366961e+02 1.54059649e+00 4.96563422e-03 2.77460506e-26
5.05033672e+02 1.54592813e+00 4.96563422e-03 4.50090877e-26
5.05700383e+02 1.55125506e+00 4.96563422e-03 7.29769561e-26
5.06367095e+02 1.55657691e+00 4.96563422e-03 1.18261543e-25
5.07033806e+02 1.56189331e+00 4.96563422e-03 1.91539986e-25
5.07700517e+02 1.56720390e+00 4.96563422e-03 3.10041220e-25
5.08367228e+02 1.57250831e+00 4.96563422e-03 5.01544633e-25
5.09033939e+02 1.57780620e+00 4.96563422e-03 8.10804452e-25
5.09700650e+02 1.58309720e+00 4.96563422e-03 1.30986165e-24
5.10367361e+02 1.58838096e+00 4.96563422e-03 2.11457958e-24
5.11034072e+02 1.59365714e+00 4.96563422e-03 3.41113301e-24
5.11700783e+02 1.59892539e+00 4.96563422e-03 5.49839809e-24
5.12367495e+02 1.60418536e+00 4.96563422e-03 8.85571619e-24
5.13034206e+02 1.60943674e+00 4.96563422e-03 1.42511024e-23
5.13700917e+02 1.61467918e+00 4.96563422e-03 2.29138448e-23
5.14367628e+02 1.61991235e+00 4.96563422e-03 3.68094990e-23
5.15034339e+02 1.62513595e+00 4.96563422e-03 5.90775094e-23
5.15701050e+02 1.63034965e+00 4.96563422e-03 9.47268077e-23
5.16367761e+02 1.63555315e+00 4.96563422e-03 1.51740115e-22
5.17034472e+02 1.64074614e+00 4.96563422e-03 2.42824917e-22
5.17701184e+02 1.64592832e+00 4.96563422e-03 3.88186277e-22
5.18367895e+02 1.65109941e+00 4.96563422e-03 6.19912195e-22
5.19034606e+02 1.65625910e+00 4.96563422e-03 9.88900171e-22
5.19701317e+02 1.66140713e+00 4.96563422e-03 1.57578302e-21
5.20368028e+02 1.66654321e+00 4.96563422e-03 2.50813965e-21
5.21034739e+02 1.67166708e+00 4.96563422e-03 3.98756897e-21
5.21701450e+02 1.67677847e+00 4.96563422e-03 6.33221985e-21
5.22368161e+02 1.68187711e+00 4.96563422e-03 1.00435062e-20
5.23034872e+02 1.68696276e+00 4.96563422e-03 1.59106100e-20
5.23701584e+02 1.69203517e+00 4.96563422e-03 2.51739384e-20
5.24368295e+02 1.69709409e+00 4.96563422e-03 3.97804164e-20
5.25035006e+02 1.70213929e+00 4.96563422e-03 6.27816162e-20
5.25701717e+02 1.70717054e+00 4.96563422e-03 9.89537096e-20
5.26368428e+02 1.71218761e+00 4.96563422e-03 1.55761360e-19
5.27035139e+02 1.71719028e+00 4.96563422e-03 2.44854063e-19
5.27701850e+02 1.72217833e+00 4.96563422e-03 3.84385451e-19
5.28368561e+02 1.72715157e+00 4.96563422e-03 6.02602529e-19
5.29035273e+02 1.73210978e+00 4.96563422e-03 9.43391415e-19
5.29701984e+02 1.73705278e+00 4.96563422e-03 1.47483241e-18
5.30368695e+02 1.74198036e+00 4.96563422e-03 2.30237613e-18
5.31035406e+02 1.74689236e+00 4.96563422e-03 3.58910388e-18
5.31702117e+02 1.75178859e+00 4.96563422e-03 5.58683037e-18
5.32368828e+02 1.75666889e+00 4.96563422e-03 8.68377225e-18
5.33035539e+02 1.76153309e+00 4.96563422e-03 1.34774850e-17
5.33702250e+02 1.76638103e+00 4.96563422e-03 2.08862756e-17
5.34368961e+02 1.77121258e+00 4.96563422e-03 3.23191026e-17
5.35035673e+02 1.77602759e+00 4.96563422e-03 4.99342260e-17
5.35702384e+02 1.78082593e+00 4.96563422e-03 7.70322965e-17
5.36369095e+02 1.78560747e+00 4.96563422e-03 1.18652729e-16
5.37035806e+02 1.79037210e+00 4.96563422e-03 1.82476915e-16
5.37702517e+02 1.79511971e+00 4.96563422e-03 2.80193729e-16
5.38369228e+02 1.79985019e+00 4.96563422e-03 4.29560272e-16
5.39035939e+02 1.80456345e+00 4.96563422e-03 6.57506201e-16
5.39702650e+02 1.80925940e+00 4.96563422e-03 1.00480153e-15
5.40369362e+02 1.81393797e+00 4.96563422e-03 1.53306219e-15
5.41036073e+02 1.81859908e+00 4.96563422e-03 2.33524418e-15
5.41702784e+02 1.82324267e+00 4.96563422e-03 3.55133277e-15
5.42369495e+02 1.82786868e+00 4.96563422e-03 5.39175161e-15
5.43036206e+02 1.83247706e+00 4.96563422e-03 8.17221879e-15
5.43702917e+02 1.83706776e+00 4.96563422e-03 1.23655370e-14
5.44369628e+02 1.84164074e+00 4.96563422e-03 1.86783770e-14
5.45036339e+02 1.84619598e+00 4.96563422e-03 2.81648584e-14
5.45703051e+02 1.85073345e+00 4.96563422e-03 4.23941677e-14
5.46369762e+02 1.85525312e+00 4.96563422e-03 6.36973212e-14
5.47036473e+02 1.85975498e+00 4.96563422e-03 9.55295232e-14
5.47703184e+02 1.86423901e+00 4.96563422e-03 1.43000868e-13
5.48369895e+02 1.86870521e+00 4.96563422e-03 2.13651463e-13
5.49036606e+02 1.87315357e+00 4.96563422e-03 3.18580298e-13
5.49703317e+02 1.87758409e+00 4.96563422e-03 4.74084420e-13
5.50370028e+02 1.88199676e+00 4.96563422e-03 7.04031669e-13
5.51036739e+02 1.88639160e+00 4.96563422e-03 1.04328417e-12
5.51703451e+02 1.89076860e+00 4.96563422e-03 1.54262127e-12
5.52370162e+02 1.89512778e+00 4.96563422e-03 2.27579381e-12
5.53036873e+02 1.89946913e+00 4.96563422e-03 3.34959578e-12
5.53703584e+02 1.90379267e+00 4.96563422e-03 4.91818969e-12
5.54370295e+02 1.90809841e+00 4.96563422e-03 7.20340244e-12
5.55037006e+02 1.91238635e+00 4.96563422e-03 1.05233638e-11
5.55703717e+02 1.91665649e+00 4.96563422e-03 1.53327478e-11
5.56370428e+02 1.92090885e+00 4.96563422e-03 2.22790738e-11
5.57037140e+02 1.92514343e+00 4.96563422e-03 3.22811274e-11
5.57703851e+02 1.92936024e+00 4.96563422e-03 4.66376909e-11
5.58370562e+02 1.93355928e+00 4.96563422e-03 6.71775938e-11
5.59037273e+02 1.93774054e+00 4.96563422e-03 9.64657859e-11
5.59703984e+02 1.94190403e+00 4.96563422e-03 1.38084960e-10
5.60370695e+02 1.94604975e+00 4.96563422e-03 1.97018475e-10
5.61037406e+02 1.95017770e+00 4.96563422e-03 2.80168350e-10
5.61704117e+02 1.95428786e+00 4.96563422e-03 3.97052279e-10
5.62370828e+02 1.95838023e+00 4.96563422e-03 5.60736530e-10
5.63037540e+02 1.96245480e+00 4.96563422e-03 7.89077746e-10
5.63704251e+02 1.96651156e+00 4.96563421e-03 1.10636678e-09
5.64370962e+02 1.97055050e+00 4.96563421e-03 1.54549248e-09
5.65037673e+02 1.97457159e+00 4.96563420e-03 2.15077355e-09
5.65704384e+02 1.97857483e+00 4.96563420e-03 2.98164331e-09
5.66371095e+02 1.98256019e+00 4.96563418e-03 4.11741603e-09
5.67037806e+02 1.98652765e+00 4.96563417e-03 5.66341538e-09
5.67704517e+02 1.99047718e+00 4.96563415e-03 7.75880678e-09
5.68371229e+02 1.99440877e+00 4.96563412e-03 1.05865460e-08
5.69037940e+02 1.99832238e+00 4.96563408e-03 1.43859373e-08
5.69704651e+02 2.00221799e+00 4.96563402e-03 1.94683865e-08
5.70371362e+02 2.00609556e+00 4.96563395e-03 2.62370349e-08
5.71038073e+02 2.00995506e+00 4.96563385e-03 3.52110745e-08
5.71704784e+02 2.01379646e+00 4.96563371e-03 4.70556606e-08
5.72371495e+02 2.01761972e+00 4.96563354e-03 6.26184705e-08
5.73038206e+02 2.02142480e+00 4.96563330e-03 8.29740811e-08
5.73704917e+02 2.02521166e+00 4.96563299e-03 1.09477473e-07
5.74371629e+02 2.02898027e+00 4.96563258e-03 1.43828086e-07
5.75038340e+02 2.03273057e+00 4.96563204e-03 1.88145977e-07
5.75705051e+02 2.03646253e+00 4.96563133e-03 2.45061700e-07
5.76371762e+02 2.04017609e+00 4.96563042e-03 3.17821619e-07
5.77038473e+02 2.04387120e+00 4.96562923e-03 4.10410379e-07
5.77705184e+02 2.04754782e+00 4.96562771e-03 5.27692221e-07
5.78371895e+02 2.05120589e+00 4.96562576e-03 6.75572784e-07
5.79038606e+02 2.05484535e+00 4.96562327e-03 8.61182836e-07
5.79705318e+02 2.05846614e+00 4.96562010e-03 1.09308517e-06
5.80372029e+02 2.06206820e+00 4.96561609e-03 1.38150556e-06
5.81038740e+02 2.06565147e+00 4.96561105e-03 1.73858821e-06
5.81705451e+02 2.06921589e+00 4.96560472e-03 2.17867570e-06
5.82372162e+02 2.07276138e+00 4.96559682e-03 2.71861252e-06
5.83038873e+02 2.07628787e+00 4.96558700e-03 3.37807091e-06
5.83705584e+02 2.07979530e+00 4.96557485e-03 4.17989636e-06
5.84372295e+02 2.08328358e+00 4.96555987e-03 5.15046963e-06
5.85039007e+02 2.08675264e+00 4.96554149e-03 6.32008068e-06
5.85705718e+02 2.09020240e+00 4.96551904e-03 7.72330910e-06
5.86372429e+02 2.09363277e+00 4.96549173e-03 9.39940425e-06
5.87039140e+02 2.09704368e+00 4.96545864e-03 1.13926573e-05
5.87705851e+02 2.10043504e+00 4.96541873e-03 1.37527563e-05
5.88372562e+02 2.10380675e+00 4.96537078e-03 1.65351141e-05
5.89039273e+02 2.10715875e+00 4.96531343e-03 1.98011579e-05
5.89705984e+02 2.11049092e+00 4.96524509e-03 2.36185701e-05
5.90372695e+02 2.11380319e+00 4.96516402e-03 2.80614667e-05
5.91039407e+02 2.11709547e+00 4.96506822e-03 3.32105012e-05
5.91706118e+02 2.12036765e+00 4.96495546e-03 3.91528834e-05
5.92372829e+02 2.12361966e+00 4.96482329e-03 4.59822987e-05
5.93039540e+02 2.12685140e+00 4.96466896e-03 5.37987190e-05
5.93706251e+02 2.13006278e+00 4.96448948e-03 6.27080943e-05
5.94372962e+02 2.13325371e+00 4.96428154e-03 7.28219173e-05
5.95039673e+02 2.13642410e+00 4.96404156e-03 8.42566545e-05
5.95706384e+02 2.13957386e+00 4.96376565e-03 9.71330389e-05
5.96373096e+02 2.14270292e+00 4.96344964e-03 1.11575225e-04
5.97039807e+02 2.14581118e+00 4.96308902e-03 1.27709807e-04
5.97706518e+02 2.14889856e+00 4.96267902e-03 1.45664701e-04
5.98373229e+02 2.15196499e+00 4.96221458e-03 1.65567908e-04
5.99039940e+02 2.15501039e+00 4.96169033e-03 1.87546160e-04
5.99706651e+02 2.15803469e+00 4.96110069e-03 2.11723467e-04
6.00373362e+02 2.16103781e+00 4.96043981e-03 2.38219588e-04
6.01040073e+02 2.16401970e+00 4.95970166e-03 2.67148434e-04
6.01706784e+02 2.16698029e+00 4.95887999e-03 2.98616438e-04
6.02373496e+02 2.16991951e+00 4.95796844e-03 3.32720905e-04
6.03040207e+02 2.17283732e+00 4.95696053e-03 3.69548380e-04
6.03706918e+02 2.17573367e+00 4.95584971e-03 4.09173049e-04
6.04373629e+02 2.17860851e+00 4.95462942e-03 4.51655213e-04
6.05040340e+02 2.18146179e+00 4.95329314e-03 4.97039855e-04
6.05707051e+02 2.18429349e+00 4.95183440e-03 5.45355325e-04
6.06373762e+02 2.18710355e+00 4.95024689e-03 5.96612178e-04
6.07040473e+02 2.18989196e+00 4.94852449e-03 6.50802176e-04
6.07707185e+02 2.19265869e+00 4.94666129e-03 7.07897473e-04
6.08373896e+02 2.19540371e+00 4.94465170e-03 7.67850017e-04
6.09040607e+02 2.19812701e+00 4.94249048e-03 8.30591162e-04
6.09707318e+02 2.20082857e+00 4.94017278e-03 8.96031519e-04
6.10374029e+02 2.20350838e+00 4.93769421e-03 9.64061046e-04
6.11040740e+02 2.20616644e+00 4.93505087e-03 1.03454937e-03
6.11707451e+02 2.20880273e+00 4.93223939e-03 1.10734637e-03
6.12374162e+02 2.21141726e+00 4.92925701e-03 1.18228293e-03
6.13040873e+02 2.21401003e+00 4.92610154e-03 1.25917199e-03
6.13707585e+02 2.21658104e+00 4.92277146e-03 1.33780975e-03
6.14374296e+02 2.21913029e+00 4.91926591e-03 1.41797708e-03
6.15041007e+02 2.22165781e+00 4.91558472e-03 1.49944112e-03
6.15707718e+02 2.22416359e+00 4.91172841e-03 1.58195700e-03
6.16374429e+02 2.22664765e+00 4.90769819e-03 1.66526973e-03
6.17041140e+02 2.22911000e+00 4.90349601e-03 1.74911614e-03
6.17707851e+02 2.23155066e+00 4.89912448e-03 1.83322694e-03
6.18374562e+02 2.23396964e+00 4.89458692e-03 1.91732876e-03
6.19041274e+02 2.23636697e+00 4.88988731e-03 2.00114631e-03
6.19707985e+02 2.23874266e+00 4.88503029e-03 2.08440443e-03
6.20374696e+02 2.24109673e+00 4.88002111e-03 2.16683017e-03
6.21041407e+02 2.24342921e+00 4.87486560e-03 2.24815480e-03
6.21708118e+02 2.24574012e+00 4.86957017e-03 2.32811573e-03
6.22374829e+02 2.24802948e+00 4.86414171e-03 2.40645836e-03
6.23041540e+02 2.25029731e+00 4.85858760e-03 2.48293774e-03
6.23708251e+02 2.25254364e+00 4.85291565e-03 2.55732022e-03
6.24374962e+02 2.25476850e+00 4.84713401e-03 2.62938482e-03
6.25041674e+02 2.25697191e+00 4.84125118e-03 2.69892453e-03
6.25708385e+02 2.25915391e+00 4.83527593e-03 2.76574737e-03
6.26375096e+02 2.26131452e+00 4.82921724e-03 2.82967737e-03
6.27041807e+02 2.26345378e+00 4.82308427e-03 2.89055529e-03
6.27708518e+02 2.26557173e+00 4.81688628e-03 2.94823920e-03
6.28375229e+02 2.26766839e+00 4.81063262e-03 3.00260487e-03
6.29041940e+02 2.26974381e+00 4.80433262e-03 3.05354603e-03
6.29708651e+02 2.27179804e+00 4.79799562e-03 3.10097439e-03
6.30375363e+02 2.27383111e+00 4.79163084e-03 3.14481958e-03
6.31042074e+02 2.27584308e+00 4.78524741e-03 3.18502891e-03
6.31708785e+02 2.27783400e+00 4.77885428e-03 3.22156696e-03
6.32375496e+02 2.27980393e+00 4.77246019e-03 3.25441509e-03
6.33042207e+02 2.28175293e+00 4.76607366e-03 3.28357085e-03
6.33708918e+02 2.28368106e+00 4.75970294e-03 3.30904720e-03
6.34375629e+02 2.28558840e+00 4.75335597e-03 3.33087178e-03
6.35042340e+02 2.28747503e+00 4.74704037e-03 3.34908596e-03
6.35709052e+02 2.28934103e+00 4.74076342e-03 3.36374394e-03
6.36375763e+02 2.29118650e+00 4.73453201e-03 3.37491175e-03
6.37042474e+02 2.29301153e+00 4.72835269e-03 3.38266623e-03
6.37709185e+02 2.29481622e+00 4.72223159e-03 3.38709398e-03
6.38375896e+02 2.29660069e+00 4.71617444e-03 3.38829033e-03
6.39042607e+02 2.29836507e+00 4.71018658e-03 3.38635829e-03
6.39709318e+02 2.30010947e+00 4.70427293e-03 3.38140746e-03
6.40376029e+02 2.30183405e+00 4.69843800e-03 3.37355310e-03
6.41042740e+02 2.30353893e+00 4.69268590e-03 3.36291508e-03
6.41709452e+02 2.30522429e+00 4.68702032e-03 3.34961693e-03
6.42376163e+02 2.30689028e+00 4.68144457e-03 3.33378497e-03
6.43042874e+02 2.30853708e+00 4.67596159e-03 3.31554742e-03
6.43709585e+02 2.31016486e+00 4.67057390e-03 3.29503358e-03
6.44376296e+02 2.31177382e+00 4.66528370e-03 3.27237313e-03
6.45043007e+02 2.31336415e+00 4.66009283e-03 3.24769536e-03
6.45709718e+02 2.31493607e+00 4.65500278e-03 3.22112862e-03
6.46376429e+02 2.31648978e+00 4.65001475e-03 3.19279966e-03
6.47043141e+02 2.31802552e+00 4.64512960e-03 3.16283318e-03
6.47709852e+02 2.31954351e+00 4.64034794e-03 3.13135132e-03
6.48376563e+02 2.32104400e+00 4.63567010e-03 3.09847331e-03
6.49043274e+02 2.32252721e+00 4.63109617e-03 3.06431510e-03
6.49709985e+02 2.32399342e+00 4.62662598e-03 3.02898907e-03
6.50376696e+02 2.32544288e+00 4.62225918e-03 2.99260378e-03
6.51043407e+02 2.32687584e+00 4.61799521e-03 2.95526383e-03
6.51710118e+02 2.32829258e+00 4.61383331e-03 2.91706964e-03
6.52376829e+02 2.32969337e+00 4.60977259e-03 2.87811741e-03
6.53043541e+02 2.33107848e+00 4.60581199e-03 2.83849904e-03
6.53710252e+02 2.33244820e+00 4.60195032e-03 2.79830206e-03
6.54376963e+02 2.33380281e+00 4.59818629e-03 2.75760970e-03
6.55043674e+02 2.33514259e+00 4.59451849e-03 2.71650086e-03
6.55710385e+02 2.33646782e+00 4.59094542e-03 2.67505020e-03
6.56377096e+02 2.33777878e+00 4.58746552e-03 2.63332820e-03
6.57043807e+02 2.33907577e+00 4.58407715e-03 2.59140125e-03
6.57710518e+02 2.34035907e+00 4.58077862e-03 2.54933176e-03
6.58377230e+02 2.34162895e+00 4.57756820e-03 2.50717831e-03
6.59043941e+02 2.34288570e+00 4.57444412e-03 2.46499573e-03
6.59710652e+02 2.34412959e+00 4.57140459e-03 2.42283531e-03
6.60377363e+02 2.34536090e+00 4.56844781e-03 2.38074486e-03
6.61044074e+02 2.34657989e+00 4.56557196e-03 2.33876892e-03
6.61710785e+02 2.34778683e+00 4.56277520e-03 2.29694888e-03
6.62377496e+02 2.34898197e+00 4.56005573e-03 2.25532312e-03
6.63044207e+02 2.35016559e+00 4.55741173e-03 2.21392719e-03
6.63710918e+02 2.35133791e+00 4.55484140e-03 2.17279395e-03
6.64377630e+02 2.35249919e+00 4.55234294e-03 2.13195367e-03
6.65044341e+02 2.35364967e+00 4.54991460e-03 2.09143425e-03
6.65711052e+02 2.35478958e+00 4.54755463e-03 2.05126129e-03
6.66377763e+02 2.35591913e+00 4.54526131e-03 2.01145825e-03
6.67044474e+02 2.35703855e+00 4.54303294e-03 1.97204657e-03
6.67711185e+02 2.35814805e+00 4.54086788e-03 1.93304577e-03
6.68377896e+02 2.35924783e+00 4.53876447e-03 1.89447356e-03
6.69044607e+02 2.36033809e+00 4.53672113e-03 1.85634599e-03
6.69711319e+02 2.36141901e+00 4.53473626e-03 1.81867748e-03
6.70378030e+02 2.36249079e+00 4.53280835e-03 1.78148097e-03
6.71044741e+02 2.36355360e+00 4.53093586e-03 1.74476800e-03
6.71711452e+02 2.36460761e+00 4.52911734e-03 1.70854875e-03
6.72378163e+02 2.36565298e+00 4.52735134e-03 1.67283217e-03
6.73044874e+02 2.36668988e+00 4.52563643e-03 1.63762600e-03
6.73711585e+02 2.36771845e+00 4.52397125e-03 1.60293689e-03
6.74378296e+02 2.36873885e+00 4.52235444e-03 1.56877041e-03
6.75045008e+02 2.36975122e+00 4.52078468e-03 1.53513117e-03
6.75711719e+02 2.37075571e+00 4.51926068e-03 1.50202281e-03
6.76378430e+02 2.37175244e+00 4.51778119e-03 1.46944811e-03
6.77045141e+02 2.37274155e+00 4.51634496e-03 1.43740899e-03
6.77711852e+02 2.37372316e+00 4.51495080e-03 1.40590661e-03
6.78378563e+02 2.37469741e+00 4.51359754e-03 1.37494134e-03
6.79045274e+02 2.37566441e+00 4.51228401e-03 1.34451288e-03
6.79711985e+02 2.37662429e+00 4.51100911e-03 1.31462024e-03
6.80378696e+02 2.37757716e+00 4.50977174e-03 1.28526183e-03
6.81045408e+02 2.37852315e+00 4.50857082e-03 1.25643544e-03
6.81712119e+02 2.37946237e+00 4.50740531e-03 1.22813836e-03
6.82378830e+02 2.38039494e+00 4.50627419e-03 1.20036735e-03
6.83045541e+02 2.38132097e+00 4.50517646e-03 1.17311868e-03
6.83712252e+02 2.38224058e+00 4.50411117e-03 1.14638821e-03
6.84378963e+02 2.38315387e+00 4.50307734e-03 1.12017138e-03
6.85045674e+02 2.38406097e+00 4.50207408e-03 1.09446324e-03
6.85712385e+02 2.38496198e+00 4.50110046e-03 1.06925850e-03
6.86379097e+02 2.38585703e+00 4.50015562e-03 1.04455160e-03
6.87045808e+02 2.38674622e+00 4.49923869e-03 1.02033665e-03
6.87712519e+02 2.38762967e+00 4.49834885e-03 9.96607560e-04
6.88379230e+02 2.38850749e+00 4.49748529e-03 9.73358005e-04
6.89045941e+02 2.38937979e+00 4.49664721e-03 9.50581480e-04
6.89712652e+02 2.39024668e+00 4.49583386e-03 9.28271319e-04
6.90379363e+02 2.39110828e+00 4.49504448e-03 9.06420727e-04
6.91046074e+02 2.39196469e+00 4.49427836e-03 8.85022800e-04
6.91712785e+02 2.39281603e+00 4.49353479e-03 8.64070553e-04
6.92379497e+02 2.39366240e+00 4.49281310e-03 8.43556940e-04
6.93046208e+02 2.39450391e+00 4.49211261e-03 8.23474883e-04
6.93712919e+02 2.39534067e+00 4.49143270e-03 8.03817286e-04
6.94379630e+02 2.39617277e+00 4.49077273e-03 7.84577062e-04
6.95046341e+02 2.39700031e+00 4.49013212e-03 7.65747148e-04
6.95713052e+02 2.39782339e+00 4.48951028e-03 7.47320516e-04
6.96379763e+02 2.39864211e+00 4.48890664e-03 7.29290190e-04
6.97046474e+02 2.39945655e+00 4.48832068e-03 7.11649257e-04
6.97713186e+02 2.40026679e+00 4.48775185e-03 6.94390877e-04
6.98379897e+02 2.40107293e+00 4.48719965e-03 6.77508298e-04
6.99046608e+02 2.40187504e+00 4.48666360e-03 6.60994861e-04
6.99713319e+02 2.40267318e+00 4.48614322e-03 6.44844001e-04
7.00380030e+02 2.40346744e+00 4.48563804e-03 6.29049257e-04
7.01046741e+02 2.40425787e+00 4.48514764e-03 6.13604268e-04
7.01713452e+02 2.40504453e+00 4.48467157e-03 5.98502776e-04
7.02380163e+02 2.40582747e+00 4.48420943e-03 5.83738632e-04
7.03046874e+02 2.40660675e+00 4.48376082e-03 5.69305790e-04
7.03713586e+02 2.40738242e+00 4.48332535e-03 5.55198312e-04
7.04380297e+02 2.40815450e+00 4.48290265e-03 5.41410365e-04
7.05047008e+02 2.40892303e+00 4.48249235e-03 5.27936218e-04
7.05713719e+02 2.40968805e+00 4.48209411e-03 5.14770235e-04
7.06380430e+02 2.41044958e+00 4.48170759e-03 5.01906873e-04
7.07047141e+02 2.41120764e+00 4.48133245e-03 4.89340672e-04
7.07713852e+02 2.41196224e+00 4.48096839e-03 4.77066252e-04
7.08380563e+02 2.41271340e+00 4.48061509e-03 4.65078308e-04
7.09047275e+02 2.41346113e+00 4.48027225e-03 4.53371608e-04
7.09713986e+02 2.41420544e+00 4.47993958e-03 4.41940984e-04
7.10380697e+02 2.41494633e+00 4.47961680e-03 4.30781330e-04
7.11047408e+02 2.41568379e+00 4.47930364e-03 4.19887596e-04
7.11714119e+02 2.41641784e+00 4.47899981e-03 4.09254780e-04
7.12380830e+02 2.41714846e+00 4.47870507e-03 3.98877927e-04
7.13047541e+02 2.41787566e+00 4.47841915e-03 3.88752120e-04
7.13714252e+02 2.41859943e+00 4.47814182e-03 3.78872479e-04
7.14380963e+02 2.41931977e+00 4.47787282e-03 3.69234158e-04
7.15047675e+02 2.42003667e+00 4.47761192e-03 3.59832338e-04
7.15714386e+02 2.42075012e+00 4.47735889e-03 3.50662235e-04
7.16381097e+02 2.42146014e+00 4.47711350e-03 3.41719089e-04
7.17047808e+02 2.42216672e+00 4.47687553e-03 3.32998171e-04
7.17714519e+02 2.42286986e+00 4.47664477e-03 3.24494775e-04
7.18381230e+02 2.42356956e+00 4.47642100e-03 3.16204224e-04
7.19047941e+02 2.42426583e+00 4.47620402e-03 3.08121862e-04
7.19714652e+02 2.42495869e+00 4.47599363e-03 3.00243065e-04
7.20381364e+02 2.42564814e+00 4.47578962e-03 2.92563235e-04
7.21048075e+02 2.42633421e+00 4.47559181e-03 2.85077809e-04
7.21714786e+02 2.42701691e+00 4.47540001e-03 2.77782259e-04
7.22381497e+02 2.42769628e+00 4.47521403e-03 2.70672096e-04
7.23048208e+02 2.42837234e+00 4.47503370e-03 2.63742870e-04
7.23714919e+02 2.42904512e+00 4.47485883e-03 2.56990176e-04
7.24381630e+02 2.42971466e+00 4.47468927e-03 2.50409657e-04
7.25048341e+02 2.43038100e+00 4.47452483e-03 2.43997005e-04
7.25715053e+02 2.43104420e+00 4.47436536e-03 2.37747970e-04
7.26381764e+02 2.43170431e+00 4.47421071e-03 2.31658363e-04
7.27048475e+02 2.43236136e+00 4.47406071e-03 2.25724059e-04
7.27715186e+02 2.43301544e+00 4.47391521e-03 2.19941001e-04
7.28381897e+02 2.43366658e+00 4.47377408e-03 2.14305205e-04
7.29048608e+02 2.43431487e+00 4.47363717e-03 2.08812761e-04
7.29715319e+02 2.43496036e+00 4.47350434e-03 2.03459840e-04
7.30382030e+02 2.43560314e+00 4.47337547e-03 1.98242693e-04
7.31048741e+02 2.43624326e+00 4.47325041e-03 1.93157655e-04
7.31715453e+02 2.43688080e+00 4.47312906e-03 1.88201154e-04
7.32382164e+02 2.43751584e+00 4.47301128e-03 1.83369704e-04
7.33048875e+02 2.43814845e+00 4.47289697e-03 1.78659916e-04
7.33715586e+02 2.43877870e+00 4.47278601e-03 1.74068494e-04
7.34382297e+02 2.43940667e+00 4.47267830e-03 1.69592238e-04
7.35049008e+02 2.44003244e+00 4.47257372e-03 1.65228043e-04
7.35715719e+02 2.44065607e+00 4.47247218e-03 1.60972903e-04
7.36382430e+02 2.44127764e+00 4.47237359e-03 1.56823906e-04
7.37049142e+02 2.44189721e+00 4.47227785e-03 1.52778238e-04
7.37715853e+02 2.44251485e+00 4.47218487e-03 1.48833181e-04
7.38382564e+02 2.44313061e+00 4.47209456e-03 1.44986108e-04
7.39049275e+02 2.44374457e+00 4.47200685e-03 1.41234486e-04
7.39715986e+02 2.44435676e+00 4.47192166e-03 1.37575871e-04
7.40382697e+02 2.44496725e+00 4.47183891e-03 1.34007908e-04
7.41049408e+02 2.44557608e+00 4.47175852e-03 1.30528326e-04
7.41716119e+02 2.44618329e+00 4.47168043e-03 1.27134936e-04
7.42382830e+02 2.44678892e+00 4.47160457e-03 1.23825630e-04
7.43049542e+02 2.44739299e+00 4.47153087e-03 1.20598377e-04
7.43716253e+02 2.44799554e+00 4.47145928e-03 1.17451218e-04
7.44382964e+02 2.44859658e+00 4.47138974e-03 1.14382263e-04
7.45049675e+02 2.44919613e+00 4.47132218e-03 1.11389692e-04
7.45716386e+02 2.44979419e+00 4.47125655e-03 1.08471743e-04
7.46383097e+02 2.45039079e+00 4.47119280e-03 1.05626717e-04
7.47049808e+02 2.45098590e+00 4.47113088e-03 1.02852969e-04
7.47716519e+02 2.45157954e+00 4.47107073e-03 1.00148905e-04
7.48383231e+02 2.45217168e+00 4.47101231e-03 9.75129799e-05
7.49049942e+02 2.45276232e+00 4.47095558e-03 9.49436955e-05
7.49716653e+02 2.45335143e+00 4.47090049e-03 9.24395942e-05
7.50383364e+02 2.45393899e+00 4.47084699e-03 8.99992578e-05
7.51050075e+02 2.45452497e+00 4.47079505e-03 8.76213040e-05
7.51716786e+02 2.45510934e+00 4.47074461e-03 8.53043840e-05
7.52383497e+02 2.45569206e+00 4.47069565e-03 8.30471793e-05
7.53050208e+02 2.45627311e+00 4.47064813e-03 8.08483998e-05
7.53716919e+02 2.45685243e+00 4.47060200e-03 7.87067814e-05
7.54383631e+02 2.45742998e+00 4.47055723e-03 7.66210840e-05
7.55050342e+02 2.45800573e+00 4.47051378e-03 7.45900899e-05
7.55717053e+02 2.45857961e+00 4.47047162e-03 7.26126022e-05
7.56383764e+02 2.45915160e+00 4.47043072e-03 7.06874434e-05
7.57050475e+02 2.45972162e+00 4.47039103e-03 6.88134533e-05
7.57717186e+02 2.46028965e+00 4.47035254e-03 6.69894883e-05
7.58383897e+02 2.46085562e+00 4.47031520e-03 6.52144196e-05
7.59050608e+02 2.46141948e+00 4.47027898e-03 6.34871322e-05
7.59717320e+02 2.46198120e+00 4.47024386e-03 6.18065247e-05
7.60384031e+02 2.46254072e+00 4.47020980e-03 6.01715081e-05
7.61050742e+02 2.46309799e+00 4.47017678e-03 5.85810054e-05
7.61717453e+02 2.46365298e+00 4.47014476e-03 5.70339510e-05
7.62384164e+02 2.46420564e+00 4.47011372e-03 5.55292898e-05
7.63050875e+02 2.46475594e+00 4.47008362e-03 5.40659774e-05
7.63717586e+02 2.46530384e+00 4.47005445e-03 5.26429790e-05
7.64384297e+02 2.46584931e+00 4.47002616e-03 5.12592698e-05
7.65051009e+02 2.46639233e+00 4.46999875e-03 4.99138350e-05
7.65717720e+02 2.46693287e+00 4.46997217e-03 4.86056701e-05
7.66384431e+02 2.46747094e+00 4.46994641e-03 4.73337814e-05
7.67051142e+02 2.46800651e+00 4.46992144e-03 4.60971863e-05
7.67717853e+02 2.46853958e+00 4.46989724e-03 4.48949136e-05
7.68384564e+02 2.46907016e+00 4.46987377e-03 4.37260046e-05
7.69051275e+02 2.46959826e+00 4.46985103e-03 4.25895137e-05
7.69717986e+02 2.47012389e+00 4.46982898e-03 4.14845091e-05
7.70384697e+02 2.47064708e+00 4.46980759e-03 4.04100746e-05
7.71051409e+02 2.47116784e+00 4.46978686e-03 3.93653106e-05
7.71718120e+02 2.47168623e+00 4.46976676e-03 3.83493357e-05
7.72384831e+02 2.47220226e+00 4.46974726e-03 3.73612886e-05
7.73051542e+02 2.47271598e+00 4.46972835e-03 3.64003289e-05
7.73718253e+02 2.47322744e+00 4.46971001e-03 3.54656395e-05
7.74384964e+02 2.47373667e+00 4.46969221e-03 3.45564276e-05
7.75051675e+02 2.47424372e+00 4.46967495e-03 3.36719265e-05
7.75718386e+02 2.47474863e+00 4.46965820e-03 3.28113971e-05
7.76385098e+02 2.47525144e+00 4.46964194e-03 3.19741287e-05
7.77051809e+02 2.47575218e+00 4.46962616e-03 3.11594407e-05
7.77718520e+02 2.47625088e+00 4.46961085e-03 3.03666831e-05
7.78385231e+02 2.47674756e+00 4.46959599e-03 2.95952374e-05
7.79051942e+02 2.47724223e+00 4.46958156e-03 2.88445162e-05
7.79718653e+02 2.47773488e+00 4.46956756e-03 2.81139637e-05
7.80385364e+02 2.47822551e+00 4.46955397e-03 2.74030552e-05
7.81052075e+02 2.47871409e+00 4.46954077e-03 2.67112959e-05
7.81718786e+02 2.47920058e+00 4.46952796e-03 2.60382200e-05
7.82385498e+02 2.47968491e+00 4.46951553e-03 2.53833894e-05
7.83052209e+02 2.48016703e+00 4.46950347e-03 2.47463917e-05
7.83718920e+02 2.48064685e+00 4.46949177e-03 2.41268383e-05
7.84385631e+02 2.48112426e+00 4.46948042e-03 2.35243619e-05
7.85052342e+02 2.48159916e+00 4.46946941e-03 2.29386146e-05
7.85719053e+02 2.48207142e+00 4.46945873e-03 2.23692646e-05
7.86385764e+02 2.48254089e+00 4.46944838e-03 2.18159939e-05
7.87052475e+02 2.48300743e+00 4.46943834e-03 2.12784957e-05
7.87719187e+02 2.48347088e+00 4.46942862e-03 2.07564714e-05
7.88385898e+02 2.48393108e+00 4.46941920e-03 2.02496288e-05
7.89052609e+02 2.48438786e+00 4.46941009e-03 1.97576788e-05
7.89719320e+02 2.48484104e+00 4.46940126e-03 1.92803340e-05
7.90386031e+02 2.48529046e+00 4.46939271e-03 1.88173065e-05
7.91052742e+02 2.48573595e+00 4.46938445e-03 1.83683058e-05
7.91719453e+02 2.48617734e+00 4.46937645e-03 1.79330379e-05
7.92386164e+02 2.48661449e+00 4.46936872e-03 1.75112036e-05
7.93052875e+02 2.48704723e+00 4.46936125e-03 1.71024981e-05
7.93719587e+02 2.48747545e+00 4.46935402e-03 1.67066100e-05
7.94386298e+02 2.48789901e+00 4.46934704e-03 1.63232213e-05
7.95053009e+02 2.48831782e+00 4.46934029e-03 1.59520073e-05
7.95719720e+02 2.48873177e+00 4.46933378e-03 1.55926361e-05
7.96386431e+02 2.48914081e+00 4.46932748e-03 1.52447694e-05
7.97053142e+02 2.48954488e+00 4.46932140e-03 1.49080627e-05
7.97719853e+02 2.48994395e+00 4.46931553e-03 1.45821661e-05
7.98386564e+02 2.49033801e+00 4.46930986e-03 1.42667249e-05
7.99053276e+02 2.49072708e+00 4.46930438e-03 1.39613812e-05
7.99719987e+02 2.49111118e+00 4.46929908e-03 1.36657741e-05
8.00386698e+02 2.49149038e+00 4.46929396e-03 1.33795419e-05
8.01053409e+02 2.49186474e+00 4.46928901e-03 1.31023231e-05
8.01720120e+02 2.49223437e+00 4.46928423e-03 1.28337575e-05
8.02386831e+02 2.49259938e+00 4.46927960e-03 1.25734887e-05
8.03053542e+02 2.49295989e+00 4.46927512e-03 1.23211650e-05
8.03720253e+02 2.49331605e+00 4.46927078e-03 1.20764413e-05
8.04386964e+02 2.49366802e+00 4.46926658e-03 1.18389812e-05
8.05053676e+02 2.49401595e+00 4.46926251e-03 1.16084582e-05
8.05720387e+02 2.49436001e+00 4.46925856e-03 1.13845576e-05
8.06387098e+02 2.49470037e+00 4.46925473e-03 1.11669781e-05
8.07053809e+02 2.49503719e+00 4.46925101e-03 1.09554326e-05
8.07720520e+02 2.49537065e+00 4.46924740e-03 1.07496495e-05
8.08387231e+02 2.49570088e+00 4.46924388e-03 1.05493729e-05
8.09053942e+02 2.49602804e+00 4.46924047e-03 1.03543631e-05
8.09720653e+02 2.49635226e+00 4.46923715e-03 1.01643965e-05
8.10387365e+02 2.49667366e+00 4.46923392e-03 9.97926452e-06
8.11054076e+02 2.49699236e+00 4.46923077e-03 9.79877317e-06
8.11720787e+02 2.49730845e+00 4.46922770e-03 9.62274128e-06
8.12387498e+02 2.49762202e+00 4.46922472e-03 9.45099876e-06
8.13054209e+02 2.49793316e+00 4.46922181e-03 9.28338448e-06
8.13720920e+02 2.49824195e+00 4.46921897e-03 9.11974395e-06
8.14387631e+02 2.49854848e+00 4.46921620e-03 8.95992692e-06
8.15054342e+02 2.49885285e+00 4.46921350e-03 8.80378494e-06
8.15721054e+02 2.49915517e+00 4.46921087e-03 8.65116902e-06
8.16387765e+02 2.49945555e+00 4.46920829e-03 8.50192749e-06
8.17054476e+02 2.49975415e+00 4.46920578e-03 8.35590411e-06
8.17721187e+02 2.50005116e+00 4.46920332e-03 8.21293649e-06
8.18387898e+02 2.50034677e+00 4.46920092e-03 8.07285497e-06
8.19054609e+02 2.50064124e+00 4.46919856e-03 7.93548193e-06
8.19721320e+02 2.50093486e+00 4.46919626e-03 7.80063163e-06
8.20388031e+02 2.50122794e+00 4.46919399e-03 7.66811047e-06
8.21054742e+02 2.50152087e+00 4.46919177e-03 7.53771773e-06
8.21721454e+02 2.50181405e+00 4.46918958e-03 7.40924674e-06
8.22388165e+02 2.50210793e+00 4.46918742e-03 7.28248637e-06
8.23054876e+02 2.50240299e+00 4.46918529e-03 7.15722273e-06
8.23721587e+02 2.50269975e+00 4.46918319e-03 7.03324120e-06
8.24388298e+02 2.50299876e+00 4.46918111e-03 6.91032835e-06
8.25055009e+02 2.50330059e+00 4.46917904e-03 6.78827407e-06
8.25721720e+02 2.50360585e+00 4.46917699e-03 6.66687356e-06
8.26388431e+02 2.50391515e+00 4.46917495e-03 6.54592917e-06
8.27055143e+02 2.50422912e+00 4.46917291e-03 6.42525222e-06
8.27721854e+02 2.50454841e+00 4.46917088e-03 6.30466447e-06
8.28388565e+02 2.50487368e+00 4.46916885e-03 6.18399944e-06
8.29055276e+02 2.50520558e+00 4.46916682e-03 6.06310337e-06
8.29721987e+02 2.50554480e+00 4.46916478e-03 5.94183598e-06
8.30388698e+02 2.50589199e+00 4.46916274e-03 5.82007092e-06
8.31055409e+02 2.50624786e+00 4.46916069e-03 5.69769599e-06
8.31722120e+02 2.50661309e+00 4.46915863e-03 5.57461318e-06
8.32388831e+02 2.50698837e+00 4.46915656e-03 5.45073849e-06
8.33055543e+02 2.50737443e+00 4.46915449e-03 5.32600157e-06
8.33722254e+02 2.50777200e+00 4.46915239e-03 5.20034521e-06
8.34388965e+02 2.50818181e+00 4.46915029e-03 5.07372466e-06
8.35055676e+02 2.50860465e+00 4.46914817e-03 4.94610684e-06
8.35722387e+02 2.50904132e+00 4.46914604e-03 4.81746946e-06
8.36389098e+02 2.50949267e+00 4.46914389e-03 4.68780009e-06
8.37055809e+02 2.50995958e+00 4.46914174e-03 4.55709520e-06
8.37722520e+02 2.51044300e+00 4.46913956e-03 4.42535928e-06
8.38389232e+02 2.51094396e+00 4.46913738e-03 4.29260408e-06
8.39055943e+02 2.51146355e+00 4.46913519e-03 4.15884805e-06
8.39722654e+02 2.51200296e+00 4.46913298e-03 4.02411622e-06
8.40389365e+02 2.51256349e+00 4.46913076e-03 3.88844035e-06
8.41056076e+02 2.51314656e+00 4.46912853e-03 3.75185993e-06
8.41722787e+02 2.51375372e+00 4.46912630e-03 3.61442372e-06
8.42389498e+02 2.51438667e+00 4.46912405e-03 3.47619227e-06
8.43056209e+02 2.51504725e+00 4.46912180e-03 3.33724128e-06
8.43722920e+02 2.51573745e+00 4.46911955e-03 3.19766585e-06
8.44389632e+02 2.51645941e+00 4.46911729e-03 3.05758543e-06
8.45056343e+02 2.51721538e+00 4.46911503e-03 2.91714934e-06
8.45723054e+02 2.51800776e+00 4.46911278e-03 2.77654245e-06
8.46389765e+02 2.51883899e+00 4.46911053e-03 2.63599048e-06
8.47056476e+02 2.51971158e+00 4.46910830e-03 2.49576456e-06
8.47723187e+02 2.52062799e+00 4.46910608e-03 2.35618417e-06
8.48389898e+02 2.52159066e+00 4.46910388e-03 2.21761817e-06
8.49056609e+02 2.52260187e+00 4.46910171e-03 2.08048296e-06
8.49723321e+02 2.52366371e+00 4.46909958e-03 1.94523781e-06
8.50390032e+02 2.52477801e+00 4.46909749e-03 1.81237682e-06
8.51056743e+02 2.52594628e+00 4.46909546e-03 1.68241783e-06
8.51723454e+02 2.52716968e+00 4.46909349e-03 1.55588864e-06
8.52390165e+02 2.52844895e+00 4.46909159e-03 1.43331118e-06
8.53056876e+02 2.52978442e+00 4.46908977e-03 1.31518479e-06
8.53723587e+02 2.53117603e+00 4.46908804e-03 1.20196947e-06
8.54390298e+02 2.53262331e+00 4.46908639e-03 1.09407058e-06
8.55057010e+02 2.53412546e+00 4.46908485e-03 9.91825832e-07
8.55723721e+02 2.53568144e+00 4.46908340e-03 8.95495495e-07
8.56390432e+02 2.53728998e+00 4.46908205e-03 8.05256507e-07
8.57057143e+02 2.53894976e+00 4.46908081e-03 7.21200560e-07
8.57723854e+02 2.54065943e+00 4.46907966e-03 6.43336117e-07
8.58390565e+02 2.54241780e+00 4.46907862e-03 5.71593887e-07
8.59057276e+02 2.54422383e+00 4.46907767e-03 5.05835087e-07
8.59723987e+02 2.54607681e+00 4.46907681e-03 4.45861642e-07
8.60390698e+02 2.54797634e+00 4.46907604e-03 3.91427461e-07
8.61057410e+02 2.54992243e+00 4.46907535e-03 3.42249952e-07
8.61724121e+02 2.55191548e+00 4.46907473e-03 2.98021074e-07
8.62390832e+02 2.55395631e+00 4.46907418e-03 2.58417377e-07
8.63057543e+02 2.55604610e+00 4.46907369e-03 2.23108678e-07
8.63724254e+02 2.55818637e+00 4.46907327e-03 1.91765189e-07
8.64390965e+02 2.56037893e+00 4.46907289e-03 1.64063093e-07
8.65057676e+02 2.56262577e+00 4.46907257e-03 1.39688654e-07
8.65724387e+02 2.56492903e+00 4.46907228e-03 1.18341066e-07
8.66391099e+02 2.56729091e+00 4.46907204e-03 9.97342676e-08
8.67057810e+02 2.56971362e+00 4.46907183e-03 8.35979696e-08
8.67724521e+02 2.57219925e+00 4.46907165e-03 6.96781204e-08
8.68391232e+02 2.57474981e+00 4.46907150e-03 5.77370134e-08
8.69057943e+02 2.57736712e+00 4.46907137e-03 4.75531805e-08
8.69724654e+02 2.58005280e+00 4.46907126e-03 3.89211808e-08
8.70391365e+02 2.58280825e+00 4.46907117e-03 3.16513414e-08
8.71058076e+02 2.58563466e+00 4.46907110e-03 2.55694775e-08
8.71724787e+02 2.58853296e+00 4.46907104e-03 2.05165875e-08
8.72391499e+02 2.59150391e+00 4.46907099e-03 1.63485086e-08
8.73058210e+02 2.59454802e+00 4.46907095e-03 1.29355070e-08
8.73724921e+02 2.59766567e+00 4.46907091e-03 1.01617831e-08
8.74391632e+02 2.60085704e+00 4.46907089e-03 7.92487512e-09
8.75058343e+02 2.60412222e+00 4.46907087e-03 6.13495806e-09
8.75725054e+02 2.60746118e+00 4.46907085e-03 4.71404087e-09
8.76391765e+02 2.61087382e+00 4.46907084e-03 3.59507854e-09
8.77058476e+02 2.61436000e+00 4.46907083e-03 2.72101989e-09
8.77725188e+02 2.61791957e+00 4.46907082e-03 2.04381726e-09
8.78391899e+02 2.62155236e+00 4.46907082e-03 1.52342565e-09
8.79058610e+02 2.62525826e+00 4.46907081e-03 1.12681772e-09
8.79725321e+02 2.62903721e+00 4.46907081e-03 8.27038040e-10
8.80392032e+02 2.63288925e+00 4.46907081e-03 6.02315586e-10
8.81058743e+02 2.63681452e+00 4.46907081e-03 4.35248581e-10
8.81725454e+02 2.64081329e+00 4.46907080e-03 3.12070570e-10
8.82392165e+02 2.64488601e+00 4.46907080e-03 2.22001998e-10
8.83058876e+02 2.64903331e+00 4.46907080e-03 1.56687381e-10
8.83725588e+02 2.65325606e+00 4.46907080e-03 1.09714947e-10
8.84392299e+02 2.65755536e+00 4.46907080e-03 7.62131541e-11
8.85059010e+02 2.66193259e+00 4.46907080e-03 5.25169331e-11
8.85725721e+02 2.66638942e+00 4.46907080e-03 3.58955973e-11
8.86392432e+02 2.67092785e+00 4.46907080e-03 2.43341289e-11
8.87059143e+02 2.67555022e+00 4.46907080e-03 1.63597238e-11
8.87725854e+02 2.68025920e+00 4.46907080e-03 1.09060133e-11
8.88392565e+02 2.68505782e+00 4.46907080e-03 7.20810831e-12
8.89059277e+02 2.68994946e+00 4.46907080e-03 4.72245417e-12
8.89725988e+02 2.69493780e+00 4.46907080e-03 3.06635061e-12
8.90392699e+02 2.70002681e+00 4.46907080e-03 1.97283459e-12
8.91059410e+02 2.70522070e+00 4.46907080e-03 1.25739846e-12
8.91726121e+02 2.71052384e+00 4.46907080e-03 7.93705921e-13
8.92392832e+02 2.71594068e+00 4.46907080e-03 4.96061858e-13
8.93059543e+02 2.72147563e+00 4.46907080e-03 3.06889976e-13
8.93726254e+02 2.72713297e+00 4.46907080e-03 1.87879729e-13
8.94392965e+02 2.73291668e+00 4.46907080e-03 1.13791212e-13
8.95059677e+02 2.73883033e+00 4.46907080e-03 6.81640176e-14
8.95726388e+02 2.74487693e+00 4.46907080e-03 4.03751251e-14
8.96393099e+02 2.75105876e+00 4.46907080e-03 2.36424091e-14
8.97059810e+02 2.75737729e+00 4.46907080e-03 1.36839610e-14
8.97726521e+02 2.76383301e+00 4.46907080e-03 7.82739535e-15
8.98393232e+02 2.77042540e+00 4.46907080e-03 4.42460662e-15
8.99059943e+02 2.77715284e+00 4.46907080e-03 2.47159458e-15
8.99726654e+02 2.78401262e+00 4.46907080e-03 1.36441760e-15
9.00393366e+02 2.79100099e+00 4.46907080e-03 7.44454474e-16
9.01060077e+02 2.79811320e+00 4.46907080e-03 4.01545633e-16
9.01726788e+02 2.80534370e+00 4.46907080e-03 2.14168467e-16
9.02393499e+02 2.81268624e+00 4.46907080e-03 1.12993514e-16
9.03060210e+02 2.82013418e+00 4.46907080e-03 5.89973491e-17
9.03726921e+02 2.82768064e+00 4.46907080e-03 3.05078827e-17
9.04393632e+02 2.83531884e+00 4.46907080e-03 1.56497738e-17
9.05060343e+02 2.84304236e+00 4.46907080e-03 8.00569093e-18
9.05727055e+02 2.85084540e+00 4.46907080e-03 4.16502624e-18
9.06393766e+02 2.85872308e+00 4.46907080e-03 2.36755859e-18
9.07060477e+02 2.86667165e+00 4.46907080e-03 1.78221216e-18
9.07727188e+02 2.87468870e+00 4.46907080e-03 2.17025220e-18
9.08393899e+02 2.88277334e+00 4.46907080e-03 3.82579363e-18
9.09060610e+02 2.89092632e+00 4.46907080e-03 7.81535662e-18
9.09727321e+02 2.89915008e+00 4.46907080e-03 1.67181164e-17
9.10394032e+02 2.90744878e+00 4.46907080e-03 3.64220997e-17
9.11060743e+02 2.91582824e+00 4.46907080e-03 8.03358290e-17
9.11727455e+02 2.92429584e+00 4.46907080e-03 1.79302075e-16
9.12394166e+02 2.93286035e+00 4.46907080e-03 4.05232420e-16
9.13060877e+02 2.94153173e+00 4.46907080e-03 9.28304309e-16
9.13727588e+02 2.95032082e+00 4.46907080e-03 2.15755925e-15
9.14394299e+02 2.95923907e+00 4.46907080e-03 5.09193952e-15
9.15061010e+02 2.96829811e+00 4.46907080e-03 1.22100700e-14
9.15727721e+02 2.97750941e+00 4.46907080e-03 2.97578042e-14
9.16394432e+02 2.98688384e+00 4.46907080e-03 7.37048900e-14
9.17061144e+02 2.99643128e+00 4.46907080e-03 1.85425666e-13
9.17727855e+02 3.00616023e+00 4.46907080e-03 4.73331672e-13
9.18394566e+02 3.01607748e+00 4.46907080e-03 1.22404525e-12
9.19061277e+02 3.02618792e+00 4.46907080e-03 3.20005337e-12
9.19727988e+02 3.03649431e+00 4.46907080e-03 8.43604179e-12
9.20394699e+02 3.04699734e+00 4.46907080e-03 2.23602868e-11
9.21061410e+02 3.05769567e+00 4.46907080e-03 5.94017161e-11
9.21728121e+02 3.06858622e+00 4.46907080e-03 1.57642064e-10
9.22394832e+02 3.07966449e+00 4.46907080e-03 4.16540467e-10
9.23061544e+02 3.09092504e+00 4.46907080e-03 1.09231505e-09
9.23728255e+02 3.10236202e+00 4.46907080e-03 2.83401039e-09
9.24394966e+02 3.11396973e+00 4.46907079e-03 7.25365626e-09
9.25061677e+02 3.12574319e+00 4.46907076e-03 1.82659939e-08
9.25728388e+02 3.13767860e+00 4.46907070e-03 4.51416275e-08
9.26395099e+02 3.14977382e+00 4.46907053e-03 1.09233275e-07
9.27061810e+02 3.16202865e+00 4.46907009e-03 2.58249417e-07
9.27728521e+02 3.17444500e+00 4.46906896e-03 5.95311661e-07
9.28395233e+02 3.18702693e+00 4.46906611e-03 1.33542447e-06
9.29061944e+02 3.19978054e+00 4.46905910e-03 2.90960244e-06
9.29728655e+02 3.21271373e+00 4.46904227e-03 6.14559647e-06
9.30395366e+02 3.22583581e+00 4.46900304e-03 1.25598410e-05
9.31062077e+02 3.23915703e+00 4.46891429e-03 2.47889224e-05
9.31728788e+02 3.25268798e+00 4.46872009e-03 4.71557742e-05
9.32395499e+02 3.26643898e+00 4.46831023e-03 8.62884959e-05
9.33062210e+02 3.28041934e+00 4.46747826e-03 1.51578944e-04
9.33728921e+02 3.29463667e+00 4.46585925e-03 2.55103425e-04
9.34395633e+02 3.30909617e+00 4.46284921e-03 4.10500159e-04
9.35062344e+02 3.32380002e+00 4.45752207e-03 6.30337092e-04
9.35729055e+02 3.33874687e+00 4.44858162e-03 9.21855975e-04
9.36395766e+02 3.35393148e+00 4.43440857e-03 1.28170474e-03
9.37062477e+02 3.36934467e+00 4.41326903e-03 1.69120807e-03
9.37729188e+02 3.38497356e+00 4.38371702e-03 2.11442797e-03
9.38395899e+02 3.40080221e+00 4.34513688e-03 2.50113334e-03
9.39062610e+02 3.41681273e+00 4.29825598e-03 2.79544691e-03
9.39729322e+02 3.43298681e+00 4.24538217e-03 2.94861916e-03
9.40396033e+02 3.44930764e+00 4.19016622e-03 2.93209296e-03
9.41062744e+02 3.46576178e+00 4.13687685e-03 2.74609564e-03
9.41729455e+02 3.48234095e+00 4.08941851e-03 2.42024007e-03
9.42396166e+02 3.49904310e+00 4.05046627e-03 2.00566851e-03
9.43062877e+02 3.51587275e+00 4.02103690e-03 1.56165668e-03
9.43729588e+02 3.53284050e+00 4.00059661e-03 1.14158520e-03
9.44396299e+02 3.54996176e+00 3.98756605e-03 7.82872083e-04
9.45063011e+02 3.56725517e+00 3.97995632e-03 5.03247270e-04
9.45729722e+02 3.58474083e+00 3.97589457e-03 3.02976729e-04
9.46396433e+02 3.60243872e+00 3.97391815e-03 1.70680145e-04
9.47063144e+02 3.62036744e+00 3.97304377e-03 8.98861865e-05
9.47729855e+02 3.63854340e+00 3.97269301e-03 4.42095172e-05
9.48396566e+02 3.65698036e+00 3.97256572e-03 2.02871365e-05
9.49063277e+02 3.67568925e+00 3.97252401e-03 8.67714662e-06
9.49729988e+02 3.69467835e+00 3.97251168e-03 3.45589119e-06
9.50396699e+02 3.71395344e+00 3.97250839e-03 1.28043894e-06
9.51063411e+02 3.73351819e+00 3.97250760e-03 4.40941641e-07
9.51730122e+02 3.75337445e+00 3.97250742e-03 1.41013514e-07
9.52396833e+02 3.77352258e+00 3.97250739e-03 4.18475382e-08
9.53063544e+02 3.79396176e+00 3.97250738e-03 1.15170590e-08
9.53730255e+02 3.81469025e+00 3.97250738e-03 2.93839494e-09
9.54396966e+02 3.83570559e+00 3.97250738e-03 6.94989691e-10
9.55063677e+02 3.85700486e+00 3.97250738e-03 1.52480778e-10
9.55730388e+02 3.87858483e+00 3.97250738e-03 3.10800162e-11
9.56397100e+02 3.90044220e+00 3.97250738e-03 5.90154062e-12
9.57063811e+02 3.92257375e+00 3.97250738e-03 1.04831611e-12
9.57730522e+02 3.94497654e+00 3.97250738e-03 1.75205110e-13
9.58397233e+02 3.96764814e+00 3.97250738e-03 2.77431229e-14
9.59063944e+02 3.99058675e+00 3.97250738e-03 4.19372532e-15
9.59730655e+02 4.01379145e+00 3.97250738e-03 6.09564007e-16
9.60397366e+02 4.03726228e+00 3.97250738e-03 8.57101991e-17
9.61064077e+02 4.06100040e+00 3.97250738e-03 1.17093349e-17
9.61730788e+02 4.08500816e+00 3.97250738e-03 1.55848076e-18
9.62397500e+02 4.10928909e+00 3.97250738e-03 2.02388224e-19
9.63064211e+02 4.13384788e+00 3.97250738e-03 2.56623572e-20
9.63730922e+02 4.15869027e+00 3.97250738e-03 3.17812990e-21
9.64397633e+02 4.18382290e+00 3.97250738e-03 3.84464618e-22
9.65064344e+02 4.20925306e+00 3.97250738e-03 4.54299606e-23
9.65731055e+02 4.23498842e+00 3.97250738e-03 5.24297736e-24
9.66397766e+02 4.26103673e+00 3.97250738e-03 5.90840606e-25
9.67064477e+02 4.28740546e+00 3.97250738e-03 6.49958208e-26
9.67731189e+02 4.31410146e+00 3.97250738e-03 6.97669087e-27
9.68397900e+02 4.34113067e+00 3.97250738e-03 7.30385258e-28
9.69064611e+02 4.36849780e+00 3.97250738e-03 7.45334068e-29
9.69731322e+02 4.39620619e+00 3.97250738e-03 7.40934684e-30
9.70398033e+02 4.42425764e+00 3.97250738e-03 7.17062098e-31
9.71064744e+02 4.45265243e+00 3.97250738e-03 6.75140264e-32
9.71731455e+02 4.48138942e+00 3.97250738e-03 6.18030476e-33
9.72398166e+02 4.51046629e+00 3.97250738e-03 5.49722178e-34
9.73064877e+02 4.53987981e+00 3.97250738e-03 4.75649262e-35
9.73731589e+02 4.56962632e+00 3.97250738e-03 5.49612547e-36
9.74398300e+02 4.59970209e+00 3.97250738e-03 2.95829919e-35
9.75065011e+02 4.63010389e+00 3.97250738e-03 5.83900217e-34
9.75731722e+02 4.66082939e+00 3.97250738e-03 1.20498541e-32
9.76398433e+02 4.69187760e+00 3.97250738e-03 2.57494660e-31
9.77065144e+02 4.72324922e+00 3.97250738e-03 5.70481127e-30
9.77731855e+02 4.75494686e+00 3.97250738e-03 1.31215937e-28
9.78398566e+02 4.78697522e+00 3.97250738e-03 3.13758455e-27
9.79065278e+02 4.81934110e+00 3.97250738e-03 7.80991895e-26
9.79731989e+02 4.85205328e+00 3.97250738e-03 2.02622683e-24
9.80398700e+02 4.88512239e+00 3.97250738e-03 5.48555193e-23
9.81065411e+02 4.91856061e+00 3.97250738e-03 1.55122637e-21
9.81732122e+02 4.95238133e+00 3.97250738e-03 4.58512544e-20
9.82398833e+02 4.98659880e+00 3.97250738e-03 1.41582663e-18
9.83065544e+02 5.02122766e+00 3.97250738e-03 4.53876865e-17
9.83732255e+02 5.05628256e+00 3.97250738e-03 1.47432713e-15
9.84398966e+02 5.09177771e+00 3.97250738e-03 4.58413085e-14
9.85065678e+02 5.12772647e+00 3.97250738e-03 1.25273330e-12
9.85732389e+02 5.16414094e+00 3.97250738e-03 2.75753928e-11
9.86399100e+02 5.20103158e+00 3.97250738e-03 4.58303472e-10
9.87065811e+02 5.23840689e+00 3.97250738e-03 5.56687534e-09
9.87732522e+02 5.27627309e+00 3.97250738e-03 4.94327218e-08
9.88399233e+02 5.31463389e+00 3.97250738e-03 3.30262707e-07
9.89065944e+02 5.35349034e+00 3.97250738e-03 1.73589263e-06
9.89732655e+02 5.39284080e+00 3.97250737e-03 7.47446664e-06
9.90399367e+02 5.43268114e+00 3.97250720e-03 2.69758021e-05
9.91066078e+02 5.47300501e+00 3.97250333e-03 8.22285175e-05
9.91732789e+02 5.51380441e+00 3.97243971e-03 2.11913736e-04
9.92399500e+02 5.55507024e+00 3.97171979e-03 4.61453777e-04
9.93066211e+02 5.59679297e+00 3.96636577e-03 8.48402062e-04
9.93732922e+02 5.63896270e+00 3.94108226e-03 1.31606053e-03
9.94399633e+02 5.68156743e+00 3.86723739e-03 1.72138262e-03
9.95066344e+02 5.72458904e+00 3.73661693e-03 1.89741127e-03
9.95733056e+02 5.76800457e+00 3.59902979e-03 1.76160845e-03
9.96399767e+02 5.81179871e+00 3.51385348e-03 1.37697812e-03
9.97066478e+02 5.85597514e+00 3.48316341e-03 9.05823731e-04
9.97733189e+02 5.90055435e+00 3.47676917e-03 5.01315552e-04
9.98399900e+02 5.94556529e+00 3.47600009e-03 2.33347498e-04
9.99066611e+02 5.99103959e+00 3.47594627e-03 9.13288452e-05
9.99733322e+02 6.03700846e+00 3.47594402e-03 3.00435535e-05
1.00040003e+03 6.08350074e+00 3.47594396e-03 8.29184529e-06
1.00106674e+03 6.13054177e+00 3.47594396e-03 1.90360011e-06
1.00173346e+03 6.17815300e+00 3.47594396e-03 3.53522963e-07
1.00240017e+03 6.22635193e+00 3.47594396e-03 5.02050915e-08
1.00306688e+03 6.27515229e+00 3.47594396e-03 7.09632787e-09
1.00373359e+03 6.32456431e+00 3.47594396e-03 3.21201564e-08
1.00440030e+03 6.37459494e+00 3.47594396e-03 2.84971752e-07
1.00506701e+03 6.42524801e+00 3.47594396e-03 1.72622234e-06
1.00573372e+03 6.47652450e+00 3.47594396e-03 8.06192755e-06
1.00640043e+03 6.52842275e+00 3.47594395e-03 3.06787753e-05
1.00706714e+03 6.58093890e+00 3.47594370e-03 9.60738277e-05
1.00773386e+03 6.63406726e+00 3.47593021e-03 2.47682148e-04
1.00840057e+03 6.68780085e+00 3.47552407e-03 5.25440727e-04
1.00906728e+03 6.74213187e+00 3.46943025e-03 9.16886173e-04
1.00973399e+03 6.79705183e+00 3.42677277e-03 1.31556038e-03
1.01040070e+03 6.85254654e+00 3.29325686e-03 1.55155604e-03
1.01106741e+03 6.90858759e+00 3.11182775e-03 1.50369112e-03
1.01173412e+03 6.96514648e+00 3.00716484e-03 1.19721470e-03
1.01240083e+03 7.02222003e+00 2.98198353e-03 7.82905680e-04
1.01306754e+03 7.07982649e+00 2.97948515e-03 4.20423014e-04
1.01373426e+03 7.13799252e+00 2.97938238e-03 1.85367162e-04
1.01440097e+03 7.19674776e+00 2.97938055e-03 6.70951552e-05
1.01506768e+03 7.25612209e+00 2.97938053e-03 1.99330654e-05
1.01573439e+03 7.31614366e+00 2.97938053e-03 4.84983286e-06
1.01640110e+03 7.37683783e+00 2.97938053e-03 9.46501982e-07
1.01706781e+03 7.43822668e+00 2.97938053e-03 1.35110978e-07
1.01773452e+03 7.50032908e+00 2.97938053e-03 1.16762042e-08
1.01840123e+03 7.56316100e+00 2.97938053e-03 5.04506768e-10
1.01906794e+03 7.62673588e+00 2.97938053e-03 9.98754473e-12
1.01973466e+03 7.69106507e+00 2.97938053e-03 9.58047382e-14
1.02040137e+03 7.75615825e+00 2.97938053e-03 5.47047461e-16
1.02106808e+03 7.82202376e+00 2.97938053e-03 2.42778204e-18
1.02173479e+03 7.88866893e+00 2.97938053e-03 9.76109042e-21
1.02240150e+03 7.95610034e+00 2.97938053e-03 3.68039973e-23
1.02306821e+03 8.02432412e+00 2.97938053e-03 5.69468159e-23
1.02373492e+03 8.09334604e+00 2.97938053e-03 5.46585447e-20
1.02440163e+03 8.16317167e+00 2.97938053e-03 5.58113471e-17
1.02506834e+03 8.23380634e+00 2.97938053e-03 5.01950734e-14
1.02573506e+03 8.30525507e+00 2.97938053e-03 2.24015012e-11
1.02640177e+03 8.37752235e+00 2.97938053e-03 2.77718651e-09
1.02706848e+03 8.45061189e+00 2.97938053e-03 7.78903698e-08
1.02773519e+03 8.52452642e+00 2.97938053e-03 7.01304853e-07
1.02840190e+03 8.59926754e+00 2.97938053e-03 3.89345211e-06
1.02906861e+03 8.67483579e+00 2.97938053e-03 1.70076696e-05
1.02973532e+03 8.75123080e+00 2.97938053e-03 5.95848847e-05
1.03040203e+03 8.82845166e+00 2.97938053e-03 1.67435751e-04
1.03106874e+03 8.90649713e+00 2.97937601e-03 3.77302366e-04
1.03173546e+03 8.98536600e+00 2.97866262e-03 6.81661858e-04
1.03240217e+03 9.06505797e+00 2.95369466e-03 9.87217740e-04
1.03306888e+03 9.14557014e+00 2.78035111e-03 1.14597906e-03
1.03373559e+03 9.22687101e+00 2.54584346e-03 1.06621430e-03
1.03440230e+03 9.30893065e+00 2.48558726e-03 7.95093311e-04
1.03506901e+03 9.39176180e+00 2.48283887e-03 4.75224309e-04
1.03573572e+03 9.47538965e+00 2.48281715e-03 2.27672894e-04
1.03640243e+03 9.55984153e+00 2.48281711e-03 8.77215752e-05
1.03706914e+03 9.64514382e+00 2.48281711e-03 2.89392019e-05
1.03773586e+03 9.73131933e+00 2.48281711e-03 1.64629743e-05
1.03840257e+03 9.81838572e+00 2.48281711e-03 3.88331439e-05
1.03906928e+03 9.90635517e+00 2.48281711e-03 1.14270268e-04
1.03973599e+03 9.99523491e+00 2.48281705e-03 2.76273204e-04
1.04040270e+03 1.00850281e+01 2.48276746e-03 5.32877358e-04
1.04106941e+03 1.01757355e+01 2.47583092e-03 8.18878856e-04
1.04173612e+03 1.02673573e+01 2.35182873e-03 1.00274750e-03
1.04240283e+03 1.03598690e+01 2.07082595e-03 9.78646446e-04
1.04306954e+03 1.04532268e+01 1.98898415e-03 7.61312052e-04
1.04373626e+03 1.05474394e+01 1.98626334e-03 4.72040393e-04
1.04440297e+03 1.06425333e+01 1.98625369e-03 2.33232331e-04
1.04506968e+03 1.07385406e+01 1.98625369e-03 9.18042313e-05
1.04573639e+03 1.08354955e+01 1.98625369e-03 2.87783066e-05
1.04640310e+03 1.09334324e+01 1.98625369e-03 7.18274596e-06
1.04706981e+03 1.10323832e+01 1.98625369e-03 1.42483660e-06
1.04773652e+03 1.11323761e+01 1.98625369e-03 2.03374204e-07
1.04840323e+03 1.12334357e+01 1.98625369e-03 9.15579532e-09
1.04906994e+03 1.13355823e+01 1.98625369e-03 4.60599830e-11
1.04973666e+03 1.14388323e+01 1.98625369e-03 1.94245300e-12
1.05040337e+03 1.15431988e+01 1.98625369e-03 2.83500671e-09
1.05107008e+03 1.16486909e+01 1.98625369e-03 1.54494395e-07
1.05173679e+03 1.17553143e+01 1.98625369e-03 1.12268722e-06
1.05240350e+03 1.18630718e+01 1.98625369e-03 5.80363633e-06
1.05307021e+03 1.19719626e+01 1.98625369e-03 2.36765405e-05
1.05373692e+03 1.20819836e+01 1.98625369e-03 7.63013894e-05
1.05440363e+03 1.21931293e+01 1.98625369e-03 1.94402418e-04
1.05507035e+03 1.23053919e+01 1.98625333e-03 3.91928102e-04
1.05573706e+03 1.24187623e+01 1.98547853e-03 6.25736062e-04
1.05640377e+03 1.25332320e+01 1.90870464e-03 7.91605601e-04
1.05707048e+03 1.26487755e+01 1.57231725e-03 7.93759871e-04
1.05773719e+03 1.27653227e+01 1.49048108e-03 6.31119312e-04
1.05840390e+03 1.28828691e+01 1.48969053e-03 3.99290084e-04
1.05907061e+03 1.30014251e+01 1.48969027e-03 2.08405018e-04
1.05973732e+03 1.31210048e+01 1.48969027e-03 1.17337951e-04
1.06040403e+03 1.32416240e+01 1.48969027e-03 1.40161827e-04
1.06107075e+03 1.33632977e+01 1.48969027e-03 2.74777971e-04
1.06173746e+03 1.34860383e+01 1.48968441e-03 4.92006824e-04
1.06240417e+03 1.36098562e+01 1.48203553e-03 7.05192009e-04
1.06307088e+03 1.37347616e+01 1.24637429e-03 7.96225009e-04
1.06373759e+03 1.38607118e+01 1.00141830e-03 7.06927422e-04
1.06440430e+03 1.39876856e+01 9.93132181e-04 4.93537236e-04
1.06507101e+03 1.41157097e+01 9.93126845e-04 2.71078050e-04
1.06573772e+03 1.42448155e+01 9.93126845e-04 1.17230984e-04
1.06640443e+03 1.43750373e+01 9.93126845e-04 3.99578004e-05
1.06707115e+03 1.45064091e+01 9.93126845e-04 1.07464409e-05
1.06773786e+03 1.46389617e+01 9.93126845e-04 2.28313285e-06
1.06840457e+03 1.47727203e+01 9.93126845e-04 3.95377489e-07
1.06907128e+03 1.49077031e+01 9.93126845e-04 3.42909914e-07
1.06973799e+03 1.50439210e+01 9.93126845e-04 1.95370882e-06
1.07040470e+03 1.51813777e+01 9.93126845e-04 9.39612777e-06
1.07107141e+03 1.53200709e+01 9.93126845e-04 3.55655689e-05
1.07173812e+03 1.54599922e+01 9.93126845e-04 1.05804114e-04
1.07240483e+03 1.56011289e+01 9.93126845e-04 2.47073634e-04
1.07307155e+03 1.57434641e+01 9.93126262e-04 4.52414458e-04
1.07373826e+03 1.58869786e+01 9.88387104e-04 6.49080308e-04
1.07440497e+03 1.60316547e+01 7.19681814e-04 7.29507327e-04
1.07507168e+03 1.61774128e+01 4.98787330e-04 6.43712038e-04
1.07573839e+03 1.63242094e+01 4.96563548e-04 4.53319706e-04
1.07640510e+03 1.64720436e+01 4.96563422e-04 2.79920230e-04
1.07707181e+03 1.66209187e+01 4.96563422e-04 2.14584523e-04
1.07773852e+03 1.67708417e+01 4.96563422e-04 2.76470782e-04
1.07840523e+03 1.69218213e+01 4.96555736e-04 4.17605290e-04
1.07907195e+03 1.70738671e+01 4.70132932e-04 5.45058827e-04
1.07973866e+03 1.72269844e+01 7.80195523e-05 5.70247874e-04
1.08040537e+03 1.73811035e+01 7.47757156e-08 4.71688806e-04
1.08107208e+03 1.75362366e+01 3.64505970e-13 3.07493899e-04
1.08173879e+03 1.76924081e+01 2.63247542e-19 1.57684606e-04
1.08240550e+03 1.78496456e+01 1.63087008e-25 6.35182805e-05
1.08307221e+03 1.80079781e+01 9.14621202e-32 2.00727938e-05
1.08373892e+03 1.81674325e+01 4.63195796e-38 4.97084623e-06
1.08440563e+03 1.83280322e+01 2.11385325e-44 9.63737469e-07
1.08507235e+03 1.84897950e+01 8.67877949e-51 1.38848174e-07
1.08573906e+03 1.86527338e+01 3.20195506e-57 3.21312353e-10
1.08640577e+03 1.88168562e+01 1.06082293e-63 2.17640593e-15
1.08707248e+03 1.89821655e+01 3.15507937e-70 1.60743096e-21
1.08773919e+03 1.91486616e+01 8.42410208e-77 9.95854897e-28
1.08840590e+03 1.93163415e+01 2.01973126e-83 5.58499203e-34
1.08907261e+03 1.94852007e+01 4.35016765e-90 2.82846332e-40
1.08973932e+03 1.96552332e+01 8.42165889e-97 1.29081916e-46
1.09040603e+03 1.98264320e+01 1.46635013e-103 5.29973050e-53
1.09107275e+03 1.99987900e+01 2.29780588e-110 1.95530641e-59
1.09173946e+03 2.01722997e+01 3.24280646e-117 6.47808774e-66
1.09240617e+03 2.03469534e+01 4.12439174e-124 1.92671918e-72
1.09307288e+03 2.05227436e+01 4.73070742e-131 5.14441288e-79
1.09373959e+03 2.06996631e+01 4.89677546e-138 1.23341635e-85
1.09440630e+03 2.08777046e+01 4.57715293e-145 2.65659824e-92
1.09507301e+03 2.10568611e+01 3.86595316e-152 5.14305486e-99
1.09573972e+03 2.12371260e+01 2.95229438e-159 8.95498107e-106
1.09640643e+03 2.14184927e+01 2.03967847e-166 1.40327782e-112
1.09707315e+03 2.16009549e+01 1.27558799e-173 1.98040744e-119
1.09773986e+03 2.17845066e+01 7.22512086e-181 2.51881623e-126
1.09840657e+03 2.19691420e+01 3.70849109e-188 2.88912000e-133
1.09907328e+03 2.21548553e+01 1.72579675e-195 2.99055963e-140
1.09973999e+03 2.23416411e+01 7.28513374e-203 2.79537677e-147
1.10040670e+03 2.25294942e+01 2.79092814e-210 2.36104378e-154
1.10107341e+03 2.27184095e+01 9.70786310e-218 1.80305723e-161
1.10174012e+03 2.29083820e+01 3.06730096e-225 1.24570107e-168
1.10240683e+03 2.30994070e+01 8.80713229e-233 7.79048862e-176
1.10307355e+03 2.32914800e+01 2.29900086e-240 4.41266975e-183
1.10374026e+03 2.34845965e+01 5.45815674e-248 2.26493354e-190
1.10440697e+03 2.36787521e+01 1.17903294e-255 1.05402198e-197
1.10507368e+03 2.38739427e+01 2.31816362e-263 4.44937733e-205
1.10574039e+03 2.40701642e+01 4.15011997e-271 1.70455860e-212
1.10640710e+03 2.42674126e+01 6.76754276e-279 5.92909473e-220
1.10707381e+03 2.44656842e+01 1.00555514e-286 1.87336539e-227
1.10774052e+03 2.46649753e+01 1.36185753e-294 5.37900404e-235
1.10840723e+03 2.48652822e+01 1.68170838e-302 1.40413100e-242
1.10907395e+03 2.50666015e+01 1.89331797e-310 3.33361572e-250
1.10974066e+03 2.52689297e+01 7.24216246e-319 7.20105966e-258
1.11040737e+03 2.54722635e+01 0.00000000e+00 1.41584396e-265
1.11107408e+03 2.56765998e+01 0.00000000e+00 2.53473577e-273
1.11174079e+03 2.58819353e+01 0.00000000e+00 4.13336436e-281
1.11240750e+03 2.60882670e+01 0.00000000e+00 6.14156585e-289
1.11307421e+03 2.62955919e+01 0.00000000e+00 8.31774011e-297
1.11374092e+03 2.65039071e+01 0.00000000e+00 1.02712833e-304
1.11440763e+03 2.67132099e+01 0.00000000e+00 1.15637266e-312
1.11507435e+03 2.69234974e+01 0.00000000e+00 4.42188753e-321
1.11574106e+03 2.71347671e+01 0.00000000e+00 0.00000000e+00
1.11640777e+03 2.73470162e+01 0.00000000e+00 0.00000000e+00
1.11707448e+03 2.75602422e+01 0.00000000e+00 0.00000000e+00
1.11774119e+03 2.77744427e+01 0.00000000e+00 0.00000000e+00
1.11840790e+03 2.79896151e+01 0.00000000e+00 0.00000000e+00
1.11907461e+03 2.82057572e+01 0.00000000e+00 0.00000000e+00
1.11974132e+03 2.84228667e+01 0.00000000e+00 0.00000000e+00
1.12040803e+03 2.86409412e+01 0.00000000e+00 0.00000000e+00
1.12107475e+03 2.88599786e+01 0.00000000e+00 0.00000000e+00
1.12174146e+03 2.90799767e+01 0.00000000e+00 0.00000000e+00
1.12240817e+03 2.93009335e+01 0.00000000e+00 0.00000000e+00
1.12307488e+03 2.95228469e+01 0.00000000e+00 0.00000000e+00
1.12374159e+03 2.97457149e+01 0.00000000e+00 0.00000000e+00
1.12440830e+03 2.99695355e+01 0.00000000e+00 0.00000000e+00
1.12507501e+03 3.01943068e+01 0.00000000e+00 0.00000000e+00
1.12574172e+03 3.04200270e+01 0.00000000e+00 0.00000000e+00
1.12640843e+03 3.06466943e+01 0.00000000e+00 0.00000000e+00
1.12707515e+03 3.08743068e+01 0.00000000e+00 0.00000000e+00
1.12774186e+03 3.11028629e+01 0.00000000e+00 0.00000000e+00
1.12840857e+03 3.13323609e+01 0.00000000e+00 0.00000000e+00
1.12907528e+03 3.15627990e+01 0.00000000e+00 0.00000000e+00
1.12974199e+03 3.17941757e+01 0.00000000e+00 0.00000000e+00
1.13040870e+03 3.20264894e+01 0.00000000e+00 0.00000000e+00
1.13107541e+03 3.22597385e+01 0.00000000e+00 0.00000000e+00
1.13174212e+03 3.24939216e+01 0.00000000e+00 0.00000000e+00
1.13240883e+03 3.27290372e+01 0.00000000e+00 0.00000000e+00
1.13307555e+03 3.29650838e+01 0.00000000e+00 0.00000000e+00
1.13374226e+03 3.32020601e+01 0.00000000e+00 0.00000000e+00
1.13440897e+03 3.34399646e+01 0.00000000e+00 0.00000000e+00
1.13507568e+03 3.36787960e+01 0.00000000e+00 0.00000000e+00
1.13574239e+03 3.39185530e+01 0.00000000e+00 0.00000000e+00
1.13640910e+03 3.41592343e+01 0.00000000e+00 0.00000000e+00
1.13707581e+03 3.44008387e+01 0.00000000e+00 0.00000000e+00
1.13774252e+03 3.46433650e+01 0.00000000e+00 0.00000000e+00
1.13840923e+03 3.48868119e+01 0.00000000e+00 0.00000000e+00
1.13907595e+03 3.51311784e+01 0.00000000e+00 0.00000000e+00
1.13974266e+03 3.53764632e+01 0.00000000e+00 0.00000000e+00
1.14040937e+03 3.56226653e+01 0.00000000e+00 0.00000000e+00
1.14107608e+03 3.58697836e+01 0.00000000e+00 0.00000000e+00
1.14174279e+03 3.61178170e+01 0.00000000e+00 0.00000000e+00
1.14240950e+03 3.63667645e+01 0.00000000e+00 0.00000000e+00
1.14307621e+03 3.66166251e+01 0.00000000e+00 0.00000000e+00
1.14374292e+03 3.68673978e+01 0.00000000e+00 0.00000000e+00
1.14440963e+03 3.71190816e+01 0.00000000e+00 0.00000000e+00
1.14507635e+03 3.73716757e+01 0.00000000e+00 0.00000000e+00
1.14574306e+03 3.76251792e+01 0.00000000e+00 0.00000000e+00
1.14640977e+03 3.78795911e+01 0.00000000e+00 0.00000000e+00
1.14707648e+03 3.81349105e+01 0.00000000e+00 0.00000000e+00
1.14774319e+03 3.83911367e+01 0.00000000e+00 0.00000000e+00
1.14840990e+03 3.86482689e+01 0.00000000e+00 0.00000000e+00
1.14907661e+03 3.89063062e+01 0.00000000e+00 0.00000000e+00
1.14974332e+03 3.91652478e+01 0.00000000e+00 0.00000000e+00
1.15041004e+03 3.94250930e+01 0.00000000e+00 0.00000000e+00
1.15107675e+03 3.96858412e+01 0.00000000e+00 0.00000000e+00
1.15174346e+03 3.99474915e+01 0.00000000e+00 0.00000000e+00
1.15241017e+03 4.02100432e+01 0.00000000e+00 0.00000000e+00
1.15307688e+03 4.04734957e+01 0.00000000e+00 0.00000000e+00
1.15374359e+03 4.07378484e+01 0.00000000e+00 0.00000000e+00
1.15441030e+03 4.10031005e+01 0.00000000e+00 0.00000000e+00
1.15507701e+03 4.12692516e+01 0.00000000e+00 0.00000000e+00
1.15574372e+03 4.15363009e+01 0.00000000e+00 0.00000000e+00
1.15641044e+03 4.18042480e+01 0.00000000e+00 0.00000000e+00
1.15707715e+03 4.20730922e+01 0.00000000e+00 0.00000000e+00
1.15774386e+03 4.23428330e+01 0.00000000e+00 0.00000000e+00
1.15841057e+03 4.26134699e+01 0.00000000e+00 0.00000000e+00
1.15907728e+03 4.28850024e+01 0.00000000e+00 0.00000000e+00
1.15974399e+03 4.31574300e+01 0.00000000e+00 0.00000000e+00
1.16041070e+03 4.34307522e+01 0.00000000e+00 0.00000000e+00
1.16107741e+03 4.37049685e+01 0.00000000e+00 0.00000000e+00
1.16174412e+03 4.39800785e+01 0.00000000e+00 0.00000000e+00
1.16241084e+03 4.42560819e+01 0.00000000e+00 0.00000000e+00
1.16307755e+03 4.45329781e+01 0.00000000e+00 0.00000000e+00
1.16374426e+03 4.48107668e+01 0.00000000e+00 0.00000000e+00
1.16441097e+03 4.50894477e+01 0.00000000e+00 0.00000000e+00
1.16507768e+03 4.53690203e+01 0.00000000e+00 0.00000000e+00
1.16574439e+03 4.56494842e+01 0.00000000e+00 0.00000000e+00
1.16641110e+03 4.59308393e+01 0.00000000e+00 0.00000000e+00
1.16707781e+03 4.62130851e+01 0.00000000e+00 0.00000000e+00
1.16774452e+03 4.64962213e+01 0.00000000e+00 0.00000000e+00
1.16841124e+03 4.67802477e+01 0.00000000e+00 0.00000000e+00
1.16907795e+03 4.70651641e+01 0.00000000e+00 0.00000000e+00
1.16974466e+03 4.73509700e+01 0.00000000e+00 0.00000000e+00
1.17041137e+03 4.76376654e+01 0.00000000e+00 0.00000000e+00
1.17107808e+03 4.79252499e+01 0.00000000e+00 0.00000000e+00
1.17174479e+03 4.82137233e+01 0.00000000e+00 0.00000000e+00
1.17241150e+03 4.85030854e+01 0.00000000e+00 0.00000000e+00
1.17307821e+03 4.87933361e+01 0.00000000e+00 0.00000000e+00
1.17374492e+03 4.90844752e+01 0.00000000e+00 0.00000000e+00
1.17441164e+03 4.93765024e+01 0.00000000e+00 0.00000000e+00
1.17507835e+03 4.96694177e+01 0.00000000e+00 0.00000000e+00
1.17574506e+03 4.99632209e+01 0.00000000e+00 0.00000000e+00
1.17641177e+03 5.02579120e+01 0.00000000e+00 0.00000000e+00
1.17707848e+03 5.05534906e+01 0.00000000e+00 0.00000000e+00
1.17774519e+03 5.08499569e+01 0.00000000e+00 0.00000000e+00
1.17841190e+03 5.11473106e+01 0.00000000e+00 0.00000000e+00
1.17907861e+03 5.14455517e+01 0.00000000e+00 0.00000000e+00
1.17974532e+03 5.17446802e+01 0.00000000e+00 0.00000000e+00
1.18041204e+03 5.20446960e+01 0.00000000e+00 0.00000000e+00
1.18107875e+03 5.23455990e+01 0.00000000e+00 0.00000000e+00
1.18174546e+03 5.26473893e+01 0.00000000e+00 0.00000000e+00
1.18241217e+03 5.29500668e+01 0.00000000e+00 0.00000000e+00
1.18307888e+03 5.32536315e+01 0.00000000e+00 0.00000000e+00
1.18374559e+03 5.35580834e+01 0.00000000e+00 0.00000000e+00
1.18441230e+03 5.38634225e+01 0.00000000e+00 0.00000000e+00
1.18507901e+03 5.41696489e+01 0.00000000e+00 0.00000000e+00
1.18574572e+03 5.44767626e+01 0.00000000e+00 0.00000000e+00
1.18641244e+03 5.47847637e+01 0.00000000e+00 0.00000000e+00
1.18707915e+03 5.50936522e+01 0.00000000e+00 0.00000000e+00
1.18774586e+03 5.54034281e+01 0.00000000e+00 0.00000000e+00
1.18841257e+03 5.57140917e+01 0.00000000e+00 0.00000000e+00
1.18907928e+03 5.60256430e+01 0.00000000e+00 0.00000000e+00
1.18974599e+03 5.63380820e+01 0.00000000e+00 0.00000000e+00
1.19041270e+03 5.66514089e+01 0.00000000e+00 0.00000000e+00
1.19107941e+03 5.69656239e+01 0.00000000e+00 0.00000000e+00
1.19174612e+03 5.72807270e+01 0.00000000e+00 0.00000000e+00
1.19241284e+03 5.75967185e+01 0.00000000e+00 0.00000000e+00
1.19307955e+03 5.79135985e+01 0.00000000e+00 0.00000000e+00
1.19374626e+03 5.82313671e+01 0.00000000e+00 0.00000000e+00
1.19441297e+03 5.85500246e+01 0.00000000e+00 0.00000000e+00
1.19507968e+03 5.88695710e+01 0.00000000e+00 0.00000000e+00
1.19574639e+03 5.91900067e+01 0.00000000e+00 0.00000000e+00
1.19641310e+03 5.95113318e+01 0.00000000e+00 0.00000000e+00
1.19707981e+03 5.98335466e+01 0.00000000e+00 0.00000000e+00
1.19774652e+03 6.01566513e+01 0.00000000e+00 0.00000000e+00
1.19841324e+03 6.04806461e+01 0.00000000e+00 0.00000000e+00
1.19907995e+03 6.08055313e+01 0.00000000e+00 0.00000000e+00
1.19974666e+03 6.11313071e+01 0.00000000e+00 0.00000000e+00
1.20041337e+03 6.14579738e+01 0.00000000e+00 0.00000000e+00
1.20108008e+03 6.17855317e+01 0.00000000e+00 0.00000000e+00
1.20174679e+03 6.21139811e+01 0.00000000e+00 0.00000000e+00
1.20241350e+03 6.24433222e+01 0.00000000e+00 0.00000000e+00
1.20308021e+03 6.27735554e+01 0.00000000e+00 0.00000000e+00
1.20374692e+03 6.31046810e+01 0.00000000e+00 0.00000000e+00
1.20441364e+03 6.34366994e+01 0.00000000e+00 0.00000000e+00
1.20508035e+03 6.37696108e+01 0.00000000e+00 0.00000000e+00
1.20574706e+03 6.41034155e+01 0.00000000e+00 0.00000000e+00
1.20641377e+03 6.44381141e+01 0.00000000e+00 0.00000000e+00
1.20708048e+03 6.47737067e+01 0.00000000e+00 0.00000000e+00
1.20774719e+03 6.51101939e+01 0.00000000e+00 0.00000000e+00
1.20841390e+03 6.54475759e+01 0.00000000e+00 0.00000000e+00
1.20908061e+03 6.57858531e+01 0.00000000e+00 0.00000000e+00
1.20974732e+03 6.61250260e+01 0.00000000e+00 0.00000000e+00
1.21041404e+03 6.64650950e+01 0.00000000e+00 0.00000000e+00
1.21108075e+03 6.68060605e+01 0.00000000e+00 0.00000000e+00
1.21174746e+03 6.71479229e+01 0.00000000e+00 0.00000000e+00
1.21241417e+03 6.74906826e+01 0.00000000e+00 0.00000000e+00
1.21308088e+03 6.78343401e+01 0.00000000e+00 0.00000000e+00
1.21374759e+03 6.81788958e+01 0.00000000e+00 0.00000000e+00
1.21441430e+03 6.85243503e+01 0.00000000e+00 0.00000000e+00
1.21508101e+03 6.88707039e+01 0.00000000e+00 0.00000000e+00
1.21574772e+03 6.92179571e+01 0.00000000e+00 0.00000000e+00
1.21641444e+03 6.95661105e+01 0.00000000e+00 0.00000000e+00
1.21708115e+03 6.99151645e+01 0.00000000e+00 0.00000000e+00
1.21774786e+03 7.02651196e+01 0.00000000e+00 0.00000000e+00
1.21841457e+03 7.06159764e+01 0.00000000e+00 0.00000000e+00
1.21908128e+03 7.09677353e+01 0.00000000e+00 0.00000000e+00
1.21974799e+03 7.13203969e+01 0.00000000e+00 0.00000000e+00
1.22041470e+03 7.16739618e+01 0.00000000e+00 0.00000000e+00
1.22108141e+03 7.20284304e+01 0.00000000e+00 0.00000000e+00
1.22174812e+03 7.23838033e+01 0.00000000e+00 0.00000000e+00
1.22241484e+03 7.27400811e+01 0.00000000e+00 0.00000000e+00
1.22308155e+03 7.30972644e+01 0.00000000e+00 0.00000000e+00
1.22374826e+03 7.34553538e+01 0.00000000e+00 0.00000000e+00
1.22441497e+03 7.38143497e+01 0.00000000e+00 0.00000000e+00
1.22508168e+03 7.41742529e+01 0.00000000e+00 0.00000000e+00
1.22574839e+03 7.45350639e+01 0.00000000e+00 0.00000000e+00
1.22641510e+03 7.48967832e+01 0.00000000e+00 0.00000000e+00
1.22708181e+03 7.52594117e+01 0.00000000e+00 0.00000000e+00
1.22774852e+03 7.56229498e+01 0.00000000e+00 0.00000000e+00
1.22841524e+03 7.59873983e+01 0.00000000e+00 0.00000000e+00
1.22908195e+03 7.63527577e+01 0.00000000e+00 0.00000000e+00
1.22974866e+03 7.67190287e+01 0.00000000e+00 0.00000000e+00
1.23041537e+03 7.70862120e+01 0.00000000e+00 0.00000000e+00
1.23108208e+03 7.74543082e+01 0.00000000e+00 0.00000000e+00
1.23174879e+03 7.78233180e+01 0.00000000e+00 0.00000000e+00
1.23241550e+03 7.81932421e+01 0.00000000e+00 0.00000000e+00
1.23308221e+03 7.85640812e+01 0.00000000e+00 0.00000000e+00
1.23374892e+03 7.89358360e+01 0.00000000e+00 0.00000000e+00
1.23441564e+03 7.93085071e+01 0.00000000e+00 0.00000000e+00
1.23508235e+03 7.96820954e+01 0.00000000e+00 0.00000000e+00
1.23574906e+03 8.00566016e+01 0.00000000e+00 0.00000000e+00
1.23641577e+03 8.04320262e+01 0.00000000e+00 0.00000000e+00
1.23708248e+03 8.08083702e+01 0.00000000e+00 0.00000000e+00
1.23774919e+03 8.11856342e+01 0.00000000e+00 0.00000000e+00
1.23841590e+03 8.15638190e+01 0.00000000e+00 0.00000000e+00
1.23908261e+03 8.19429254e+01 0.00000000e+00 0.00000000e+00
1.23974932e+03 8.23229541e+01 0.00000000e+00 0.00000000e+00
1.24041604e+03 8.27039059e+01 0.00000000e+00 0.00000000e+00
1.24108275e+03 8.30857817e+01 0.00000000e+00 0.00000000e+00
1.24174946e+03 8.34685821e+01 0.00000000e+00 0.00000000e+00
1.24241617e+03 8.38523080e+01 0.00000000e+00 0.00000000e+00
1.24308288e+03 8.42369602e+01 0.00000000e+00 0.00000000e+00
1.24374959e+03 8.46225396e+01 0.00000000e+00 0.00000000e+00
1.24441630e+03 8.50090468e+01 0.00000000e+00 0.00000000e+00
1.24508301e+03 8.53964829e+01 0.00000000e+00 0.00000000e+00
1.24574972e+03 8.57848485e+01 0.00000000e+00 0.00000000e+00
1.24641644e+03 8.61741447e+01 0.00000000e+00 0.00000000e+00
1.24708315e+03 8.65643721e+01 0.00000000e+00 0.00000000e+00
1.24774986e+03 8.69555318e+01 0.00000000e+00 0.00000000e+00
1.24841657e+03 8.73476245e+01 0.00000000e+00 0.00000000e+00
1.24908328e+03 8.77406511e+01 0.00000000e+00 0.00000000e+00
1.24974999e+03 8.81346126e+01 0.00000000e+00 0.00000000e+00
1.25041670e+03 8.85295097e+01 0.00000000e+00 0.00000000e+00
1.25108341e+03 8.89253435e+01 0.00000000e+00 0.00000000e+00
1.25175013e+03 8.93221148e+01 0.00000000e+00 0.00000000e+00
1.25241684e+03 8.97198246e+01 0.00000000e+00 0.00000000e+00
1.25308355e+03 9.01184737e+01 0.00000000e+00 0.00000000e+00
1.25375026e+03 9.05180631e+01 0.00000000e+00 0.00000000e+00
1.25441697e+03 9.09185938e+01 0.00000000e+00 0.00000000e+00
1.25508368e+03 9.13200666e+01 0.00000000e+00 0.00000000e+00
1.25575039e+03 9.17224825e+01 0.00000000e+00 0.00000000e+00
1.25641710e+03 9.21258426e+01 0.00000000e+00 0.00000000e+00
1.25708381e+03 9.25301477e+01 0.00000000e+00 0.00000000e+00
1.25775053e+03 9.29353989e+01 0.00000000e+00 0.00000000e+00
1.25841724e+03 9.33415971e+01 0.00000000e+00 0.00000000e+00
1.25908395e+03 9.37487433e+01 0.00000000e+00 0.00000000e+00
1.25975066e+03 9.41568386e+01 0.00000000e+00 0.00000000e+00
1.26041737e+03 9.45658839e+01 0.00000000e+00 0.00000000e+00
1.26108408e+03 9.49758803e+01 0.00000000e+00 0.00000000e+00
1.26175079e+03 9.53868287e+01 0.00000000e+00 0.00000000e+00
1.26241750e+03 9.57987302e+01 0.00000000e+00 0.00000000e+00
1.26308421e+03 9.62115859e+01 0.00000000e+00 0.00000000e+00
1.26375093e+03 9.66253968e+01 0.00000000e+00 0.00000000e+00
1.26441764e+03 9.70401640e+01 0.00000000e+00 0.00000000e+00
1.26508435e+03 9.74558885e+01 0.00000000e+00 0.00000000e+00
1.26575106e+03 9.78725713e+01 0.00000000e+00 0.00000000e+00
1.26641777e+03 9.82902136e+01 0.00000000e+00 0.00000000e+00
1.26708448e+03 9.87088165e+01 0.00000000e+00 0.00000000e+00
1.26775119e+03 9.91283810e+01 0.00000000e+00 0.00000000e+00
1.26841790e+03 9.95489082e+01 0.00000000e+00 0.00000000e+00
1.26908461e+03 9.99703993e+01 0.00000000e+00 0.00000000e+00
1.26975133e+03 1.00392855e+02 0.00000000e+00 0.00000000e+00
1.27041804e+03 1.00816277e+02 0.00000000e+00 0.00000000e+00
1.27108475e+03 1.01240667e+02 0.00000000e+00 0.00000000e+00
1.27175146e+03 1.01666025e+02 0.00000000e+00 0.00000000e+00
1.27241817e+03 1.02092352e+02 0.00000000e+00 0.00000000e+00
1.27308488e+03 1.02519650e+02 0.00000000e+00 0.00000000e+00
1.27375159e+03 1.02947919e+02 0.00000000e+00 0.00000000e+00
1.27441830e+03 1.03377162e+02 0.00000000e+00 0.00000000e+00
1.27508501e+03 1.03807379e+02 0.00000000e+00 0.00000000e+00
1.27575173e+03 1.04238571e+02 0.00000000e+00 0.00000000e+00
1.27641844e+03 1.04670740e+02 0.00000000e+00 0.00000000e+00
1.27708515e+03 1.05103886e+02 0.00000000e+00 0.00000000e+00
1.27775186e+03 1.05538012e+02 0.00000000e+00 0.00000000e+00
1.27841857e+03 1.05973118e+02 0.00000000e+00 0.00000000e+00
1.27908528e+03 1.06409205e+02 0.00000000e+00 0.00000000e+00
1.27975199e+03 1.06846275e+02 0.00000000e+00 0.00000000e+00
1.28041870e+03 1.07284328e+02 0.00000000e+00 0.00000000e+00
1.28108541e+03 1.07723367e+02 0.00000000e+00 0.00000000e+00
1.28175213e+03 1.08163392e+02 0.00000000e+00 0.00000000e+00
1.28241884e+03 1.08604405e+02 0.00000000e+00 0.00000000e+00
1.28308555e+03 1.09046407e+02 0.00000000e+00 0.00000000e+00
1.28375226e+03 1.09489399e+02 0.00000000e+00 0.00000000e+00
1.28441897e+03 1.09933382e+02 0.00000000e+00 0.00000000e+00
1.28508568e+03 1.10378358e+02 0.00000000e+00 0.00000000e+00
1.28575239e+03 1.10824328e+02 0.00000000e+00 0.00000000e+00
1.28641910e+03 1.11271293e+02 0.00000000e+00 0.00000000e+00
1.28708581e+03 1.11719256e+02 0.00000000e+00 0.00000000e+00
1.28775253e+03 1.12168216e+02 0.00000000e+00 0.00000000e+00
1.28841924e+03 1.12618176e+02 0.00000000e+00 0.00000000e+00
1.28908595e+03 1.13069136e+02 0.00000000e+00 0.00000000e+00
1.28975266e+03 1.13521099e+02 0.00000000e+00 0.00000000e+00
1.29041937e+03 1.13974065e+02 0.00000000e+00 0.00000000e+00
1.29108608e+03 1.14428035e+02 0.00000000e+00 0.00000000e+00
1.29175279e+03 1.14883012e+02 0.00000000e+00 0.00000000e+00
1.29241950e+03 1.15338997e+02 0.00000000e+00 0.00000000e+00
1.29308621e+03 1.15795990e+02 0.00000000e+00 0.00000000e+00
1.29375293e+03 1.16253994e+02 0.00000000e+00 0.00000000e+00
1.29441964e+03 1.16713010e+02 0.00000000e+00 0.00000000e+00
1.29508635e+03 1.17173039e+02 0.00000000e+00 0.00000000e+00
1.29575306e+03 1.17634082e+02 0.00000000e+00 0.00000000e+00
1.29641977e+03 1.18096141e+02 0.00000000e+00 0.00000000e+00
1.29708648e+03 1.18559218e+02 0.00000000e+00 0.00000000e+00
1.29775319e+03 1.19023314e+02 0.00000000e+00 0.00000000e+00
1.29841990e+03 1.19488430e+02 0.00000000e+00 0.00000000e+00
1.29908661e+03 1.19954568e+02 0.00000000e+00 0.00000000e+00
1.29975333e+03 1.20421729e+02 0.00000000e+00 0.00000000e+00
1.30042004e+03 1.20889915e+02 0.00000000e+00 0.00000000e+00
1.30108675e+03 1.21359127e+02 0.00000000e+00 0.00000000e+00
1.30175346e+03 1.21829367e+02 0.00000000e+00 0.00000000e+00
1.30242017e+03 1.22300636e+02 0.00000000e+00 0.00000000e+00
1.30308688e+03 1.22772937e+02 0.00000000e+00 0.00000000e+00
1.30375359e+03 1.23246269e+02 0.00000000e+00 0.00000000e+00
1.30442030e+03 1.23720635e+02 0.00000000e+00 0.00000000e+00
1.30508701e+03 1.24196037e+02 0.00000000e+00 0.00000000e+00
1.30575373e+03 1.24672476e+02 0.00000000e+00 0.00000000e+00
1.30642044e+03 1.25149953e+02 0.00000000e+00 0.00000000e+00
1.30708715e+03 1.25628470e+02 0.00000000e+00 0.00000000e+00
1.30775386e+03 1.26108029e+02 0.00000000e+00 0.00000000e+00
1.30842057e+03 1.26588630e+02 0.00000000e+00 0.00000000e+00
1.30908728e+03 1.27070277e+02 0.00000000e+00 0.00000000e+00
1.30975399e+03 1.27552971e+02 0.00000000e+00 0.00000000e+00
1.31042070e+03 1.28036712e+02 0.00000000e+00 0.00000000e+00
1.31108741e+03 1.28521503e+02 0.00000000e+00 0.00000000e+00
1.31175413e+03 1.29007345e+02 0.00000000e+00 0.00000000e+00
1.31242084e+03 1.29494240e+02 0.00000000e+00 0.00000000e+00
1.31308755e+03 1.29982190e+02 0.00000000e+00 0.00000000e+00
1.31375426e+03 1.30471196e+02 0.00000000e+00 0.00000000e+00
1.31442097e+03 1.30961260e+02 0.00000000e+00 0.00000000e+00
1.31508768e+03 1.31452383e+02 0.00000000e+00 0.00000000e+00
1.31575439e+03 1.31944567e+02 0.00000000e+00 0.00000000e+00
1.31642110e+03 1.32437815e+02 0.00000000e+00 0.00000000e+00
1.31708781e+03 1.32932126e+02 0.00000000e+00 0.00000000e+00
1.31775453e+03 1.33427505e+02 0.00000000e+00 0.00000000e+00
1.31842124e+03 1.33923951e+02 0.00000000e+00 0.00000000e+00
1.31908795e+03 1.34421467e+02 0.00000000e+00 0.00000000e+00
1.31975466e+03 1.34920054e+02 0.00000000e+00 0.00000000e+00
1.32042137e+03 1.35419714e+02 0.00000000e+00 0.00000000e+00
1.32108808e+03 1.35920450e+02 0.00000000e+00 0.00000000e+00
1.32175479e+03 1.36422262e+02 0.00000000e+00 0.00000000e+00
1.32242150e+03 1.36925153e+02 0.00000000e+00 0.00000000e+00
1.32308821e+03 1.37429124e+02 0.00000000e+00 0.00000000e+00
1.32375493e+03 1.37934177e+02 0.00000000e+00 0.00000000e+00
1.32442164e+03 1.38440314e+02 0.00000000e+00 0.00000000e+00
1.32508835e+03 1.38947536e+02 0.00000000e+00 0.00000000e+00
1.32575506e+03 1.39455846e+02 0.00000000e+00 0.00000000e+00
1.32642177e+03 1.39965245e+02 0.00000000e+00 0.00000000e+00
1.32708848e+03 1.40475736e+02 0.00000000e+00 0.00000000e+00
1.32775519e+03 1.40987319e+02 0.00000000e+00 0.00000000e+00
1.32842190e+03 1.41499997e+02 0.00000000e+00 0.00000000e+00
1.32908861e+03 1.42013771e+02 0.00000000e+00 0.00000000e+00
1.32975533e+03 1.42528645e+02 0.00000000e+00 0.00000000e+00
1.33042204e+03 1.43044618e+02 0.00000000e+00 0.00000000e+00
1.33108875e+03 1.43561694e+02 0.00000000e+00 0.00000000e+00
1.33175546e+03 1.44079874e+02 0.00000000e+00 0.00000000e+00
1.33242217e+03 1.44599160e+02 0.00000000e+00 0.00000000e+00
1.33308888e+03 1.45119554e+02 0.00000000e+00 0.00000000e+00
1.33375559e+03 1.45641058e+02 0.00000000e+00 0.00000000e+00
1.33442230e+03 1.46163674e+02 0.00000000e+00 0.00000000e+00
1.33508901e+03 1.46687404e+02 0.00000000e+00 0.00000000e+00
1.33575573e+03 1.47212250e+02 0.00000000e+00 0.00000000e+00
1.33642244e+03 1.47738213e+02 0.00000000e+00 0.00000000e+00
1.33708915e+03 1.48265296e+02 0.00000000e+00 0.00000000e+00
1.33775586e+03 1.48793501e+02 0.00000000e+00 0.00000000e+00
1.33842257e+03 1.49322829e+02 0.00000000e+00 0.00000000e+00
1.33908928e+03 1.49853284e+02 0.00000000e+00 0.00000000e+00
1.33975599e+03 1.50384866e+02 0.00000000e+00 0.00000000e+00
1.34042270e+03 1.50917577e+02 0.00000000e+00 0.00000000e+00
1.34108941e+03 1.51451420e+02 0.00000000e+00 0.00000000e+00
1.34175613e+03 1.51986397e+02 0.00000000e+00 0.00000000e+00
1.34242284e+03 1.52522510e+02 0.00000000e+00 0.00000000e+00
1.34308955e+03 1.53059761e+02 0.00000000e+00 0.00000000e+00
1.34375626e+03 1.53598152e+02 0.00000000e+00 0.00000000e+00
1.34442297e+03 1.54137686e+02 0.00000000e+00 0.00000000e+00
1.34508968e+03 1.54678363e+02 0.00000000e+00 0.00000000e+00
1.34575639e+03 1.55220187e+02 0.00000000e+00 0.00000000e+00
1.34642310e+03 1.55763158e+02 0.00000000e+00 0.00000000e+00
1.34708981e+03 1.56307281e+02 0.00000000e+00 0.00000000e+00
1.34775653e+03 1.56852556e+02 0.00000000e+00 0.00000000e+00
1.34842324e+03 1.57398986e+02 0.00000000e+00 0.00000000e+00
1.34908995e+03 1.57946573e+02 0.00000000e+00 0.00000000e+00
1.34975666e+03 1.58495319e+02 0.00000000e+00 0.00000000e+00
1.35042337e+03 1.59045227e+02 0.00000000e+00 0.00000000e+00
1.35109008e+03 1.59596297e+02 0.00000000e+00 0.00000000e+00
1.35175679e+03 1.60148534e+02 0.00000000e+00 0.00000000e+00
1.35242350e+03 1.60701939e+02 0.00000000e+00 0.00000000e+00
1.35309022e+03 1.61256514e+02 0.00000000e+00 0.00000000e+00
1.35375693e+03 1.61812261e+02 0.00000000e+00 0.00000000e+00
1.35442364e+03 1.62369183e+02 0.00000000e+00 0.00000000e+00
1.35509035e+03 1.62927281e+02 0.00000000e+00 0.00000000e+00
1.35575706e+03 1.63486559e+02 0.00000000e+00 0.00000000e+00
1.35642377e+03 1.64047018e+02 0.00000000e+00 0.00000000e+00
1.35709048e+03 1.64608661e+02 0.00000000e+00 0.00000000e+00
1.35775719e+03 1.65171490e+02 0.00000000e+00 0.00000000e+00
1.35842390e+03 1.65735508e+02 0.00000000e+00 0.00000000e+00
1.35909062e+03 1.66300715e+02 0.00000000e+00 0.00000000e+00
1.35975733e+03 1.66867116e+02 0.00000000e+00 0.00000000e+00
1.36042404e+03 1.67434712e+02 0.00000000e+00 0.00000000e+00
1.36109075e+03 1.68003506e+02 0.00000000e+00 0.00000000e+00
1.36175746e+03 1.68573500e+02 0.00000000e+00 0.00000000e+00
1.36242417e+03 1.69144696e+02 0.00000000e+00 0.00000000e+00
1.36309088e+03 1.69717097e+02 0.00000000e+00 0.00000000e+00
1.36375759e+03 1.70290705e+02 0.00000000e+00 0.00000000e+00
1.36442430e+03 1.70865523e+02 0.00000000e+00 0.00000000e+00
1.36509102e+03 1.71441553e+02 0.00000000e+00 0.00000000e+00
1.36575773e+03 1.72018797e+02 0.00000000e+00 0.00000000e+00
1.36642444e+03 1.72597258e+02 0.00000000e+00 0.00000000e+00
1.36709115e+03 1.73176939e+02 0.00000000e+00 0.00000000e+00
1.36775786e+03 1.73757841e+02 0.00000000e+00 0.00000000e+00
1.36842457e+03 1.74339967e+02 0.00000000e+00 0.00000000e+00
1.36909128e+03 1.74923321e+02 0.00000000e+00 0.00000000e+00
1.36975799e+03 1.75507903e+02 0.00000000e+00 0.00000000e+00
1.37042470e+03 1.76093718e+02 0.00000000e+00 0.00000000e+00
1.37109142e+03 1.76680767e+02 0.00000000e+00 0.00000000e+00
1.37175813e+03 1.77269053e+02 0.00000000e+00 0.00000000e+00
1.37242484e+03 1.77858578e+02 0.00000000e+00 0.00000000e+00
1.37309155e+03 1.78449345e+02 0.00000000e+00 0.00000000e+00
1.37375826e+03 1.79041357e+02 0.00000000e+00 0.00000000e+00
1.37442497e+03 1.79634616e+02 0.00000000e+00 0.00000000e+00
1.37509168e+03 1.80229124e+02 0.00000000e+00 0.00000000e+00
1.37575839e+03 1.80824885e+02 0.00000000e+00 0.00000000e+00
1.37642510e+03 1.81421901e+02 0.00000000e+00 0.00000000e+00
1.37709182e+03 1.82020175e+02 0.00000000e+00 0.00000000e+00
1.37775853e+03 1.82619709e+02 0.00000000e+00 0.00000000e+00
1.37842524e+03 1.83220506e+02 0.00000000e+00 0.00000000e+00
1.37909195e+03 1.83822568e+02 0.00000000e+00 0.00000000e+00
1.37975866e+03 1.84425899e+02 0.00000000e+00 0.00000000e+00
1.38042537e+03 1.85030501e+02 0.00000000e+00 0.00000000e+00
1.38109208e+03 1.85636377e+02 0.00000000e+00 0.00000000e+00
1.38175879e+03 1.86243529e+02 0.00000000e+00 0.00000000e+00
1.38242550e+03 1.86851960e+02 0.00000000e+00 0.00000000e+00
1.38309222e+03 1.87461673e+02 0.00000000e+00 0.00000000e+00
1.38375893e+03 1.88072671e+02 0.00000000e+00 0.00000000e+00
1.38442564e+03 1.88684957e+02 0.00000000e+00 0.00000000e+00
1.38509235e+03 1.89298532e+02 0.00000000e+00 0.00000000e+00
1.38575906e+03 1.89913401e+02 0.00000000e+00 0.00000000e+00
1.38642577e+03 1.90529566e+02 0.00000000e+00 0.00000000e+00
1.38709248e+03 1.91147030e+02 0.00000000e+00 0.00000000e+00
1.38775919e+03 1.91765795e+02 0.00000000e+00 0.00000000e+00
1.38842590e+03 1.92385865e+02 0.00000000e+00 0.00000000e+00
1.38909262e+03 1.93007242e+02 0.00000000e+00 0.00000000e+00
1.38975933e+03 1.93629929e+02 0.00000000e+00 0.00000000e+00
1.39042604e+03 1.94253929e+02 0.00000000e+00 0.00000000e+00
1.39109275e+03 1.94879246e+02 0.00000000e+00 0.00000000e+00
1.39175946e+03 1.95505881e+02 0.00000000e+00 0.00000000e+00
1.39242617e+03 1.96133838e+02 0.00000000e+00 0.00000000e+00
1.39309288e+03 1.96763121e+02 0.00000000e+00 0.00000000e+00
1.39375959e+03 1.97393731e+02 0.00000000e+00 0.00000000e+00
1.39442630e+03 1.98025672e+02 0.00000000e+00 0.00000000e+00
1.39509302e+03 1.98658946e+02 0.00000000e+00 0.00000000e+00
1.39575973e+03 1.99293558e+02 0.00000000e+00 0.00000000e+00
1.39642644e+03 1.99929509e+02 0.00000000e+00 0.00000000e+00
1.39709315e+03 2.00566804e+02 0.00000000e+00 0.00000000e+00
1.39775986e+03 2.01205444e+02 0.00000000e+00 0.00000000e+00
1.39842657e+03 2.01845434e+02 0.00000000e+00 0.00000000e+00
1.39909328e+03 2.02486775e+02 0.00000000e+00 0.00000000e+00
1.39975999e+03 2.03129472e+02 0.00000000e+00 0.00000000e+00
1.40042670e+03 2.03773528e+02 0.00000000e+00 0.00000000e+00
1.40109342e+03 2.04418944e+02 0.00000000e+00 0.00000000e+00
1.40176013e+03 2.05065726e+02 0.00000000e+00 0.00000000e+00
1.40242684e+03 2.05713875e+02 0.00000000e+00 0.00000000e+00
1.40309355e+03 2.06363395e+02 0.00000000e+00 0.00000000e+00
1.40376026e+03 2.07014289e+02 0.00000000e+00 0.00000000e+00
1.40442697e+03 2.07666561e+02 0.00000000e+00 0.00000000e+00
1.40509368e+03 2.08320213e+02 0.00000000e+00 0.00000000e+00
1.40576039e+03 2.08975249e+02 0.00000000e+00 0.00000000e+00
1.40642710e+03 2.09631673e+02 0.00000000e+00 0.00000000e+00
1.40709382e+03 2.10289486e+02 0.00000000e+00 0.00000000e+00
1.40776053e+03 2.10948693e+02 0.00000000e+00 0.00000000e+00
1.40842724e+03 2.11609297e+02 0.00000000e+00 0.00000000e+00
1.40909395e+03 2.12271301e+02 0.00000000e+00 0.00000000e+00
1.40976066e+03 2.12934709e+02 0.00000000e+00 0.00000000e+00
1.41042737e+03 2.13599524e+02 0.00000000e+00 0.00000000e+00
1.41109408e+03 2.14265749e+02 0.00000000e+00 0.00000000e+00
1.41176079e+03 2.14933387e+02 0.00000000e+00 0.00000000e+00
1.41242750e+03 2.15602443e+02 0.00000000e+00 0.00000000e+00
1.41309422e+03 2.16272920e+02 0.00000000e+00 0.00000000e+00
1.41376093e+03 2.16944820e+02 0.00000000e+00 0.00000000e+00
1.41442764e+03 2.17618148e+02 0.00000000e+00 0.00000000e+00
1.41509435e+03 2.18292906e+02 0.00000000e+00 0.00000000e+00
1.41576106e+03 2.18969098e+02 0.00000000e+00 0.00000000e+00
1.41642777e+03 2.19646729e+02 0.00000000e+00 0.00000000e+00
1.41709448e+03 2.20325800e+02 0.00000000e+00 0.00000000e+00
1.41776119e+03 2.21006317e+02 0.00000000e+00 0.00000000e+00
1.41842790e+03 2.21688281e+02 0.00000000e+00 0.00000000e+00
1.41909462e+03 2.22371698e+02 0.00000000e+00 0.00000000e+00
1.41976133e+03 2.23056570e+02 0.00000000e+00 0.00000000e+00
1.42042804e+03 2.23742902e+02 0.00000000e+00 0.00000000e+00
1.42109475e+03 2.24430696e+02 0.00000000e+00 0.00000000e+00
1.42176146e+03 2.25119956e+02 0.00000000e+00 0.00000000e+00
1.42242817e+03 2.25810686e+02 0.00000000e+00 0.00000000e+00
1.42309488e+03 2.26502890e+02 0.00000000e+00 0.00000000e+00
1.42376159e+03 2.27196572e+02 0.00000000e+00 0.00000000e+00
1.42442830e+03 2.27891734e+02 0.00000000e+00 0.00000000e+00
1.42509502e+03 2.28588382e+02 0.00000000e+00 0.00000000e+00
1.42576173e+03 2.29286518e+02 0.00000000e+00 0.00000000e+00
1.42642844e+03 2.29986146e+02 0.00000000e+00 0.00000000e+00
1.42709515e+03 2.30687270e+02 0.00000000e+00 0.00000000e+00
1.42776186e+03 2.31389893e+02 0.00000000e+00 0.00000000e+00
1.42842857e+03 2.32094021e+02 0.00000000e+00 0.00000000e+00
1.42909528e+03 2.32799656e+02 0.00000000e+00 0.00000000e+00
1.42976199e+03 2.33506802e+02 0.00000000e+00 0.00000000e+00
1.43042870e+03 2.34215464e+02 0.00000000e+00 0.00000000e+00
1.43109542e+03 2.34925644e+02 0.00000000e+00 0.00000000e+00
1.43176213e+03 2.35637348e+02 0.00000000e+00 0.00000000e+00
1.43242884e+03 2.36350579e+02 0.00000000e+00 0.00000000e+00
1.43309555e+03 2.37065340e+02 0.00000000e+00 0.00000000e+00
1.43376226e+03 2.37781636e+02 0.00000000e+00 0.00000000e+00
1.43442897e+03 2.38499471e+02 0.00000000e+00 0.00000000e+00
1.43509568e+03 2.39218849e+02 0.00000000e+00 0.00000000e+00
1.43576239e+03 2.39939773e+02 0.00000000e+00 0.00000000e+00
1.43642910e+03 2.40662249e+02 0.00000000e+00 0.00000000e+00
1.43709582e+03 2.41386279e+02 0.00000000e+00 0.00000000e+00
1.43776253e+03 2.42111868e+02 0.00000000e+00 0.00000000e+00
1.43842924e+03 2.42839021e+02 0.00000000e+00 0.00000000e+00
1.43909595e+03 2.43567740e+02 0.00000000e+00 0.00000000e+00
1.43976266e+03 2.44298031e+02 0.00000000e+00 0.00000000e+00
1.44042937e+03 2.45029897e+02 0.00000000e+00 0.00000000e+00
1.44109608e+03 2.45763343e+02 0.00000000e+00 0.00000000e+00
1.44176279e+03 2.46498373e+02 0.00000000e+00 0.00000000e+00
1.44242950e+03 2.47234991e+02 0.00000000e+00 0.00000000e+00
1.44309622e+03 2.47973202e+02 0.00000000e+00 0.00000000e+00
1.44376293e+03 2.48713009e+02 0.00000000e+00 0.00000000e+00
1.44442964e+03 2.49454417e+02 0.00000000e+00 0.00000000e+00
1.44509635e+03 2.50197430e+02 0.00000000e+00 0.00000000e+00
1.44576306e+03 2.50942052e+02 0.00000000e+00 0.00000000e+00
1.44642977e+03 2.51688289e+02 0.00000000e+00 0.00000000e+00
1.44709648e+03 2.52436144e+02 0.00000000e+00 0.00000000e+00
1.44776319e+03 2.53185621e+02 0.00000000e+00 0.00000000e+00
1.44842990e+03 2.53936726e+02 0.00000000e+00 0.00000000e+00
1.44909662e+03 2.54689462e+02 0.00000000e+00 0.00000000e+00
1.44976333e+03 2.55443834e+02 0.00000000e+00 0.00000000e+00
1.45043004e+03 2.56199847e+02 0.00000000e+00 0.00000000e+00
1.45109675e+03 2.56957504e+02 0.00000000e+00 0.00000000e+00
1.45176346e+03 2.57716811e+02 0.00000000e+00 0.00000000e+00
1.45243017e+03 2.58477772e+02 0.00000000e+00 0.00000000e+00
1.45309688e+03 2.59240391e+02 0.00000000e+00 0.00000000e+00
1.45376359e+03 2.60004674e+02 0.00000000e+00 0.00000000e+00
1.45443031e+03 2.60770624e+02 0.00000000e+00 0.00000000e+00
1.45509702e+03 2.61538247e+02 0.00000000e+00 0.00000000e+00
1.45576373e+03 2.62307547e+02 0.00000000e+00 0.00000000e+00
1.45643044e+03 2.63078529e+02 0.00000000e+00 0.00000000e+00
1.45709715e+03 2.63851197e+02 0.00000000e+00 0.00000000e+00
1.45776386e+03 2.64625557e+02 0.00000000e+00 0.00000000e+00
1.45843057e+03 2.65401612e+02 0.00000000e+00 0.00000000e+00
1.45909728e+03 2.66179368e+02 0.00000000e+00 0.00000000e+00
1.45976399e+03 2.66958830e+02 0.00000000e+00 0.00000000e+00
1.46043071e+03 2.67740002e+02 0.00000000e+00 0.00000000e+00
1.46109742e+03 2.68522889e+02 0.00000000e+00 0.00000000e+00
1.46176413e+03 2.69307496e+02 0.00000000e+00 0.00000000e+00
1.46243084e+03 2.70093828e+02 0.00000000e+00 0.00000000e+00
1.46309755e+03 2.70881890e+02 0.00000000e+00 0.00000000e+00
1.46376426e+03 2.71671688e+02 0.00000000e+00 0.00000000e+00
1.46443097e+03 2.72463225e+02 0.00000000e+00 0.00000000e+00
1.46509768e+03 2.73256506e+02 0.00000000e+00 0.00000000e+00
1.46576439e+03 2.74051538e+02 0.00000000e+00 0.00000000e+00
1.46643111e+03 2.74848325e+02 0.00000000e+00 0.00000000e+00
1.46709782e+03 2.75646872e+02 0.00000000e+00 0.00000000e+00
1.46776453e+03 2.76447183e+02 0.00000000e+00 0.00000000e+00
1.46843124e+03 2.77249265e+02 0.00000000e+00 0.00000000e+00
1.46909795e+03 2.78053123e+02 0.00000000e+00 0.00000000e+00
1.46976466e+03 2.78858761e+02 0.00000000e+00 0.00000000e+00
1.47043137e+03 2.79666185e+02 0.00000000e+00 0.00000000e+00
1.47109808e+03 2.80475400e+02 0.00000000e+00 0.00000000e+00
1.47176479e+03 2.81286411e+02 0.00000000e+00 0.00000000e+00
1.47243151e+03 2.82099224e+02 0.00000000e+00 0.00000000e+00
1.47309822e+03 2.82913844e+02 0.00000000e+00 0.00000000e+00
1.47376493e+03 2.83730276e+02 0.00000000e+00 0.00000000e+00
1.47443164e+03 2.84548526e+02 0.00000000e+00 0.00000000e+00
1.47509835e+03 2.85368598e+02 0.00000000e+00 0.00000000e+00
1.47576506e+03 2.86190500e+02 0.00000000e+00 0.00000000e+00
1.47643177e+03 2.87014235e+02 0.00000000e+00 0.00000000e+00
1.47709848e+03 2.87839809e+02 0.00000000e+00 0.00000000e+00
1.47776519e+03 2.88667228e+02 0.00000000e+00 0.00000000e+00
1.47843191e+03 2.89496498e+02 0.00000000e+00 0.00000000e+00
1.47909862e+03 2.90327624e+02 0.00000000e+00 0.00000000e+00
1.47976533e+03 2.91160611e+02 0.00000000e+00 0.00000000e+00
1.48043204e+03 2.91995466e+02 0.00000000e+00 0.00000000e+00
1.48109875e+03 2.92832193e+02 0.00000000e+00 0.00000000e+00
1.48176546e+03 2.93670799e+02 0.00000000e+00 0.00000000e+00
1.48243217e+03 2.94511289e+02 0.00000000e+00 0.00000000e+00
1.48309888e+03 2.95353670e+02 0.00000000e+00 0.00000000e+00
1.48376559e+03 2.96197946e+02 0.00000000e+00 0.00000000e+00
1.48443231e+03 2.97044124e+02 0.00000000e+00 0.00000000e+00
1.48509902e+03 2.97892209e+02 0.00000000e+00 0.00000000e+00
1.48576573e+03 2.98742207e+02 0.00000000e+00 0.00000000e+00
1.48643244e+03 2.99594125e+02 0.00000000e+00 0.00000000e+00
1.48709915e+03 3.00447968e+02 0.00000000e+00 0.00000000e+00
1.48776586e+03 3.01303742e+02 0.00000000e+00 0.00000000e+00
1.48843257e+03 3.02161453e+02 0.00000000e+00 0.00000000e+00
1.48909928e+03 3.03021107e+02 0.00000000e+00 0.00000000e+00
1.48976599e+03 3.03882710e+02 0.00000000e+00 0.00000000e+00
1.49043271e+03 3.04746268e+02 0.00000000e+00 0.00000000e+00
1.49109942e+03 3.05611788e+02 0.00000000e+00 0.00000000e+00
1.49176613e+03 3.06479275e+02 0.00000000e+00 0.00000000e+00
1.49243284e+03 3.07348736e+02 0.00000000e+00 0.00000000e+00
1.49309955e+03 3.08220176e+02 0.00000000e+00 0.00000000e+00
1.49376626e+03 3.09093603e+02 0.00000000e+00 0.00000000e+00
1.49443297e+03 3.09969023e+02 0.00000000e+00 0.00000000e+00
1.49509968e+03 3.10846441e+02 0.00000000e+00 0.00000000e+00
1.49576639e+03 3.11725864e+02 0.00000000e+00 0.00000000e+00
1.49643311e+03 3.12607298e+02 0.00000000e+00 0.00000000e+00
1.49709982e+03 3.13490751e+02 0.00000000e+00 0.00000000e+00
1.49776653e+03 3.14376228e+02 0.00000000e+00 0.00000000e+00
1.49843324e+03 3.15263735e+02 0.00000000e+00 0.00000000e+00
1.49909995e+03 3.16153280e+02 0.00000000e+00 0.00000000e+00
1.49976666e+03 3.17044869e+02 0.00000000e+00 0.00000000e+00
1.50043337e+03 3.17938508e+02 0.00000000e+00 0.00000000e+00
1.50110008e+03 3.18834204e+02 0.00000000e+00 0.00000000e+00
1.50176679e+03 3.19731964e+02 0.00000000e+00 0.00000000e+00
1.50243351e+03 3.20631795e+02 0.00000000e+00 0.00000000e+00
1.50310022e+03 3.21533702e+02 0.00000000e+00 0.00000000e+00
1.50376693e+03 3.22437694e+02 0.00000000e+00 0.00000000e+00
1.50443364e+03 3.23343776e+02 0.00000000e+00 0.00000000e+00
1.50510035e+03 3.24251956e+02 0.00000000e+00 0.00000000e+00
1.50576706e+03 3.25162240e+02 0.00000000e+00 0.00000000e+00
1.50643377e+03 3.26074636e+02 0.00000000e+00 0.00000000e+00
1.50710048e+03 3.26989150e+02 0.00000000e+00 0.00000000e+00
1.50776719e+03 3.27905789e+02 0.00000000e+00 0.00000000e+00
1.50843391e+03 3.28824561e+02 0.00000000e+00 0.00000000e+00
1.50910062e+03 3.29745472e+02 0.00000000e+00 0.00000000e+00
1.50976733e+03 3.30668530e+02 0.00000000e+00 0.00000000e+00
1.51043404e+03 3.31593741e+02 0.00000000e+00 0.00000000e+00
1.51110075e+03 3.32521113e+02 0.00000000e+00 0.00000000e+00
1.51176746e+03 3.33450654e+02 0.00000000e+00 0.00000000e+00
1.51243417e+03 3.34382369e+02 0.00000000e+00 0.00000000e+00
1.51310088e+03 3.35316267e+02 0.00000000e+00 0.00000000e+00
1.51376759e+03 3.36252356e+02 0.00000000e+00 0.00000000e+00
1.51443431e+03 3.37190641e+02 0.00000000e+00 0.00000000e+00
1.51510102e+03 3.38131132e+02 0.00000000e+00 0.00000000e+00
1.51576773e+03 3.39073834e+02 0.00000000e+00 0.00000000e+00
1.51643444e+03 3.40018757e+02 0.00000000e+00 0.00000000e+00
1.51710115e+03 3.40965906e+02 0.00000000e+00 0.00000000e+00
1.51776786e+03 3.41915291e+02 0.00000000e+00 0.00000000e+00
1.51843457e+03 3.42866918e+02 0.00000000e+00 0.00000000e+00
1.51910128e+03 3.43820795e+02 0.00000000e+00 0.00000000e+00
1.51976799e+03 3.44776931e+02 0.00000000e+00 0.00000000e+00
1.52043471e+03 3.45735332e+02 0.00000000e+00 0.00000000e+00
1.52110142e+03 3.46696006e+02 0.00000000e+00 0.00000000e+00
1.52176813e+03 3.47658962e+02 0.00000000e+00 0.00000000e+00
1.52243484e+03 3.48624207e+02 0.00000000e+00 0.00000000e+00
1.52310155e+03 3.49591749e+02 0.00000000e+00 0.00000000e+00
1.52376826e+03 3.50561597e+02 0.00000000e+00 0.00000000e+00
1.52443497e+03 3.51533757e+02 0.00000000e+00 0.00000000e+00
1.52510168e+03 3.52508239e+02 0.00000000e+00 0.00000000e+00
1.52576839e+03 3.53485050e+02 0.00000000e+00 0.00000000e+00
1.52643511e+03 3.54464199e+02 0.00000000e+00 0.00000000e+00
1.52710182e+03 3.55445693e+02 0.00000000e+00 0.00000000e+00
1.52776853e+03 3.56429541e+02 0.00000000e+00 0.00000000e+00
1.52843524e+03 3.57415752e+02 0.00000000e+00 0.00000000e+00
1.52910195e+03 3.58404333e+02 0.00000000e+00 0.00000000e+00
1.52976866e+03 3.59395294e+02 0.00000000e+00 0.00000000e+00
1.53043537e+03 3.60388641e+02 0.00000000e+00 0.00000000e+00
1.53110208e+03 3.61384385e+02 0.00000000e+00 0.00000000e+00
1.53176879e+03 3.62382533e+02 0.00000000e+00 0.00000000e+00
1.53243551e+03 3.63383095e+02 0.00000000e+00 0.00000000e+00
1.53310222e+03 3.64386078e+02 0.00000000e+00 0.00000000e+00
1.53376893e+03 3.65391491e+02 0.00000000e+00 0.00000000e+00
1.53443564e+03 3.66399344e+02 0.00000000e+00 0.00000000e+00
1.53510235e+03 3.67409644e+02 0.00000000e+00 0.00000000e+00
1.53576906e+03 3.68422401e+02 0.00000000e+00 0.00000000e+00
1.53643577e+03 3.69437624e+02 0.00000000e+00 0.00000000e+00
1.53710248e+03 3.70455321e+02 0.00000000e+00 0.00000000e+00
1.53776919e+03 3.71475502e+02 0.00000000e+00 0.00000000e+00
1.53843591e+03 3.72498176e+02 0.00000000e+00 0.00000000e+00
1.53910262e+03 3.73523351e+02 0.00000000e+00 0.00000000e+00
1.53976933e+03 3.74551037e+02 0.00000000e+00 0.00000000e+00
1.54043604e+03 3.75581243e+02 0.00000000e+00 0.00000000e+00
1.54110275e+03 3.76613979e+02 0.00000000e+00 0.00000000e+00
1.54176946e+03 3.77649253e+02 0.00000000e+00 0.00000000e+00
1.54243617e+03 3.78687075e+02 0.00000000e+00 0.00000000e+00
1.54310288e+03 3.79727455e+02 0.00000000e+00 0.00000000e+00
1.54376959e+03 3.80770401e+02 0.00000000e+00 0.00000000e+00
1.54443631e+03 3.81815924e+02 0.00000000e+00 0.00000000e+00
1.54510302e+03 3.82864033e+02 0.00000000e+00 0.00000000e+00
1.54576973e+03 3.83914737e+02 0.00000000e+00 0.00000000e+00
1.54643644e+03 3.84968047e+02 0.00000000e+00 0.00000000e+00
1.54710315e+03 3.86023972e+02 0.00000000e+00 0.00000000e+00
1.54776986e+03 3.87082522e+02 0.00000000e+00 0.00000000e+00
1.54843657e+03 3.88143706e+02 0.00000000e+00 0.00000000e+00
1.54910328e+03 3.89207536e+02 0.00000000e+00 0.00000000e+00
1.54976999e+03 3.90274020e+02 0.00000000e+00 0.00000000e+00
1.55043671e+03 3.91343168e+02 0.00000000e+00 0.00000000e+00
1.55110342e+03 3.92414992e+02 0.00000000e+00 0.00000000e+00
1.55177013e+03 3.93489501e+02 0.00000000e+00 0.00000000e+00
1.55243684e+03 3.94566704e+02 0.00000000e+00 0.00000000e+00
1.55310355e+03 3.95646614e+02 0.00000000e+00 0.00000000e+00
1.55377026e+03 3.96729239e+02 0.00000000e+00 0.00000000e+00
1.55443697e+03 3.97814590e+02 0.00000000e+00 0.00000000e+00
1.55510368e+03 3.98902679e+02 0.00000000e+00 0.00000000e+00
1.55577040e+03 3.99993514e+02 0.00000000e+00 0.00000000e+00
1.55643711e+03 4.01087107e+02 0.00000000e+00 0.00000000e+00
1.55710382e+03 4.02183469e+02 0.00000000e+00 0.00000000e+00
1.55777053e+03 4.03282610e+02 0.00000000e+00 0.00000000e+00
1.55843724e+03 4.04384542e+02 0.00000000e+00 0.00000000e+00
1.55910395e+03 4.05489274e+02 0.00000000e+00 0.00000000e+00
1.55977066e+03 4.06596818e+02 0.00000000e+00 0.00000000e+00
1.56043737e+03 4.07707184e+02 0.00000000e+00 0.00000000e+00
1.56110408e+03 4.08820385e+02 0.00000000e+00 0.00000000e+00
1.56177080e+03 4.09936431e+02 0.00000000e+00 0.00000000e+00
1.56243751e+03 4.11055333e+02 0.00000000e+00 0.00000000e+00
1.56310422e+03 4.12177102e+02 0.00000000e+00 0.00000000e+00
1.56377093e+03 4.13301751e+02 0.00000000e+00 0.00000000e+00
1.56443764e+03 4.14429289e+02 0.00000000e+00 0.00000000e+00
1.56510435e+03 4.15559729e+02 0.00000000e+00 0.00000000e+00
1.56577106e+03 4.16693083e+02 0.00000000e+00 0.00000000e+00
1.56643777e+03 4.17829361e+02 0.00000000e+00 0.00000000e+00
1.56710448e+03 4.18968576e+02 0.00000000e+00 0.00000000e+00
1.56777120e+03 4.20110739e+02 0.00000000e+00 0.00000000e+00
1.56843791e+03 4.21255862e+02 0.00000000e+00 0.00000000e+00
1.56910462e+03 4.22403957e+02 0.00000000e+00 0.00000000e+00
1.56977133e+03 4.23555036e+02 0.00000000e+00 0.00000000e+00
1.57043804e+03 4.24709112e+02 0.00000000e+00 0.00000000e+00
1.57110475e+03 4.25866195e+02 0.00000000e+00 0.00000000e+00
1.57177146e+03 4.27026299e+02 0.00000000e+00 0.00000000e+00
1.57243817e+03 4.28189435e+02 0.00000000e+00 0.00000000e+00
1.57310488e+03 4.29355617e+02 0.00000000e+00 0.00000000e+00
1.57377160e+03 4.30524856e+02 0.00000000e+00 0.00000000e+00
1.57443831e+03 4.31697165e+02 0.00000000e+00 0.00000000e+00
1.57510502e+03 4.32872556e+02 0.00000000e+00 0.00000000e+00
1.57577173e+03 4.34051042e+02 0.00000000e+00 0.00000000e+00
1.57643844e+03 4.35232637e+02 0.00000000e+00 0.00000000e+00
1.57710515e+03 4.36417352e+02 0.00000000e+00 0.00000000e+00
1.57777186e+03 4.37605201e+02 0.00000000e+00 0.00000000e+00
1.57843857e+03 4.38796197e+02 0.00000000e+00 0.00000000e+00
1.57910528e+03 4.39990352e+02 0.00000000e+00 0.00000000e+00
1.57977200e+03 4.41187680e+02 0.00000000e+00 0.00000000e+00
1.58043871e+03 4.42388195e+02 0.00000000e+00 0.00000000e+00
1.58110542e+03 4.43591908e+02 0.00000000e+00 0.00000000e+00
1.58177213e+03 4.44798835e+02 0.00000000e+00 0.00000000e+00
1.58243884e+03 4.46008988e+02 0.00000000e+00 0.00000000e+00
1.58310555e+03 4.47222381e+02 0.00000000e+00 0.00000000e+00
1.58377226e+03 4.48439027e+02 0.00000000e+00 0.00000000e+00
1.58443897e+03 4.49658941e+02 0.00000000e+00 0.00000000e+00
1.58510568e+03 4.50882137e+02 0.00000000e+00 0.00000000e+00
1.58577240e+03 4.52108627e+02 0.00000000e+00 0.00000000e+00
1.58643911e+03 4.53338427e+02 0.00000000e+00 0.00000000e+00
1.58710582e+03 4.54571549e+02 0.00000000e+00 0.00000000e+00
1.58777253e+03 4.55808010e+02 0.00000000e+00 0.00000000e+00
1.58843924e+03 4.57047822e+02 0.00000000e+00 0.00000000e+00
1.58910595e+03 4.58291001e+02 0.00000000e+00 0.00000000e+00
1.58977266e+03 4.59537560e+02 0.00000000e+00 0.00000000e+00
1.59043937e+03 4.60787514e+02 0.00000000e+00 0.00000000e+00
1.59110608e+03 4.62040879e+02 0.00000000e+00 0.00000000e+00
1.59177280e+03 4.63297668e+02 0.00000000e+00 0.00000000e+00
1.59243951e+03 4.64557897e+02 0.00000000e+00 0.00000000e+00
1.59310622e+03 4.65821580e+02 0.00000000e+00 0.00000000e+00
1.59377293e+03 4.67088733e+02 0.00000000e+00 0.00000000e+00
1.59443964e+03 4.68359371e+02 0.00000000e+00 0.00000000e+00
1.59510635e+03 4.69633509e+02 0.00000000e+00 0.00000000e+00
1.59577306e+03 4.70911162e+02 0.00000000e+00 0.00000000e+00
1.59643977e+03 4.72192347e+02 0.00000000e+00 0.00000000e+00
1.59710648e+03 4.73477077e+02 0.00000000e+00 0.00000000e+00
1.59777320e+03 4.74765370e+02 0.00000000e+00 0.00000000e+00
1.59843991e+03 4.76057241e+02 0.00000000e+00 0.00000000e+00
1.59910662e+03 4.77352706e+02 0.00000000e+00 0.00000000e+00
1.59977333e+03 4.78651781e+02 0.00000000e+00 0.00000000e+00
1.60044004e+03 4.79954481e+02 0.00000000e+00 0.00000000e+00
1.60110675e+03 4.81260824e+02 0.00000000e+00 0.00000000e+00
1.60177346e+03 4.82570826e+02 0.00000000e+00 0.00000000e+00
1.60244017e+03 4.83884502e+02 0.00000000e+00 0.00000000e+00
1.60310688e+03 4.85201869e+02 0.00000000e+00 0.00000000e+00
1.60377360e+03 4.86522945e+02 0.00000000e+00 0.00000000e+00
1.60444031e+03 4.87847746e+02 0.00000000e+00 0.00000000e+00
1.60510702e+03 4.89176288e+02 0.00000000e+00 0.00000000e+00
1.60577373e+03 4.90508589e+02 0.00000000e+00 0.00000000e+00
1.60644044e+03 4.91844666e+02 0.00000000e+00 0.00000000e+00
1.60710715e+03 4.93184536e+02 0.00000000e+00 0.00000000e+00
1.60777386e+03 4.94528216e+02 0.00000000e+00 0.00000000e+00
1.60844057e+03 4.95875724e+02 0.00000000e+00 0.00000000e+00
1.60910728e+03 4.97227078e+02 0.00000000e+00 0.00000000e+00
1.60977400e+03 4.98582295e+02 0.00000000e+00 0.00000000e+00
1.61044071e+03 4.99941392e+02 0.00000000e+00 0.00000000e+00
1.61110742e+03 5.01304389e+02 0.00000000e+00 0.00000000e+00
1.61177413e+03 5.02671303e+02 0.00000000e+00 0.00000000e+00
1.61244084e+03 5.04042151e+02 0.00000000e+00 0.00000000e+00
1.61310755e+03 5.05416954e+02 0.00000000e+00 0.00000000e+00
1.61377426e+03 5.06795728e+02 0.00000000e+00 0.00000000e+00
1.61444097e+03 5.08178493e+02 0.00000000e+00 0.00000000e+00
1.61510768e+03 5.09565267e+02 0.00000000e+00 0.00000000e+00
1.61577440e+03 5.10956069e+02 0.00000000e+00 0.00000000e+00
1.61644111e+03 5.12350919e+02 0.00000000e+00 0.00000000e+00
1.61710782e+03 5.13749834e+02 0.00000000e+00 0.00000000e+00
1.61777453e+03 5.15152835e+02 0.00000000e+00 0.00000000e+00
1.61844124e+03 5.16559941e+02 0.00000000e+00 0.00000000e+00
1.61910795e+03 5.17971171e+02 0.00000000e+00 0.00000000e+00
1.61977466e+03 5.19386545e+02 0.00000000e+00 0.00000000e+00
1.62044137e+03 5.20806083e+02 0.00000000e+00 0.00000000e+00
1.62110808e+03 5.22229804e+02 0.00000000e+00 0.00000000e+00
1.62177480e+03 5.23657729e+02 0.00000000e+00 0.00000000e+00
1.62244151e+03 5.25089878e+02 0.00000000e+00 0.00000000e+00
1.62310822e+03 5.26526272e+02 0.00000000e+00 0.00000000e+00
1.62377493e+03 5.27966930e+02 0.00000000e+00 0.00000000e+00
1.62444164e+03 5.29411874e+02 0.00000000e+00 0.00000000e+00
1.62510835e+03 5.30861124e+02 0.00000000e+00 0.00000000e+00
1.62577506e+03 5.32314702e+02 0.00000000e+00 0.00000000e+00
1.62644177e+03 5.33772627e+02 0.00000000e+00 0.00000000e+00
1.62710848e+03 5.35234923e+02 0.00000000e+00 0.00000000e+00
1.62777520e+03 5.36701609e+02 0.00000000e+00 0.00000000e+00
1.62844191e+03 5.38172708e+02 0.00000000e+00 0.00000000e+00
1.62910862e+03 5.39648241e+02 0.00000000e+00 0.00000000e+00
1.62977533e+03 5.41128230e+02 0.00000000e+00 0.00000000e+00
1.63044204e+03 5.42612697e+02 0.00000000e+00 0.00000000e+00
1.63110875e+03 5.44101665e+02 0.00000000e+00 0.00000000e+00
1.63177546e+03 5.45595155e+02 0.00000000e+00 0.00000000e+00
1.63244217e+03 5.47093191e+02 0.00000000e+00 0.00000000e+00
1.63310888e+03 5.48595794e+02 0.00000000e+00 0.00000000e+00
1.63377560e+03 5.50102988e+02 0.00000000e+00 0.00000000e+00
1.63444231e+03 5.51614796e+02 0.00000000e+00 0.00000000e+00
1.63510902e+03 5.53131241e+02 0.00000000e+00 0.00000000e+00
1.63577573e+03 5.54652347e+02 0.00000000e+00 0.00000000e+00
1.63644244e+03 5.56178136e+02 0.00000000e+00 0.00000000e+00
1.63710915e+03 5.57708633e+02 0.00000000e+00 0.00000000e+00
1.63777586e+03 5.59243862e+02 0.00000000e+00 0.00000000e+00
1.63844257e+03 5.60783846e+02 0.00000000e+00 0.00000000e+00
1.63910928e+03 5.62328609e+02 0.00000000e+00 0.00000000e+00
1.63977600e+03 5.63878177e+02 0.00000000e+00 0.00000000e+00
1.64044271e+03 5.65432574e+02 0.00000000e+00 0.00000000e+00
1.64110942e+03 5.66991825e+02 0.00000000e+00 0.00000000e+00
1.64177613e+03 5.68555954e+02 0.00000000e+00 0.00000000e+00
1.64244284e+03 5.70124987e+02 0.00000000e+00 0.00000000e+00
1.64310955e+03 5.71698949e+02 0.00000000e+00 0.00000000e+00
1.64377626e+03 5.73277866e+02 0.00000000e+00 0.00000000e+00
1.64444297e+03 5.74861763e+02 0.00000000e+00 0.00000000e+00
1.64510968e+03 5.76450667e+02 0.00000000e+00 0.00000000e+00
1.64577640e+03 5.78044603e+02 0.00000000e+00 0.00000000e+00
1.64644311e+03 5.79643598e+02 0.00000000e+00 0.00000000e+00
1.64710982e+03 5.81247679e+02 0.00000000e+00 0.00000000e+00
1.64777653e+03 5.82856871e+02 0.00000000e+00 0.00000000e+00
1.64844324e+03 5.84471203e+02 0.00000000e+00 0.00000000e+00
1.64910995e+03 5.86090702e+02 0.00000000e+00 0.00000000e+00
1.64977666e+03 5.87715393e+02 0.00000000e+00 0.00000000e+00
1.65044337e+03 5.89345307e+02 0.00000000e+00 0.00000000e+00
1.65111009e+03 5.90980469e+02 0.00000000e+00 0.00000000e+00
1.65177680e+03 5.92620908e+02 0.00000000e+00 0.00000000e+00
1.65244351e+03 5.94266653e+02 0.00000000e+00 0.00000000e+00
1.65311022e+03 5.95917731e+02 0.00000000e+00 0.00000000e+00
1.65377693e+03 5.97574172e+02 0.00000000e+00 0.00000000e+00
1.65444364e+03 5.99236004e+02 0.00000000e+00 0.00000000e+00
1.65511035e+03 6.00903256e+02 0.00000000e+00 0.00000000e+00
1.65577706e+03 6.02575958e+02 0.00000000e+00 0.00000000e+00
1.65644377e+03 6.04254140e+02 0.00000000e+00 0.00000000e+00
1.65711049e+03 6.05937831e+02 0.00000000e+00 0.00000000e+00
1.65777720e+03 6.07627061e+02 0.00000000e+00 0.00000000e+00
1.65844391e+03 6.09321861e+02 0.00000000e+00 0.00000000e+00
1.65911062e+03 6.11022260e+02 0.00000000e+00 0.00000000e+00
1.65977733e+03 6.12728291e+02 0.00000000e+00 0.00000000e+00
1.66044404e+03 6.14439983e+02 0.00000000e+00 0.00000000e+00
1.66111075e+03 6.16157369e+02 0.00000000e+00 0.00000000e+00
1.66177746e+03 6.17880479e+02 0.00000000e+00 0.00000000e+00
1.66244417e+03 6.19609346e+02 0.00000000e+00 0.00000000e+00
1.66311089e+03 6.21344001e+02 0.00000000e+00 0.00000000e+00
1.66377760e+03 6.23084477e+02 0.00000000e+00 0.00000000e+00
1.66444431e+03 6.24830806e+02 0.00000000e+00 0.00000000e+00
1.66511102e+03 6.26583022e+02 0.00000000e+00 0.00000000e+00
1.66577773e+03 6.28341156e+02 0.00000000e+00 0.00000000e+00
1.66644444e+03 6.30105244e+02 0.00000000e+00 0.00000000e+00
1.66711115e+03 6.31875317e+02 0.00000000e+00 0.00000000e+00
1.66777786e+03 6.33651410e+02 0.00000000e+00 0.00000000e+00
1.66844457e+03 6.35433558e+02 0.00000000e+00 0.00000000e+00
1.66911129e+03 6.37221795e+02 0.00000000e+00 0.00000000e+00
1.66977800e+03 6.39016155e+02 0.00000000e+00 0.00000000e+00
1.67044471e+03 6.40816673e+02 0.00000000e+00 0.00000000e+00
1.67111142e+03 6.42623386e+02 0.00000000e+00 0.00000000e+00
1.67177813e+03 6.44436327e+02 0.00000000e+00 0.00000000e+00
1.67244484e+03 6.46255534e+02 0.00000000e+00 0.00000000e+00
1.67311155e+03 6.48081043e+02 0.00000000e+00 0.00000000e+00
1.67377826e+03 6.49912889e+02 0.00000000e+00 0.00000000e+00
1.67444497e+03 6.51751111e+02 0.00000000e+00 0.00000000e+00
1.67511169e+03 6.53595744e+02 0.00000000e+00 0.00000000e+00
1.67577840e+03 6.55446827e+02 0.00000000e+00 0.00000000e+00
1.67644511e+03 6.57304396e+02 0.00000000e+00 0.00000000e+00
1.67711182e+03 6.59168491e+02 0.00000000e+00 0.00000000e+00
1.67777853e+03 6.61039150e+02 0.00000000e+00 0.00000000e+00
1.67844524e+03 6.62916411e+02 0.00000000e+00 0.00000000e+00
1.67911195e+03 6.64800313e+02 0.00000000e+00 0.00000000e+00
1.67977866e+03 6.66690896e+02 0.00000000e+00 0.00000000e+00
1.68044537e+03 6.68588199e+02 0.00000000e+00 0.00000000e+00
1.68111209e+03 6.70492263e+02 0.00000000e+00 0.00000000e+00
1.68177880e+03 6.72403127e+02 0.00000000e+00 0.00000000e+00
1.68244551e+03 6.74320833e+02 0.00000000e+00 0.00000000e+00
1.68311222e+03 6.76245422e+02 0.00000000e+00 0.00000000e+00
1.68377893e+03 6.78176935e+02 0.00000000e+00 0.00000000e+00
1.68444564e+03 6.80115413e+02 0.00000000e+00 0.00000000e+00
1.68511235e+03 6.82060900e+02 0.00000000e+00 0.00000000e+00
1.68577906e+03 6.84013437e+02 0.00000000e+00 0.00000000e+00
1.68644577e+03 6.85973067e+02 0.00000000e+00 0.00000000e+00
1.68711249e+03 6.87939835e+02 0.00000000e+00 0.00000000e+00
1.68777920e+03 6.89913783e+02 0.00000000e+00 0.00000000e+00
1.68844591e+03 6.91894955e+02 0.00000000e+00 0.00000000e+00
1.68911262e+03 6.93883396e+02 0.00000000e+00 0.00000000e+00
1.68977933e+03 6.95879150e+02 0.00000000e+00 0.00000000e+00
1.69044604e+03 6.97882264e+02 0.00000000e+00 0.00000000e+00
1.69111275e+03 6.99892782e+02 0.00000000e+00 0.00000000e+00
1.69177946e+03 7.01910750e+02 0.00000000e+00 0.00000000e+00
1.69244617e+03 7.03936215e+02 0.00000000e+00 0.00000000e+00
1.69311289e+03 7.05969224e+02 0.00000000e+00 0.00000000e+00
1.69377960e+03 7.08009824e+02 0.00000000e+00 0.00000000e+00
1.69444631e+03 7.10058063e+02 0.00000000e+00 0.00000000e+00
1.69511302e+03 7.12113988e+02 0.00000000e+00 0.00000000e+00
1.69577973e+03 7.14177648e+02 0.00000000e+00 0.00000000e+00
1.69644644e+03 7.16249093e+02 0.00000000e+00 0.00000000e+00
1.69711315e+03 7.18328372e+02 0.00000000e+00 0.00000000e+00
1.69777986e+03 7.20415533e+02 0.00000000e+00 0.00000000e+00
1.69844657e+03 7.22510629e+02 0.00000000e+00 0.00000000e+00
1.69911329e+03 7.24613710e+02 0.00000000e+00 0.00000000e+00
1.69978000e+03 7.26724826e+02 0.00000000e+00 0.00000000e+00
1.70044671e+03 7.28844030e+02 0.00000000e+00 0.00000000e+00
1.70111342e+03 7.30971373e+02 0.00000000e+00 0.00000000e+00
1.70178013e+03 7.33106909e+02 0.00000000e+00 0.00000000e+00
1.70244684e+03 7.35250691e+02 0.00000000e+00 0.00000000e+00
1.70311355e+03 7.37402772e+02 0.00000000e+00 0.00000000e+00
1.70378026e+03 7.39563206e+02 0.00000000e+00 0.00000000e+00
1.70444697e+03 7.41732048e+02 0.00000000e+00 0.00000000e+00
1.70511369e+03 7.43909353e+02 0.00000000e+00 0.00000000e+00
1.70578040e+03 7.46095177e+02 0.00000000e+00 0.00000000e+00
1.70644711e+03 7.48289576e+02 0.00000000e+00 0.00000000e+00
1.70711382e+03 7.50492606e+02 0.00000000e+00 0.00000000e+00
1.70778053e+03 7.52704326e+02 0.00000000e+00 0.00000000e+00
1.70844724e+03 7.54924792e+02 0.00000000e+00 0.00000000e+00
1.70911395e+03 7.57154063e+02 0.00000000e+00 0.00000000e+00
1.70978066e+03 7.59392198e+02 0.00000000e+00 0.00000000e+00
1.71044737e+03 7.61639256e+02 0.00000000e+00 0.00000000e+00
1.71111409e+03 7.63895298e+02 0.00000000e+00 0.00000000e+00
1.71178080e+03 7.66160384e+02 0.00000000e+00 0.00000000e+00
1.71244751e+03 7.68434574e+02 0.00000000e+00 0.00000000e+00
1.71311422e+03 7.70717932e+02 0.00000000e+00 0.00000000e+00
1.71378093e+03 7.73010519e+02 0.00000000e+00 0.00000000e+00
1.71444764e+03 7.75312398e+02 0.00000000e+00 0.00000000e+00
1.71511435e+03 7.77623632e+02 0.00000000e+00 0.00000000e+00
1.71578106e+03 7.79944287e+02 0.00000000e+00 0.00000000e+00
1.71644777e+03 7.82274426e+02 0.00000000e+00 0.00000000e+00
1.71711449e+03 7.84614115e+02 0.00000000e+00 0.00000000e+00
1.71778120e+03 7.86963420e+02 0.00000000e+00 0.00000000e+00
1.71844791e+03 7.89322408e+02 0.00000000e+00 0.00000000e+00
1.71911462e+03 7.91691146e+02 0.00000000e+00 0.00000000e+00
1.71978133e+03 7.94069702e+02 0.00000000e+00 0.00000000e+00
1.72044804e+03 7.96458146e+02 0.00000000e+00 0.00000000e+00
1.72111475e+03 7.98856545e+02 0.00000000e+00 0.00000000e+00
1.72178146e+03 8.01264971e+02 0.00000000e+00 0.00000000e+00
1.72244817e+03 8.03683494e+02 0.00000000e+00 0.00000000e+00
1.72311489e+03 8.06112186e+02 0.00000000e+00 0.00000000e+00
1.72378160e+03 8.08551118e+02 0.00000000e+00 0.00000000e+00
1.72444831e+03 8.11000365e+02 0.00000000e+00 0.00000000e+00
1.72511502e+03 8.13459998e+02 0.00000000e+00 0.00000000e+00
1.72578173e+03 8.15930094e+02 0.00000000e+00 0.00000000e+00
1.72644844e+03 8.18410726e+02 0.00000000e+00 0.00000000e+00
1.72711515e+03 8.20901971e+02 0.00000000e+00 0.00000000e+00
1.72778186e+03 8.23403905e+02 0.00000000e+00 0.00000000e+00
1.72844857e+03 8.25916607e+02 0.00000000e+00 0.00000000e+00
1.72911529e+03 8.28440153e+02 0.00000000e+00 0.00000000e+00
1.72978200e+03 8.30974624e+02 0.00000000e+00 0.00000000e+00
1.73044871e+03 8.33520099e+02 0.00000000e+00 0.00000000e+00
1.73111542e+03 8.36076659e+02 0.00000000e+00 0.00000000e+00
1.73178213e+03 8.38644385e+02 0.00000000e+00 0.00000000e+00
1.73244884e+03 8.41223359e+02 0.00000000e+00 0.00000000e+00
1.73311555e+03 8.43813666e+02 0.00000000e+00 0.00000000e+00
1.73378226e+03 8.46415388e+02 0.00000000e+00 0.00000000e+00
1.73444897e+03 8.49028611e+02 0.00000000e+00 0.00000000e+00
1.73511569e+03 8.51653421e+02 0.00000000e+00 0.00000000e+00
1.73578240e+03 8.54289905e+02 0.00000000e+00 0.00000000e+00
1.73644911e+03 8.56938150e+02 0.00000000e+00 0.00000000e+00
1.73711582e+03 8.59598244e+02 0.00000000e+00 0.00000000e+00
1.73778253e+03 8.62270278e+02 0.00000000e+00 0.00000000e+00
1.73844924e+03 8.64954342e+02 0.00000000e+00 0.00000000e+00
1.73911595e+03 8.67650527e+02 0.00000000e+00 0.00000000e+00
1.73978266e+03 8.70358925e+02 0.00000000e+00 0.00000000e+00
1.74044937e+03 8.73079631e+02 0.00000000e+00 0.00000000e+00
1.74111609e+03 8.75812739e+02 0.00000000e+00 0.00000000e+00
1.74178280e+03 8.78558343e+02 0.00000000e+00 0.00000000e+00
1.74244951e+03 8.81316541e+02 0.00000000e+00 0.00000000e+00
1.74311622e+03 8.84087431e+02 0.00000000e+00 0.00000000e+00
1.74378293e+03 8.86871109e+02 0.00000000e+00 0.00000000e+00
1.74444964e+03 8.89667677e+02 0.00000000e+00 0.00000000e+00
1.74511635e+03 8.92477235e+02 0.00000000e+00 0.00000000e+00
1.74578306e+03 8.95299885e+02 0.00000000e+00 0.00000000e+00
1.74644977e+03 8.98135730e+02 0.00000000e+00 0.00000000e+00
1.74711649e+03 9.00984874e+02 0.00000000e+00 0.00000000e+00
1.74778320e+03 9.03847423e+02 0.00000000e+00 0.00000000e+00
1.74844991e+03 9.06723481e+02 0.00000000e+00 0.00000000e+00
1.74911662e+03 9.09613159e+02 0.00000000e+00 0.00000000e+00
1.74978333e+03 9.12516563e+02 0.00000000e+00 0.00000000e+00
1.75045004e+03 9.15433804e+02 0.00000000e+00 0.00000000e+00
1.75111675e+03 9.18364994e+02 0.00000000e+00 0.00000000e+00
1.75178346e+03 9.21310245e+02 0.00000000e+00 0.00000000e+00
1.75245018e+03 9.24269671e+02 0.00000000e+00 0.00000000e+00
1.75311689e+03 9.27243386e+02 0.00000000e+00 0.00000000e+00
1.75378360e+03 9.30231508e+02 0.00000000e+00 0.00000000e+00
1.75445031e+03 9.33234154e+02 0.00000000e+00 0.00000000e+00
1.75511702e+03 9.36251443e+02 0.00000000e+00 0.00000000e+00
1.75578373e+03 9.39283495e+02 0.00000000e+00 0.00000000e+00
1.75645044e+03 9.42330433e+02 0.00000000e+00 0.00000000e+00
1.75711715e+03 9.45392379e+02 0.00000000e+00 0.00000000e+00
1.75778386e+03 9.48469458e+02 0.00000000e+00 0.00000000e+00
1.75845058e+03 9.51561797e+02 0.00000000e+00 0.00000000e+00
1.75911729e+03 9.54669523e+02 0.00000000e+00 0.00000000e+00
1.75978400e+03 9.57792764e+02 0.00000000e+00 0.00000000e+00
1.76045071e+03 9.60931652e+02 0.00000000e+00 0.00000000e+00
1.76111742e+03 9.64086319e+02 0.00000000e+00 0.00000000e+00
1.76178413e+03 9.67256898e+02 0.00000000e+00 0.00000000e+00
1.76245084e+03 9.70443525e+02 0.00000000e+00 0.00000000e+00
1.76311755e+03 9.73646336e+02 0.00000000e+00 0.00000000e+00
1.76378426e+03 9.76865471e+02 0.00000000e+00 0.00000000e+00
1.76445098e+03 9.80101068e+02 0.00000000e+00 0.00000000e+00
1.76511769e+03 9.83353270e+02 0.00000000e+00 0.00000000e+00
1.76578440e+03 9.86622221e+02 0.00000000e+00 0.00000000e+00
1.76645111e+03 9.89908066e+02 0.00000000e+00 0.00000000e+00
1.76711782e+03 9.93210951e+02 0.00000000e+00 0.00000000e+00
1.76778453e+03 9.96531026e+02 0.00000000e+00 0.00000000e+00
1.76845124e+03 9.99868440e+02 0.00000000e+00 0.00000000e+00
1.76911795e+03 1.00322335e+03 0.00000000e+00 0.00000000e+00
1.76978466e+03 1.00659590e+03 0.00000000e+00 0.00000000e+00
1.77045138e+03 1.00998626e+03 0.00000000e+00 0.00000000e+00
1.77111809e+03 1.01339458e+03 0.00000000e+00 0.00000000e+00
1.77178480e+03 1.01682102e+03 0.00000000e+00 0.00000000e+00
1.77245151e+03 1.02026574e+03 0.00000000e+00 0.00000000e+00
1.77311822e+03 1.02372891e+03 0.00000000e+00 0.00000000e+00
1.77378493e+03 1.02721070e+03 0.00000000e+00 0.00000000e+00
1.77445164e+03 1.03071126e+03 0.00000000e+00 0.00000000e+00
1.77511835e+03 1.03423078e+03 0.00000000e+00 0.00000000e+00
1.77578506e+03 1.03776943e+03 0.00000000e+00 0.00000000e+00
1.77645178e+03 1.04132737e+03 0.00000000e+00 0.00000000e+00
1.77711849e+03 1.04490479e+03 0.00000000e+00 0.00000000e+00
1.77778520e+03 1.04850187e+03 0.00000000e+00 0.00000000e+00
1.77845191e+03 1.05211878e+03 0.00000000e+00 0.00000000e+00
1.77911862e+03 1.05575572e+03 0.00000000e+00 0.00000000e+00
1.77978533e+03 1.05941286e+03 0.00000000e+00 0.00000000e+00
1.78045204e+03 1.06309039e+03 0.00000000e+00 0.00000000e+00
1.78111875e+03 1.06678852e+03 0.00000000e+00 0.00000000e+00
1.78178546e+03 1.07050742e+03 0.00000000e+00 0.00000000e+00
1.78245218e+03 1.07424730e+03 0.00000000e+00 0.00000000e+00
1.78311889e+03 1.07800836e+03 0.00000000e+00 0.00000000e+00
1.78378560e+03 1.08179079e+03 0.00000000e+00 0.00000000e+00
1.78445231e+03 1.08559480e+03 0.00000000e+00 0.00000000e+00
1.78511902e+03 1.08942060e+03 0.00000000e+00 0.00000000e+00
1.78578573e+03 1.09326839e+03 0.00000000e+00 0.00000000e+00
1.78645244e+03 1.09713840e+03 0.00000000e+00 0.00000000e+00
1.78711915e+03 1.10103082e+03 0.00000000e+00 0.00000000e+00
1.78778586e+03 1.10494589e+03 0.00000000e+00 0.00000000e+00
1.78845258e+03 1.10888382e+03 0.00000000e+00 0.00000000e+00
1.78911929e+03 1.11284484e+03 0.00000000e+00 0.00000000e+00
1.78978600e+03 1.11682916e+03 0.00000000e+00 0.00000000e+00
1.79045271e+03 1.12083703e+03 0.00000000e+00 0.00000000e+00
1.79111942e+03 1.12486867e+03 0.00000000e+00 0.00000000e+00
1.79178613e+03 1.12892433e+03 0.00000000e+00 0.00000000e+00
1.79245284e+03 1.13300424e+03 0.00000000e+00 0.00000000e+00
1.79311955e+03 1.13710864e+03 0.00000000e+00 0.00000000e+00
1.79378626e+03 1.14123778e+03 0.00000000e+00 0.00000000e+00
1.79445298e+03 1.14539191e+03 0.00000000e+00 0.00000000e+00
1.79511969e+03 1.14957129e+03 0.00000000e+00 0.00000000e+00
1.79578640e+03 1.15377616e+03 0.00000000e+00 0.00000000e+00
1.79645311e+03 1.15800679e+03 0.00000000e+00 0.00000000e+00
1.79711982e+03 1.16226345e+03 0.00000000e+00 0.00000000e+00
1.79778653e+03 1.16654640e+03 0.00000000e+00 0.00000000e+00
1.79845324e+03 1.17085592e+03 0.00000000e+00 0.00000000e+00
1.79911995e+03 1.17519227e+03 0.00000000e+00 0.00000000e+00
1.79978666e+03 1.17955574e+03 0.00000000e+00 0.00000000e+00
1.80045338e+03 1.18394661e+03 0.00000000e+00 0.00000000e+00
1.80112009e+03 1.18836517e+03 0.00000000e+00 0.00000000e+00
1.80178680e+03 1.19281171e+03 0.00000000e+00 0.00000000e+00
1.80245351e+03 1.19728653e+03 0.00000000e+00 0.00000000e+00
1.80312022e+03 1.20178993e+03 0.00000000e+00 0.00000000e+00
1.80378693e+03 1.20632220e+03 0.00000000e+00 0.00000000e+00
1.80445364e+03 1.21088367e+03 0.00000000e+00 0.00000000e+00
1.80512035e+03 1.21547465e+03 0.00000000e+00 0.00000000e+00
1.80578706e+03 1.22009544e+03 0.00000000e+00 0.00000000e+00
1.80645378e+03 1.22474639e+03 0.00000000e+00 0.00000000e+00
1.80712049e+03 1.22942781e+03 0.00000000e+00 0.00000000e+00
1.80778720e+03 1.23414003e+03 0.00000000e+00 0.00000000e+00
1.80845391e+03 1.23888341e+03 0.00000000e+00 0.00000000e+00
1.80912062e+03 1.24365827e+03 0.00000000e+00 0.00000000e+00
1.80978733e+03 1.24846496e+03 0.00000000e+00 0.00000000e+00
1.81045404e+03 1.25330385e+03 0.00000000e+00 0.00000000e+00
1.81112075e+03 1.25817529e+03 0.00000000e+00 0.00000000e+00
1.81178746e+03 1.26307964e+03 0.00000000e+00 0.00000000e+00
1.81245418e+03 1.26801728e+03 0.00000000e+00 0.00000000e+00
1.81312089e+03 1.27298858e+03 0.00000000e+00 0.00000000e+00
1.81378760e+03 1.27799392e+03 0.00000000e+00 0.00000000e+00
1.81445431e+03 1.28303370e+03 0.00000000e+00 0.00000000e+00
1.81512102e+03 1.28810830e+03 0.00000000e+00 0.00000000e+00
1.81578773e+03 1.29321813e+03 0.00000000e+00 0.00000000e+00
1.81645444e+03 1.29836359e+03 0.00000000e+00 0.00000000e+00
1.81712115e+03 1.30354510e+03 0.00000000e+00 0.00000000e+00
1.81778786e+03 1.30876307e+03 0.00000000e+00 0.00000000e+00
1.81845458e+03 1.31401793e+03 0.00000000e+00 0.00000000e+00
1.81912129e+03 1.31931012e+03 0.00000000e+00 0.00000000e+00
1.81978800e+03 1.32464008e+03 0.00000000e+00 0.00000000e+00
1.82045471e+03 1.33000825e+03 0.00000000e+00 0.00000000e+00
1.82112142e+03 1.33541508e+03 0.00000000e+00 0.00000000e+00
1.82178813e+03 1.34086105e+03 0.00000000e+00 0.00000000e+00
1.82245484e+03 1.34634662e+03 0.00000000e+00 0.00000000e+00
1.82312155e+03 1.35187227e+03 0.00000000e+00 0.00000000e+00
1.82378826e+03 1.35743849e+03 0.00000000e+00 0.00000000e+00
1.82445498e+03 1.36304576e+03 0.00000000e+00 0.00000000e+00
1.82512169e+03 1.36869460e+03 0.00000000e+00 0.00000000e+00
1.82578840e+03 1.37438551e+03 0.00000000e+00 0.00000000e+00
1.82645511e+03 1.38011901e+03 0.00000000e+00 0.00000000e+00
1.82712182e+03 1.38589563e+03 0.00000000e+00 0.00000000e+00
1.82778853e+03 1.39171591e+03 0.00000000e+00 0.00000000e+00
1.82845524e+03 1.39758039e+03 0.00000000e+00 0.00000000e+00
1.82912195e+03 1.40348963e+03 0.00000000e+00 0.00000000e+00
1.82978866e+03 1.40944420e+03 0.00000000e+00 0.00000000e+00
1.83045538e+03 1.41544467e+03 0.00000000e+00 0.00000000e+00
1.83112209e+03 1.42149163e+03 0.00000000e+00 0.00000000e+00
1.83178880e+03 1.42758568e+03 0.00000000e+00 0.00000000e+00
1.83245551e+03 1.43372741e+03 0.00000000e+00 0.00000000e+00
1.83312222e+03 1.43991745e+03 0.00000000e+00 0.00000000e+00
1.83378893e+03 1.44615643e+03 0.00000000e+00 0.00000000e+00
1.83445564e+03 1.45244498e+03 0.00000000e+00 0.00000000e+00
1.83512235e+03 1.45878376e+03 0.00000000e+00 0.00000000e+00
1.83578906e+03 1.46517343e+03 0.00000000e+00 0.00000000e+00
1.83645578e+03 1.47161466e+03 0.00000000e+00 0.00000000e+00
1.83712249e+03 1.47810815e+03 0.00000000e+00 0.00000000e+00
1.83778920e+03 1.48465459e+03 0.00000000e+00 0.00000000e+00
1.83845591e+03 1.49125469e+03 0.00000000e+00 0.00000000e+00
1.83912262e+03 1.49790918e+03 0.00000000e+00 0.00000000e+00
1.83978933e+03 1.50461881e+03 0.00000000e+00 0.00000000e+00
1.84045604e+03 1.51138432e+03 0.00000000e+00 0.00000000e+00
1.84112275e+03 1.51820649e+03 0.00000000e+00 0.00000000e+00
1.84178946e+03 1.52508609e+03 0.00000000e+00 0.00000000e+00
1.84245618e+03 1.53202392e+03 0.00000000e+00 0.00000000e+00
1.84312289e+03 1.53902080e+03 0.00000000e+00 0.00000000e+00
1.84378960e+03 1.54607755e+03 0.00000000e+00 0.00000000e+00
1.84445631e+03 1.55319502e+03 0.00000000e+00 0.00000000e+00
1.84512302e+03 1.56037407e+03 0.00000000e+00 0.00000000e+00
1.84578973e+03 1.56761558e+03 0.00000000e+00 0.00000000e+00
1.84645644e+03 1.57492044e+03 0.00000000e+00 0.00000000e+00
1.84712315e+03 1.58228956e+03 0.00000000e+00 0.00000000e+00
1.84778986e+03 1.58972388e+03 0.00000000e+00 0.00000000e+00
1.84845658e+03 1.59722435e+03 0.00000000e+00 0.00000000e+00
1.84912329e+03 1.60479192e+03 0.00000000e+00 0.00000000e+00
1.84979000e+03 1.61242760e+03 0.00000000e+00 0.00000000e+00
1.85045671e+03 1.62013239e+03 0.00000000e+00 0.00000000e+00
1.85112342e+03 1.62790731e+03 0.00000000e+00 0.00000000e+00
1.85179013e+03 1.63575342e+03 0.00000000e+00 0.00000000e+00
1.85245684e+03 1.64367179e+03 0.00000000e+00 0.00000000e+00
1.85312355e+03 1.65166351e+03 0.00000000e+00 0.00000000e+00
1.85379027e+03 1.65972970e+03 0.00000000e+00 0.00000000e+00
1.85445698e+03 1.66787150e+03 0.00000000e+00 0.00000000e+00
1.85512369e+03 1.67609007e+03 0.00000000e+00 0.00000000e+00
1.85579040e+03 1.68438661e+03 0.00000000e+00 0.00000000e+00
1.85645711e+03 1.69276232e+03 0.00000000e+00 0.00000000e+00
1.85712382e+03 1.70121845e+03 0.00000000e+00 0.00000000e+00
1.85779053e+03 1.70975626e+03 0.00000000e+00 0.00000000e+00
1.85845724e+03 1.71837705e+03 0.00000000e+00 0.00000000e+00
1.85912395e+03 1.72708214e+03 0.00000000e+00 0.00000000e+00
1.85979067e+03 1.73587289e+03 0.00000000e+00 0.00000000e+00
1.86045738e+03 1.74475067e+03 0.00000000e+00 0.00000000e+00
1.86112409e+03 1.75371691e+03 0.00000000e+00 0.00000000e+00
1.86179080e+03 1.76277303e+03 0.00000000e+00 0.00000000e+00
1.86245751e+03 1.77192053e+03 0.00000000e+00 0.00000000e+00
1.86312422e+03 1.78116092e+03 0.00000000e+00 0.00000000e+00
1.86379093e+03 1.79049573e+03 0.00000000e+00 0.00000000e+00
1.86445764e+03 1.79992655e+03 0.00000000e+00 0.00000000e+00
1.86512435e+03 1.80945500e+03 0.00000000e+00 0.00000000e+00
1.86579107e+03 1.81908273e+03 0.00000000e+00 0.00000000e+00
1.86645778e+03 1.82881144e+03 0.00000000e+00 0.00000000e+00
1.86712449e+03 1.83864286e+03 0.00000000e+00 0.00000000e+00
1.86779120e+03 1.84857877e+03 0.00000000e+00 0.00000000e+00
1.86845791e+03 1.85862098e+03 0.00000000e+00 0.00000000e+00
1.86912462e+03 1.86877135e+03 0.00000000e+00 0.00000000e+00
1.86979133e+03 1.87903180e+03 0.00000000e+00 0.00000000e+00
1.87045804e+03 1.88940428e+03 0.00000000e+00 0.00000000e+00
1.87112475e+03 1.89989079e+03 0.00000000e+00 0.00000000e+00
1.87179147e+03 1.91049337e+03 0.00000000e+00 0.00000000e+00
1.87245818e+03 1.92121414e+03 0.00000000e+00 0.00000000e+00
1.87312489e+03 1.93205524e+03 0.00000000e+00 0.00000000e+00
1.87379160e+03 1.94301888e+03 0.00000000e+00 0.00000000e+00
1.87445831e+03 1.95410734e+03 0.00000000e+00 0.00000000e+00
1.87512502e+03 1.96532293e+03 0.00000000e+00 0.00000000e+00
1.87579173e+03 1.97666803e+03 0.00000000e+00 0.00000000e+00
1.87645844e+03 1.98814510e+03 0.00000000e+00 0.00000000e+00
1.87712515e+03 1.99975663e+03 0.00000000e+00 0.00000000e+00
1.87779187e+03 2.01150521e+03 0.00000000e+00 0.00000000e+00
1.87845858e+03 2.02339349e+03 0.00000000e+00 0.00000000e+00
1.87912529e+03 2.03542416e+03 0.00000000e+00 0.00000000e+00
1.87979200e+03 2.04760004e+03 0.00000000e+00 0.00000000e+00
1.88045871e+03 2.05992397e+03 0.00000000e+00 0.00000000e+00
1.88112542e+03 2.07239891e+03 0.00000000e+00 0.00000000e+00
1.88179213e+03 2.08502787e+03 0.00000000e+00 0.00000000e+00
1.88245884e+03 2.09781396e+03 0.00000000e+00 0.00000000e+00
1.88312555e+03 2.11076039e+03 0.00000000e+00 0.00000000e+00
1.88379227e+03 2.12387043e+03 0.00000000e+00 0.00000000e+00
1.88445898e+03 2.13714746e+03 0.00000000e+00 0.00000000e+00
1.88512569e+03 2.15059497e+03 0.00000000e+00 0.00000000e+00
1.88579240e+03 2.16421653e+03 0.00000000e+00 0.00000000e+00
1.88645911e+03 2.17801582e+03 0.00000000e+00 0.00000000e+00
1.88712582e+03 2.19199663e+03 0.00000000e+00 0.00000000e+00
1.88779253e+03 2.20616287e+03 0.00000000e+00 0.00000000e+00
1.88845924e+03 2.22051857e+03 0.00000000e+00 0.00000000e+00
1.88912595e+03 2.23506785e+03 0.00000000e+00 0.00000000e+00
1.88979267e+03 2.24981499e+03 0.00000000e+00 0.00000000e+00
1.89045938e+03 2.26476440e+03 0.00000000e+00 0.00000000e+00
1.89112609e+03 2.27992061e+03 0.00000000e+00 0.00000000e+00
1.89179280e+03 2.29528829e+03 0.00000000e+00 0.00000000e+00
1.89245951e+03 2.31087229e+03 0.00000000e+00 0.00000000e+00
1.89312622e+03 2.32667757e+03 0.00000000e+00 0.00000000e+00
1.89379293e+03 2.34270929e+03 0.00000000e+00 0.00000000e+00
1.89445964e+03 2.35897275e+03 0.00000000e+00 0.00000000e+00
1.89512635e+03 2.37547345e+03 0.00000000e+00 0.00000000e+00
1.89579307e+03 2.39221704e+03 0.00000000e+00 0.00000000e+00
1.89645978e+03 2.40920939e+03 0.00000000e+00 0.00000000e+00
1.89712649e+03 2.42645654e+03 0.00000000e+00 0.00000000e+00
1.89779320e+03 2.44396478e+03 0.00000000e+00 0.00000000e+00
1.89845991e+03 2.46174057e+03 0.00000000e+00 0.00000000e+00
1.89912662e+03 2.47979062e+03 0.00000000e+00 0.00000000e+00
1.89979333e+03 2.49812188e+03 0.00000000e+00 0.00000000e+00
1.90046004e+03 2.51674154e+03 0.00000000e+00 0.00000000e+00
1.90112675e+03 2.53565706e+03 0.00000000e+00 0.00000000e+00
1.90179347e+03 2.55487616e+03 0.00000000e+00 0.00000000e+00
1.90246018e+03 2.57440686e+03 0.00000000e+00 0.00000000e+00
1.90312689e+03 2.59425747e+03 0.00000000e+00 0.00000000e+00
1.90379360e+03 2.61443664e+03 0.00000000e+00 0.00000000e+00
1.90446031e+03 2.63495332e+03 0.00000000e+00 0.00000000e+00
1.90512702e+03 2.65581684e+03 0.00000000e+00 0.00000000e+00
1.90579373e+03 2.67703690e+03 0.00000000e+00 0.00000000e+00
1.90646044e+03 2.69862358e+03 0.00000000e+00 0.00000000e+00
1.90712715e+03 2.72058739e+03 0.00000000e+00 0.00000000e+00
1.90779387e+03 2.74293927e+03 0.00000000e+00 0.00000000e+00
1.90846058e+03 2.76569064e+03 0.00000000e+00 0.00000000e+00
1.90912729e+03 2.78885342e+03 0.00000000e+00 0.00000000e+00
1.90979400e+03 2.81244006e+03 0.00000000e+00 0.00000000e+00
1.91046071e+03 2.83646356e+03 0.00000000e+00 0.00000000e+00
1.91112742e+03 2.86093755e+03 0.00000000e+00 0.00000000e+00
1.91179413e+03 2.88587630e+03 0.00000000e+00 0.00000000e+00
1.91246084e+03 2.91129478e+03 0.00000000e+00 0.00000000e+00
1.91312755e+03 2.93720872e+03 0.00000000e+00 0.00000000e+00
1.91379427e+03 2.96363463e+03 0.00000000e+00 0.00000000e+00
1.91446098e+03 2.99058992e+03 0.00000000e+00 0.00000000e+00
1.91512769e+03 3.01809294e+03 0.00000000e+00 0.00000000e+00
1.91579440e+03 3.04616303e+03 0.00000000e+00 0.00000000e+00
1.91646111e+03 3.07482068e+03 0.00000000e+00 0.00000000e+00
1.91712782e+03 3.10408755e+03 0.00000000e+00 0.00000000e+00
1.91779453e+03 3.13398661e+03 0.00000000e+00 0.00000000e+00
1.91846124e+03 3.16454227e+03 0.00000000e+00 0.00000000e+00
1.91912795e+03 3.19578047e+03 0.00000000e+00 0.00000000e+00
1.91979467e+03 3.22772885e+03 0.00000000e+00 0.00000000e+00
1.92046138e+03 3.26041689e+03 0.00000000e+00 0.00000000e+00
1.92112809e+03 3.29387609e+03 0.00000000e+00 0.00000000e+00
1.92179480e+03 3.32814014e+03 0.00000000e+00 0.00000000e+00
1.92246151e+03 3.36324513e+03 0.00000000e+00 0.00000000e+00
1.92312822e+03 3.39922977e+03 0.00000000e+00 0.00000000e+00
1.92379493e+03 3.43613564e+03 0.00000000e+00 0.00000000e+00
1.92446164e+03 3.47400742e+03 0.00000000e+00 0.00000000e+00
1.92512835e+03 3.51289320e+03 0.00000000e+00 0.00000000e+00
1.92579507e+03 3.55284476e+03 0.00000000e+00 0.00000000e+00
1.92646178e+03 3.59391789e+03 0.00000000e+00 0.00000000e+00
1.92712849e+03 3.63617275e+03 0.00000000e+00 0.00000000e+00
1.92779520e+03 3.67967421e+03 0.00000000e+00 0.00000000e+00
1.92846191e+03 3.72449225e+03 0.00000000e+00 0.00000000e+00
1.92912862e+03 3.77070234e+03 0.00000000e+00 0.00000000e+00
1.92979533e+03 3.81838589e+03 0.00000000e+00 0.00000000e+00
1.93046204e+03 3.86763065e+03 0.00000000e+00 0.00000000e+00
1.93112875e+03 3.91853117e+03 0.00000000e+00 0.00000000e+00
1.93179547e+03 3.97118927e+03 0.00000000e+00 0.00000000e+00
1.93246218e+03 4.02571447e+03 0.00000000e+00 0.00000000e+00
1.93312889e+03 4.08222446e+03 0.00000000e+00 0.00000000e+00
1.93379560e+03 4.14084556e+03 0.00000000e+00 0.00000000e+00
1.93446231e+03 4.20171314e+03 0.00000000e+00 0.00000000e+00
1.93512902e+03 4.26497207e+03 0.00000000e+00 0.00000000e+00
1.93579573e+03 4.33077706e+03 0.00000000e+00 0.00000000e+00
1.93646244e+03 4.39929306e+03 0.00000000e+00 0.00000000e+00
1.93712915e+03 4.47069557e+03 0.00000000e+00 0.00000000e+00
1.93779587e+03 4.54517083e+03 0.00000000e+00 0.00000000e+00
1.93846258e+03 4.62291607e+03 0.00000000e+00 0.00000000e+00
1.93912929e+03 4.70413958e+03 0.00000000e+00 0.00000000e+00
1.93979600e+03 4.78906073e+03 0.00000000e+00 0.00000000e+00
1.94046271e+03 4.87790988e+03 0.00000000e+00 0.00000000e+00
1.94112942e+03 4.97092819e+03 0.00000000e+00 0.00000000e+00
1.94179613e+03 5.06836728e+03 0.00000000e+00 0.00000000e+00
1.94246284e+03 5.17048880e+03 0.00000000e+00 0.00000000e+00
1.94312955e+03 5.27756384e+03 0.00000000e+00 0.00000000e+00
1.94379627e+03 5.38987214e+03 0.00000000e+00 0.00000000e+00
1.94446298e+03 5.50770127e+03 0.00000000e+00 0.00000000e+00
1.94512969e+03 5.63134549e+03 0.00000000e+00 0.00000000e+00
1.94579640e+03 5.76110464e+03 0.00000000e+00 0.00000000e+00
1.94646311e+03 5.89728268e+03 0.00000000e+00 0.00000000e+00
1.94712982e+03 6.04018624e+03 0.00000000e+00 0.00000000e+00
1.94779653e+03 6.19012292e+03 0.00000000e+00 0.00000000e+00
1.94846324e+03 6.34739952e+03 0.00000000e+00 0.00000000e+00
1.94912995e+03 6.51232010e+03 0.00000000e+00 0.00000000e+00
1.94979667e+03 6.68518399e+03 0.00000000e+00 0.00000000e+00
1.95046338e+03 6.86628369e+03 0.00000000e+00 0.00000000e+00
1.95113009e+03 7.05590269e+03 0.00000000e+00 0.00000000e+00
1.95179680e+03 7.25431335e+03 0.00000000e+00 0.00000000e+00
1.95246351e+03 7.46177468e+03 0.00000000e+00 0.00000000e+00
1.95313022e+03 7.67853019e+03 0.00000000e+00 0.00000000e+00
1.95379693e+03 7.90480589e+03 0.00000000e+00 0.00000000e+00
1.95446364e+03 8.14080823e+03 0.00000000e+00 0.00000000e+00
1.95513036e+03 8.38672235e+03 0.00000000e+00 0.00000000e+00
1.95579707e+03 8.64271038e+03 0.00000000e+00 0.00000000e+00
1.95646378e+03 8.90891001e+03 0.00000000e+00 0.00000000e+00
1.95713049e+03 9.18543328e+03 0.00000000e+00 0.00000000e+00
1.95779720e+03 9.47236562e+03 0.00000000e+00 0.00000000e+00
1.95846391e+03 9.76976523e+03 0.00000000e+00 0.00000000e+00
1.95913062e+03 1.00776627e+04 0.00000000e+00 0.00000000e+00
1.95979733e+03 1.03960609e+04 0.00000000e+00 0.00000000e+00
1.96046404e+03 1.07249354e+04 0.00000000e+00 0.00000000e+00
1.96113076e+03 1.10642349e+04 0.00000000e+00 0.00000000e+00
1.96179747e+03 1.14138823e+04 0.00000000e+00 0.00000000e+00
1.96246418e+03 1.17737756e+04 0.00000000e+00 0.00000000e+00
1.96313089e+03 1.21437897e+04 0.00000000e+00 0.00000000e+00
1.96379760e+03 1.25237775e+04 0.00000000e+00 0.00000000e+00
1.96446431e+03 1.29135720e+04 0.00000000e+00 0.00000000e+00
1.96513102e+03 1.33129883e+04 0.00000000e+00 0.00000000e+00
1.96579773e+03 1.37218252e+04 0.00000000e+00 0.00000000e+00
1.96646444e+03 1.41398672e+04 0.00000000e+00 0.00000000e+00
1.96713116e+03 1.45668865e+04 0.00000000e+00 0.00000000e+00
1.96779787e+03 1.50026443e+04 0.00000000e+00 0.00000000e+00
1.96846458e+03 1.54468923e+04 0.00000000e+00 0.00000000e+00
1.96913129e+03 1.58993740e+04 0.00000000e+00 0.00000000e+00
1.96979800e+03 1.63598248e+04 0.00000000e+00 0.00000000e+00
1.97046471e+03 1.68279730e+04 0.00000000e+00 0.00000000e+00
1.97113142e+03 1.73035388e+04 0.00000000e+00 0.00000000e+00
1.97179813e+03 1.77862338e+04 0.00000000e+00 0.00000000e+00
1.97246484e+03 1.82757595e+04 0.00000000e+00 0.00000000e+00
1.97313156e+03 1.87718054e+04 0.00000000e+00 0.00000000e+00
1.97379827e+03 1.92740463e+04 0.00000000e+00 0.00000000e+00
1.97446498e+03 1.97821389e+04 0.00000000e+00 0.00000000e+00
1.97513169e+03 2.02957185e+04 0.00000000e+00 0.00000000e+00
1.97579840e+03 2.08143942e+04 0.00000000e+00 0.00000000e+00
1.97646511e+03 2.13377447e+04 0.00000000e+00 0.00000000e+00
1.97713182e+03 2.18653128e+04 0.00000000e+00 0.00000000e+00
1.97779853e+03 2.23966005e+04 0.00000000e+00 0.00000000e+00
1.97846524e+03 2.29310635e+04 0.00000000e+00 0.00000000e+00
1.97913196e+03 2.34681059e+04 0.00000000e+00 0.00000000e+00
1.97979867e+03 2.40070747e+04 0.00000000e+00 0.00000000e+00
1.98046538e+03 2.45472552e+04 0.00000000e+00 0.00000000e+00
1.98113209e+03 2.50878664e+04 0.00000000e+00 0.00000000e+00
1.98179880e+03 2.56280575e+04 0.00000000e+00 0.00000000e+00
1.98246551e+03 2.61669045e+04 0.00000000e+00 0.00000000e+00
1.98313222e+03 2.67034082e+04 0.00000000e+00 0.00000000e+00
1.98379893e+03 2.72364932e+04 0.00000000e+00 0.00000000e+00
1.98446564e+03 2.77650083e+04 0.00000000e+00 0.00000000e+00
1.98513236e+03 2.82877275e+04 0.00000000e+00 0.00000000e+00
1.98579907e+03 2.88033529e+04 0.00000000e+00 0.00000000e+00
1.98646578e+03 2.93105192e+04 0.00000000e+00 0.00000000e+00
1.98713249e+03 2.98077992e+04 0.00000000e+00 0.00000000e+00
1.98779920e+03 3.02937106e+04 0.00000000e+00 0.00000000e+00
1.98846591e+03 3.07667249e+04 0.00000000e+00 0.00000000e+00
1.98913262e+03 3.12252771e+04 0.00000000e+00 0.00000000e+00
1.98979933e+03 3.16677765e+04 0.00000000e+00 0.00000000e+00
1.99046604e+03 3.20926190e+04 0.00000000e+00 0.00000000e+00
1.99113276e+03 3.24981998e+04 0.00000000e+00 0.00000000e+00
1.99179947e+03 3.28829272e+04 0.00000000e+00 0.00000000e+00
1.99246618e+03 3.32452364e+04 0.00000000e+00 0.00000000e+00
1.99313289e+03 3.35836038e+04 0.00000000e+00 0.00000000e+00
1.99379960e+03 3.38965612e+04 0.00000000e+00 0.00000000e+00
1.99446631e+03 3.41827098e+04 0.00000000e+00 0.00000000e+00
1.99513302e+03 3.44407341e+04 0.00000000e+00 0.00000000e+00
1.99579973e+03 3.46694154e+04 0.00000000e+00 0.00000000e+00
1.99646644e+03 3.48676455e+04 0.00000000e+00 0.00000000e+00
1.99713316e+03 3.50344394e+04 0.00000000e+00 0.00000000e+00
1.99779987e+03 3.51689485e+04 0.00000000e+00 0.00000000e+00
1.99846658e+03 3.52704734e+04 0.00000000e+00 0.00000000e+00
1.99913329e+03 3.53384756e+04 0.00000000e+00 0.00000000e+00
1.99980000e+03 3.53725948e+04 0.00000000e+00 0.00000000e+00
