# Data file for U(x)
# mu = 34.440120018900124
# omB = 12.32
# Columns:
# 1) x
# 2) U(x)
# 
-3.99960000e+03 3.98973867e+04
-3.99759970e+03 3.89351096e+04
-3.99559940e+03 3.79435499e+04
-3.99359910e+03 3.69489306e+04
-3.99159880e+03 3.59483969e+04
-3.98959850e+03 3.49371436e+04
-3.98759820e+03 3.39107713e+04
-3.98559790e+03 3.28651114e+04
-3.98359760e+03 3.17959088e+04
-3.98159730e+03 3.06985424e+04
-3.97959700e+03 2.95677442e+04
-3.97759670e+03 2.83972609e+04
-3.97559640e+03 2.71793926e+04
-3.97359610e+03 2.59043109e+04
-3.97159580e+03 2.45590322e+04
-3.96959550e+03 2.31260987e+04
-3.96759520e+03 2.15837437e+04
-3.96559490e+03 1.99197017e+04
-3.96359460e+03 1.82192207e+04
-3.96159430e+03 1.70232222e+04
-3.95959400e+03 1.77185287e+04
-3.95759370e+03 1.89306170e+04
-3.95559340e+03 1.76288807e+04
-3.95359310e+03 1.55540895e+04
-3.95159280e+03 1.38243670e+04
-3.94959250e+03 1.25534524e+04
-3.94759220e+03 1.16189769e+04
-3.94559190e+03 1.09066351e+04
-3.94359160e+03 1.03419530e+04
-3.94159130e+03 9.87946973e+03
-3.93959100e+03 9.49094815e+03
-3.93759070e+03 9.15806094e+03
-3.93559040e+03 8.86834037e+03
-3.93359010e+03 8.61294887e+03
-3.93158980e+03 8.38540815e+03
-3.92958950e+03 8.18083873e+03
-3.92758920e+03 7.99548262e+03
-3.92558890e+03 7.82639105e+03
-3.92358860e+03 7.67121295e+03
-3.92158830e+03 7.52804759e+03
-3.91958800e+03 7.39533944e+03
-3.91758770e+03 7.27180154e+03
-3.91558740e+03 7.15635870e+03
-3.91358710e+03 7.04810480e+03
-3.91158680e+03 6.94627001e+03
-3.90958650e+03 6.85019561e+03
-3.90758620e+03 6.75931415e+03
-3.90558590e+03 6.67313384e+03
-3.90358560e+03 6.59122605e+03
-3.90158530e+03 6.51321524e+03
-3.89958500e+03 6.43877081e+03
-3.89758470e+03 6.36760041e+03
-3.89558440e+03 6.29944442e+03
-3.89358410e+03 6.23407140e+03
-3.89158380e+03 6.17127424e+03
-3.88958350e+03 6.11086700e+03
-3.88758320e+03 6.05268219e+03
-3.88558290e+03 5.99656847e+03
-3.88358260e+03 5.94238871e+03
-3.88158230e+03 5.89001832e+03
-3.87958200e+03 5.83934378e+03
-3.87758170e+03 5.79026146e+03
-3.87558140e+03 5.74267648e+03
-3.87358110e+03 5.69650181e+03
-3.87158080e+03 5.65165745e+03
-3.86958050e+03 5.60806972e+03
-3.86758020e+03 5.56567060e+03
-3.86557989e+03 5.52439722e+03
-3.86357959e+03 5.48419135e+03
-3.86157929e+03 5.44499897e+03
-3.85957899e+03 5.40676987e+03
-3.85757869e+03 5.36945735e+03
-3.85557839e+03 5.33301785e+03
-3.85357809e+03 5.29741074e+03
-3.85157779e+03 5.26259804e+03
-3.84957749e+03 5.22854421e+03
-3.84757719e+03 5.19521595e+03
-3.84557689e+03 5.16258202e+03
-3.84357659e+03 5.13061306e+03
-3.84157629e+03 5.09928149e+03
-3.83957599e+03 5.06856133e+03
-3.83757569e+03 5.03842811e+03
-3.83557539e+03 5.00885874e+03
-3.83357509e+03 4.97983143e+03
-3.83157479e+03 4.95132557e+03
-3.82957449e+03 4.92332167e+03
-3.82757419e+03 4.89580128e+03
-3.82557389e+03 4.86874692e+03
-3.82357359e+03 4.84214200e+03
-3.82157329e+03 4.81597078e+03
-3.81957299e+03 4.79021831e+03
-3.81757269e+03 4.76487036e+03
-3.81557239e+03 4.73991342e+03
-3.81357209e+03 4.71533460e+03
-3.81157179e+03 4.69112165e+03
-3.80957149e+03 4.66726285e+03
-3.80757119e+03 4.64374707e+03
-3.80557089e+03 4.62056363e+03
-3.80357059e+03 4.59770236e+03
-3.80157029e+03 4.57515354e+03
-3.79956999e+03 4.55290787e+03
-3.79756969e+03 4.53095644e+03
-3.79556939e+03 4.50929073e+03
-3.79356909e+03 4.48790257e+03
-3.79156879e+03 4.46678413e+03
-3.78956849e+03 4.44592791e+03
-3.78756819e+03 4.42532670e+03
-3.78556789e+03 4.40497358e+03
-3.78356759e+03 4.38486192e+03
-3.78156729e+03 4.36498533e+03
-3.77956699e+03 4.34533767e+03
-3.77756669e+03 4.32591304e+03
-3.77556639e+03 4.30670576e+03
-3.77356609e+03 4.28771036e+03
-3.77156579e+03 4.26892157e+03
-3.76956549e+03 4.25033431e+03
-3.76756519e+03 4.23194370e+03
-3.76556489e+03 4.21374501e+03
-3.76356459e+03 4.19573370e+03
-3.76156429e+03 4.17790538e+03
-3.75956399e+03 4.16025579e+03
-3.75756369e+03 4.14278086e+03
-3.75556339e+03 4.12547661e+03
-3.75356309e+03 4.10833924e+03
-3.75156279e+03 4.09136503e+03
-3.74956249e+03 4.07455042e+03
-3.74756219e+03 4.05789195e+03
-3.74556189e+03 4.04138626e+03
-3.74356159e+03 4.02503012e+03
-3.74156129e+03 4.00882039e+03
-3.73956099e+03 3.99275403e+03
-3.73756069e+03 3.97682808e+03
-3.73556039e+03 3.96103971e+03
-3.73356009e+03 3.94538613e+03
-3.73155979e+03 3.92986467e+03
-3.72955949e+03 3.91447271e+03
-3.72755919e+03 3.89920773e+03
-3.72555889e+03 3.88406728e+03
-3.72355859e+03 3.86904897e+03
-3.72155829e+03 3.85415048e+03
-3.71955799e+03 3.83936958e+03
-3.71755769e+03 3.82470408e+03
-3.71555739e+03 3.81015185e+03
-3.71355709e+03 3.79571083e+03
-3.71155679e+03 3.78137901e+03
-3.70955649e+03 3.76715444e+03
-3.70755619e+03 3.75303523e+03
-3.70555589e+03 3.73901952e+03
-3.70355559e+03 3.72510552e+03
-3.70155529e+03 3.71129147e+03
-3.69955499e+03 3.69757568e+03
-3.69755469e+03 3.68395647e+03
-3.69555439e+03 3.67043224e+03
-3.69355409e+03 3.65700140e+03
-3.69155379e+03 3.64366242e+03
-3.68955349e+03 3.63041380e+03
-3.68755319e+03 3.61725409e+03
-3.68555289e+03 3.60418185e+03
-3.68355259e+03 3.59119571e+03
-3.68155229e+03 3.57829430e+03
-3.67955199e+03 3.56547631e+03
-3.67755169e+03 3.55274044e+03
-3.67555139e+03 3.54008544e+03
-3.67355109e+03 3.52751007e+03
-3.67155079e+03 3.51501314e+03
-3.66955049e+03 3.50259347e+03
-3.66755019e+03 3.49024992e+03
-3.66554989e+03 3.47798138e+03
-3.66354959e+03 3.46578674e+03
-3.66154929e+03 3.45366494e+03
-3.65954899e+03 3.44161494e+03
-3.65754869e+03 3.42963571e+03
-3.65554839e+03 3.41772626e+03
-3.65354809e+03 3.40588561e+03
-3.65154779e+03 3.39411281e+03
-3.64954749e+03 3.38240692e+03
-3.64754719e+03 3.37076704e+03
-3.64554689e+03 3.35919226e+03
-3.64354659e+03 3.34768171e+03
-3.64154629e+03 3.33623454e+03
-3.63954599e+03 3.32484990e+03
-3.63754569e+03 3.31352699e+03
-3.63554539e+03 3.30226498e+03
-3.63354509e+03 3.29106311e+03
-3.63154479e+03 3.27992059e+03
-3.62954449e+03 3.26883667e+03
-3.62754419e+03 3.25781061e+03
-3.62554389e+03 3.24684168e+03
-3.62354359e+03 3.23592919e+03
-3.62154329e+03 3.22507242e+03
-3.61954299e+03 3.21427070e+03
-3.61754269e+03 3.20352336e+03
-3.61554239e+03 3.19282974e+03
-3.61354209e+03 3.18218920e+03
-3.61154179e+03 3.17160110e+03
-3.60954149e+03 3.16106483e+03
-3.60754119e+03 3.15057979e+03
-3.60554089e+03 3.14014537e+03
-3.60354059e+03 3.12976099e+03
-3.60154029e+03 3.11942608e+03
-3.59953998e+03 3.10914008e+03
-3.59753968e+03 3.09890242e+03
-3.59553938e+03 3.08871258e+03
-3.59353908e+03 3.07857001e+03
-3.59153878e+03 3.06847420e+03
-3.58953848e+03 3.05842463e+03
-3.58753818e+03 3.04842079e+03
-3.58553788e+03 3.03846220e+03
-3.58353758e+03 3.02854836e+03
-3.58153728e+03 3.01867880e+03
-3.57953698e+03 3.00885305e+03
-3.57753668e+03 2.99907065e+03
-3.57553638e+03 2.98933113e+03
-3.57353608e+03 2.97963407e+03
-3.57153578e+03 2.96997901e+03
-3.56953548e+03 2.96036554e+03
-3.56753518e+03 2.95079322e+03
-3.56553488e+03 2.94126164e+03
-3.56353458e+03 2.93177039e+03
-3.56153428e+03 2.92231907e+03
-3.55953398e+03 2.91290729e+03
-3.55753368e+03 2.90353465e+03
-3.55553338e+03 2.89420077e+03
-3.55353308e+03 2.88490527e+03
-3.55153278e+03 2.87564780e+03
-3.54953248e+03 2.86642797e+03
-3.54753218e+03 2.85724543e+03
-3.54553188e+03 2.84809984e+03
-3.54353158e+03 2.83899083e+03
-3.54153128e+03 2.82991808e+03
-3.53953098e+03 2.82088124e+03
-3.53753068e+03 2.81187999e+03
-3.53553038e+03 2.80291399e+03
-3.53353008e+03 2.79398293e+03
-3.53152978e+03 2.78508649e+03
-3.52952948e+03 2.77622436e+03
-3.52752918e+03 2.76739623e+03
-3.52552888e+03 2.75860181e+03
-3.52352858e+03 2.74984079e+03
-3.52152828e+03 2.74111288e+03
-3.51952798e+03 2.73241779e+03
-3.51752768e+03 2.72375525e+03
-3.51552738e+03 2.71512497e+03
-3.51352708e+03 2.70652667e+03
-3.51152678e+03 2.69796008e+03
-3.50952648e+03 2.68942494e+03
-3.50752618e+03 2.68092098e+03
-3.50552588e+03 2.67244795e+03
-3.50352558e+03 2.66400558e+03
-3.50152528e+03 2.65559362e+03
-3.49952498e+03 2.64721182e+03
-3.49752468e+03 2.63885995e+03
-3.49552438e+03 2.63053775e+03
-3.49352408e+03 2.62224499e+03
-3.49152378e+03 2.61398143e+03
-3.48952348e+03 2.60574685e+03
-3.48752318e+03 2.59754100e+03
-3.48552288e+03 2.58936367e+03
-3.48352258e+03 2.58121464e+03
-3.48152228e+03 2.57309369e+03
-3.47952198e+03 2.56500059e+03
-3.47752168e+03 2.55693513e+03
-3.47552138e+03 2.54889712e+03
-3.47352108e+03 2.54088632e+03
-3.47152078e+03 2.53290255e+03
-3.46952048e+03 2.52494560e+03
-3.46752018e+03 2.51701527e+03
-3.46551988e+03 2.50911136e+03
-3.46351958e+03 2.50123369e+03
-3.46151928e+03 2.49338204e+03
-3.45951898e+03 2.48555625e+03
-3.45751868e+03 2.47775611e+03
-3.45551838e+03 2.46998145e+03
-3.45351808e+03 2.46223209e+03
-3.45151778e+03 2.45450784e+03
-3.44951748e+03 2.44680853e+03
-3.44751718e+03 2.43913397e+03
-3.44551688e+03 2.43148401e+03
-3.44351658e+03 2.42385846e+03
-3.44151628e+03 2.41625717e+03
-3.43951598e+03 2.40867995e+03
-3.43751568e+03 2.40112666e+03
-3.43551538e+03 2.39359711e+03
-3.43351508e+03 2.38609117e+03
-3.43151478e+03 2.37860866e+03
-3.42951448e+03 2.37114943e+03
-3.42751418e+03 2.36371332e+03
-3.42551388e+03 2.35630019e+03
-3.42351358e+03 2.34890988e+03
-3.42151328e+03 2.34154224e+03
-3.41951298e+03 2.33419712e+03
-3.41751268e+03 2.32687439e+03
-3.41551238e+03 2.31957389e+03
-3.41351208e+03 2.31229548e+03
-3.41151178e+03 2.30503903e+03
-3.40951148e+03 2.29780439e+03
-3.40751118e+03 2.29059143e+03
-3.40551088e+03 2.28340000e+03
-3.40351058e+03 2.27622999e+03
-3.40151028e+03 2.26908125e+03
-3.39950998e+03 2.26195366e+03
-3.39750968e+03 2.25484707e+03
-3.39550938e+03 2.24776138e+03
-3.39350908e+03 2.24069644e+03
-3.39150878e+03 2.23365214e+03
-3.38950848e+03 2.22662835e+03
-3.38750818e+03 2.21962495e+03
-3.38550788e+03 2.21264182e+03
-3.38350758e+03 2.20567884e+03
-3.38150728e+03 2.19873589e+03
-3.37950698e+03 2.19181285e+03
-3.37750668e+03 2.18490960e+03
-3.37550638e+03 2.17802604e+03
-3.37350608e+03 2.17116205e+03
-3.37150578e+03 2.16431752e+03
-3.36950548e+03 2.15749234e+03
-3.36750518e+03 2.15068640e+03
-3.36550488e+03 2.14389958e+03
-3.36350458e+03 2.13713179e+03
-3.36150428e+03 2.13038292e+03
-3.35950398e+03 2.12365286e+03
-3.35750368e+03 2.11694151e+03
-3.35550338e+03 2.11024876e+03
-3.35350308e+03 2.10357452e+03
-3.35150278e+03 2.09691868e+03
-3.34950248e+03 2.09028115e+03
-3.34750218e+03 2.08366182e+03
-3.34550188e+03 2.07706061e+03
-3.34350158e+03 2.07047740e+03
-3.34150128e+03 2.06391212e+03
-3.33950098e+03 2.05736466e+03
-3.33750068e+03 2.05083492e+03
-3.33550038e+03 2.04432283e+03
-3.33350008e+03 2.03782828e+03
-3.33149977e+03 2.03135119e+03
-3.32949947e+03 2.02489147e+03
-3.32749917e+03 2.01844902e+03
-3.32549887e+03 2.01202376e+03
-3.32349857e+03 2.00561561e+03
-3.32149827e+03 1.99922447e+03
-3.31949797e+03 1.99285026e+03
-3.31749767e+03 1.98649291e+03
-3.31549737e+03 1.98015231e+03
-3.31349707e+03 1.97382840e+03
-3.31149677e+03 1.96752109e+03
-3.30949647e+03 1.96123029e+03
-3.30749617e+03 1.95495594e+03
-3.30549587e+03 1.94869794e+03
-3.30349557e+03 1.94245623e+03
-3.30149527e+03 1.93623071e+03
-3.29949497e+03 1.93002133e+03
-3.29749467e+03 1.92382799e+03
-3.29549437e+03 1.91765062e+03
-3.29349407e+03 1.91148915e+03
-3.29149377e+03 1.90534351e+03
-3.28949347e+03 1.89921362e+03
-3.28749317e+03 1.89309941e+03
-3.28549287e+03 1.88700080e+03
-3.28349257e+03 1.88091773e+03
-3.28149227e+03 1.87485012e+03
-3.27949197e+03 1.86879790e+03
-3.27749167e+03 1.86276101e+03
-3.27549137e+03 1.85673937e+03
-3.27349107e+03 1.85073292e+03
-3.27149077e+03 1.84474159e+03
-3.26949047e+03 1.83876531e+03
-3.26749017e+03 1.83280402e+03
-3.26548987e+03 1.82685765e+03
-3.26348957e+03 1.82092614e+03
-3.26148927e+03 1.81500941e+03
-3.25948897e+03 1.80910742e+03
-3.25748867e+03 1.80322009e+03
-3.25548837e+03 1.79734736e+03
-3.25348807e+03 1.79148917e+03
-3.25148777e+03 1.78564545e+03
-3.24948747e+03 1.77981616e+03
-3.24748717e+03 1.77400122e+03
-3.24548687e+03 1.76820057e+03
-3.24348657e+03 1.76241417e+03
-3.24148627e+03 1.75664194e+03
-3.23948597e+03 1.75088383e+03
-3.23748567e+03 1.74513978e+03
-3.23548537e+03 1.73940974e+03
-3.23348507e+03 1.73369365e+03
-3.23148477e+03 1.72799144e+03
-3.22948447e+03 1.72230307e+03
-3.22748417e+03 1.71662848e+03
-3.22548387e+03 1.71096762e+03
-3.22348357e+03 1.70532043e+03
-3.22148327e+03 1.69968686e+03
-3.21948297e+03 1.69406684e+03
-3.21748267e+03 1.68846034e+03
-3.21548237e+03 1.68286730e+03
-3.21348207e+03 1.67728766e+03
-3.21148177e+03 1.67172138e+03
-3.20948147e+03 1.66616840e+03
-3.20748117e+03 1.66062868e+03
-3.20548087e+03 1.65510215e+03
-3.20348057e+03 1.64958878e+03
-3.20148027e+03 1.64408851e+03
-3.19947997e+03 1.63860129e+03
-3.19747967e+03 1.63312708e+03
-3.19547937e+03 1.62766583e+03
-3.19347907e+03 1.62221748e+03
-3.19147877e+03 1.61678200e+03
-3.18947847e+03 1.61135933e+03
-3.18747817e+03 1.60594943e+03
-3.18547787e+03 1.60055225e+03
-3.18347757e+03 1.59516775e+03
-3.18147727e+03 1.58979587e+03
-3.17947697e+03 1.58443659e+03
-3.17747667e+03 1.57908984e+03
-3.17547637e+03 1.57375559e+03
-3.17347607e+03 1.56843379e+03
-3.17147577e+03 1.56312440e+03
-3.16947547e+03 1.55782737e+03
-3.16747517e+03 1.55254267e+03
-3.16547487e+03 1.54727024e+03
-3.16347457e+03 1.54201006e+03
-3.16147427e+03 1.53676207e+03
-3.15947397e+03 1.53152623e+03
-3.15747367e+03 1.52630250e+03
-3.15547337e+03 1.52109085e+03
-3.15347307e+03 1.51589123e+03
-3.15147277e+03 1.51070360e+03
-3.14947247e+03 1.50552792e+03
-3.14747217e+03 1.50036415e+03
-3.14547187e+03 1.49521225e+03
-3.14347157e+03 1.49007219e+03
-3.14147127e+03 1.48494392e+03
-3.13947097e+03 1.47982741e+03
-3.13747067e+03 1.47472261e+03
-3.13547037e+03 1.46962950e+03
-3.13347007e+03 1.46454803e+03
-3.13146977e+03 1.45947816e+03
-3.12946947e+03 1.45441986e+03
-3.12746917e+03 1.44937310e+03
-3.12546887e+03 1.44433783e+03
-3.12346857e+03 1.43931402e+03
-3.12146827e+03 1.43430163e+03
-3.11946797e+03 1.42930064e+03
-3.11746767e+03 1.42431099e+03
-3.11546737e+03 1.41933267e+03
-3.11346707e+03 1.41436563e+03
-3.11146677e+03 1.40940984e+03
-3.10946647e+03 1.40446526e+03
-3.10746617e+03 1.39953186e+03
-3.10546587e+03 1.39460962e+03
-3.10346557e+03 1.38969848e+03
-3.10146527e+03 1.38479843e+03
-3.09946497e+03 1.37990943e+03
-3.09746467e+03 1.37503145e+03
-3.09546437e+03 1.37016444e+03
-3.09346407e+03 1.36530839e+03
-3.09146377e+03 1.36046326e+03
-3.08946347e+03 1.35562902e+03
-3.08746317e+03 1.35080563e+03
-3.08546287e+03 1.34599307e+03
-3.08346257e+03 1.34119131e+03
-3.08146227e+03 1.33640031e+03
-3.07946197e+03 1.33162004e+03
-3.07746167e+03 1.32685048e+03
-3.07546137e+03 1.32209159e+03
-3.07346107e+03 1.31734334e+03
-3.07146077e+03 1.31260571e+03
-3.06946047e+03 1.30787867e+03
-3.06746017e+03 1.30316218e+03
-3.06545986e+03 1.29845621e+03
-3.06345956e+03 1.29376075e+03
-3.06145926e+03 1.28907575e+03
-3.05945896e+03 1.28440120e+03
-3.05745866e+03 1.27973706e+03
-3.05545836e+03 1.27508331e+03
-3.05345806e+03 1.27043992e+03
-3.05145776e+03 1.26580685e+03
-3.04945746e+03 1.26118409e+03
-3.04745716e+03 1.25657161e+03
-3.04545686e+03 1.25196938e+03
-3.04345656e+03 1.24737737e+03
-3.04145626e+03 1.24279556e+03
-3.03945596e+03 1.23822392e+03
-3.03745566e+03 1.23366242e+03
-3.03545536e+03 1.22911105e+03
-3.03345506e+03 1.22456976e+03
-3.03145476e+03 1.22003855e+03
-3.02945446e+03 1.21551738e+03
-3.02745416e+03 1.21100622e+03
-3.02545386e+03 1.20650506e+03
-3.02345356e+03 1.20201387e+03
-3.02145326e+03 1.19753262e+03
-3.01945296e+03 1.19306128e+03
-3.01745266e+03 1.18859985e+03
-3.01545236e+03 1.18414828e+03
-3.01345206e+03 1.17970657e+03
-3.01145176e+03 1.17527467e+03
-3.00945146e+03 1.17085258e+03
-3.00745116e+03 1.16644026e+03
-3.00545086e+03 1.16203770e+03
-3.00345056e+03 1.15764487e+03
-3.00145026e+03 1.15326174e+03
-2.99944996e+03 1.14888830e+03
-2.99744966e+03 1.14452453e+03
-2.99544936e+03 1.14017039e+03
-2.99344906e+03 1.13582588e+03
-2.99144876e+03 1.13149096e+03
-2.98944846e+03 1.12716561e+03
-2.98744816e+03 1.12284982e+03
-2.98544786e+03 1.11854356e+03
-2.98344756e+03 1.11424681e+03
-2.98144726e+03 1.10995954e+03
-2.97944696e+03 1.10568175e+03
-2.97744666e+03 1.10141340e+03
-2.97544636e+03 1.09715448e+03
-2.97344606e+03 1.09290497e+03
-2.97144576e+03 1.08866484e+03
-2.96944546e+03 1.08443408e+03
-2.96744516e+03 1.08021266e+03
-2.96544486e+03 1.07600056e+03
-2.96344456e+03 1.07179777e+03
-2.96144426e+03 1.06760427e+03
-2.95944396e+03 1.06342003e+03
-2.95744366e+03 1.05924504e+03
-2.95544336e+03 1.05507928e+03
-2.95344306e+03 1.05092272e+03
-2.95144276e+03 1.04677535e+03
-2.94944246e+03 1.04263715e+03
-2.94744216e+03 1.03850811e+03
-2.94544186e+03 1.03438820e+03
-2.94344156e+03 1.03027740e+03
-2.94144126e+03 1.02617570e+03
-2.93944096e+03 1.02208307e+03
-2.93744066e+03 1.01799951e+03
-2.93544036e+03 1.01392498e+03
-2.93344006e+03 1.00985949e+03
-2.93143976e+03 1.00580299e+03
-2.92943946e+03 1.00175549e+03
-2.92743916e+03 9.97716959e+02
-2.92543886e+03 9.93687382e+02
-2.92343856e+03 9.89666742e+02
-2.92143826e+03 9.85655023e+02
-2.91943796e+03 9.81652206e+02
-2.91743766e+03 9.77658276e+02
-2.91543736e+03 9.73673217e+02
-2.91343706e+03 9.69697010e+02
-2.91143676e+03 9.65729640e+02
-2.90943646e+03 9.61771091e+02
-2.90743616e+03 9.57821347e+02
-2.90543586e+03 9.53880391e+02
-2.90343556e+03 9.49948208e+02
-2.90143526e+03 9.46024781e+02
-2.89943496e+03 9.42110096e+02
-2.89743466e+03 9.38204136e+02
-2.89543436e+03 9.34306886e+02
-2.89343406e+03 9.30418331e+02
-2.89143376e+03 9.26538456e+02
-2.88943346e+03 9.22667245e+02
-2.88743316e+03 9.18804683e+02
-2.88543286e+03 9.14950756e+02
-2.88343256e+03 9.11105449e+02
-2.88143226e+03 9.07268747e+02
-2.87943196e+03 9.03440636e+02
-2.87743166e+03 8.99621101e+02
-2.87543136e+03 8.95810127e+02
-2.87343106e+03 8.92007702e+02
-2.87143076e+03 8.88213810e+02
-2.86943046e+03 8.84428438e+02
-2.86743016e+03 8.80651571e+02
-2.86542986e+03 8.76883196e+02
-2.86342956e+03 8.73123300e+02
-2.86142926e+03 8.69371868e+02
-2.85942896e+03 8.65628888e+02
-2.85742866e+03 8.61894345e+02
-2.85542836e+03 8.58168228e+02
-2.85342806e+03 8.54450521e+02
-2.85142776e+03 8.50741213e+02
-2.84942746e+03 8.47040291e+02
-2.84742716e+03 8.43347741e+02
-2.84542686e+03 8.39663551e+02
-2.84342656e+03 8.35987709e+02
-2.84142626e+03 8.32320201e+02
-2.83942596e+03 8.28661016e+02
-2.83742566e+03 8.25010141e+02
-2.83542536e+03 8.21367563e+02
-2.83342506e+03 8.17733271e+02
-2.83142476e+03 8.14107253e+02
-2.82942446e+03 8.10489496e+02
-2.82742416e+03 8.06879989e+02
-2.82542386e+03 8.03278721e+02
-2.82342356e+03 7.99685679e+02
-2.82142326e+03 7.96100851e+02
-2.81942296e+03 7.92524227e+02
-2.81742266e+03 7.88955796e+02
-2.81542236e+03 7.85395545e+02
-2.81342206e+03 7.81843463e+02
-2.81142176e+03 7.78299540e+02
-2.80942146e+03 7.74763765e+02
-2.80742116e+03 7.71236127e+02
-2.80542086e+03 7.67716614e+02
-2.80342056e+03 7.64205217e+02
-2.80142026e+03 7.60701924e+02
-2.79941995e+03 7.57206726e+02
-2.79741965e+03 7.53719611e+02
-2.79541935e+03 7.50240569e+02
-2.79341905e+03 7.46769591e+02
-2.79141875e+03 7.43306665e+02
-2.78941845e+03 7.39851783e+02
-2.78741815e+03 7.36404933e+02
-2.78541785e+03 7.32966106e+02
-2.78341755e+03 7.29535293e+02
-2.78141725e+03 7.26112483e+02
-2.77941695e+03 7.22697667e+02
-2.77741665e+03 7.19290836e+02
-2.77541635e+03 7.15891980e+02
-2.77341605e+03 7.12501089e+02
-2.77141575e+03 7.09118154e+02
-2.76941545e+03 7.05743167e+02
-2.76741515e+03 7.02376118e+02
-2.76541485e+03 6.99016998e+02
-2.76341455e+03 6.95665798e+02
-2.76141425e+03 6.92322510e+02
-2.75941395e+03 6.88987125e+02
-2.75741365e+03 6.85659633e+02
-2.75541335e+03 6.82340027e+02
-2.75341305e+03 6.79028298e+02
-2.75141275e+03 6.75724438e+02
-2.74941245e+03 6.72428437e+02
-2.74741215e+03 6.69140289e+02
-2.74541185e+03 6.65859985e+02
-2.74341155e+03 6.62587517e+02
-2.74141125e+03 6.59322877e+02
-2.73941095e+03 6.56066056e+02
-2.73741065e+03 6.52817048e+02
-2.73541035e+03 6.49575845e+02
-2.73341005e+03 6.46342438e+02
-2.73140975e+03 6.43116821e+02
-2.72940945e+03 6.39898985e+02
-2.72740915e+03 6.36688925e+02
-2.72540885e+03 6.33486631e+02
-2.72340855e+03 6.30292097e+02
-2.72140825e+03 6.27105317e+02
-2.71940795e+03 6.23926282e+02
-2.71740765e+03 6.20754986e+02
-2.71540735e+03 6.17591422e+02
-2.71340705e+03 6.14435583e+02
-2.71140675e+03 6.11287463e+02
-2.70940645e+03 6.08147054e+02
-2.70740615e+03 6.05014351e+02
-2.70540585e+03 6.01889347e+02
-2.70340555e+03 5.98772035e+02
-2.70140525e+03 5.95662409e+02
-2.69940495e+03 5.92560463e+02
-2.69740465e+03 5.89466191e+02
-2.69540435e+03 5.86379587e+02
-2.69340405e+03 5.83300644e+02
-2.69140375e+03 5.80229358e+02
-2.68940345e+03 5.77165721e+02
-2.68740315e+03 5.74109729e+02
-2.68540285e+03 5.71061375e+02
-2.68340255e+03 5.68020655e+02
-2.68140225e+03 5.64987562e+02
-2.67940195e+03 5.61962091e+02
-2.67740165e+03 5.58944238e+02
-2.67540135e+03 5.55933996e+02
-2.67340105e+03 5.52931360e+02
-2.67140075e+03 5.49936326e+02
-2.66940045e+03 5.46948888e+02
-2.66740015e+03 5.43969042e+02
-2.66539985e+03 5.40996783e+02
-2.66339955e+03 5.38032106e+02
-2.66139925e+03 5.35075006e+02
-2.65939895e+03 5.32125478e+02
-2.65739865e+03 5.29183519e+02
-2.65539835e+03 5.26249124e+02
-2.65339805e+03 5.23322288e+02
-2.65139775e+03 5.20403007e+02
-2.64939745e+03 5.17491278e+02
-2.64739715e+03 5.14587095e+02
-2.64539685e+03 5.11690455e+02
-2.64339655e+03 5.08801355e+02
-2.64139625e+03 5.05919789e+02
-2.63939595e+03 5.03045755e+02
-2.63739565e+03 5.00179249e+02
-2.63539535e+03 4.97320267e+02
-2.63339505e+03 4.94468806e+02
-2.63139475e+03 4.91624861e+02
-2.62939445e+03 4.88788431e+02
-2.62739415e+03 4.85959512e+02
-2.62539385e+03 4.83138100e+02
-2.62339355e+03 4.80324192e+02
-2.62139325e+03 4.77517786e+02
-2.61939295e+03 4.74718878e+02
-2.61739265e+03 4.71927466e+02
-2.61539235e+03 4.69143546e+02
-2.61339205e+03 4.66367117e+02
-2.61139175e+03 4.63598176e+02
-2.60939145e+03 4.60836720e+02
-2.60739115e+03 4.58082746e+02
-2.60539085e+03 4.55336253e+02
-2.60339055e+03 4.52597239e+02
-2.60139025e+03 4.49865700e+02
-2.59938995e+03 4.47141636e+02
-2.59738965e+03 4.44425043e+02
-2.59538935e+03 4.41715921e+02
-2.59338905e+03 4.39014267e+02
-2.59138875e+03 4.36320080e+02
-2.58938845e+03 4.33633358e+02
-2.58738815e+03 4.30954099e+02
-2.58538785e+03 4.28282303e+02
-2.58338755e+03 4.25617967e+02
-2.58138725e+03 4.22961091e+02
-2.57938695e+03 4.20311673e+02
-2.57738665e+03 4.17669712e+02
-2.57538635e+03 4.15035208e+02
-2.57338605e+03 4.12408159e+02
-2.57138575e+03 4.09788565e+02
-2.56938545e+03 4.07176424e+02
-2.56738515e+03 4.04571737e+02
-2.56538485e+03 4.01974503e+02
-2.56338455e+03 3.99384721e+02
-2.56138425e+03 3.96802391e+02
-2.55938395e+03 3.94227513e+02
-2.55738365e+03 3.91660086e+02
-2.55538335e+03 3.89100112e+02
-2.55338305e+03 3.86547588e+02
-2.55138275e+03 3.84002517e+02
-2.54938245e+03 3.81464897e+02
-2.54738215e+03 3.78934730e+02
-2.54538185e+03 3.76412016e+02
-2.54338155e+03 3.73896755e+02
-2.54138125e+03 3.71388948e+02
-2.53938095e+03 3.68888596e+02
-2.53738065e+03 3.66395700e+02
-2.53538035e+03 3.63910260e+02
-2.53338005e+03 3.61432278e+02
-2.53137974e+03 3.58961754e+02
-2.52937944e+03 3.56498691e+02
-2.52737914e+03 3.54043089e+02
-2.52537884e+03 3.51594950e+02
-2.52337854e+03 3.49154275e+02
-2.52137824e+03 3.46721066e+02
-2.51937794e+03 3.44295326e+02
-2.51737764e+03 3.41877055e+02
-2.51537734e+03 3.39466256e+02
-2.51337704e+03 3.37062931e+02
-2.51137674e+03 3.34667082e+02
-2.50937644e+03 3.32278712e+02
-2.50737614e+03 3.29897822e+02
-2.50537584e+03 3.27524416e+02
-2.50337554e+03 3.25158497e+02
-2.50137524e+03 3.22800066e+02
-2.49937494e+03 3.20449127e+02
-2.49737464e+03 3.18105683e+02
-2.49537434e+03 3.15769738e+02
-2.49337404e+03 3.13441294e+02
-2.49137374e+03 3.11120354e+02
-2.48937344e+03 3.08806923e+02
-2.48737314e+03 3.06501004e+02
-2.48537284e+03 3.04202600e+02
-2.48337254e+03 3.01911716e+02
-2.48137224e+03 2.99628356e+02
-2.47937194e+03 2.97352523e+02
-2.47737164e+03 2.95084223e+02
-2.47537134e+03 2.92823459e+02
-2.47337104e+03 2.90570236e+02
-2.47137074e+03 2.88324558e+02
-2.46937044e+03 2.86086431e+02
-2.46737014e+03 2.83855859e+02
-2.46536984e+03 2.81632847e+02
-2.46336954e+03 2.79417402e+02
-2.46136924e+03 2.77209527e+02
-2.45936894e+03 2.75009228e+02
-2.45736864e+03 2.72816512e+02
-2.45536834e+03 2.70631384e+02
-2.45336804e+03 2.68453849e+02
-2.45136774e+03 2.66283914e+02
-2.44936744e+03 2.64121586e+02
-2.44736714e+03 2.61966870e+02
-2.44536684e+03 2.59819772e+02
-2.44336654e+03 2.57680301e+02
-2.44136624e+03 2.55548462e+02
-2.43936594e+03 2.53424263e+02
-2.43736564e+03 2.51307710e+02
-2.43536534e+03 2.49198811e+02
-2.43336504e+03 2.47097574e+02
-2.43136474e+03 2.45004006e+02
-2.42936444e+03 2.42918115e+02
-2.42736414e+03 2.40839909e+02
-2.42536384e+03 2.38769396e+02
-2.42336354e+03 2.36706584e+02
-2.42136324e+03 2.34651482e+02
-2.41936294e+03 2.32604099e+02
-2.41736264e+03 2.30564444e+02
-2.41536234e+03 2.28532525e+02
-2.41336204e+03 2.26508352e+02
-2.41136174e+03 2.24491935e+02
-2.40936144e+03 2.22483282e+02
-2.40736114e+03 2.20482404e+02
-2.40536084e+03 2.18489311e+02
-2.40336054e+03 2.16504013e+02
-2.40136024e+03 2.14526521e+02
-2.39935994e+03 2.12556845e+02
-2.39735964e+03 2.10594996e+02
-2.39535934e+03 2.08640985e+02
-2.39335904e+03 2.06694823e+02
-2.39135874e+03 2.04756522e+02
-2.38935844e+03 2.02826094e+02
-2.38735814e+03 2.00903550e+02
-2.38535784e+03 1.98988904e+02
-2.38335754e+03 1.97082166e+02
-2.38135724e+03 1.95183350e+02
-2.37935694e+03 1.93292469e+02
-2.37735664e+03 1.91409537e+02
-2.37535634e+03 1.89534565e+02
-2.37335604e+03 1.87667569e+02
-2.37135574e+03 1.85808562e+02
-2.36935544e+03 1.83957557e+02
-2.36735514e+03 1.82114571e+02
-2.36535484e+03 1.80279617e+02
-2.36335454e+03 1.78452710e+02
-2.36135424e+03 1.76633866e+02
-2.35935394e+03 1.74823101e+02
-2.35735364e+03 1.73020429e+02
-2.35535334e+03 1.71225868e+02
-2.35335304e+03 1.69439434e+02
-2.35135274e+03 1.67661144e+02
-2.34935244e+03 1.65891014e+02
-2.34735214e+03 1.64129063e+02
-2.34535184e+03 1.62375308e+02
-2.34335154e+03 1.60629767e+02
-2.34135124e+03 1.58892459e+02
-2.33935094e+03 1.57163402e+02
-2.33735064e+03 1.55442616e+02
-2.33535034e+03 1.53730120e+02
-2.33335004e+03 1.52025934e+02
-2.33134974e+03 1.50330079e+02
-2.32934944e+03 1.48642575e+02
-2.32734914e+03 1.46963443e+02
-2.32534884e+03 1.45292704e+02
-2.32334854e+03 1.43630382e+02
-2.32134824e+03 1.41976497e+02
-2.31934794e+03 1.40331073e+02
-2.31734764e+03 1.38694133e+02
-2.31534734e+03 1.37065701e+02
-2.31334704e+03 1.35445800e+02
-2.31134674e+03 1.33834456e+02
-2.30934644e+03 1.32231693e+02
-2.30734614e+03 1.30637538e+02
-2.30534584e+03 1.29052016e+02
-2.30334554e+03 1.27475154e+02
-2.30134524e+03 1.25906979e+02
-2.29934494e+03 1.24347519e+02
-2.29734464e+03 1.22796802e+02
-2.29534434e+03 1.21254857e+02
-2.29334404e+03 1.19721714e+02
-2.29134374e+03 1.18197403e+02
-2.28934344e+03 1.16681954e+02
-2.28734314e+03 1.15175400e+02
-2.28534284e+03 1.13677771e+02
-2.28334254e+03 1.12189101e+02
-2.28134224e+03 1.10709424e+02
-2.27934194e+03 1.09238773e+02
-2.27734164e+03 1.07777183e+02
-2.27534134e+03 1.06324691e+02
-2.27334104e+03 1.04881332e+02
-2.27134074e+03 1.03447144e+02
-2.26934044e+03 1.02022165e+02
-2.26734014e+03 1.00606435e+02
-2.26533983e+03 9.91999923e+01
-2.26333953e+03 9.78028790e+01
-2.26133923e+03 9.64151365e+01
-2.25933893e+03 9.50368076e+01
-2.25733863e+03 9.36679362e+01
-2.25533833e+03 9.23085673e+01
-2.25333803e+03 9.09587467e+01
-2.25133773e+03 8.96185216e+01
-2.24933743e+03 8.82879404e+01
-2.24733713e+03 8.69670525e+01
-2.24533683e+03 8.56559087e+01
-2.24333653e+03 8.43545610e+01
-2.24133623e+03 8.30630630e+01
-2.23933593e+03 8.17814696e+01
-2.23733563e+03 8.05098369e+01
-2.23533533e+03 7.92482229e+01
-2.23333503e+03 7.79966871e+01
-2.23133473e+03 7.67552905e+01
-2.22933443e+03 7.55240959e+01
-2.22733413e+03 7.43031681e+01
-2.22533383e+03 7.30925734e+01
-2.22333353e+03 7.18923802e+01
-2.22133323e+03 7.07026594e+01
-2.21933293e+03 6.95234834e+01
-2.21733263e+03 6.83549271e+01
-2.21533233e+03 6.71970679e+01
-2.21333203e+03 6.60499855e+01
-2.21133173e+03 6.49137621e+01
-2.20933143e+03 6.37884831e+01
-2.20733113e+03 6.26742363e+01
-2.20533083e+03 6.15711127e+01
-2.20333053e+03 6.04792066e+01
-2.20133023e+03 5.93986156e+01
-2.19932993e+03 5.83294408e+01
-2.19732963e+03 5.72717871e+01
-2.19532933e+03 5.62257638e+01
-2.19332903e+03 5.51914840e+01
-2.19132873e+03 5.41690653e+01
-2.18932843e+03 5.31586309e+01
-2.18732813e+03 5.21603083e+01
-2.18532783e+03 5.11742311e+01
-2.18332753e+03 5.02005386e+01
-2.18132723e+03 4.92393766e+01
-2.17932693e+03 4.82908977e+01
-2.17732663e+03 4.73552621e+01
-2.17532633e+03 4.64326378e+01
-2.17332603e+03 4.55232019e+01
-2.17132573e+03 4.46271407e+01
-2.16932543e+03 4.37446508e+01
-2.16732513e+03 4.28759407e+01
-2.16532483e+03 4.20212309e+01
-2.16332453e+03 4.11807562e+01
-2.16132423e+03 4.03547665e+01
-2.15932393e+03 3.95435289e+01
-2.15732363e+03 3.87473299e+01
-2.15532333e+03 3.79664777e+01
-2.15332303e+03 3.72013056e+01
-2.15132273e+03 3.64521746e+01
-2.14932243e+03 3.57194793e+01
-2.14732213e+03 3.50036525e+01
-2.14532183e+03 3.43051721e+01
-2.14332153e+03 3.36245717e+01
-2.14132123e+03 3.29624509e+01
-2.13932093e+03 3.23194934e+01
-2.13732063e+03 3.16964901e+01
-2.13532033e+03 3.10943741e+01
-2.13332003e+03 3.05142705e+01
-2.13131973e+03 2.99575472e+01
-2.12931943e+03 2.94256639e+01
-2.12731913e+03 2.89185723e+01
-2.12531883e+03 2.84285184e+01
-2.12331853e+03 2.79417758e+01
-2.12131823e+03 2.74644849e+01
-2.11931793e+03 2.70095889e+01
-2.11731763e+03 2.65826817e+01
-2.11531733e+03 2.61797159e+01
-2.11331703e+03 2.58023817e+01
-2.11131673e+03 2.54446871e+01
-2.10931643e+03 2.51097746e+01
-2.10731613e+03 2.47959123e+01
-2.10531583e+03 2.44943393e+01
-2.10331553e+03 2.42035916e+01
-2.10131523e+03 2.39211738e+01
-2.09931493e+03 2.36430405e+01
-2.09731463e+03 2.33731761e+01
-2.09531433e+03 2.31189400e+01
-2.09331403e+03 2.28811679e+01
-2.09131373e+03 2.26561671e+01
-2.08931343e+03 2.24375615e+01
-2.08731313e+03 2.22249261e+01
-2.08531283e+03 2.20199247e+01
-2.08331253e+03 2.18205253e+01
-2.08131223e+03 2.16268597e+01
-2.07931193e+03 2.14398953e+01
-2.07731163e+03 2.12562444e+01
-2.07531133e+03 2.10716675e+01
-2.07331103e+03 2.08875151e+01
-2.07131073e+03 2.07071402e+01
-2.06931043e+03 2.05311235e+01
-2.06731013e+03 2.03576557e+01
-2.06530983e+03 2.01847913e+01
-2.06330953e+03 2.00126789e+01
-2.06130923e+03 1.98424981e+01
-2.05930893e+03 1.96742012e+01
-2.05730863e+03 1.95076655e+01
-2.05530833e+03 1.93435068e+01
-2.05330803e+03 1.91817382e+01
-2.05130773e+03 1.90215322e+01
-2.04930743e+03 1.88624696e+01
-2.04730713e+03 1.87051558e+01
-2.04530683e+03 1.85503968e+01
-2.04330653e+03 1.83986289e+01
-2.04130623e+03 1.82500511e+01
-2.03930593e+03 1.81048585e+01
-2.03730563e+03 1.79632954e+01
-2.03530533e+03 1.78254564e+01
-2.03330503e+03 1.76911138e+01
-2.03130473e+03 1.75599675e+01
-2.02930443e+03 1.74320207e+01
-2.02730413e+03 1.73078742e+01
-2.02530383e+03 1.71883976e+01
-2.02330353e+03 1.70741821e+01
-2.02130323e+03 1.69655352e+01
-2.01930293e+03 1.68626519e+01
-2.01730263e+03 1.67656883e+01
-2.01530233e+03 1.66747714e+01
-2.01330203e+03 1.65899949e+01
-2.01130173e+03 1.65114212e+01
-2.00930143e+03 1.64391030e+01
-2.00730113e+03 1.63731121e+01
-2.00530083e+03 1.63134967e+01
-2.00330053e+03 1.62600763e+01
-2.00130023e+03 1.62123475e+01
-1.99929992e+03 1.61698729e+01
-1.99729962e+03 1.61326020e+01
-1.99529932e+03 1.61005412e+01
-1.99329902e+03 1.60732577e+01
-1.99129872e+03 1.60500999e+01
-1.98929842e+03 1.60307488e+01
-1.98729812e+03 1.60151190e+01
-1.98529782e+03 1.60030234e+01
-1.98329752e+03 1.59940744e+01
-1.98129722e+03 1.59877390e+01
-1.97929692e+03 1.59834531e+01
-1.97729662e+03 1.59807265e+01
-1.97529632e+03 1.59791770e+01
-1.97329602e+03 1.59784779e+01
-1.97129572e+03 1.59782783e+01
-1.96929542e+03 1.59781798e+01
-1.96729512e+03 1.59777795e+01
-1.96529482e+03 1.59766781e+01
-1.96329452e+03 1.59743877e+01
-1.96129422e+03 1.59703771e+01
-1.95929392e+03 1.59643991e+01
-1.95729362e+03 1.59566930e+01
-1.95529332e+03 1.59476829e+01
-1.95329302e+03 1.59375251e+01
-1.95129272e+03 1.59260478e+01
-1.94929242e+03 1.59129350e+01
-1.94729212e+03 1.58978684e+01
-1.94529182e+03 1.58806061e+01
-1.94329152e+03 1.58610288e+01
-1.94129122e+03 1.58391379e+01
-1.93929092e+03 1.58150111e+01
-1.93729062e+03 1.57887439e+01
-1.93529032e+03 1.57604099e+01
-1.93329002e+03 1.57300442e+01
-1.93128972e+03 1.56976220e+01
-1.92928942e+03 1.56630309e+01
-1.92728912e+03 1.56261093e+01
-1.92528882e+03 1.55867877e+01
-1.92328852e+03 1.55451801e+01
-1.92128822e+03 1.55014441e+01
-1.91928792e+03 1.54555848e+01
-1.91728762e+03 1.54074908e+01
-1.91528732e+03 1.53570999e+01
-1.91328702e+03 1.53044700e+01
-1.91128672e+03 1.52497495e+01
-1.90928642e+03 1.51931204e+01
-1.90728612e+03 1.51347567e+01
-1.90528582e+03 1.50748067e+01
-1.90328552e+03 1.50133907e+01
-1.90128522e+03 1.49506222e+01
-1.89928492e+03 1.48866472e+01
-1.89728462e+03 1.48216521e+01
-1.89528432e+03 1.47558046e+01
-1.89328402e+03 1.46892185e+01
-1.89128372e+03 1.46220032e+01
-1.88928342e+03 1.45543292e+01
-1.88728312e+03 1.44864291e+01
-1.88528282e+03 1.44185284e+01
-1.88328252e+03 1.43507964e+01
-1.88128222e+03 1.42833737e+01
-1.87928192e+03 1.42164106e+01
-1.87728162e+03 1.41500548e+01
-1.87528132e+03 1.40844254e+01
-1.87328102e+03 1.40196327e+01
-1.87128072e+03 1.39558003e+01
-1.86928042e+03 1.38930623e+01
-1.86728012e+03 1.38315606e+01
-1.86527982e+03 1.37714420e+01
-1.86327952e+03 1.37128399e+01
-1.86127922e+03 1.36558498e+01
-1.85927892e+03 1.36005201e+01
-1.85727862e+03 1.35468693e+01
-1.85527832e+03 1.34949137e+01
-1.85327802e+03 1.34446622e+01
-1.85127772e+03 1.33960937e+01
-1.84927742e+03 1.33491687e+01
-1.84727712e+03 1.33038498e+01
-1.84527682e+03 1.32600885e+01
-1.84327652e+03 1.32178125e+01
-1.84127622e+03 1.31769428e+01
-1.83927592e+03 1.31374041e+01
-1.83727562e+03 1.30991202e+01
-1.83527532e+03 1.30620169e+01
-1.83327502e+03 1.30260208e+01
-1.83127472e+03 1.29910606e+01
-1.82927442e+03 1.29570814e+01
-1.82727412e+03 1.29240412e+01
-1.82527382e+03 1.28918833e+01
-1.82327352e+03 1.28605175e+01
-1.82127322e+03 1.28298416e+01
-1.81927292e+03 1.27997789e+01
-1.81727262e+03 1.27702939e+01
-1.81527232e+03 1.27413697e+01
-1.81327202e+03 1.27129822e+01
-1.81127172e+03 1.26850968e+01
-1.80927142e+03 1.26576799e+01
-1.80727112e+03 1.26307042e+01
-1.80527082e+03 1.26041494e+01
-1.80327052e+03 1.25780119e+01
-1.80127022e+03 1.25523173e+01
-1.79926992e+03 1.25271206e+01
-1.79726962e+03 1.25024880e+01
-1.79526932e+03 1.24784683e+01
-1.79326902e+03 1.24550791e+01
-1.79126872e+03 1.24323226e+01
-1.78926842e+03 1.24102048e+01
-1.78726812e+03 1.23887346e+01
-1.78526782e+03 1.23679145e+01
-1.78326752e+03 1.23477397e+01
-1.78126722e+03 1.23282054e+01
-1.77926692e+03 1.23093038e+01
-1.77726662e+03 1.22910160e+01
-1.77526632e+03 1.22733120e+01
-1.77326602e+03 1.22561688e+01
-1.77126572e+03 1.22395874e+01
-1.76926542e+03 1.22235940e+01
-1.76726512e+03 1.22082179e+01
-1.76526482e+03 1.21934669e+01
-1.76326452e+03 1.21793206e+01
-1.76126422e+03 1.21657432e+01
-1.75926392e+03 1.21526980e+01
-1.75726362e+03 1.21401525e+01
-1.75526332e+03 1.21280796e+01
-1.75326302e+03 1.21164595e+01
-1.75126272e+03 1.21052795e+01
-1.74926242e+03 1.20945338e+01
-1.74726212e+03 1.20842220e+01
-1.74526182e+03 1.20743440e+01
-1.74326152e+03 1.20648890e+01
-1.74126122e+03 1.20558304e+01
-1.73926092e+03 1.20471319e+01
-1.73726062e+03 1.20387608e+01
-1.73526032e+03 1.20307022e+01
-1.73326002e+03 1.20229607e+01
-1.73125971e+03 1.20155522e+01
-1.72925941e+03 1.20084942e+01
-1.72725911e+03 1.20017955e+01
-1.72525881e+03 1.19954440e+01
-1.72325851e+03 1.19894067e+01
-1.72125821e+03 1.19836493e+01
-1.71925791e+03 1.19781516e+01
-1.71725761e+03 1.19729103e+01
-1.71525731e+03 1.19679293e+01
-1.71325701e+03 1.19632120e+01
-1.71125671e+03 1.19587567e+01
-1.70925641e+03 1.19545533e+01
-1.70725611e+03 1.19505950e+01
-1.70525581e+03 1.19468887e+01
-1.70325551e+03 1.19434502e+01
-1.70125521e+03 1.19402862e+01
-1.69925491e+03 1.19373884e+01
-1.69725461e+03 1.19347395e+01
-1.69525431e+03 1.19323242e+01
-1.69325401e+03 1.19301277e+01
-1.69125371e+03 1.19281341e+01
-1.68925341e+03 1.19263281e+01
-1.68725311e+03 1.19247011e+01
-1.68525281e+03 1.19232515e+01
-1.68325251e+03 1.19219823e+01
-1.68125221e+03 1.19208935e+01
-1.67925191e+03 1.19199742e+01
-1.67725161e+03 1.19192006e+01
-1.67525131e+03 1.19185427e+01
-1.67325101e+03 1.19179722e+01
-1.67125071e+03 1.19174616e+01
-1.66925041e+03 1.19169787e+01
-1.66725011e+03 1.19164921e+01
-1.66524981e+03 1.19159743e+01
-1.66324951e+03 1.19153965e+01
-1.66124921e+03 1.19147173e+01
-1.65924891e+03 1.19138840e+01
-1.65724861e+03 1.19128452e+01
-1.65524831e+03 1.19115537e+01
-1.65324801e+03 1.19099546e+01
-1.65124771e+03 1.19079770e+01
-1.64924741e+03 1.19055421e+01
-1.64724711e+03 1.19025765e+01
-1.64524681e+03 1.18990157e+01
-1.64324651e+03 1.18947935e+01
-1.64124621e+03 1.18898316e+01
-1.63924591e+03 1.18840396e+01
-1.63724561e+03 1.18773206e+01
-1.63524531e+03 1.18695776e+01
-1.63324501e+03 1.18607131e+01
-1.63124471e+03 1.18506288e+01
-1.62924441e+03 1.18392248e+01
-1.62724411e+03 1.18264012e+01
-1.62524381e+03 1.18120608e+01
-1.62324351e+03 1.17961108e+01
-1.62124321e+03 1.17784607e+01
-1.61924291e+03 1.17590199e+01
-1.61724261e+03 1.17376981e+01
-1.61524231e+03 1.17144111e+01
-1.61324201e+03 1.16890852e+01
-1.61124171e+03 1.16616572e+01
-1.60924141e+03 1.16320725e+01
-1.60724111e+03 1.16002863e+01
-1.60524081e+03 1.15662648e+01
-1.60324051e+03 1.15299846e+01
-1.60124021e+03 1.14914290e+01
-1.59923991e+03 1.14505921e+01
-1.59723961e+03 1.14074821e+01
-1.59523931e+03 1.13621234e+01
-1.59323901e+03 1.13145497e+01
-1.59123871e+03 1.12647991e+01
-1.58923841e+03 1.12129124e+01
-1.58723811e+03 1.11589391e+01
-1.58523781e+03 1.11029394e+01
-1.58323751e+03 1.10449840e+01
-1.58123721e+03 1.09851507e+01
-1.57923691e+03 1.09235193e+01
-1.57723661e+03 1.08601722e+01
-1.57523631e+03 1.07951958e+01
-1.57323601e+03 1.07286843e+01
-1.57123571e+03 1.06607379e+01
-1.56923541e+03 1.05914604e+01
-1.56723511e+03 1.05209527e+01
-1.56523481e+03 1.04493093e+01
-1.56323451e+03 1.03766174e+01
-1.56123421e+03 1.03029593e+01
-1.55923391e+03 1.02284149e+01
-1.55723361e+03 1.01530638e+01
-1.55523331e+03 1.00769844e+01
-1.55323301e+03 1.00002535e+01
-1.55123271e+03 9.92294361e+00
-1.54923241e+03 9.84512348e+00
-1.54723211e+03 9.76685663e+00
-1.54523181e+03 9.68820233e+00
-1.54323151e+03 9.60921576e+00
-1.54123121e+03 9.52994807e+00
-1.53923091e+03 9.45044629e+00
-1.53723061e+03 9.37075587e+00
-1.53523031e+03 9.29092252e+00
-1.53323001e+03 9.21099252e+00
-1.53122971e+03 9.13101031e+00
-1.52922941e+03 9.05101688e+00
-1.52722911e+03 8.97104756e+00
-1.52522881e+03 8.89113246e+00
-1.52322851e+03 8.81129767e+00
-1.52122821e+03 8.73156933e+00
-1.51922791e+03 8.65197689e+00
-1.51722761e+03 8.57255288e+00
-1.51522731e+03 8.49332982e+00
-1.51322701e+03 8.41433417e+00
-1.51122671e+03 8.33558417e+00
-1.50922641e+03 8.25709200e+00
-1.50722611e+03 8.17886798e+00
-1.50522581e+03 8.10092535e+00
-1.50322551e+03 8.02328044e+00
-1.50122521e+03 7.94595106e+00
-1.49922491e+03 7.86895278e+00
-1.49722461e+03 7.79229776e+00
-1.49522431e+03 7.71599561e+00
-1.49322401e+03 7.64005538e+00
-1.49122371e+03 7.56448537e+00
-1.48922341e+03 7.48929250e+00
-1.48722311e+03 7.41448175e+00
-1.48522281e+03 7.34005717e+00
-1.48322251e+03 7.26602416e+00
-1.48122221e+03 7.19239192e+00
-1.47922191e+03 7.11917223e+00
-1.47722161e+03 7.04637534e+00
-1.47522131e+03 6.97400743e+00
-1.47322101e+03 6.90207016e+00
-1.47122071e+03 6.83056378e+00
-1.46922041e+03 6.75948982e+00
-1.46722011e+03 6.68885020e+00
-1.46521980e+03 6.61864818e+00
-1.46321950e+03 6.54888986e+00
-1.46121920e+03 6.47958631e+00
-1.45921890e+03 6.41075129e+00
-1.45721860e+03 6.34239751e+00
-1.45521830e+03 6.27453347e+00
-1.45321800e+03 6.20716677e+00
-1.45121770e+03 6.14031050e+00
-1.44921740e+03 6.07398792e+00
-1.44721710e+03 6.00822904e+00
-1.44521680e+03 5.94306319e+00
-1.44321650e+03 5.87851266e+00
-1.44121620e+03 5.81459448e+00
-1.43921590e+03 5.75132497e+00
-1.43721560e+03 5.68872375e+00
-1.43521530e+03 5.62681540e+00
-1.43321500e+03 5.56562905e+00
-1.43121470e+03 5.50519739e+00
-1.42921440e+03 5.44555646e+00
-1.42721410e+03 5.38674441e+00
-1.42521380e+03 5.32880023e+00
-1.42321350e+03 5.27176212e+00
-1.42121320e+03 5.21566601e+00
-1.41921290e+03 5.16054625e+00
-1.41721260e+03 5.10643699e+00
-1.41521230e+03 5.05337379e+00
-1.41321200e+03 5.00139234e+00
-1.41121170e+03 4.95052663e+00
-1.40921140e+03 4.90080859e+00
-1.40721110e+03 4.85227000e+00
-1.40521080e+03 4.80494344e+00
-1.40321050e+03 4.75886273e+00
-1.40121020e+03 4.71405979e+00
-1.39920990e+03 4.67056351e+00
-1.39720960e+03 4.62839995e+00
-1.39520930e+03 4.58759343e+00
-1.39320900e+03 4.54816666e+00
-1.39120870e+03 4.51013709e+00
-1.38920840e+03 4.47351437e+00
-1.38720810e+03 4.43830057e+00
-1.38520780e+03 4.40449311e+00
-1.38320750e+03 4.37208715e+00
-1.38120720e+03 4.34107638e+00
-1.37920690e+03 4.31145198e+00
-1.37720660e+03 4.28320174e+00
-1.37520630e+03 4.25630969e+00
-1.37320600e+03 4.23075561e+00
-1.37120570e+03 4.20651530e+00
-1.36920540e+03 4.18355984e+00
-1.36720510e+03 4.16185695e+00
-1.36520480e+03 4.14136922e+00
-1.36320450e+03 4.12205489e+00
-1.36120420e+03 4.10386816e+00
-1.35920390e+03 4.08675984e+00
-1.35720360e+03 4.07067951e+00
-1.35520330e+03 4.05557740e+00
-1.35320300e+03 4.04140473e+00
-1.35120270e+03 4.02811444e+00
-1.34920240e+03 4.01565888e+00
-1.34720210e+03 4.00398885e+00
-1.34520180e+03 3.99305241e+00
-1.34320150e+03 3.98279744e+00
-1.34120120e+03 3.97317202e+00
-1.33920090e+03 3.96412918e+00
-1.33720060e+03 3.95562650e+00
-1.33520030e+03 3.94762462e+00
-1.33320000e+03 3.94008587e+00
-1.33119970e+03 3.93297279e+00
-1.32919940e+03 3.92624869e+00
-1.32719910e+03 3.91988074e+00
-1.32519880e+03 3.91384134e+00
-1.32319850e+03 3.90810778e+00
-1.32119820e+03 3.90265911e+00
-1.31919790e+03 3.89747379e+00
-1.31719760e+03 3.89252752e+00
-1.31519730e+03 3.88779448e+00
-1.31319700e+03 3.88324940e+00
-1.31119670e+03 3.87886997e+00
-1.30919640e+03 3.87463848e+00
-1.30719610e+03 3.87054204e+00
-1.30519580e+03 3.86657072e+00
-1.30319550e+03 3.86271547e+00
-1.30119520e+03 3.85896638e+00
-1.29919490e+03 3.85531170e+00
-1.29719460e+03 3.85173867e+00
-1.29519430e+03 3.84823332e+00
-1.29319400e+03 3.84478237e+00
-1.29119370e+03 3.84137310e+00
-1.28919340e+03 3.83799318e+00
-1.28719310e+03 3.83463154e+00
-1.28519280e+03 3.83128130e+00
-1.28319250e+03 3.82793710e+00
-1.28119220e+03 3.82459723e+00
-1.27919190e+03 3.82126113e+00
-1.27719160e+03 3.81793014e+00
-1.27519130e+03 3.81460748e+00
-1.27319100e+03 3.81129555e+00
-1.27119070e+03 3.80799226e+00
-1.26919040e+03 3.80469156e+00
-1.26719010e+03 3.80138501e+00
-1.26518980e+03 3.79806470e+00
-1.26318950e+03 3.79472728e+00
-1.26118920e+03 3.79137352e+00
-1.25918890e+03 3.78800761e+00
-1.25718860e+03 3.78463566e+00
-1.25518830e+03 3.78126448e+00
-1.25318800e+03 3.77790220e+00
-1.25118770e+03 3.77455426e+00
-1.24918740e+03 3.77122510e+00
-1.24718710e+03 3.76791589e+00
-1.24518680e+03 3.76462664e+00
-1.24318650e+03 3.76135713e+00
-1.24118620e+03 3.75810806e+00
-1.23918590e+03 3.75488280e+00
-1.23718560e+03 3.75168556e+00
-1.23518530e+03 3.74852016e+00
-1.23318500e+03 3.74538863e+00
-1.23118470e+03 3.74229034e+00
-1.22918440e+03 3.73922216e+00
-1.22718410e+03 3.73617998e+00
-1.22518380e+03 3.73315853e+00
-1.22318350e+03 3.73015317e+00
-1.22118320e+03 3.72716165e+00
-1.21918290e+03 3.72418321e+00
-1.21718260e+03 3.72121858e+00
-1.21518230e+03 3.71826973e+00
-1.21318200e+03 3.71533960e+00
-1.21118170e+03 3.71243083e+00
-1.20918140e+03 3.70954683e+00
-1.20718110e+03 3.70668957e+00
-1.20518080e+03 3.70385851e+00
-1.20318050e+03 3.70104904e+00
-1.20118020e+03 3.69825454e+00
-1.19917989e+03 3.69546781e+00
-1.19717959e+03 3.69268457e+00
-1.19517929e+03 3.68990220e+00
-1.19317899e+03 3.68712171e+00
-1.19117869e+03 3.68434455e+00
-1.18917839e+03 3.68157322e+00
-1.18717809e+03 3.67880866e+00
-1.18517779e+03 3.67605245e+00
-1.18317749e+03 3.67330390e+00
-1.18117719e+03 3.67056289e+00
-1.17917689e+03 3.66782849e+00
-1.17717659e+03 3.66510073e+00
-1.17517629e+03 3.66237884e+00
-1.17317599e+03 3.65966293e+00
-1.17117569e+03 3.65695299e+00
-1.16917539e+03 3.65424911e+00
-1.16717509e+03 3.65155085e+00
-1.16517479e+03 3.64885891e+00
-1.16317449e+03 3.64617286e+00
-1.16117419e+03 3.64349279e+00
-1.15917389e+03 3.64081885e+00
-1.15717359e+03 3.63815109e+00
-1.15517329e+03 3.63548978e+00
-1.15317299e+03 3.63283502e+00
-1.15117269e+03 3.63018761e+00
-1.14917239e+03 3.62754755e+00
-1.14717209e+03 3.62491545e+00
-1.14517179e+03 3.62229153e+00
-1.14317149e+03 3.61967680e+00
-1.14117119e+03 3.61707135e+00
-1.13917089e+03 3.61447589e+00
-1.13717059e+03 3.61189093e+00
-1.13517029e+03 3.60931677e+00
-1.13316999e+03 3.60675368e+00
-1.13116969e+03 3.60420175e+00
-1.12916939e+03 3.60166085e+00
-1.12716909e+03 3.59913217e+00
-1.12516879e+03 3.59661685e+00
-1.12316849e+03 3.59411607e+00
-1.12116819e+03 3.59163195e+00
-1.11916789e+03 3.58916600e+00
-1.11716759e+03 3.58672001e+00
-1.11516729e+03 3.58429419e+00
-1.11316699e+03 3.58188894e+00
-1.11116669e+03 3.57950226e+00
-1.10916639e+03 3.57713238e+00
-1.10716609e+03 3.57477574e+00
-1.10516579e+03 3.57242889e+00
-1.10316549e+03 3.57008754e+00
-1.10116519e+03 3.56774786e+00
-1.09916489e+03 3.56540720e+00
-1.09716459e+03 3.56306442e+00
-1.09516429e+03 3.56072043e+00
-1.09316399e+03 3.55837768e+00
-1.09116369e+03 3.55604061e+00
-1.08916339e+03 3.55371345e+00
-1.08716309e+03 3.55140060e+00
-1.08516279e+03 3.54910482e+00
-1.08316249e+03 3.54682544e+00
-1.08116219e+03 3.54456027e+00
-1.07916189e+03 3.54230382e+00
-1.07716159e+03 3.54004902e+00
-1.07516129e+03 3.53778785e+00
-1.07316099e+03 3.53551446e+00
-1.07116069e+03 3.53322447e+00
-1.06916039e+03 3.53091747e+00
-1.06716009e+03 3.52859705e+00
-1.06515979e+03 3.52626764e+00
-1.06315949e+03 3.52393574e+00
-1.06115919e+03 3.52160767e+00
-1.05915889e+03 3.51928631e+00
-1.05715859e+03 3.51697288e+00
-1.05515829e+03 3.51466425e+00
-1.05315799e+03 3.51235608e+00
-1.05115769e+03 3.51004373e+00
-1.04915739e+03 3.50772236e+00
-1.04715709e+03 3.50538890e+00
-1.04515679e+03 3.50304173e+00
-1.04315649e+03 3.50068093e+00
-1.04115619e+03 3.49830710e+00
-1.03915589e+03 3.49592136e+00
-1.03715559e+03 3.49352537e+00
-1.03515529e+03 3.49112131e+00
-1.03315499e+03 3.48871170e+00
-1.03115469e+03 3.48630025e+00
-1.02915439e+03 3.48389120e+00
-1.02715409e+03 3.48149015e+00
-1.02515379e+03 3.47910406e+00
-1.02315349e+03 3.47674043e+00
-1.02115319e+03 3.47440664e+00
-1.01915289e+03 3.47210981e+00
-1.01715259e+03 3.46985531e+00
-1.01515229e+03 3.46764585e+00
-1.01315199e+03 3.46547993e+00
-1.01115169e+03 3.46335151e+00
-1.00915139e+03 3.46125128e+00
-1.00715109e+03 3.45916690e+00
-1.00515079e+03 3.45708638e+00
-1.00315049e+03 3.45499930e+00
-1.00115019e+03 3.45290144e+00
-9.99149887e+02 3.45079350e+00
-9.97149587e+02 3.44868238e+00
-9.95149287e+02 3.44657683e+00
-9.93148987e+02 3.44448568e+00
-9.91148687e+02 3.44241333e+00
-9.89148387e+02 3.44035847e+00
-9.87148087e+02 3.43831345e+00
-9.85147787e+02 3.43626672e+00
-9.83147487e+02 3.43420508e+00
-9.81147187e+02 3.43211801e+00
-9.79146887e+02 3.42999737e+00
-9.77146587e+02 3.42784008e+00
-9.75146287e+02 3.42564630e+00
-9.73145986e+02 3.42341911e+00
-9.71145686e+02 3.42116218e+00
-9.69145386e+02 3.41887941e+00
-9.67145086e+02 3.41657557e+00
-9.65144786e+02 3.41425437e+00
-9.63144486e+02 3.41192019e+00
-9.61144186e+02 3.40957802e+00
-9.59143886e+02 3.40723170e+00
-9.57143586e+02 3.40488570e+00
-9.55143286e+02 3.40254377e+00
-9.53142986e+02 3.40020926e+00
-9.51142686e+02 3.39788396e+00
-9.49142386e+02 3.39556947e+00
-9.47142086e+02 3.39326640e+00
-9.45141785e+02 3.39097458e+00
-9.43141485e+02 3.38869378e+00
-9.41141185e+02 3.38642305e+00
-9.39140885e+02 3.38416138e+00
-9.37140585e+02 3.38190754e+00
-9.35140285e+02 3.37966067e+00
-9.33139985e+02 3.37741918e+00
-9.31139685e+02 3.37518232e+00
-9.29139385e+02 3.37294911e+00
-9.27139085e+02 3.37071848e+00
-9.25138785e+02 3.36848977e+00
-9.23138485e+02 3.36626211e+00
-9.21138185e+02 3.36403510e+00
-9.19137884e+02 3.36180821e+00
-9.17137584e+02 3.35958107e+00
-9.15137284e+02 3.35735334e+00
-9.13136984e+02 3.35512448e+00
-9.11136684e+02 3.35289481e+00
-9.09136384e+02 3.35066365e+00
-9.07136084e+02 3.34843149e+00
-9.05135784e+02 3.34619824e+00
-9.03135484e+02 3.34396359e+00
-9.01135184e+02 3.34172785e+00
-8.99134884e+02 3.33949099e+00
-8.97134584e+02 3.33725319e+00
-8.95134284e+02 3.33501486e+00
-8.93133983e+02 3.33277586e+00
-8.91133683e+02 3.33053654e+00
-8.89133383e+02 3.32829720e+00
-8.87133083e+02 3.32605795e+00
-8.85132783e+02 3.32381893e+00
-8.83132483e+02 3.32158087e+00
-8.81132183e+02 3.31934368e+00
-8.79131883e+02 3.31710746e+00
-8.77131583e+02 3.31487304e+00
-8.75131283e+02 3.31264022e+00
-8.73130983e+02 3.31040965e+00
-8.71130683e+02 3.30818131e+00
-8.69130383e+02 3.30595575e+00
-8.67130083e+02 3.30373310e+00
-8.65129782e+02 3.30151354e+00
-8.63129482e+02 3.29929725e+00
-8.61129182e+02 3.29708482e+00
-8.59128882e+02 3.29487626e+00
-8.57128582e+02 3.29267173e+00
-8.55128282e+02 3.29047166e+00
-8.53127982e+02 3.28827587e+00
-8.51127682e+02 3.28608478e+00
-8.49127382e+02 3.28389834e+00
-8.47127082e+02 3.28171674e+00
-8.45126782e+02 3.27954019e+00
-8.43126482e+02 3.27736824e+00
-8.41126182e+02 3.27520150e+00
-8.39125881e+02 3.27303969e+00
-8.37125581e+02 3.27088297e+00
-8.35125281e+02 3.26873126e+00
-8.33124981e+02 3.26658451e+00
-8.31124681e+02 3.26444284e+00
-8.29124381e+02 3.26230639e+00
-8.27124081e+02 3.26017535e+00
-8.25123781e+02 3.25804979e+00
-8.23123481e+02 3.25593022e+00
-8.21123181e+02 3.25381725e+00
-8.19122881e+02 3.25171150e+00
-8.17122581e+02 3.24961406e+00
-8.15122281e+02 3.24752633e+00
-8.13121980e+02 3.24544990e+00
-8.11121680e+02 3.24338684e+00
-8.09121380e+02 3.24133947e+00
-8.07121080e+02 3.23931070e+00
-8.05120780e+02 3.23730355e+00
-8.03120480e+02 3.23532125e+00
-8.01120180e+02 3.23336713e+00
-7.99119880e+02 3.23144385e+00
-7.97119580e+02 3.22955397e+00
-7.95119280e+02 3.22769905e+00
-7.93118980e+02 3.22588015e+00
-7.91118680e+02 3.22409652e+00
-7.89118380e+02 3.22234694e+00
-7.87118080e+02 3.22062914e+00
-7.85117779e+02 3.21894046e+00
-7.83117479e+02 3.21727837e+00
-7.81117179e+02 3.21564011e+00
-7.79116879e+02 3.21402377e+00
-7.77116579e+02 3.21242794e+00
-7.75116279e+02 3.21085158e+00
-7.73115979e+02 3.20929351e+00
-7.71115679e+02 3.20775242e+00
-7.69115379e+02 3.20622587e+00
-7.67115079e+02 3.20471101e+00
-7.65114779e+02 3.20320300e+00
-7.63114479e+02 3.20169691e+00
-7.61114179e+02 3.20018638e+00
-7.59113878e+02 3.19866508e+00
-7.57113578e+02 3.19712666e+00
-7.55113278e+02 3.19556502e+00
-7.53112978e+02 3.19397435e+00
-7.51112678e+02 3.19234977e+00
-7.49112378e+02 3.19068670e+00
-7.47112078e+02 3.18898137e+00
-7.45111778e+02 3.18722976e+00
-7.43111478e+02 3.18542799e+00
-7.41111178e+02 3.18357250e+00
-7.39110878e+02 3.18165925e+00
-7.37110578e+02 3.17968397e+00
-7.35110278e+02 3.17764164e+00
-7.33109977e+02 3.17552747e+00
-7.31109677e+02 3.17333593e+00
-7.29109377e+02 3.17106096e+00
-7.27109077e+02 3.16869608e+00
-7.25108777e+02 3.16623452e+00
-7.23108477e+02 3.16366897e+00
-7.21108177e+02 3.16099187e+00
-7.19107877e+02 3.15819498e+00
-7.17107577e+02 3.15527026e+00
-7.15107277e+02 3.15220884e+00
-7.13106977e+02 3.14900168e+00
-7.11106677e+02 3.14563964e+00
-7.09106377e+02 3.14211297e+00
-7.07106077e+02 3.13841230e+00
-7.05105776e+02 3.13452741e+00
-7.03105476e+02 3.13044839e+00
-7.01105176e+02 3.12616497e+00
-6.99104876e+02 3.12166659e+00
-6.97104576e+02 3.11694313e+00
-6.95104276e+02 3.11198399e+00
-6.93103976e+02 3.10677882e+00
-6.91103676e+02 3.10131705e+00
-6.89103376e+02 3.09558841e+00
-6.87103076e+02 3.08958295e+00
-6.85102776e+02 3.08329047e+00
-6.83102476e+02 3.07670114e+00
-6.81102176e+02 3.06980570e+00
-6.79101875e+02 3.06259494e+00
-6.77101575e+02 3.05505994e+00
-6.75101275e+02 3.04719215e+00
-6.73100975e+02 3.03898365e+00
-6.71100675e+02 3.03042628e+00
-6.69100375e+02 3.02151272e+00
-6.67100075e+02 3.01223558e+00
-6.65099775e+02 3.00258797e+00
-6.63099475e+02 2.99256311e+00
-6.61099175e+02 2.98215446e+00
-6.59098875e+02 2.97135585e+00
-6.57098575e+02 2.96016130e+00
-6.55098275e+02 2.94856541e+00
-6.53097974e+02 2.93656288e+00
-6.51097674e+02 2.92414897e+00
-6.49097374e+02 2.91131987e+00
-6.47097074e+02 2.89807200e+00
-6.45096774e+02 2.88440237e+00
-6.43096474e+02 2.87030895e+00
-6.41096174e+02 2.85579028e+00
-6.39095874e+02 2.84084523e+00
-6.37095574e+02 2.82547366e+00
-6.35095274e+02 2.80967598e+00
-6.33094974e+02 2.79345309e+00
-6.31094674e+02 2.77680663e+00
-6.29094374e+02 2.75973894e+00
-6.27094074e+02 2.74225296e+00
-6.25093773e+02 2.72435247e+00
-6.23093473e+02 2.70604193e+00
-6.21093173e+02 2.68732660e+00
-6.19092873e+02 2.66821275e+00
-6.17092573e+02 2.64870736e+00
-6.15092273e+02 2.62881814e+00
-6.13091973e+02 2.60855352e+00
-6.11091673e+02 2.58792276e+00
-6.09091373e+02 2.56693610e+00
-6.07091073e+02 2.54560341e+00
-6.05090773e+02 2.52393607e+00
-6.03090473e+02 2.50194514e+00
-6.01090173e+02 2.47964235e+00
-5.99089872e+02 2.45703955e+00
-5.97089572e+02 2.43414894e+00
-5.95089272e+02 2.41098259e+00
-5.93088972e+02 2.38755289e+00
-5.91088672e+02 2.36387213e+00
-5.89088372e+02 2.33995264e+00
-5.87088072e+02 2.31580663e+00
-5.85087772e+02 2.29144629e+00
-5.83087472e+02 2.26688382e+00
-5.81087172e+02 2.24213105e+00
-5.79086872e+02 2.21720002e+00
-5.77086572e+02 2.19210218e+00
-5.75086272e+02 2.16684930e+00
-5.73085971e+02 2.14145247e+00
-5.71085671e+02 2.11592294e+00
-5.69085371e+02 2.09027191e+00
-5.67085071e+02 2.06450978e+00
-5.65084771e+02 2.03864754e+00
-5.63084471e+02 2.01269515e+00
-5.61084171e+02 1.98666318e+00
-5.59083871e+02 1.96056148e+00
-5.57083571e+02 1.93439993e+00
-5.55083271e+02 1.90818812e+00
-5.53082971e+02 1.88193579e+00
-5.51082671e+02 1.85565201e+00
-5.49082371e+02 1.82934605e+00
-5.47082071e+02 1.80302701e+00
-5.45081770e+02 1.77670385e+00
-5.43081470e+02 1.75038512e+00
-5.41081170e+02 1.72407962e+00
-5.39080870e+02 1.69779582e+00
-5.37080570e+02 1.67154216e+00
-5.35080270e+02 1.64532690e+00
-5.33079970e+02 1.61915832e+00
-5.31079670e+02 1.59304440e+00
-5.29079370e+02 1.56699329e+00
-5.27079070e+02 1.54101272e+00
-5.25078770e+02 1.51511075e+00
-5.23078470e+02 1.48929502e+00
-5.21078170e+02 1.46357337e+00
-5.19077869e+02 1.43795346e+00
-5.17077569e+02 1.41244268e+00
-5.15077269e+02 1.38704878e+00
-5.13076969e+02 1.36177917e+00
-5.11076669e+02 1.33664135e+00
-5.09076369e+02 1.31164268e+00
-5.07076069e+02 1.28679060e+00
-5.05075769e+02 1.26209235e+00
-5.03075469e+02 1.23755513e+00
-5.01075169e+02 1.21318624e+00
-4.99074869e+02 1.18899287e+00
-4.97074569e+02 1.16498229e+00
-4.95074269e+02 1.14116123e+00
-4.93073968e+02 1.11753695e+00
-4.91073668e+02 1.09411637e+00
-4.89073368e+02 1.07090628e+00
-4.87073068e+02 1.04791360e+00
-4.85072768e+02 1.02514482e+00
-4.83072468e+02 1.00260677e+00
-4.81072168e+02 9.80305956e-01
-4.79071868e+02 9.58248832e-01
-4.77071568e+02 9.36441538e-01
-4.75071268e+02 9.14890457e-01
-4.73070968e+02 8.93601554e-01
-4.71070668e+02 8.72580892e-01
-4.69070368e+02 8.51834016e-01
-4.67070068e+02 8.31366702e-01
-4.65069767e+02 8.11184292e-01
-4.63069467e+02 7.91292234e-01
-4.61069167e+02 7.71695297e-01
-4.59068867e+02 7.52398523e-01
-4.57068567e+02 7.33406499e-01
-4.55068267e+02 7.14723679e-01
-4.53067967e+02 6.96354193e-01
-4.51067667e+02 6.78301914e-01
-4.49067367e+02 6.60570293e-01
-4.47067067e+02 6.43162972e-01
-4.45066767e+02 6.26082808e-01
-4.43066467e+02 6.09332511e-01
-4.41066167e+02 5.92914613e-01
-4.39065866e+02 5.76831067e-01
-4.37065566e+02 5.61083719e-01
-4.35065266e+02 5.45673946e-01
-4.33064966e+02 5.30602671e-01
-4.31064666e+02 5.15870702e-01
-4.29064366e+02 5.01478207e-01
-4.27064066e+02 4.87425065e-01
-4.25063766e+02 4.73711110e-01
-4.23063466e+02 4.60335309e-01
-4.21063166e+02 4.47296470e-01
-4.19062866e+02 4.34592987e-01
-4.17062566e+02 4.22222943e-01
-4.15062266e+02 4.10184112e-01
-4.13061965e+02 3.98473763e-01
-4.11061665e+02 3.87088767e-01
-4.09061365e+02 3.76025749e-01
-4.07061065e+02 3.65281400e-01
-4.05060765e+02 3.54851232e-01
-4.03060465e+02 3.44731234e-01
-4.01060165e+02 3.34916814e-01
-3.99059865e+02 3.25402983e-01
-3.97059565e+02 3.16184631e-01
-3.95059265e+02 3.07256515e-01
-3.93058965e+02 2.98613065e-01
-3.91058665e+02 2.90248502e-01
-3.89058365e+02 2.82156875e-01
-3.87058065e+02 2.74332031e-01
-3.85057764e+02 2.66767958e-01
-3.83057464e+02 2.59457993e-01
-3.81057164e+02 2.52395998e-01
-3.79056864e+02 2.45575325e-01
-3.77056564e+02 2.38989342e-01
-3.75056264e+02 2.32631580e-01
-3.73055964e+02 2.26495093e-01
-3.71055664e+02 2.20573535e-01
-3.69055364e+02 2.14860107e-01
-3.67055064e+02 2.09348145e-01
-3.65054764e+02 2.04031194e-01
-3.63054464e+02 1.98902640e-01
-3.61054164e+02 1.93955994e-01
-3.59053863e+02 1.89184990e-01
-3.57053563e+02 1.84583208e-01
-3.55053263e+02 1.80144516e-01
-3.53052963e+02 1.75862862e-01
-3.51052663e+02 1.71732221e-01
-3.49052363e+02 1.67746654e-01
-3.47052063e+02 1.63900636e-01
-3.45051763e+02 1.60188545e-01
-3.43051463e+02 1.56604913e-01
-3.41051163e+02 1.53144423e-01
-3.39050863e+02 1.49802068e-01
-3.37050563e+02 1.46572514e-01
-3.35050263e+02 1.43451434e-01
-3.33049962e+02 1.40433809e-01
-3.31049662e+02 1.37515087e-01
-3.29049362e+02 1.34691175e-01
-3.27049062e+02 1.31957506e-01
-3.25048762e+02 1.29310332e-01
-3.23048462e+02 1.26745534e-01
-3.21048162e+02 1.24259423e-01
-3.19047862e+02 1.21848329e-01
-3.17047562e+02 1.19508946e-01
-3.15047262e+02 1.17237771e-01
-3.13046962e+02 1.15031751e-01
-3.11046662e+02 1.12887617e-01
-3.09046362e+02 1.10802787e-01
-3.07046062e+02 1.08774158e-01
-3.05045761e+02 1.06799371e-01
-3.03045461e+02 1.04875491e-01
-3.01045161e+02 1.03000567e-01
-2.99044861e+02 1.01171861e-01
-2.97044561e+02 9.93875239e-02
-2.95044261e+02 9.76454683e-02
-2.93043961e+02 9.59434738e-02
-2.91043661e+02 9.42798597e-02
-2.89043361e+02 9.26528228e-02
-2.87043061e+02 9.10605540e-02
-2.85042761e+02 8.95014306e-02
-2.83042461e+02 8.79743406e-02
-2.81042161e+02 8.64774261e-02
-2.79041860e+02 8.50095916e-02
-2.77041560e+02 8.35694736e-02
-2.75041260e+02 8.21557143e-02
-2.73040960e+02 8.07674535e-02
-2.71040660e+02 7.94034643e-02
-2.69040360e+02 7.80628757e-02
-2.67040060e+02 7.67445898e-02
-2.65039760e+02 7.54477165e-02
-2.63039460e+02 7.41716090e-02
-2.61039160e+02 7.29153193e-02
-2.59038860e+02 7.16782404e-02
-2.57038560e+02 7.04596674e-02
-2.55038260e+02 6.92587525e-02
-2.53037959e+02 6.80749797e-02
-2.51037659e+02 6.69079712e-02
-2.49037359e+02 6.57569428e-02
-2.47037059e+02 6.46214652e-02
-2.45036759e+02 6.35011854e-02
-2.43036459e+02 6.23954329e-02
-2.41036159e+02 6.13041531e-02
-2.39035859e+02 6.02267345e-02
-2.37035559e+02 5.91627482e-02
-2.35035259e+02 5.81118948e-02
-2.33034959e+02 5.70740883e-02
-2.31034659e+02 5.60487589e-02
-2.29034359e+02 5.50356915e-02
-2.27034059e+02 5.40346753e-02
-2.25033758e+02 5.30455093e-02
-2.23033458e+02 5.20678957e-02
-2.21033158e+02 5.11015815e-02
-2.19032858e+02 5.01463407e-02
-2.17032558e+02 4.92021049e-02
-2.15032258e+02 4.82688013e-02
-2.13031958e+02 4.73460112e-02
-2.11031658e+02 4.64338087e-02
-2.09031358e+02 4.55317702e-02
-2.07031058e+02 4.46399837e-02
-2.05030758e+02 4.37583319e-02
-2.03030458e+02 4.28865092e-02
-2.01030158e+02 4.20246022e-02
-1.99029857e+02 4.11723708e-02
-1.97029557e+02 4.03298902e-02
-1.95029257e+02 3.94969798e-02
-1.93028957e+02 3.86734624e-02
-1.91028657e+02 3.78594485e-02
-1.89028357e+02 3.70545811e-02
-1.87028057e+02 3.62591568e-02
-1.85027757e+02 3.54727729e-02
-1.83027457e+02 3.46956299e-02
-1.81027157e+02 3.39277236e-02
-1.79026857e+02 3.31688128e-02
-1.77026557e+02 3.24187910e-02
-1.75026257e+02 3.16777116e-02
-1.73025956e+02 3.09456404e-02
-1.71025656e+02 3.02225255e-02
-1.69025356e+02 2.95082682e-02
-1.67025056e+02 2.88027899e-02
-1.65024756e+02 2.81063518e-02
-1.63024456e+02 2.74184464e-02
-1.61024156e+02 2.67394836e-02
-1.59023856e+02 2.60692320e-02
-1.57023556e+02 2.54076987e-02
-1.55023256e+02 2.47551354e-02
-1.53022956e+02 2.41110609e-02
-1.51022656e+02 2.34757222e-02
-1.49022356e+02 2.28491067e-02
-1.47022056e+02 2.22310399e-02
-1.45021755e+02 2.16219102e-02
-1.43021455e+02 2.10213641e-02
-1.41021155e+02 2.04293758e-02
-1.39020855e+02 1.98461507e-02
-1.37020555e+02 1.92716507e-02
-1.35020255e+02 1.87055708e-02
-1.33019955e+02 1.81482718e-02
-1.31019655e+02 1.75995590e-02
-1.29019355e+02 1.70595519e-02
-1.27019055e+02 1.65281415e-02
-1.25018755e+02 1.60052749e-02
-1.23018455e+02 1.54910507e-02
-1.21018155e+02 1.49853662e-02
-1.19017854e+02 1.44881853e-02
-1.17017554e+02 1.39997772e-02
-1.15017254e+02 1.35199634e-02
-1.13016954e+02 1.30486523e-02
-1.11016654e+02 1.25857527e-02
-1.09016354e+02 1.21314666e-02
-1.07016054e+02 1.16858829e-02
-1.05015754e+02 1.12487539e-02
-1.03015454e+02 1.08200055e-02
-1.01015154e+02 1.03998605e-02
-9.90148537e+01 9.98821364e-03
-9.70145536e+01 9.58505609e-03
-9.50142536e+01 9.19051040e-03
-9.30139535e+01 8.80425319e-03
-9.10136534e+01 8.42646313e-03
-8.90133533e+01 8.05709762e-03
-8.70130533e+01 7.69631679e-03
-8.50127532e+01 7.34393902e-03
-8.30124531e+01 6.99990149e-03
-8.10121530e+01 6.66422725e-03
-7.90118530e+01 6.33690081e-03
-7.70115529e+01 6.01816824e-03
-7.50112528e+01 5.70763660e-03
-7.30109527e+01 5.40552154e-03
-7.10106527e+01 5.11167818e-03
-6.90103526e+01 4.82618954e-03
-6.70100525e+01 4.54903205e-03
-6.50097524e+01 4.28012061e-03
-6.30094524e+01 4.01963227e-03
-6.10091523e+01 3.76727200e-03
-5.90088522e+01 3.52322277e-03
-5.70085521e+01 3.28743627e-03
-5.50082521e+01 3.05995367e-03
-5.30079520e+01 2.84073838e-03
-5.10076519e+01 2.62959536e-03
-4.90073518e+01 2.42671425e-03
-4.70070518e+01 2.23214637e-03
-4.50067517e+01 2.04560782e-03
-4.30064516e+01 1.86745983e-03
-4.10061515e+01 1.69726492e-03
-3.90058515e+01 1.53526210e-03
-3.70055514e+01 1.38152356e-03
-3.50052513e+01 1.23588838e-03
-3.30049512e+01 1.09841890e-03
-3.10046512e+01 9.69019401e-04
-2.90043511e+01 8.47760968e-04
-2.70040510e+01 7.34613625e-04
-2.50037509e+01 6.29639150e-04
-2.30034509e+01 5.32748033e-04
-2.10031508e+01 4.43852802e-04
-1.90028507e+01 3.63109484e-04
-1.70025506e+01 2.90444011e-04
-1.50022506e+01 2.25887083e-04
-1.30019505e+01 1.69425163e-04
-1.10016504e+01 1.21003153e-04
-9.00135034e+00 8.06843824e-05
-7.00105026e+00 4.83888148e-05
-5.00075019e+00 2.42329527e-05
-3.00045011e+00 8.05494738e-06
-1.00015004e+00 7.18667240e-08
1.00015004e+00 0.00000000e+00
3.00045011e+00 8.01769210e-06
5.00075019e+00 2.42589532e-05
7.00105026e+00 4.84210177e-05
9.00135034e+00 8.06492059e-05
1.10016504e+01 1.21017133e-04
1.30019505e+01 1.69399303e-04
1.50022506e+01 2.25871509e-04
1.70025506e+01 2.90554161e-04
1.90028507e+01 3.63134579e-04
2.10031508e+01 4.43863582e-04
2.30034509e+01 5.32669699e-04
2.50037509e+01 6.29602003e-04
2.70040510e+01 7.34620738e-04
2.90043511e+01 8.47766372e-04
3.10046512e+01 9.68976056e-04
3.30049512e+01 1.09845782e-03
3.50052513e+01 1.23583351e-03
3.70055514e+01 1.38154660e-03
3.90058515e+01 1.53531008e-03
4.10061515e+01 1.69728183e-03
4.30064516e+01 1.86738148e-03
4.50067517e+01 2.04565092e-03
4.70070518e+01 2.23214855e-03
4.90073518e+01 2.42674360e-03
5.10076519e+01 2.62953636e-03
5.30079520e+01 2.84073673e-03
5.50082521e+01 3.06000851e-03
5.70085521e+01 3.28739624e-03
5.90088522e+01 3.52322437e-03
6.10091523e+01 3.76729079e-03
6.30094524e+01 4.01963519e-03
6.50097524e+01 4.28012524e-03
6.70100525e+01 4.54904629e-03
6.90103526e+01 4.82613154e-03
7.10106527e+01 5.11172139e-03
7.30109527e+01 5.40554851e-03
7.50112528e+01 5.70756504e-03
7.70115529e+01 6.01820515e-03
7.90118530e+01 6.33696465e-03
8.10121530e+01 6.66423975e-03
8.30124531e+01 6.99980804e-03
8.50127532e+01 7.34396800e-03
8.70130533e+01 7.69634355e-03
8.90133533e+01 8.05711687e-03
9.10136534e+01 8.42645929e-03
9.30139535e+01 8.80420804e-03
9.50142536e+01 9.19035585e-03
9.70145536e+01 9.58512925e-03
9.90148537e+01 9.98827362e-03
1.01015154e+02 1.03999334e-02
1.03015454e+02 1.08200243e-02
1.05015754e+02 1.12486803e-02
1.07016054e+02 1.16857579e-02
1.09016354e+02 1.21315445e-02
1.11016654e+02 1.25858106e-02
1.13016954e+02 1.30485720e-02
1.15017254e+02 1.35199907e-02
1.17017554e+02 1.39997936e-02
1.19017854e+02 1.44882965e-02
1.21018155e+02 1.49853324e-02
1.23018455e+02 1.54910352e-02
1.25018755e+02 1.60052569e-02
1.27019055e+02 1.65281028e-02
1.29019355e+02 1.70594664e-02
1.31019655e+02 1.75996463e-02
1.33019955e+02 1.81482521e-02
1.35020255e+02 1.87056027e-02
1.37020555e+02 1.92716043e-02
1.39020855e+02 1.98461579e-02
1.41021155e+02 2.04293892e-02
1.43021455e+02 2.10213621e-02
1.45021755e+02 2.16219828e-02
1.47022056e+02 2.22310855e-02
1.49022356e+02 2.28490741e-02
1.51022656e+02 2.34756942e-02
1.53022956e+02 2.41110652e-02
1.55023256e+02 2.47550348e-02
1.57023556e+02 2.54077589e-02
1.59023856e+02 2.60692439e-02
1.61024156e+02 2.67394371e-02
1.63024456e+02 2.74185099e-02
1.65024756e+02 2.81063610e-02
1.67025056e+02 2.88028161e-02
1.69025356e+02 2.95082024e-02
1.71025656e+02 3.02225287e-02
1.73025956e+02 3.09456710e-02
1.75026257e+02 3.16777700e-02
1.77026557e+02 3.24188165e-02
1.79026857e+02 3.31686644e-02
1.81027157e+02 3.39276006e-02
1.83027457e+02 3.46956722e-02
1.85027757e+02 3.54728667e-02
1.87028057e+02 3.62591215e-02
1.89028357e+02 3.70547006e-02
1.91028657e+02 3.78593753e-02
1.93028957e+02 3.86734684e-02
1.95029257e+02 3.94969564e-02
1.97029557e+02 4.03298803e-02
1.99029857e+02 4.11724187e-02
2.01030158e+02 4.20246114e-02
2.03030458e+02 4.28865096e-02
2.05030758e+02 4.37583396e-02
2.07031058e+02 4.46400172e-02
2.09031358e+02 4.55317962e-02
2.11031658e+02 4.64337857e-02
2.13031958e+02 4.73460041e-02
2.15032258e+02 4.82687355e-02
2.17032558e+02 4.92021004e-02
2.19032858e+02 5.01464174e-02
2.21033158e+02 5.11016335e-02
2.23033458e+02 5.20678333e-02
2.25033758e+02 5.30455214e-02
2.27034059e+02 5.40346385e-02
2.29034359e+02 5.50356199e-02
2.31034659e+02 5.60487271e-02
2.33034959e+02 5.70741078e-02
2.35035259e+02 5.81120188e-02
2.37035559e+02 5.91627196e-02
2.39035859e+02 6.02267237e-02
2.41036159e+02 6.13041002e-02
2.43036459e+02 6.23954540e-02
2.45036759e+02 6.35011909e-02
2.47037059e+02 6.46214786e-02
2.49037359e+02 6.57569382e-02
2.51037659e+02 6.69079880e-02
2.53037959e+02 6.80750075e-02
2.55038260e+02 6.92587229e-02
2.57038560e+02 7.04595818e-02
2.59038860e+02 7.16782086e-02
2.61039160e+02 7.29153627e-02
2.63039460e+02 7.41717062e-02
2.65039760e+02 7.54477335e-02
2.67040060e+02 7.67445367e-02
2.69040360e+02 7.80628600e-02
2.71040660e+02 7.94034498e-02
2.73040960e+02 8.07674531e-02
2.75041260e+02 8.21557288e-02
2.77041560e+02 8.35695027e-02
2.79041860e+02 8.50095482e-02
2.81042161e+02 8.64774449e-02
2.83042461e+02 8.79743739e-02
2.85042761e+02 8.95014373e-02
2.87043061e+02 9.10605228e-02
2.89043361e+02 9.26527570e-02
2.91043661e+02 9.42798033e-02
2.93043961e+02 9.59435610e-02
2.95044261e+02 9.76454184e-02
2.97044561e+02 9.93875212e-02
2.99044861e+02 1.01171969e-01
3.01045161e+02 1.03000548e-01
3.03045461e+02 1.04875552e-01
3.05045761e+02 1.06799281e-01
3.07046062e+02 1.08774173e-01
3.09046362e+02 1.10802734e-01
3.11046662e+02 1.12887625e-01
3.13046962e+02 1.15031754e-01
3.15047262e+02 1.17237790e-01
3.17047562e+02 1.19508930e-01
3.19047862e+02 1.21848405e-01
3.21048162e+02 1.24259413e-01
3.23048462e+02 1.26745482e-01
3.25048762e+02 1.29310294e-01
3.27049062e+02 1.31957523e-01
3.29049362e+02 1.34691185e-01
3.31049662e+02 1.37515209e-01
3.33049962e+02 1.40433788e-01
3.35050263e+02 1.43451411e-01
3.37050563e+02 1.46572587e-01
3.39050863e+02 1.49801980e-01
3.41051163e+02 1.53144441e-01
3.43051463e+02 1.56604901e-01
3.45051763e+02 1.60188497e-01
3.47052063e+02 1.63900614e-01
3.49052363e+02 1.67746664e-01
3.51052663e+02 1.71732234e-01
3.53052963e+02 1.75862844e-01
3.55053263e+02 1.80144593e-01
3.57053563e+02 1.84583190e-01
3.59053863e+02 1.89184953e-01
3.61054164e+02 1.93955986e-01
3.63054464e+02 1.98902642e-01
3.65054764e+02 2.04031256e-01
3.67055064e+02 2.09348148e-01
3.69055364e+02 2.14860136e-01
3.71055664e+02 2.20573503e-01
3.73055964e+02 2.26495090e-01
3.75056264e+02 2.32631543e-01
3.77056564e+02 2.38989312e-01
3.79056864e+02 2.45575359e-01
3.81057164e+02 2.52396054e-01
3.83057464e+02 2.59457976e-01
3.85057764e+02 2.66767964e-01
3.87058065e+02 2.74332080e-01
3.89058365e+02 2.82156834e-01
3.91058665e+02 2.90248487e-01
3.93058965e+02 2.98613061e-01
3.95059265e+02 3.07256458e-01
3.97059565e+02 3.16184637e-01
3.99059865e+02 3.25402950e-01
4.01060165e+02 3.34916792e-01
4.03060465e+02 3.44731278e-01
4.05060765e+02 3.54851234e-01
4.07061065e+02 3.65281432e-01
4.09061365e+02 3.76025796e-01
4.11061665e+02 3.87088749e-01
4.13061965e+02 3.98473738e-01
4.15062266e+02 4.10184086e-01
4.17062566e+02 4.22223035e-01
4.19062866e+02 4.34592995e-01
4.21063166e+02 4.47296419e-01
4.23063466e+02 4.60335294e-01
4.25063766e+02 4.73711104e-01
4.27064066e+02 4.87425126e-01
4.29064366e+02 5.01478133e-01
4.31064666e+02 5.15870647e-01
4.33064966e+02 5.30602674e-01
4.35065266e+02 5.45673944e-01
4.37065566e+02 5.61083690e-01
4.39065866e+02 5.76831095e-01
4.41066167e+02 5.92914575e-01
4.43066467e+02 6.09332530e-01
4.45066767e+02 6.26082815e-01
4.47067067e+02 6.43163000e-01
4.49067367e+02 6.60570278e-01
4.51067667e+02 6.78301834e-01
4.53067967e+02 6.96354164e-01
4.55068267e+02 7.14723691e-01
4.57068567e+02 7.33406518e-01
4.59068867e+02 7.52398583e-01
4.61069167e+02 7.71695309e-01
4.63069467e+02 7.91292183e-01
4.65069767e+02 8.11184335e-01
4.67070068e+02 8.31366745e-01
4.69070368e+02 8.51833963e-01
4.71070668e+02 8.72580889e-01
4.73070968e+02 8.93601575e-01
4.75071268e+02 9.14890450e-01
4.77071568e+02 9.36441584e-01
4.79071868e+02 9.58248795e-01
4.81072168e+02 9.80305949e-01
4.83072468e+02 1.00260677e+00
4.85072768e+02 1.02514482e+00
4.87073068e+02 1.04791356e+00
4.89073368e+02 1.07090631e+00
4.91073668e+02 1.09411636e+00
4.93073968e+02 1.11753693e+00
4.95074269e+02 1.14116129e+00
4.97074569e+02 1.16498226e+00
4.99074869e+02 1.18899290e+00
5.01075169e+02 1.21318627e+00
5.03075469e+02 1.23755513e+00
5.05075769e+02 1.26209231e+00
5.07076069e+02 1.28679054e+00
5.09076369e+02 1.31164272e+00
5.11076669e+02 1.33664138e+00
5.13076969e+02 1.36177920e+00
5.15077269e+02 1.38704876e+00
5.17077569e+02 1.41244267e+00
5.19077869e+02 1.43795345e+00
5.21078170e+02 1.46357339e+00
5.23078470e+02 1.48929503e+00
5.25078770e+02 1.51511073e+00
5.27079070e+02 1.54101267e+00
5.29079370e+02 1.56699327e+00
5.31079670e+02 1.59304447e+00
5.33079970e+02 1.61915836e+00
5.35080270e+02 1.64532696e+00
5.37080570e+02 1.67154215e+00
5.39080870e+02 1.69779583e+00
5.41081170e+02 1.72407967e+00
5.43081470e+02 1.75038511e+00
5.45081770e+02 1.77670382e+00
5.47082071e+02 1.80302705e+00
5.49082371e+02 1.82934601e+00
5.51082671e+02 1.85565197e+00
5.53082971e+02 1.88193575e+00
5.55083271e+02 1.90818815e+00
5.57083571e+02 1.93439993e+00
5.59083871e+02 1.96056146e+00
5.61084171e+02 1.98666317e+00
5.63084471e+02 2.01269517e+00
5.65084771e+02 2.03864747e+00
5.67085071e+02 2.06450982e+00
5.69085371e+02 2.09027190e+00
5.71085671e+02 2.11592301e+00
5.73085971e+02 2.14145240e+00
5.75086272e+02 2.16684925e+00
5.77086572e+02 2.19210221e+00
5.79086872e+02 2.21719997e+00
5.81087172e+02 2.24213107e+00
5.83087472e+02 2.26688381e+00
5.85087772e+02 2.29144631e+00
5.87088072e+02 2.31580666e+00
5.89088372e+02 2.33995256e+00
5.91088672e+02 2.36387208e+00
5.93088972e+02 2.38755292e+00
5.95089272e+02 2.41098262e+00
5.97089572e+02 2.43414892e+00
5.99089872e+02 2.45703960e+00
6.01090173e+02 2.47964238e+00
6.03090473e+02 2.50194511e+00
6.05090773e+02 2.52393611e+00
6.07091073e+02 2.54560339e+00
6.09091373e+02 2.56693604e+00
6.11091673e+02 2.58792280e+00
6.13091973e+02 2.60855349e+00
6.15092273e+02 2.62881815e+00
6.17092573e+02 2.64870736e+00
6.19092873e+02 2.66821285e+00
6.21093173e+02 2.68732664e+00
6.23093473e+02 2.70604188e+00
6.25093773e+02 2.72435246e+00
6.27094074e+02 2.74225296e+00
6.29094374e+02 2.75973896e+00
6.31094674e+02 2.77680670e+00
6.33094974e+02 2.79345312e+00
6.35095274e+02 2.80967602e+00
6.37095574e+02 2.82547365e+00
6.39095874e+02 2.84084512e+00
6.41096174e+02 2.85579025e+00
6.43096474e+02 2.87030896e+00
6.45096774e+02 2.88440241e+00
6.47097074e+02 2.89807202e+00
6.49097374e+02 2.91131984e+00
6.51097674e+02 2.92414896e+00
6.53097974e+02 2.93656279e+00
6.55098275e+02 2.94856539e+00
6.57098575e+02 2.96016133e+00
6.59098875e+02 2.97135589e+00
6.61099175e+02 2.98215443e+00
6.63099475e+02 2.99256313e+00
6.65099775e+02 3.00258801e+00
6.67100075e+02 3.01223559e+00
6.69100375e+02 3.02151275e+00
6.71100675e+02 3.03042631e+00
6.73100975e+02 3.03898364e+00
6.75101275e+02 3.04719214e+00
6.77101575e+02 3.05506000e+00
6.79101875e+02 3.06259497e+00
6.81102176e+02 3.06980571e+00
6.83102476e+02 3.07670104e+00
6.85102776e+02 3.08329040e+00
6.87103076e+02 3.08958298e+00
6.89103376e+02 3.09558841e+00
6.91103676e+02 3.10131704e+00
6.93103976e+02 3.10677876e+00
6.95104276e+02 3.11198403e+00
6.97104576e+02 3.11694313e+00
6.99104876e+02 3.12166659e+00
7.01105176e+02 3.12616503e+00
7.03105476e+02 3.13044835e+00
7.05105776e+02 3.13452746e+00
7.07106077e+02 3.13841234e+00
7.09106377e+02 3.14211297e+00
7.11106677e+02 3.14563963e+00
7.13106977e+02 3.14900172e+00
7.15107277e+02 3.15220877e+00
7.17107577e+02 3.15527028e+00
7.19107877e+02 3.15819495e+00
7.21108177e+02 3.16099179e+00
7.23108477e+02 3.16366894e+00
7.25108777e+02 3.16623453e+00
7.27109077e+02 3.16869607e+00
7.29109377e+02 3.17106096e+00
7.31109677e+02 3.17333597e+00
7.33109977e+02 3.17552755e+00
7.35110278e+02 3.17764164e+00
7.37110578e+02 3.17968384e+00
7.39110878e+02 3.18165928e+00
7.41111178e+02 3.18357257e+00
7.43111478e+02 3.18542805e+00
7.45111778e+02 3.18722968e+00
7.47112078e+02 3.18898137e+00
7.49112378e+02 3.19068674e+00
7.51112678e+02 3.19234973e+00
7.53112978e+02 3.19397427e+00
7.55113278e+02 3.19556490e+00
7.57113578e+02 3.19712669e+00
7.59113878e+02 3.19866513e+00
7.61114179e+02 3.20018647e+00
7.63114479e+02 3.20169689e+00
7.65114779e+02 3.20320298e+00
7.67115079e+02 3.20471099e+00
7.69115379e+02 3.20622590e+00
7.71115679e+02 3.20775239e+00
7.73115979e+02 3.20929356e+00
7.75116279e+02 3.21085159e+00
7.77116579e+02 3.21242794e+00
7.79116879e+02 3.21402383e+00
7.81117179e+02 3.21564016e+00
7.83117479e+02 3.21727831e+00
7.85117779e+02 3.21894049e+00
7.87118080e+02 3.22062913e+00
7.89118380e+02 3.22234692e+00
7.91118680e+02 3.22409649e+00
7.93118980e+02 3.22588013e+00
7.95119280e+02 3.22769905e+00
7.97119580e+02 3.22955402e+00
7.99119880e+02 3.23144392e+00
8.01120180e+02 3.23336701e+00
8.03120480e+02 3.23532124e+00
8.05120780e+02 3.23730360e+00
8.07121080e+02 3.23931066e+00
8.09121380e+02 3.24133955e+00
8.11121680e+02 3.24338683e+00
8.13121980e+02 3.24544987e+00
8.15122281e+02 3.24752625e+00
8.17122581e+02 3.24961408e+00
8.19122881e+02 3.25171150e+00
8.21123181e+02 3.25381727e+00
8.23123481e+02 3.25593028e+00
8.25123781e+02 3.25804975e+00
8.27124081e+02 3.26017532e+00
8.29124381e+02 3.26230644e+00
8.31124681e+02 3.26444283e+00
8.33124981e+02 3.26658447e+00
8.35125281e+02 3.26873126e+00
8.37125581e+02 3.27088289e+00
8.39125881e+02 3.27303973e+00
8.41126182e+02 3.27520151e+00
8.43126482e+02 3.27736830e+00
8.45126782e+02 3.27954010e+00
8.47127082e+02 3.28171680e+00
8.49127382e+02 3.28389841e+00
8.51127682e+02 3.28608480e+00
8.53127982e+02 3.28827584e+00
8.55128282e+02 3.29047159e+00
8.57128582e+02 3.29267176e+00
8.59128882e+02 3.29487624e+00
8.61129182e+02 3.29708490e+00
8.63129482e+02 3.29929722e+00
8.65129782e+02 3.30151354e+00
8.67130083e+02 3.30373305e+00
8.69130383e+02 3.30595575e+00
8.71130683e+02 3.30818139e+00
8.73130983e+02 3.31040954e+00
8.75131283e+02 3.31264027e+00
8.77131583e+02 3.31487307e+00
8.79131883e+02 3.31710751e+00
8.81132183e+02 3.31934354e+00
8.83132483e+02 3.32158095e+00
8.85132783e+02 3.32381898e+00
8.87133083e+02 3.32605791e+00
8.89133383e+02 3.32829719e+00
8.91133683e+02 3.33053653e+00
8.93133983e+02 3.33277577e+00
8.95134284e+02 3.33501486e+00
8.97134584e+02 3.33725333e+00
8.99134884e+02 3.33949107e+00
9.01135184e+02 3.34172783e+00
9.03135484e+02 3.34396350e+00
9.05135784e+02 3.34619809e+00
9.07136084e+02 3.34843163e+00
9.09136384e+02 3.35066373e+00
9.11136684e+02 3.35289476e+00
9.13136984e+02 3.35512434e+00
9.15137284e+02 3.35735337e+00
9.17137584e+02 3.35958107e+00
9.19137884e+02 3.36180833e+00
9.21138185e+02 3.36403512e+00
9.23138485e+02 3.36626219e+00
9.25138785e+02 3.36848964e+00
9.27139085e+02 3.37071848e+00
9.29139385e+02 3.37294904e+00
9.31139685e+02 3.37518234e+00
9.33139985e+02 3.37741928e+00
9.35140285e+02 3.37966059e+00
9.37140585e+02 3.38190749e+00
9.39140885e+02 3.38416137e+00
9.41141185e+02 3.38642310e+00
9.43141485e+02 3.38869380e+00
9.45141785e+02 3.39097458e+00
9.47142086e+02 3.39326639e+00
9.49142386e+02 3.39556945e+00
9.51142686e+02 3.39788397e+00
9.53142986e+02 3.40020923e+00
9.55143286e+02 3.40254374e+00
9.57143586e+02 3.40488568e+00
9.59143886e+02 3.40723176e+00
9.61144186e+02 3.40957799e+00
9.63144486e+02 3.41192017e+00
9.65144786e+02 3.41425448e+00
9.67145086e+02 3.41657559e+00
9.69145386e+02 3.41887940e+00
9.71145686e+02 3.42116209e+00
9.73145986e+02 3.42341907e+00
9.75146287e+02 3.42564633e+00
9.77146587e+02 3.42784015e+00
9.79146887e+02 3.42999741e+00
9.81147187e+02 3.43211801e+00
9.83147487e+02 3.43420524e+00
9.85147787e+02 3.43626648e+00
9.87148087e+02 3.43831329e+00
9.89148387e+02 3.44035843e+00
9.91148687e+02 3.44241355e+00
9.93148987e+02 3.44448577e+00
9.95149287e+02 3.44657686e+00
9.97149587e+02 3.44868222e+00
9.99149887e+02 3.45079358e+00
1.00115019e+03 3.45290144e+00
1.00315049e+03 3.45499925e+00
1.00515079e+03 3.45708625e+00
1.00715109e+03 3.45916694e+00
1.00915139e+03 3.46125123e+00
1.01115169e+03 3.46335161e+00
1.01315199e+03 3.46547985e+00
1.01515229e+03 3.46764597e+00
1.01715259e+03 3.46985537e+00
1.01915289e+03 3.47210991e+00
1.02115319e+03 3.47440653e+00
1.02315349e+03 3.47674025e+00
1.02515379e+03 3.47910397e+00
1.02715409e+03 3.48149037e+00
1.02915439e+03 3.48389114e+00
1.03115469e+03 3.48630023e+00
1.03315499e+03 3.48871187e+00
1.03515529e+03 3.49112122e+00
1.03715559e+03 3.49352548e+00
1.03915589e+03 3.49592137e+00
1.04115619e+03 3.49830697e+00
1.04315649e+03 3.50068091e+00
1.04515679e+03 3.50304183e+00
1.04715709e+03 3.50538878e+00
1.04915739e+03 3.50772236e+00
1.05115769e+03 3.51004370e+00
1.05315799e+03 3.51235598e+00
1.05515829e+03 3.51466419e+00
1.05715859e+03 3.51697303e+00
1.05915889e+03 3.51928643e+00
1.06115919e+03 3.52160762e+00
1.06315949e+03 3.52393579e+00
1.06515979e+03 3.52626755e+00
1.06716009e+03 3.52859703e+00
1.06916039e+03 3.53091759e+00
1.07116069e+03 3.53322437e+00
1.07316099e+03 3.53551450e+00
1.07516129e+03 3.53778789e+00
1.07716159e+03 3.54004888e+00
1.07916189e+03 3.54230388e+00
1.08116219e+03 3.54456027e+00
1.08316249e+03 3.54682539e+00
1.08516279e+03 3.54910473e+00
1.08716309e+03 3.55140076e+00
1.08916339e+03 3.55371345e+00
1.09116369e+03 3.55604070e+00
1.09316399e+03 3.55837779e+00
1.09516429e+03 3.56072035e+00
1.09716459e+03 3.56306427e+00
1.09916489e+03 3.56540707e+00
1.10116519e+03 3.56774794e+00
1.10316549e+03 3.57008747e+00
1.10516579e+03 3.57242902e+00
1.10716609e+03 3.57477579e+00
1.10916639e+03 3.57713227e+00
1.11116669e+03 3.57950227e+00
1.11316699e+03 3.58188894e+00
1.11516729e+03 3.58429442e+00
1.11716759e+03 3.58671998e+00
1.11916789e+03 3.58916598e+00
1.12116819e+03 3.59163181e+00
1.12316849e+03 3.59411607e+00
1.12516879e+03 3.59661689e+00
1.12716909e+03 3.59913217e+00
1.12916939e+03 3.60166080e+00
1.13116969e+03 3.60420171e+00
1.13316999e+03 3.60675364e+00
1.13517029e+03 3.60931687e+00
1.13717059e+03 3.61189096e+00
1.13917089e+03 3.61447587e+00
1.14117119e+03 3.61707127e+00
1.14317149e+03 3.61967676e+00
1.14517179e+03 3.62229163e+00
1.14717209e+03 3.62491550e+00
1.14917239e+03 3.62754763e+00
1.15117269e+03 3.63018751e+00
1.15317299e+03 3.63283504e+00
1.15517329e+03 3.63548984e+00
1.15717359e+03 3.63815108e+00
1.15917389e+03 3.64081877e+00
1.16117419e+03 3.64349266e+00
1.16317449e+03 3.64617284e+00
1.16517479e+03 3.64885896e+00
1.16717509e+03 3.65155110e+00
1.16917539e+03 3.65424904e+00
1.17117569e+03 3.65695300e+00
1.17317599e+03 3.65966285e+00
1.17517629e+03 3.66237881e+00
1.17717659e+03 3.66510072e+00
1.17917689e+03 3.66782848e+00
1.18117719e+03 3.67056277e+00
1.18317749e+03 3.67330397e+00
1.18517779e+03 3.67605250e+00
1.18717809e+03 3.67880880e+00
1.18917839e+03 3.68157322e+00
1.19117869e+03 3.68434451e+00
1.19317899e+03 3.68712173e+00
1.19517929e+03 3.68990219e+00
1.19717959e+03 3.69268452e+00
1.19917989e+03 3.69546781e+00
1.20118020e+03 3.69825440e+00
1.20318050e+03 3.70104916e+00
1.20518080e+03 3.70385846e+00
1.20718110e+03 3.70668976e+00
1.20918140e+03 3.70954683e+00
1.21118170e+03 3.71243085e+00
1.21318200e+03 3.71533951e+00
1.21518230e+03 3.71826970e+00
1.21718260e+03 3.72121849e+00
1.21918290e+03 3.72418306e+00
1.22118320e+03 3.72716182e+00
1.22318350e+03 3.73015328e+00
1.22518380e+03 3.73315844e+00
1.22718410e+03 3.73617997e+00
1.22918440e+03 3.73922232e+00
1.23118470e+03 3.74229032e+00
1.23318500e+03 3.74538852e+00
1.23518530e+03 3.74851999e+00
1.23718560e+03 3.75168569e+00
1.23918590e+03 3.75488295e+00
1.24118620e+03 3.75810797e+00
1.24318650e+03 3.76135690e+00
1.24518680e+03 3.76462689e+00
1.24718710e+03 3.76791599e+00
1.24918740e+03 3.77122494e+00
1.25118770e+03 3.77455419e+00
1.25318800e+03 3.77790221e+00
1.25518830e+03 3.78126477e+00
1.25718860e+03 3.78463561e+00
1.25918890e+03 3.78800750e+00
1.26118920e+03 3.79137349e+00
1.26318950e+03 3.79472735e+00
1.26518980e+03 3.79806470e+00
1.26719010e+03 3.80138485e+00
1.26919040e+03 3.80469161e+00
1.27119070e+03 3.80799234e+00
1.27319100e+03 3.81129545e+00
1.27519130e+03 3.81460753e+00
1.27719160e+03 3.81792997e+00
1.27919190e+03 3.82126117e+00
1.28119220e+03 3.82459725e+00
1.28319250e+03 3.82793724e+00
1.28519280e+03 3.83128122e+00
1.28719310e+03 3.83463180e+00
1.28919340e+03 3.83799301e+00
1.29119370e+03 3.84137299e+00
1.29319400e+03 3.84478241e+00
1.29519430e+03 3.84823340e+00
1.29719460e+03 3.85173853e+00
1.29919490e+03 3.85531178e+00
1.30119520e+03 3.85896638e+00
1.30319550e+03 3.86271555e+00
1.30519580e+03 3.86657058e+00
1.30719610e+03 3.87054209e+00
1.30919640e+03 3.87463854e+00
1.31119670e+03 3.87886996e+00
1.31319700e+03 3.88324942e+00
1.31519730e+03 3.88779451e+00
1.31719760e+03 3.89252754e+00
1.31919790e+03 3.89747378e+00
1.32119820e+03 3.90265909e+00
1.32319850e+03 3.90810776e+00
1.32519880e+03 3.91384130e+00
1.32719910e+03 3.91988080e+00
1.32919940e+03 3.92624867e+00
1.33119970e+03 3.93297274e+00
1.33320000e+03 3.94008583e+00
1.33520030e+03 3.94762466e+00
1.33720060e+03 3.95562647e+00
1.33920090e+03 3.96412930e+00
1.34120120e+03 3.97317188e+00
1.34320150e+03 3.98279740e+00
1.34520180e+03 3.99305251e+00
1.34720210e+03 4.00398881e+00
1.34920240e+03 4.01565899e+00
1.35120270e+03 4.02811442e+00
1.35320300e+03 4.04140468e+00
1.35520330e+03 4.05557730e+00
1.35720360e+03 4.07067966e+00
1.35920390e+03 4.08675979e+00
1.36120420e+03 4.10386823e+00
1.36320450e+03 4.12205481e+00
1.36520480e+03 4.14136919e+00
1.36720510e+03 4.16185698e+00
1.36920540e+03 4.18355995e+00
1.37120570e+03 4.20651517e+00
1.37320600e+03 4.23075570e+00
1.37520630e+03 4.25630972e+00
1.37720660e+03 4.28320173e+00
1.37920690e+03 4.31145202e+00
1.38120720e+03 4.34107636e+00
1.38320750e+03 4.37208709e+00
1.38520780e+03 4.40449306e+00
1.38720810e+03 4.43830064e+00
1.38920840e+03 4.47351446e+00
1.39120870e+03 4.51013706e+00
1.39320900e+03 4.54816665e+00
1.39520930e+03 4.58759341e+00
1.39720960e+03 4.62839991e+00
1.39920990e+03 4.67056354e+00
1.40121020e+03 4.71405981e+00
1.40321050e+03 4.75886276e+00
1.40521080e+03 4.80494346e+00
1.40721110e+03 4.85226990e+00
1.40921140e+03 4.90080865e+00
1.41121170e+03 4.95052663e+00
1.41321200e+03 5.00139237e+00
1.41521230e+03 5.05337383e+00
1.41721260e+03 5.10643694e+00
1.41921290e+03 5.16054626e+00
1.42121320e+03 5.21566600e+00
1.42321350e+03 5.27176214e+00
1.42521380e+03 5.32880027e+00
1.42721410e+03 5.38674433e+00
1.42921440e+03 5.44555645e+00
1.43121470e+03 5.50519745e+00
1.43321500e+03 5.56562904e+00
1.43521530e+03 5.62681535e+00
1.43721560e+03 5.68872377e+00
1.43921590e+03 5.75132500e+00
1.44121620e+03 5.81459444e+00
1.44321650e+03 5.87851270e+00
1.44521680e+03 5.94306320e+00
1.44721710e+03 6.00822912e+00
1.44921740e+03 6.07398794e+00
1.45121770e+03 6.14031052e+00
1.45321800e+03 6.20716676e+00
1.45521830e+03 6.27453339e+00
1.45721860e+03 6.34239753e+00
1.45921890e+03 6.41075131e+00
1.46121920e+03 6.47958629e+00
1.46321950e+03 6.54888984e+00
1.46521980e+03 6.61864813e+00
1.46722011e+03 6.68885019e+00
1.46922041e+03 6.75948987e+00
1.47122071e+03 6.83056378e+00
1.47322101e+03 6.90207009e+00
1.47522131e+03 6.97400745e+00
1.47722161e+03 7.04637538e+00
1.47922191e+03 7.11917218e+00
1.48122221e+03 7.19239202e+00
1.48322251e+03 7.26602414e+00
1.48522281e+03 7.34005708e+00
1.48722311e+03 7.41448176e+00
1.48922341e+03 7.48929248e+00
1.49122371e+03 7.56448537e+00
1.49322401e+03 7.64005543e+00
1.49522431e+03 7.71599562e+00
1.49722461e+03 7.79229765e+00
1.49922491e+03 7.86895292e+00
1.50122521e+03 7.94595112e+00
1.50322551e+03 8.02328044e+00
1.50522581e+03 8.10092529e+00
1.50722611e+03 8.17886796e+00
1.50922641e+03 8.25709200e+00
1.51122671e+03 8.33558420e+00
1.51322701e+03 8.41433418e+00
1.51522731e+03 8.49332987e+00
1.51722761e+03 8.57255281e+00
1.51922791e+03 8.65197691e+00
1.52122821e+03 8.73156928e+00
1.52322851e+03 8.81129771e+00
1.52522881e+03 8.89113251e+00
1.52722911e+03 8.97104753e+00
1.52922941e+03 9.05101689e+00
1.53122971e+03 9.13101032e+00
1.53323001e+03 9.21099257e+00
1.53523031e+03 9.29092255e+00
1.53723061e+03 9.37075591e+00
1.53923091e+03 9.45044625e+00
1.54123121e+03 9.52994802e+00
1.54323151e+03 9.60921579e+00
1.54523181e+03 9.68820238e+00
1.54723211e+03 9.76685660e+00
1.54923241e+03 9.84512350e+00
1.55123271e+03 9.92294361e+00
1.55323301e+03 1.00002535e+01
1.55523331e+03 1.00769844e+01
1.55723361e+03 1.01530638e+01
1.55923391e+03 1.02284149e+01
1.56123421e+03 1.03029593e+01
1.56323451e+03 1.03766175e+01
1.56523481e+03 1.04493093e+01
1.56723511e+03 1.05209526e+01
1.56923541e+03 1.05914604e+01
1.57123571e+03 1.06607379e+01
1.57323601e+03 1.07286842e+01
1.57523631e+03 1.07951958e+01
1.57723661e+03 1.08601722e+01
1.57923691e+03 1.09235194e+01
1.58123721e+03 1.09851506e+01
1.58323751e+03 1.10449841e+01
1.58523781e+03 1.11029393e+01
1.58723811e+03 1.11589391e+01
1.58923841e+03 1.12129124e+01
1.59123871e+03 1.12647991e+01
1.59323901e+03 1.13145498e+01
1.59523931e+03 1.13621234e+01
1.59723961e+03 1.14074821e+01
1.59923991e+03 1.14505921e+01
1.60124021e+03 1.14914290e+01
1.60324051e+03 1.15299846e+01
1.60524081e+03 1.15662649e+01
1.60724111e+03 1.16002863e+01
1.60924141e+03 1.16320725e+01
1.61124171e+03 1.16616571e+01
1.61324201e+03 1.16890852e+01
1.61524231e+03 1.17144111e+01
1.61724261e+03 1.17376981e+01
1.61924291e+03 1.17590199e+01
1.62124321e+03 1.17784608e+01
1.62324351e+03 1.17961108e+01
1.62524381e+03 1.18120608e+01
1.62724411e+03 1.18264012e+01
1.62924441e+03 1.18392249e+01
1.63124471e+03 1.18506289e+01
1.63324501e+03 1.18607131e+01
1.63524531e+03 1.18695775e+01
1.63724561e+03 1.18773207e+01
1.63924591e+03 1.18840396e+01
1.64124621e+03 1.18898316e+01
1.64324651e+03 1.18947935e+01
1.64524681e+03 1.18990157e+01
1.64724711e+03 1.19025764e+01
1.64924741e+03 1.19055421e+01
1.65124771e+03 1.19079770e+01
1.65324801e+03 1.19099546e+01
1.65524831e+03 1.19115537e+01
1.65724861e+03 1.19128453e+01
1.65924891e+03 1.19138839e+01
1.66124921e+03 1.19147174e+01
1.66324951e+03 1.19153966e+01
1.66524981e+03 1.19159743e+01
1.66725011e+03 1.19164921e+01
1.66925041e+03 1.19169787e+01
1.67125071e+03 1.19174614e+01
1.67325101e+03 1.19179722e+01
1.67525131e+03 1.19185427e+01
1.67725161e+03 1.19192007e+01
1.67925191e+03 1.19199743e+01
1.68125221e+03 1.19208935e+01
1.68325251e+03 1.19219822e+01
1.68525281e+03 1.19232516e+01
1.68725311e+03 1.19247011e+01
1.68925341e+03 1.19263282e+01
1.69125371e+03 1.19281342e+01
1.69325401e+03 1.19301277e+01
1.69525431e+03 1.19323242e+01
1.69725461e+03 1.19347394e+01
1.69925491e+03 1.19373883e+01
1.70125521e+03 1.19402863e+01
1.70325551e+03 1.19434502e+01
1.70525581e+03 1.19468887e+01
1.70725611e+03 1.19505950e+01
1.70925641e+03 1.19545533e+01
1.71125671e+03 1.19587566e+01
1.71325701e+03 1.19632122e+01
1.71525731e+03 1.19679292e+01
1.71725761e+03 1.19729101e+01
1.71925791e+03 1.19781516e+01
1.72125821e+03 1.19836494e+01
1.72325851e+03 1.19894068e+01
1.72525881e+03 1.19954439e+01
1.72725911e+03 1.20017955e+01
1.72925941e+03 1.20084943e+01
1.73125971e+03 1.20155522e+01
1.73326002e+03 1.20229606e+01
1.73526032e+03 1.20307021e+01
1.73726062e+03 1.20387608e+01
1.73926092e+03 1.20471319e+01
1.74126122e+03 1.20558305e+01
1.74326152e+03 1.20648890e+01
1.74526182e+03 1.20743440e+01
1.74726212e+03 1.20842220e+01
1.74926242e+03 1.20945337e+01
1.75126272e+03 1.21052795e+01
1.75326302e+03 1.21164595e+01
1.75526332e+03 1.21280796e+01
1.75726362e+03 1.21401525e+01
1.75926392e+03 1.21526980e+01
1.76126422e+03 1.21657431e+01
1.76326452e+03 1.21793206e+01
1.76526482e+03 1.21934669e+01
1.76726512e+03 1.22082180e+01
1.76926542e+03 1.22235941e+01
1.77126572e+03 1.22395874e+01
1.77326602e+03 1.22561687e+01
1.77526632e+03 1.22733120e+01
1.77726662e+03 1.22910160e+01
1.77926692e+03 1.23093038e+01
1.78126722e+03 1.23282054e+01
1.78326752e+03 1.23477398e+01
1.78526782e+03 1.23679145e+01
1.78726812e+03 1.23887346e+01
1.78926842e+03 1.24102048e+01
1.79126872e+03 1.24323226e+01
1.79326902e+03 1.24550791e+01
1.79526932e+03 1.24784683e+01
1.79726962e+03 1.25024880e+01
1.79926992e+03 1.25271205e+01
1.80127022e+03 1.25523174e+01
1.80327052e+03 1.25780119e+01
1.80527082e+03 1.26041494e+01
1.80727112e+03 1.26307041e+01
1.80927142e+03 1.26576799e+01
1.81127172e+03 1.26850969e+01
1.81327202e+03 1.27129822e+01
1.81527232e+03 1.27413696e+01
1.81727262e+03 1.27702938e+01
1.81927292e+03 1.27997789e+01
1.82127322e+03 1.28298415e+01
1.82327352e+03 1.28605174e+01
1.82527382e+03 1.28918832e+01
1.82727412e+03 1.29240413e+01
1.82927442e+03 1.29570814e+01
1.83127472e+03 1.29910607e+01
1.83327502e+03 1.30260207e+01
1.83527532e+03 1.30620169e+01
1.83727562e+03 1.30991201e+01
1.83927592e+03 1.31374041e+01
1.84127622e+03 1.31769428e+01
1.84327652e+03 1.32178126e+01
1.84527682e+03 1.32600885e+01
1.84727712e+03 1.33038498e+01
1.84927742e+03 1.33491688e+01
1.85127772e+03 1.33960936e+01
1.85327802e+03 1.34446622e+01
1.85527832e+03 1.34949137e+01
1.85727862e+03 1.35468693e+01
1.85927892e+03 1.36005201e+01
1.86127922e+03 1.36558498e+01
1.86327952e+03 1.37128399e+01
1.86527982e+03 1.37714421e+01
1.86728012e+03 1.38315606e+01
1.86928042e+03 1.38930622e+01
1.87128072e+03 1.39558003e+01
1.87328102e+03 1.40196327e+01
1.87528132e+03 1.40844254e+01
1.87728162e+03 1.41500548e+01
1.87928192e+03 1.42164106e+01
1.88128222e+03 1.42833737e+01
1.88328252e+03 1.43507965e+01
1.88528282e+03 1.44185284e+01
1.88728312e+03 1.44864291e+01
1.88928342e+03 1.45543292e+01
1.89128372e+03 1.46220032e+01
1.89328402e+03 1.46892186e+01
1.89528432e+03 1.47558046e+01
1.89728462e+03 1.48216520e+01
1.89928492e+03 1.48866472e+01
1.90128522e+03 1.49506221e+01
1.90328552e+03 1.50133907e+01
1.90528582e+03 1.50748067e+01
1.90728612e+03 1.51347567e+01
1.90928642e+03 1.51931203e+01
1.91128672e+03 1.52497495e+01
1.91328702e+03 1.53044700e+01
1.91528732e+03 1.53570998e+01
1.91728762e+03 1.54074909e+01
1.91928792e+03 1.54555848e+01
1.92128822e+03 1.55014441e+01
1.92328852e+03 1.55451801e+01
1.92528882e+03 1.55867877e+01
1.92728912e+03 1.56261094e+01
1.92928942e+03 1.56630309e+01
1.93128972e+03 1.56976220e+01
1.93329002e+03 1.57300442e+01
1.93529032e+03 1.57604099e+01
1.93729062e+03 1.57887439e+01
1.93929092e+03 1.58150110e+01
1.94129122e+03 1.58391379e+01
1.94329152e+03 1.58610288e+01
1.94529182e+03 1.58806061e+01
1.94729212e+03 1.58978685e+01
1.94929242e+03 1.59129351e+01
1.95129272e+03 1.59260478e+01
1.95329302e+03 1.59375252e+01
1.95529332e+03 1.59476828e+01
1.95729362e+03 1.59566930e+01
1.95929392e+03 1.59643990e+01
1.96129422e+03 1.59703772e+01
1.96329452e+03 1.59743877e+01
1.96529482e+03 1.59766781e+01
1.96729512e+03 1.59777796e+01
1.96929542e+03 1.59781798e+01
1.97129572e+03 1.59782784e+01
1.97329602e+03 1.59784779e+01
1.97529632e+03 1.59791770e+01
1.97729662e+03 1.59807266e+01
1.97929692e+03 1.59834530e+01
1.98129722e+03 1.59877391e+01
1.98329752e+03 1.59940743e+01
1.98529782e+03 1.60030234e+01
1.98729812e+03 1.60151190e+01
1.98929842e+03 1.60307488e+01
1.99129872e+03 1.60500999e+01
1.99329902e+03 1.60732577e+01
1.99529932e+03 1.61005412e+01
1.99729962e+03 1.61326019e+01
1.99929992e+03 1.61698728e+01
2.00130023e+03 1.62123475e+01
2.00330053e+03 1.62600763e+01
2.00530083e+03 1.63134967e+01
2.00730113e+03 1.63731122e+01
2.00930143e+03 1.64391031e+01
2.01130173e+03 1.65114211e+01
2.01330203e+03 1.65899948e+01
2.01530233e+03 1.66747714e+01
2.01730263e+03 1.67656883e+01
2.01930293e+03 1.68626520e+01
2.02130323e+03 1.69655351e+01
2.02330353e+03 1.70741821e+01
2.02530383e+03 1.71883976e+01
2.02730413e+03 1.73078742e+01
2.02930443e+03 1.74320206e+01
2.03130473e+03 1.75599675e+01
2.03330503e+03 1.76911138e+01
2.03530533e+03 1.78254564e+01
2.03730563e+03 1.79632954e+01
2.03930593e+03 1.81048585e+01
2.04130623e+03 1.82500511e+01
2.04330653e+03 1.83986289e+01
2.04530683e+03 1.85503969e+01
2.04730713e+03 1.87051558e+01
2.04930743e+03 1.88624696e+01
2.05130773e+03 1.90215322e+01
2.05330803e+03 1.91817382e+01
2.05530833e+03 1.93435068e+01
2.05730863e+03 1.95076655e+01
2.05930893e+03 1.96742012e+01
2.06130923e+03 1.98424981e+01
2.06330953e+03 2.00126789e+01
2.06530983e+03 2.01847913e+01
2.06731013e+03 2.03576557e+01
2.06931043e+03 2.05311235e+01
2.07131073e+03 2.07071402e+01
2.07331103e+03 2.08875152e+01
2.07531133e+03 2.10716675e+01
2.07731163e+03 2.12562444e+01
2.07931193e+03 2.14398952e+01
2.08131223e+03 2.16268597e+01
2.08331253e+03 2.18205254e+01
2.08531283e+03 2.20199248e+01
2.08731313e+03 2.22249260e+01
2.08931343e+03 2.24375615e+01
2.09131373e+03 2.26561671e+01
2.09331403e+03 2.28811679e+01
2.09531433e+03 2.31189400e+01
2.09731463e+03 2.33731761e+01
2.09931493e+03 2.36430405e+01
2.10131523e+03 2.39211738e+01
2.10331553e+03 2.42035916e+01
2.10531583e+03 2.44943395e+01
2.10731613e+03 2.47959123e+01
2.10931643e+03 2.51097746e+01
2.11131673e+03 2.54446871e+01
2.11331703e+03 2.58023818e+01
2.11531733e+03 2.61797159e+01
2.11731763e+03 2.65826817e+01
2.11931793e+03 2.70095889e+01
2.12131823e+03 2.74644849e+01
2.12331853e+03 2.79417758e+01
2.12531883e+03 2.84285183e+01
2.12731913e+03 2.89185722e+01
2.12931943e+03 2.94256640e+01
2.13131973e+03 2.99575472e+01
2.13332003e+03 3.05142705e+01
2.13532033e+03 3.10943741e+01
2.13732063e+03 3.16964902e+01
2.13932093e+03 3.23194934e+01
2.14132123e+03 3.29624509e+01
2.14332153e+03 3.36245718e+01
2.14532183e+03 3.43051722e+01
2.14732213e+03 3.50036524e+01
2.14932243e+03 3.57194794e+01
2.15132273e+03 3.64521746e+01
2.15332303e+03 3.72013056e+01
2.15532333e+03 3.79664778e+01
2.15732363e+03 3.87473299e+01
2.15932393e+03 3.95435288e+01
2.16132423e+03 4.03547665e+01
2.16332453e+03 4.11807562e+01
2.16532483e+03 4.20212310e+01
2.16732513e+03 4.28759407e+01
2.16932543e+03 4.37446509e+01
2.17132573e+03 4.46271406e+01
2.17332603e+03 4.55232019e+01
2.17532633e+03 4.64326378e+01
2.17732663e+03 4.73552621e+01
2.17932693e+03 4.82908977e+01
2.18132723e+03 4.92393766e+01
2.18332753e+03 5.02005386e+01
2.18532783e+03 5.11742311e+01
2.18732813e+03 5.21603084e+01
2.18932843e+03 5.31586309e+01
2.19132873e+03 5.41690654e+01
2.19332903e+03 5.51914840e+01
2.19532933e+03 5.62257638e+01
2.19732963e+03 5.72717872e+01
2.19932993e+03 5.83294407e+01
2.20133023e+03 5.93986156e+01
2.20333053e+03 6.04792066e+01
2.20533083e+03 6.15711128e+01
2.20733113e+03 6.26742363e+01
2.20933143e+03 6.37884832e+01
2.21133173e+03 6.49137621e+01
2.21333203e+03 6.60499854e+01
2.21533233e+03 6.71970679e+01
2.21733263e+03 6.83549271e+01
2.21933293e+03 6.95234834e+01
2.22133323e+03 7.07026594e+01
2.22333353e+03 7.18923802e+01
2.22533383e+03 7.30925734e+01
2.22733413e+03 7.43031681e+01
2.22933443e+03 7.55240959e+01
2.23133473e+03 7.67552905e+01
2.23333503e+03 7.79966871e+01
2.23533533e+03 7.92482230e+01
2.23733563e+03 8.05098369e+01
2.23933593e+03 8.17814696e+01
2.24133623e+03 8.30630629e+01
2.24333653e+03 8.43545610e+01
2.24533683e+03 8.56559087e+01
2.24733713e+03 8.69670525e+01
2.24933743e+03 8.82879404e+01
2.25133773e+03 8.96185216e+01
2.25333803e+03 9.09587467e+01
2.25533833e+03 9.23085673e+01
2.25733863e+03 9.36679363e+01
2.25933893e+03 9.50368076e+01
2.26133923e+03 9.64151364e+01
2.26333953e+03 9.78028790e+01
2.26533983e+03 9.91999923e+01
2.26734014e+03 1.00606435e+02
2.26934044e+03 1.02022165e+02
2.27134074e+03 1.03447144e+02
2.27334104e+03 1.04881332e+02
2.27534134e+03 1.06324691e+02
2.27734164e+03 1.07777183e+02
2.27934194e+03 1.09238773e+02
2.28134224e+03 1.10709424e+02
2.28334254e+03 1.12189101e+02
2.28534284e+03 1.13677771e+02
2.28734314e+03 1.15175400e+02
2.28934344e+03 1.16681954e+02
2.29134374e+03 1.18197403e+02
2.29334404e+03 1.19721714e+02
2.29534434e+03 1.21254857e+02
2.29734464e+03 1.22796802e+02
2.29934494e+03 1.24347519e+02
2.30134524e+03 1.25906979e+02
2.30334554e+03 1.27475154e+02
2.30534584e+03 1.29052016e+02
2.30734614e+03 1.30637538e+02
2.30934644e+03 1.32231693e+02
2.31134674e+03 1.33834456e+02
2.31334704e+03 1.35445800e+02
2.31534734e+03 1.37065701e+02
2.31734764e+03 1.38694133e+02
2.31934794e+03 1.40331073e+02
2.32134824e+03 1.41976497e+02
2.32334854e+03 1.43630382e+02
2.32534884e+03 1.45292704e+02
2.32734914e+03 1.46963443e+02
2.32934944e+03 1.48642575e+02
2.33134974e+03 1.50330079e+02
2.33335004e+03 1.52025934e+02
2.33535034e+03 1.53730120e+02
2.33735064e+03 1.55442616e+02
2.33935094e+03 1.57163402e+02
2.34135124e+03 1.58892459e+02
2.34335154e+03 1.60629767e+02
2.34535184e+03 1.62375308e+02
2.34735214e+03 1.64129063e+02
2.34935244e+03 1.65891014e+02
2.35135274e+03 1.67661144e+02
2.35335304e+03 1.69439434e+02
2.35535334e+03 1.71225868e+02
2.35735364e+03 1.73020429e+02
2.35935394e+03 1.74823101e+02
2.36135424e+03 1.76633866e+02
2.36335454e+03 1.78452710e+02
2.36535484e+03 1.80279617e+02
2.36735514e+03 1.82114571e+02
2.36935544e+03 1.83957557e+02
2.37135574e+03 1.85808562e+02
2.37335604e+03 1.87667569e+02
2.37535634e+03 1.89534565e+02
2.37735664e+03 1.91409537e+02
2.37935694e+03 1.93292470e+02
2.38135724e+03 1.95183350e+02
2.38335754e+03 1.97082166e+02
2.38535784e+03 1.98988903e+02
2.38735814e+03 2.00903550e+02
2.38935844e+03 2.02826094e+02
2.39135874e+03 2.04756522e+02
2.39335904e+03 2.06694823e+02
2.39535934e+03 2.08640985e+02
2.39735964e+03 2.10594996e+02
2.39935994e+03 2.12556845e+02
2.40136024e+03 2.14526521e+02
2.40336054e+03 2.16504013e+02
2.40536084e+03 2.18489311e+02
2.40736114e+03 2.20482404e+02
2.40936144e+03 2.22483282e+02
2.41136174e+03 2.24491935e+02
2.41336204e+03 2.26508352e+02
2.41536234e+03 2.28532525e+02
2.41736264e+03 2.30564444e+02
2.41936294e+03 2.32604099e+02
2.42136324e+03 2.34651482e+02
2.42336354e+03 2.36706584e+02
2.42536384e+03 2.38769396e+02
2.42736414e+03 2.40839909e+02
2.42936444e+03 2.42918115e+02
2.43136474e+03 2.45004006e+02
2.43336504e+03 2.47097574e+02
2.43536534e+03 2.49198811e+02
2.43736564e+03 2.51307710e+02
2.43936594e+03 2.53424263e+02
2.44136624e+03 2.55548462e+02
2.44336654e+03 2.57680301e+02
2.44536684e+03 2.59819773e+02
2.44736714e+03 2.61966870e+02
2.44936744e+03 2.64121586e+02
2.45136774e+03 2.66283914e+02
2.45336804e+03 2.68453849e+02
2.45536834e+03 2.70631384e+02
2.45736864e+03 2.72816512e+02
2.45936894e+03 2.75009228e+02
2.46136924e+03 2.77209527e+02
2.46336954e+03 2.79417402e+02
2.46536984e+03 2.81632847e+02
2.46737014e+03 2.83855859e+02
2.46937044e+03 2.86086431e+02
2.47137074e+03 2.88324558e+02
2.47337104e+03 2.90570236e+02
2.47537134e+03 2.92823459e+02
2.47737164e+03 2.95084223e+02
2.47937194e+03 2.97352523e+02
2.48137224e+03 2.99628356e+02
2.48337254e+03 3.01911716e+02
2.48537284e+03 3.04202600e+02
2.48737314e+03 3.06501004e+02
2.48937344e+03 3.08806923e+02
2.49137374e+03 3.11120354e+02
2.49337404e+03 3.13441294e+02
2.49537434e+03 3.15769738e+02
2.49737464e+03 3.18105683e+02
2.49937494e+03 3.20449127e+02
2.50137524e+03 3.22800066e+02
2.50337554e+03 3.25158497e+02
2.50537584e+03 3.27524416e+02
2.50737614e+03 3.29897822e+02
2.50937644e+03 3.32278712e+02
2.51137674e+03 3.34667082e+02
2.51337704e+03 3.37062931e+02
2.51537734e+03 3.39466256e+02
2.51737764e+03 3.41877055e+02
2.51937794e+03 3.44295326e+02
2.52137824e+03 3.46721066e+02
2.52337854e+03 3.49154275e+02
2.52537884e+03 3.51594950e+02
2.52737914e+03 3.54043089e+02
2.52937944e+03 3.56498691e+02
2.53137974e+03 3.58961754e+02
2.53338005e+03 3.61432278e+02
2.53538035e+03 3.63910260e+02
2.53738065e+03 3.66395700e+02
2.53938095e+03 3.68888596e+02
2.54138125e+03 3.71388948e+02
2.54338155e+03 3.73896755e+02
2.54538185e+03 3.76412016e+02
2.54738215e+03 3.78934730e+02
2.54938245e+03 3.81464897e+02
2.55138275e+03 3.84002517e+02
2.55338305e+03 3.86547588e+02
2.55538335e+03 3.89100112e+02
2.55738365e+03 3.91660086e+02
2.55938395e+03 3.94227513e+02
2.56138425e+03 3.96802391e+02
2.56338455e+03 3.99384721e+02
2.56538485e+03 4.01974503e+02
2.56738515e+03 4.04571737e+02
2.56938545e+03 4.07176424e+02
2.57138575e+03 4.09788565e+02
2.57338605e+03 4.12408159e+02
2.57538635e+03 4.15035208e+02
2.57738665e+03 4.17669712e+02
2.57938695e+03 4.20311673e+02
2.58138725e+03 4.22961091e+02
2.58338755e+03 4.25617967e+02
2.58538785e+03 4.28282303e+02
2.58738815e+03 4.30954099e+02
2.58938845e+03 4.33633358e+02
2.59138875e+03 4.36320080e+02
2.59338905e+03 4.39014267e+02
2.59538935e+03 4.41715921e+02
2.59738965e+03 4.44425043e+02
2.59938995e+03 4.47141636e+02
2.60139025e+03 4.49865700e+02
2.60339055e+03 4.52597239e+02
2.60539085e+03 4.55336253e+02
2.60739115e+03 4.58082746e+02
2.60939145e+03 4.60836720e+02
2.61139175e+03 4.63598176e+02
2.61339205e+03 4.66367117e+02
2.61539235e+03 4.69143546e+02
2.61739265e+03 4.71927466e+02
2.61939295e+03 4.74718878e+02
2.62139325e+03 4.77517786e+02
2.62339355e+03 4.80324192e+02
2.62539385e+03 4.83138100e+02
2.62739415e+03 4.85959512e+02
2.62939445e+03 4.88788431e+02
2.63139475e+03 4.91624861e+02
2.63339505e+03 4.94468806e+02
2.63539535e+03 4.97320267e+02
2.63739565e+03 5.00179249e+02
2.63939595e+03 5.03045755e+02
2.64139625e+03 5.05919789e+02
2.64339655e+03 5.08801355e+02
2.64539685e+03 5.11690455e+02
2.64739715e+03 5.14587095e+02
2.64939745e+03 5.17491278e+02
2.65139775e+03 5.20403007e+02
2.65339805e+03 5.23322288e+02
2.65539835e+03 5.26249124e+02
2.65739865e+03 5.29183519e+02
2.65939895e+03 5.32125478e+02
2.66139925e+03 5.35075006e+02
2.66339955e+03 5.38032106e+02
2.66539985e+03 5.40996783e+02
2.66740015e+03 5.43969042e+02
2.66940045e+03 5.46948888e+02
2.67140075e+03 5.49936326e+02
2.67340105e+03 5.52931360e+02
2.67540135e+03 5.55933996e+02
2.67740165e+03 5.58944238e+02
2.67940195e+03 5.61962091e+02
2.68140225e+03 5.64987562e+02
2.68340255e+03 5.68020655e+02
2.68540285e+03 5.71061375e+02
2.68740315e+03 5.74109729e+02
2.68940345e+03 5.77165721e+02
2.69140375e+03 5.80229358e+02
2.69340405e+03 5.83300644e+02
2.69540435e+03 5.86379587e+02
2.69740465e+03 5.89466191e+02
2.69940495e+03 5.92560463e+02
2.70140525e+03 5.95662409e+02
2.70340555e+03 5.98772035e+02
2.70540585e+03 6.01889347e+02
2.70740615e+03 6.05014351e+02
2.70940645e+03 6.08147054e+02
2.71140675e+03 6.11287463e+02
2.71340705e+03 6.14435583e+02
2.71540735e+03 6.17591422e+02
2.71740765e+03 6.20754986e+02
2.71940795e+03 6.23926282e+02
2.72140825e+03 6.27105317e+02
2.72340855e+03 6.30292097e+02
2.72540885e+03 6.33486631e+02
2.72740915e+03 6.36688925e+02
2.72940945e+03 6.39898985e+02
2.73140975e+03 6.43116821e+02
2.73341005e+03 6.46342438e+02
2.73541035e+03 6.49575845e+02
2.73741065e+03 6.52817048e+02
2.73941095e+03 6.56066056e+02
2.74141125e+03 6.59322877e+02
2.74341155e+03 6.62587517e+02
2.74541185e+03 6.65859985e+02
2.74741215e+03 6.69140289e+02
2.74941245e+03 6.72428437e+02
2.75141275e+03 6.75724438e+02
2.75341305e+03 6.79028298e+02
2.75541335e+03 6.82340027e+02
2.75741365e+03 6.85659633e+02
2.75941395e+03 6.88987125e+02
2.76141425e+03 6.92322510e+02
2.76341455e+03 6.95665799e+02
2.76541485e+03 6.99016998e+02
2.76741515e+03 7.02376118e+02
2.76941545e+03 7.05743167e+02
2.77141575e+03 7.09118154e+02
2.77341605e+03 7.12501089e+02
2.77541635e+03 7.15891979e+02
2.77741665e+03 7.19290836e+02
2.77941695e+03 7.22697667e+02
2.78141725e+03 7.26112483e+02
2.78341755e+03 7.29535293e+02
2.78541785e+03 7.32966106e+02
2.78741815e+03 7.36404933e+02
2.78941845e+03 7.39851783e+02
2.79141875e+03 7.43306665e+02
2.79341905e+03 7.46769591e+02
2.79541935e+03 7.50240569e+02
2.79741965e+03 7.53719611e+02
2.79941995e+03 7.57206726e+02
2.80142026e+03 7.60701924e+02
2.80342056e+03 7.64205217e+02
2.80542086e+03 7.67716614e+02
2.80742116e+03 7.71236127e+02
2.80942146e+03 7.74763765e+02
2.81142176e+03 7.78299540e+02
2.81342206e+03 7.81843463e+02
2.81542236e+03 7.85395545e+02
2.81742266e+03 7.88955796e+02
2.81942296e+03 7.92524227e+02
2.82142326e+03 7.96100851e+02
2.82342356e+03 7.99685679e+02
2.82542386e+03 8.03278721e+02
2.82742416e+03 8.06879989e+02
2.82942446e+03 8.10489496e+02
2.83142476e+03 8.14107253e+02
2.83342506e+03 8.17733271e+02
2.83542536e+03 8.21367563e+02
2.83742566e+03 8.25010141e+02
2.83942596e+03 8.28661016e+02
2.84142626e+03 8.32320201e+02
2.84342656e+03 8.35987709e+02
2.84542686e+03 8.39663551e+02
2.84742716e+03 8.43347741e+02
2.84942746e+03 8.47040291e+02
2.85142776e+03 8.50741213e+02
2.85342806e+03 8.54450521e+02
2.85542836e+03 8.58168228e+02
2.85742866e+03 8.61894345e+02
2.85942896e+03 8.65628888e+02
2.86142926e+03 8.69371868e+02
2.86342956e+03 8.73123300e+02
2.86542986e+03 8.76883196e+02
2.86743016e+03 8.80651571e+02
2.86943046e+03 8.84428438e+02
2.87143076e+03 8.88213810e+02
2.87343106e+03 8.92007702e+02
2.87543136e+03 8.95810127e+02
2.87743166e+03 8.99621101e+02
2.87943196e+03 9.03440636e+02
2.88143226e+03 9.07268747e+02
2.88343256e+03 9.11105449e+02
2.88543286e+03 9.14950756e+02
2.88743316e+03 9.18804683e+02
2.88943346e+03 9.22667245e+02
2.89143376e+03 9.26538456e+02
2.89343406e+03 9.30418331e+02
2.89543436e+03 9.34306886e+02
2.89743466e+03 9.38204136e+02
2.89943496e+03 9.42110096e+02
2.90143526e+03 9.46024781e+02
2.90343556e+03 9.49948208e+02
2.90543586e+03 9.53880391e+02
2.90743616e+03 9.57821347e+02
2.90943646e+03 9.61771091e+02
2.91143676e+03 9.65729640e+02
2.91343706e+03 9.69697010e+02
2.91543736e+03 9.73673217e+02
2.91743766e+03 9.77658276e+02
2.91943796e+03 9.81652206e+02
2.92143826e+03 9.85655023e+02
2.92343856e+03 9.89666742e+02
2.92543886e+03 9.93687382e+02
2.92743916e+03 9.97716959e+02
2.92943946e+03 1.00175549e+03
2.93143976e+03 1.00580299e+03
2.93344006e+03 1.00985949e+03
2.93544036e+03 1.01392498e+03
2.93744066e+03 1.01799951e+03
2.93944096e+03 1.02208307e+03
2.94144126e+03 1.02617570e+03
2.94344156e+03 1.03027740e+03
2.94544186e+03 1.03438820e+03
2.94744216e+03 1.03850811e+03
2.94944246e+03 1.04263715e+03
2.95144276e+03 1.04677535e+03
2.95344306e+03 1.05092272e+03
2.95544336e+03 1.05507928e+03
2.95744366e+03 1.05924504e+03
2.95944396e+03 1.06342003e+03
2.96144426e+03 1.06760427e+03
2.96344456e+03 1.07179777e+03
2.96544486e+03 1.07600056e+03
2.96744516e+03 1.08021266e+03
2.96944546e+03 1.08443408e+03
2.97144576e+03 1.08866484e+03
2.97344606e+03 1.09290497e+03
2.97544636e+03 1.09715448e+03
2.97744666e+03 1.10141340e+03
2.97944696e+03 1.10568175e+03
2.98144726e+03 1.10995954e+03
2.98344756e+03 1.11424681e+03
2.98544786e+03 1.11854356e+03
2.98744816e+03 1.12284982e+03
2.98944846e+03 1.12716561e+03
2.99144876e+03 1.13149096e+03
2.99344906e+03 1.13582588e+03
2.99544936e+03 1.14017039e+03
2.99744966e+03 1.14452453e+03
2.99944996e+03 1.14888830e+03
3.00145026e+03 1.15326174e+03
3.00345056e+03 1.15764487e+03
3.00545086e+03 1.16203770e+03
3.00745116e+03 1.16644026e+03
3.00945146e+03 1.17085258e+03
3.01145176e+03 1.17527467e+03
3.01345206e+03 1.17970657e+03
3.01545236e+03 1.18414828e+03
3.01745266e+03 1.18859985e+03
3.01945296e+03 1.19306128e+03
3.02145326e+03 1.19753262e+03
3.02345356e+03 1.20201387e+03
3.02545386e+03 1.20650506e+03
3.02745416e+03 1.21100622e+03
3.02945446e+03 1.21551738e+03
3.03145476e+03 1.22003855e+03
3.03345506e+03 1.22456976e+03
3.03545536e+03 1.22911105e+03
3.03745566e+03 1.23366242e+03
3.03945596e+03 1.23822392e+03
3.04145626e+03 1.24279556e+03
3.04345656e+03 1.24737737e+03
3.04545686e+03 1.25196938e+03
3.04745716e+03 1.25657161e+03
3.04945746e+03 1.26118409e+03
3.05145776e+03 1.26580685e+03
3.05345806e+03 1.27043992e+03
3.05545836e+03 1.27508331e+03
3.05745866e+03 1.27973706e+03
3.05945896e+03 1.28440120e+03
3.06145926e+03 1.28907575e+03
3.06345956e+03 1.29376075e+03
3.06545986e+03 1.29845621e+03
3.06746017e+03 1.30316218e+03
3.06946047e+03 1.30787867e+03
3.07146077e+03 1.31260571e+03
3.07346107e+03 1.31734334e+03
3.07546137e+03 1.32209159e+03
3.07746167e+03 1.32685048e+03
3.07946197e+03 1.33162004e+03
3.08146227e+03 1.33640031e+03
3.08346257e+03 1.34119131e+03
3.08546287e+03 1.34599307e+03
3.08746317e+03 1.35080563e+03
3.08946347e+03 1.35562902e+03
3.09146377e+03 1.36046326e+03
3.09346407e+03 1.36530839e+03
3.09546437e+03 1.37016444e+03
3.09746467e+03 1.37503145e+03
3.09946497e+03 1.37990943e+03
3.10146527e+03 1.38479843e+03
3.10346557e+03 1.38969848e+03
3.10546587e+03 1.39460962e+03
3.10746617e+03 1.39953186e+03
3.10946647e+03 1.40446526e+03
3.11146677e+03 1.40940984e+03
3.11346707e+03 1.41436563e+03
3.11546737e+03 1.41933267e+03
3.11746767e+03 1.42431099e+03
3.11946797e+03 1.42930064e+03
3.12146827e+03 1.43430163e+03
3.12346857e+03 1.43931402e+03
3.12546887e+03 1.44433783e+03
3.12746917e+03 1.44937310e+03
3.12946947e+03 1.45441986e+03
3.13146977e+03 1.45947816e+03
3.13347007e+03 1.46454803e+03
3.13547037e+03 1.46962950e+03
3.13747067e+03 1.47472261e+03
3.13947097e+03 1.47982741e+03
3.14147127e+03 1.48494392e+03
3.14347157e+03 1.49007219e+03
3.14547187e+03 1.49521225e+03
3.14747217e+03 1.50036415e+03
3.14947247e+03 1.50552792e+03
3.15147277e+03 1.51070360e+03
3.15347307e+03 1.51589123e+03
3.15547337e+03 1.52109085e+03
3.15747367e+03 1.52630250e+03
3.15947397e+03 1.53152623e+03
3.16147427e+03 1.53676207e+03
3.16347457e+03 1.54201006e+03
3.16547487e+03 1.54727024e+03
3.16747517e+03 1.55254267e+03
3.16947547e+03 1.55782737e+03
3.17147577e+03 1.56312440e+03
3.17347607e+03 1.56843379e+03
3.17547637e+03 1.57375559e+03
3.17747667e+03 1.57908984e+03
3.17947697e+03 1.58443659e+03
3.18147727e+03 1.58979587e+03
3.18347757e+03 1.59516775e+03
3.18547787e+03 1.60055225e+03
3.18747817e+03 1.60594943e+03
3.18947847e+03 1.61135933e+03
3.19147877e+03 1.61678200e+03
3.19347907e+03 1.62221748e+03
3.19547937e+03 1.62766583e+03
3.19747967e+03 1.63312708e+03
3.19947997e+03 1.63860129e+03
3.20148027e+03 1.64408851e+03
3.20348057e+03 1.64958878e+03
3.20548087e+03 1.65510215e+03
3.20748117e+03 1.66062868e+03
3.20948147e+03 1.66616840e+03
3.21148177e+03 1.67172138e+03
3.21348207e+03 1.67728766e+03
3.21548237e+03 1.68286730e+03
3.21748267e+03 1.68846034e+03
3.21948297e+03 1.69406684e+03
3.22148327e+03 1.69968686e+03
3.22348357e+03 1.70532043e+03
3.22548387e+03 1.71096762e+03
3.22748417e+03 1.71662848e+03
3.22948447e+03 1.72230307e+03
3.23148477e+03 1.72799144e+03
3.23348507e+03 1.73369365e+03
3.23548537e+03 1.73940974e+03
3.23748567e+03 1.74513978e+03
3.23948597e+03 1.75088383e+03
3.24148627e+03 1.75664194e+03
3.24348657e+03 1.76241417e+03
3.24548687e+03 1.76820057e+03
3.24748717e+03 1.77400122e+03
3.24948747e+03 1.77981616e+03
3.25148777e+03 1.78564545e+03
3.25348807e+03 1.79148917e+03
3.25548837e+03 1.79734736e+03
3.25748867e+03 1.80322009e+03
3.25948897e+03 1.80910742e+03
3.26148927e+03 1.81500941e+03
3.26348957e+03 1.82092614e+03
3.26548987e+03 1.82685765e+03
3.26749017e+03 1.83280402e+03
3.26949047e+03 1.83876531e+03
3.27149077e+03 1.84474159e+03
3.27349107e+03 1.85073292e+03
3.27549137e+03 1.85673937e+03
3.27749167e+03 1.86276101e+03
3.27949197e+03 1.86879790e+03
3.28149227e+03 1.87485012e+03
3.28349257e+03 1.88091773e+03
3.28549287e+03 1.88700080e+03
3.28749317e+03 1.89309941e+03
3.28949347e+03 1.89921362e+03
3.29149377e+03 1.90534351e+03
3.29349407e+03 1.91148915e+03
3.29549437e+03 1.91765062e+03
3.29749467e+03 1.92382799e+03
3.29949497e+03 1.93002133e+03
3.30149527e+03 1.93623071e+03
3.30349557e+03 1.94245623e+03
3.30549587e+03 1.94869794e+03
3.30749617e+03 1.95495594e+03
3.30949647e+03 1.96123029e+03
3.31149677e+03 1.96752109e+03
3.31349707e+03 1.97382840e+03
3.31549737e+03 1.98015231e+03
3.31749767e+03 1.98649291e+03
3.31949797e+03 1.99285026e+03
3.32149827e+03 1.99922447e+03
3.32349857e+03 2.00561561e+03
3.32549887e+03 2.01202376e+03
3.32749917e+03 2.01844902e+03
3.32949947e+03 2.02489147e+03
3.33149977e+03 2.03135119e+03
3.33350008e+03 2.03782828e+03
3.33550038e+03 2.04432283e+03
3.33750068e+03 2.05083492e+03
3.33950098e+03 2.05736466e+03
3.34150128e+03 2.06391212e+03
3.34350158e+03 2.07047740e+03
3.34550188e+03 2.07706061e+03
3.34750218e+03 2.08366182e+03
3.34950248e+03 2.09028115e+03
3.35150278e+03 2.09691868e+03
3.35350308e+03 2.10357452e+03
3.35550338e+03 2.11024876e+03
3.35750368e+03 2.11694151e+03
3.35950398e+03 2.12365286e+03
3.36150428e+03 2.13038292e+03
3.36350458e+03 2.13713179e+03
3.36550488e+03 2.14389958e+03
3.36750518e+03 2.15068640e+03
3.36950548e+03 2.15749234e+03
3.37150578e+03 2.16431752e+03
3.37350608e+03 2.17116205e+03
3.37550638e+03 2.17802604e+03
3.37750668e+03 2.18490960e+03
3.37950698e+03 2.19181285e+03
3.38150728e+03 2.19873589e+03
3.38350758e+03 2.20567884e+03
3.38550788e+03 2.21264182e+03
3.38750818e+03 2.21962495e+03
3.38950848e+03 2.22662835e+03
3.39150878e+03 2.23365214e+03
3.39350908e+03 2.24069644e+03
3.39550938e+03 2.24776138e+03
3.39750968e+03 2.25484707e+03
3.39950998e+03 2.26195366e+03
3.40151028e+03 2.26908125e+03
3.40351058e+03 2.27622999e+03
3.40551088e+03 2.28340000e+03
3.40751118e+03 2.29059143e+03
3.40951148e+03 2.29780439e+03
3.41151178e+03 2.30503903e+03
3.41351208e+03 2.31229548e+03
3.41551238e+03 2.31957389e+03
3.41751268e+03 2.32687439e+03
3.41951298e+03 2.33419712e+03
3.42151328e+03 2.34154224e+03
3.42351358e+03 2.34890988e+03
3.42551388e+03 2.35630019e+03
3.42751418e+03 2.36371332e+03
3.42951448e+03 2.37114943e+03
3.43151478e+03 2.37860866e+03
3.43351508e+03 2.38609117e+03
3.43551538e+03 2.39359711e+03
3.43751568e+03 2.40112666e+03
3.43951598e+03 2.40867995e+03
3.44151628e+03 2.41625717e+03
3.44351658e+03 2.42385846e+03
3.44551688e+03 2.43148401e+03
3.44751718e+03 2.43913397e+03
3.44951748e+03 2.44680853e+03
3.45151778e+03 2.45450784e+03
3.45351808e+03 2.46223209e+03
3.45551838e+03 2.46998145e+03
3.45751868e+03 2.47775611e+03
3.45951898e+03 2.48555625e+03
3.46151928e+03 2.49338204e+03
3.46351958e+03 2.50123368e+03
3.46551988e+03 2.50911136e+03
3.46752018e+03 2.51701527e+03
3.46952048e+03 2.52494560e+03
3.47152078e+03 2.53290255e+03
3.47352108e+03 2.54088632e+03
3.47552138e+03 2.54889712e+03
3.47752168e+03 2.55693513e+03
3.47952198e+03 2.56500059e+03
3.48152228e+03 2.57309369e+03
3.48352258e+03 2.58121464e+03
3.48552288e+03 2.58936367e+03
3.48752318e+03 2.59754100e+03
3.48952348e+03 2.60574685e+03
3.49152378e+03 2.61398143e+03
3.49352408e+03 2.62224499e+03
3.49552438e+03 2.63053775e+03
3.49752468e+03 2.63885995e+03
3.49952498e+03 2.64721182e+03
3.50152528e+03 2.65559362e+03
3.50352558e+03 2.66400558e+03
3.50552588e+03 2.67244795e+03
3.50752618e+03 2.68092098e+03
3.50952648e+03 2.68942494e+03
3.51152678e+03 2.69796008e+03
3.51352708e+03 2.70652667e+03
3.51552738e+03 2.71512497e+03
3.51752768e+03 2.72375525e+03
3.51952798e+03 2.73241779e+03
3.52152828e+03 2.74111288e+03
3.52352858e+03 2.74984079e+03
3.52552888e+03 2.75860181e+03
3.52752918e+03 2.76739623e+03
3.52952948e+03 2.77622436e+03
3.53152978e+03 2.78508649e+03
3.53353008e+03 2.79398293e+03
3.53553038e+03 2.80291399e+03
3.53753068e+03 2.81187999e+03
3.53953098e+03 2.82088124e+03
3.54153128e+03 2.82991808e+03
3.54353158e+03 2.83899083e+03
3.54553188e+03 2.84809984e+03
3.54753218e+03 2.85724543e+03
3.54953248e+03 2.86642797e+03
3.55153278e+03 2.87564780e+03
3.55353308e+03 2.88490527e+03
3.55553338e+03 2.89420077e+03
3.55753368e+03 2.90353465e+03
3.55953398e+03 2.91290729e+03
3.56153428e+03 2.92231907e+03
3.56353458e+03 2.93177039e+03
3.56553488e+03 2.94126164e+03
3.56753518e+03 2.95079322e+03
3.56953548e+03 2.96036554e+03
3.57153578e+03 2.96997901e+03
3.57353608e+03 2.97963407e+03
3.57553638e+03 2.98933113e+03
3.57753668e+03 2.99907065e+03
3.57953698e+03 3.00885305e+03
3.58153728e+03 3.01867880e+03
3.58353758e+03 3.02854836e+03
3.58553788e+03 3.03846220e+03
3.58753818e+03 3.04842079e+03
3.58953848e+03 3.05842463e+03
3.59153878e+03 3.06847420e+03
3.59353908e+03 3.07857001e+03
3.59553938e+03 3.08871258e+03
3.59753968e+03 3.09890242e+03
3.59953998e+03 3.10914008e+03
3.60154029e+03 3.11942608e+03
3.60354059e+03 3.12976099e+03
3.60554089e+03 3.14014537e+03
3.60754119e+03 3.15057979e+03
3.60954149e+03 3.16106483e+03
3.61154179e+03 3.17160110e+03
3.61354209e+03 3.18218920e+03
3.61554239e+03 3.19282974e+03
3.61754269e+03 3.20352336e+03
3.61954299e+03 3.21427070e+03
3.62154329e+03 3.22507242e+03
3.62354359e+03 3.23592919e+03
3.62554389e+03 3.24684168e+03
3.62754419e+03 3.25781061e+03
3.62954449e+03 3.26883667e+03
3.63154479e+03 3.27992059e+03
3.63354509e+03 3.29106311e+03
3.63554539e+03 3.30226498e+03
3.63754569e+03 3.31352699e+03
3.63954599e+03 3.32484990e+03
3.64154629e+03 3.33623454e+03
3.64354659e+03 3.34768171e+03
3.64554689e+03 3.35919226e+03
3.64754719e+03 3.37076704e+03
3.64954749e+03 3.38240692e+03
3.65154779e+03 3.39411281e+03
3.65354809e+03 3.40588561e+03
3.65554839e+03 3.41772626e+03
3.65754869e+03 3.42963571e+03
3.65954899e+03 3.44161494e+03
3.66154929e+03 3.45366494e+03
3.66354959e+03 3.46578674e+03
3.66554989e+03 3.47798138e+03
3.66755019e+03 3.49024992e+03
3.66955049e+03 3.50259347e+03
3.67155079e+03 3.51501314e+03
3.67355109e+03 3.52751007e+03
3.67555139e+03 3.54008544e+03
3.67755169e+03 3.55274044e+03
3.67955199e+03 3.56547631e+03
3.68155229e+03 3.57829430e+03
3.68355259e+03 3.59119571e+03
3.68555289e+03 3.60418185e+03
3.68755319e+03 3.61725409e+03
3.68955349e+03 3.63041380e+03
3.69155379e+03 3.64366242e+03
3.69355409e+03 3.65700140e+03
3.69555439e+03 3.67043224e+03
3.69755469e+03 3.68395647e+03
3.69955499e+03 3.69757568e+03
3.70155529e+03 3.71129147e+03
3.70355559e+03 3.72510552e+03
3.70555589e+03 3.73901952e+03
3.70755619e+03 3.75303523e+03
3.70955649e+03 3.76715444e+03
3.71155679e+03 3.78137901e+03
3.71355709e+03 3.79571083e+03
3.71555739e+03 3.81015185e+03
3.71755769e+03 3.82470408e+03
3.71955799e+03 3.83936958e+03
3.72155829e+03 3.85415048e+03
3.72355859e+03 3.86904897e+03
3.72555889e+03 3.88406728e+03
3.72755919e+03 3.89920773e+03
3.72955949e+03 3.91447271e+03
3.73155979e+03 3.92986467e+03
3.73356009e+03 3.94538613e+03
3.73556039e+03 3.96103971e+03
3.73756069e+03 3.97682808e+03
3.73956099e+03 3.99275403e+03
3.74156129e+03 4.00882039e+03
3.74356159e+03 4.02503012e+03
3.74556189e+03 4.04138626e+03
3.74756219e+03 4.05789195e+03
3.74956249e+03 4.07455042e+03
3.75156279e+03 4.09136503e+03
3.75356309e+03 4.10833924e+03
3.75556339e+03 4.12547661e+03
3.75756369e+03 4.14278086e+03
3.75956399e+03 4.16025579e+03
3.76156429e+03 4.17790538e+03
3.76356459e+03 4.19573370e+03
3.76556489e+03 4.21374501e+03
3.76756519e+03 4.23194370e+03
3.76956549e+03 4.25033431e+03
3.77156579e+03 4.26892157e+03
3.77356609e+03 4.28771036e+03
3.77556639e+03 4.30670576e+03
3.77756669e+03 4.32591304e+03
3.77956699e+03 4.34533767e+03
3.78156729e+03 4.36498533e+03
3.78356759e+03 4.38486192e+03
3.78556789e+03 4.40497358e+03
3.78756819e+03 4.42532670e+03
3.78956849e+03 4.44592791e+03
3.79156879e+03 4.46678413e+03
3.79356909e+03 4.48790257e+03
3.79556939e+03 4.50929073e+03
3.79756969e+03 4.53095644e+03
3.79956999e+03 4.55290787e+03
3.80157029e+03 4.57515354e+03
3.80357059e+03 4.59770236e+03
3.80557089e+03 4.62056363e+03
3.80757119e+03 4.64374707e+03
3.80957149e+03 4.66726285e+03
3.81157179e+03 4.69112165e+03
3.81357209e+03 4.71533460e+03
3.81557239e+03 4.73991342e+03
3.81757269e+03 4.76487036e+03
3.81957299e+03 4.79021831e+03
3.82157329e+03 4.81597078e+03
3.82357359e+03 4.84214200e+03
3.82557389e+03 4.86874692e+03
3.82757419e+03 4.89580128e+03
3.82957449e+03 4.92332167e+03
3.83157479e+03 4.95132557e+03
3.83357509e+03 4.97983143e+03
3.83557539e+03 5.00885874e+03
3.83757569e+03 5.03842811e+03
3.83957599e+03 5.06856133e+03
3.84157629e+03 5.09928149e+03
3.84357659e+03 5.13061306e+03
3.84557689e+03 5.16258202e+03
3.84757719e+03 5.19521595e+03
3.84957749e+03 5.22854421e+03
3.85157779e+03 5.26259804e+03
3.85357809e+03 5.29741074e+03
3.85557839e+03 5.33301785e+03
3.85757869e+03 5.36945735e+03
3.85957899e+03 5.40676987e+03
3.86157929e+03 5.44499897e+03
3.86357959e+03 5.48419135e+03
3.86557989e+03 5.52439722e+03
3.86758020e+03 5.56567060e+03
3.86958050e+03 5.60806972e+03
3.87158080e+03 5.65165745e+03
3.87358110e+03 5.69650181e+03
3.87558140e+03 5.74267648e+03
3.87758170e+03 5.79026146e+03
3.87958200e+03 5.83934378e+03
3.88158230e+03 5.89001832e+03
3.88358260e+03 5.94238871e+03
3.88558290e+03 5.99656847e+03
3.88758320e+03 6.05268219e+03
3.88958350e+03 6.11086700e+03
3.89158380e+03 6.17127424e+03
3.89358410e+03 6.23407140e+03
3.89558440e+03 6.29944442e+03
3.89758470e+03 6.36760041e+03
3.89958500e+03 6.43877081e+03
3.90158530e+03 6.51321524e+03
3.90358560e+03 6.59122605e+03
3.90558590e+03 6.67313384e+03
3.90758620e+03 6.75931415e+03
3.90958650e+03 6.85019561e+03
3.91158680e+03 6.94627001e+03
3.91358710e+03 7.04810480e+03
3.91558740e+03 7.15635870e+03
3.91758770e+03 7.27180154e+03
3.91958800e+03 7.39533944e+03
3.92158830e+03 7.52804759e+03
3.92358860e+03 7.67121295e+03
3.92558890e+03 7.82639105e+03
3.92758920e+03 7.99548262e+03
3.92958950e+03 8.18083873e+03
3.93158980e+03 8.38540815e+03
3.93359010e+03 8.61294887e+03
3.93559040e+03 8.86834037e+03
3.93759070e+03 9.15806094e+03
3.93959100e+03 9.49094815e+03
3.94159130e+03 9.87946973e+03
3.94359160e+03 1.03419530e+04
3.94559190e+03 1.09066351e+04
3.94759220e+03 1.16189769e+04
3.94959250e+03 1.25534524e+04
3.95159280e+03 1.38243670e+04
3.95359310e+03 1.55540895e+04
3.95559340e+03 1.76288807e+04
3.95759370e+03 1.89306170e+04
3.95959400e+03 1.77185287e+04
3.96159430e+03 1.70232222e+04
3.96359460e+03 1.82192207e+04
3.96559490e+03 1.99197017e+04
3.96759520e+03 2.15837437e+04
3.96959550e+03 2.31260987e+04
3.97159580e+03 2.45590322e+04
3.97359610e+03 2.59043109e+04
3.97559640e+03 2.71793926e+04
3.97759670e+03 2.83972609e+04
3.97959700e+03 2.95677442e+04
3.98159730e+03 3.06985424e+04
3.98359760e+03 3.17959088e+04
3.98559790e+03 3.28651114e+04
3.98759820e+03 3.39107713e+04
3.98959850e+03 3.49371436e+04
3.99159880e+03 3.59483969e+04
3.99359910e+03 3.69489306e+04
3.99559940e+03 3.79435499e+04
3.99759970e+03 3.89351096e+04
3.99960000e+03 3.98973867e+04
