# Data file for U(x)
# mu = 30.537332695491074
# omB = 12.32
# Columns:
# 1) x
# 2) U(x)
# 3) local density n_e(x)
# 4) compressibility dn_e(x)
# 
-5.99940000e+03 2.32338079e+05 0.00000000e+00 0.00000000e+00
-5.99789996e+03 2.18395116e+05 0.00000000e+00 0.00000000e+00
-5.99639992e+03 2.08993808e+05 0.00000000e+00 0.00000000e+00
-5.99489989e+03 2.01314386e+05 0.00000000e+00 0.00000000e+00
-5.99339985e+03 1.94611550e+05 0.00000000e+00 0.00000000e+00
-5.99189981e+03 1.88553953e+05 0.00000000e+00 0.00000000e+00
-5.99039977e+03 1.82959227e+05 0.00000000e+00 0.00000000e+00
-5.98889974e+03 1.77713940e+05 0.00000000e+00 0.00000000e+00
-5.98739970e+03 1.72741614e+05 0.00000000e+00 0.00000000e+00
-5.98589966e+03 1.67987610e+05 0.00000000e+00 0.00000000e+00
-5.98439962e+03 1.63411120e+05 0.00000000e+00 0.00000000e+00
-5.98289959e+03 1.58980547e+05 0.00000000e+00 0.00000000e+00
-5.98139955e+03 1.54670675e+05 0.00000000e+00 0.00000000e+00
-5.97989951e+03 1.50460843e+05 0.00000000e+00 0.00000000e+00
-5.97839947e+03 1.46333705e+05 0.00000000e+00 0.00000000e+00
-5.97689944e+03 1.42274374e+05 0.00000000e+00 0.00000000e+00
-5.97539940e+03 1.38269796e+05 0.00000000e+00 0.00000000e+00
-5.97389936e+03 1.34308281e+05 0.00000000e+00 0.00000000e+00
-5.97239932e+03 1.30379146e+05 0.00000000e+00 0.00000000e+00
-5.97089929e+03 1.26472423e+05 0.00000000e+00 0.00000000e+00
-5.96939925e+03 1.22578613e+05 0.00000000e+00 0.00000000e+00
-5.96789921e+03 1.18688477e+05 0.00000000e+00 0.00000000e+00
-5.96639917e+03 1.14792839e+05 0.00000000e+00 0.00000000e+00
-5.96489914e+03 1.10882388e+05 0.00000000e+00 0.00000000e+00
-5.96339910e+03 1.06947492e+05 0.00000000e+00 0.00000000e+00
-5.96189906e+03 1.02977984e+05 0.00000000e+00 0.00000000e+00
-5.96039902e+03 9.89629443e+04 0.00000000e+00 0.00000000e+00
-5.95889899e+03 9.48904679e+04 0.00000000e+00 0.00000000e+00
-5.95739895e+03 9.07474502e+04 0.00000000e+00 0.00000000e+00
-5.95589891e+03 8.65194668e+04 0.00000000e+00 0.00000000e+00
-5.95439887e+03 8.21909402e+04 0.00000000e+00 0.00000000e+00
-5.95289884e+03 7.77460517e+04 0.00000000e+00 0.00000000e+00
-5.95139880e+03 7.31714438e+04 0.00000000e+00 0.00000000e+00
-5.94989876e+03 6.84630496e+04 0.00000000e+00 0.00000000e+00
-5.94839872e+03 6.36421694e+04 0.00000000e+00 0.00000000e+00
-5.94689869e+03 5.87916847e+04 0.00000000e+00 0.00000000e+00
-5.94539865e+03 5.41342523e+04 0.00000000e+00 0.00000000e+00
-5.94389861e+03 5.01902681e+04 0.00000000e+00 0.00000000e+00
-5.94239857e+03 4.80495490e+04 0.00000000e+00 0.00000000e+00
-5.94089854e+03 4.95912445e+04 0.00000000e+00 0.00000000e+00
-5.93939850e+03 5.63600185e+04 0.00000000e+00 0.00000000e+00
-5.93789846e+03 6.51553868e+04 0.00000000e+00 0.00000000e+00
-5.93639842e+03 6.97176725e+04 0.00000000e+00 0.00000000e+00
-5.93489839e+03 6.86517656e+04 0.00000000e+00 0.00000000e+00
-5.93339835e+03 6.37087396e+04 0.00000000e+00 0.00000000e+00
-5.93189831e+03 5.68877353e+04 0.00000000e+00 0.00000000e+00
-5.93039827e+03 4.96360437e+04 0.00000000e+00 0.00000000e+00
-5.92889824e+03 4.28281553e+04 0.00000000e+00 0.00000000e+00
-5.92739820e+03 3.69048012e+04 0.00000000e+00 0.00000000e+00
-5.92589816e+03 3.20156765e+04 0.00000000e+00 0.00000000e+00
-5.92439812e+03 2.81337683e+04 0.00000000e+00 0.00000000e+00
-5.92289809e+03 2.51383970e+04 0.00000000e+00 0.00000000e+00
-5.92139805e+03 2.28711849e+04 0.00000000e+00 0.00000000e+00
-5.91989801e+03 2.11707773e+04 0.00000000e+00 0.00000000e+00
-5.91839797e+03 1.98920220e+04 0.00000000e+00 0.00000000e+00
-5.91689794e+03 1.89145167e+04 0.00000000e+00 0.00000000e+00
-5.91539790e+03 1.81444238e+04 0.00000000e+00 0.00000000e+00
-5.91389786e+03 1.75124402e+04 0.00000000e+00 0.00000000e+00
-5.91239782e+03 1.69699272e+04 0.00000000e+00 0.00000000e+00
-5.91089779e+03 1.64844959e+04 0.00000000e+00 0.00000000e+00
-5.90939775e+03 1.60358068e+04 0.00000000e+00 0.00000000e+00
-5.90789771e+03 1.56119674e+04 0.00000000e+00 0.00000000e+00
-5.90639767e+03 1.52066647e+04 0.00000000e+00 0.00000000e+00
-5.90489764e+03 1.48170199e+04 0.00000000e+00 0.00000000e+00
-5.90339760e+03 1.44420751e+04 0.00000000e+00 0.00000000e+00
-5.90189756e+03 1.40817909e+04 0.00000000e+00 0.00000000e+00
-5.90039752e+03 1.37364290e+04 0.00000000e+00 0.00000000e+00
-5.89889749e+03 1.34062112e+04 0.00000000e+00 0.00000000e+00
-5.89739745e+03 1.30911606e+04 0.00000000e+00 0.00000000e+00
-5.89589741e+03 1.27910580e+04 0.00000000e+00 0.00000000e+00
-5.89439737e+03 1.25054612e+04 0.00000000e+00 0.00000000e+00
-5.89289734e+03 1.22337541e+04 0.00000000e+00 0.00000000e+00
-5.89139730e+03 1.19752046e+04 0.00000000e+00 0.00000000e+00
-5.88989726e+03 1.17290183e+04 0.00000000e+00 0.00000000e+00
-5.88839722e+03 1.14943830e+04 0.00000000e+00 0.00000000e+00
-5.88689719e+03 1.12705019e+04 0.00000000e+00 0.00000000e+00
-5.88539715e+03 1.10566154e+04 0.00000000e+00 0.00000000e+00
-5.88389711e+03 1.08520147e+04 0.00000000e+00 0.00000000e+00
-5.88239707e+03 1.06560474e+04 0.00000000e+00 0.00000000e+00
-5.88089704e+03 1.04681191e+04 0.00000000e+00 0.00000000e+00
-5.87939700e+03 1.02876908e+04 0.00000000e+00 0.00000000e+00
-5.87789696e+03 1.01142749e+04 0.00000000e+00 0.00000000e+00
-5.87639692e+03 9.94743008e+03 0.00000000e+00 0.00000000e+00
-5.87489689e+03 9.78675636e+03 0.00000000e+00 0.00000000e+00
-5.87339685e+03 9.63188988e+03 0.00000000e+00 0.00000000e+00
-5.87189681e+03 9.48249845e+03 0.00000000e+00 0.00000000e+00
-5.87039677e+03 9.33827761e+03 0.00000000e+00 0.00000000e+00
-5.86889674e+03 9.19894721e+03 0.00000000e+00 0.00000000e+00
-5.86739670e+03 9.06424857e+03 0.00000000e+00 0.00000000e+00
-5.86589666e+03 8.93394206e+03 0.00000000e+00 0.00000000e+00
-5.86439662e+03 8.80780510e+03 0.00000000e+00 0.00000000e+00
-5.86289659e+03 8.68563047e+03 0.00000000e+00 0.00000000e+00
-5.86139655e+03 8.56722486e+03 0.00000000e+00 0.00000000e+00
-5.85989651e+03 8.45240764e+03 0.00000000e+00 0.00000000e+00
-5.85839647e+03 8.34100981e+03 0.00000000e+00 0.00000000e+00
-5.85689644e+03 8.23287303e+03 0.00000000e+00 0.00000000e+00
-5.85539640e+03 8.12784878e+03 0.00000000e+00 0.00000000e+00
-5.85389636e+03 8.02579763e+03 0.00000000e+00 0.00000000e+00
-5.85239632e+03 7.92658853e+03 0.00000000e+00 0.00000000e+00
-5.85089629e+03 7.83009820e+03 0.00000000e+00 0.00000000e+00
-5.84939625e+03 7.73621058e+03 0.00000000e+00 0.00000000e+00
-5.84789621e+03 7.64481625e+03 0.00000000e+00 0.00000000e+00
-5.84639617e+03 7.55581205e+03 0.00000000e+00 0.00000000e+00
-5.84489614e+03 7.46910053e+03 0.00000000e+00 0.00000000e+00
-5.84339610e+03 7.38458965e+03 0.00000000e+00 0.00000000e+00
-5.84189606e+03 7.30219233e+03 0.00000000e+00 0.00000000e+00
-5.84039602e+03 7.22182617e+03 0.00000000e+00 0.00000000e+00
-5.83889599e+03 7.14341310e+03 0.00000000e+00 0.00000000e+00
-5.83739595e+03 7.06687909e+03 0.00000000e+00 0.00000000e+00
-5.83589591e+03 6.99215393e+03 0.00000000e+00 0.00000000e+00
-5.83439587e+03 6.91917093e+03 0.00000000e+00 0.00000000e+00
-5.83289584e+03 6.84786673e+03 0.00000000e+00 0.00000000e+00
-5.83139580e+03 6.77818107e+03 0.00000000e+00 0.00000000e+00
-5.82989576e+03 6.71005663e+03 0.00000000e+00 0.00000000e+00
-5.82839572e+03 6.64343881e+03 0.00000000e+00 0.00000000e+00
-5.82689569e+03 6.57827560e+03 0.00000000e+00 0.00000000e+00
-5.82539565e+03 6.51451741e+03 0.00000000e+00 0.00000000e+00
-5.82389561e+03 6.45211693e+03 0.00000000e+00 0.00000000e+00
-5.82239557e+03 6.39102899e+03 0.00000000e+00 0.00000000e+00
-5.82089554e+03 6.33121047e+03 0.00000000e+00 0.00000000e+00
-5.81939550e+03 6.27262014e+03 0.00000000e+00 0.00000000e+00
-5.81789546e+03 6.21521859e+03 0.00000000e+00 0.00000000e+00
-5.81639542e+03 6.15896810e+03 0.00000000e+00 0.00000000e+00
-5.81489539e+03 6.10383258e+03 0.00000000e+00 0.00000000e+00
-5.81339535e+03 6.04977746e+03 0.00000000e+00 0.00000000e+00
-5.81189531e+03 5.99676962e+03 0.00000000e+00 0.00000000e+00
-5.81039527e+03 5.94477730e+03 0.00000000e+00 0.00000000e+00
-5.80889524e+03 5.89377004e+03 0.00000000e+00 0.00000000e+00
-5.80739520e+03 5.84371863e+03 0.00000000e+00 0.00000000e+00
-5.80589516e+03 5.79459500e+03 0.00000000e+00 0.00000000e+00
-5.80439512e+03 5.74637222e+03 0.00000000e+00 0.00000000e+00
-5.80289509e+03 5.69902438e+03 0.00000000e+00 0.00000000e+00
-5.80139505e+03 5.65252661e+03 0.00000000e+00 0.00000000e+00
-5.79989501e+03 5.60685497e+03 0.00000000e+00 0.00000000e+00
-5.79839497e+03 5.56198644e+03 0.00000000e+00 0.00000000e+00
-5.79689494e+03 5.51789885e+03 0.00000000e+00 0.00000000e+00
-5.79539490e+03 5.47457088e+03 0.00000000e+00 0.00000000e+00
-5.79389486e+03 5.43198198e+03 0.00000000e+00 0.00000000e+00
-5.79239482e+03 5.39011234e+03 0.00000000e+00 0.00000000e+00
-5.79089479e+03 5.34894288e+03 0.00000000e+00 0.00000000e+00
-5.78939475e+03 5.30845520e+03 0.00000000e+00 0.00000000e+00
-5.78789471e+03 5.26863155e+03 0.00000000e+00 0.00000000e+00
-5.78639467e+03 5.22945480e+03 0.00000000e+00 0.00000000e+00
-5.78489464e+03 5.19090841e+03 0.00000000e+00 0.00000000e+00
-5.78339460e+03 5.15297644e+03 0.00000000e+00 0.00000000e+00
-5.78189456e+03 5.11564346e+03 0.00000000e+00 0.00000000e+00
-5.78039452e+03 5.07889456e+03 0.00000000e+00 0.00000000e+00
-5.77889449e+03 5.04271537e+03 0.00000000e+00 0.00000000e+00
-5.77739445e+03 5.00709195e+03 0.00000000e+00 0.00000000e+00
-5.77589441e+03 4.97201086e+03 0.00000000e+00 0.00000000e+00
-5.77439437e+03 4.93745906e+03 0.00000000e+00 0.00000000e+00
-5.77289434e+03 4.90342396e+03 0.00000000e+00 0.00000000e+00
-5.77139430e+03 4.86989336e+03 0.00000000e+00 0.00000000e+00
-5.76989426e+03 4.83685546e+03 0.00000000e+00 0.00000000e+00
-5.76839422e+03 4.80429882e+03 0.00000000e+00 0.00000000e+00
-5.76689419e+03 4.77221237e+03 0.00000000e+00 0.00000000e+00
-5.76539415e+03 4.74058537e+03 0.00000000e+00 0.00000000e+00
-5.76389411e+03 4.70940742e+03 0.00000000e+00 0.00000000e+00
-5.76239407e+03 4.67866843e+03 0.00000000e+00 0.00000000e+00
-5.76089404e+03 4.64835863e+03 0.00000000e+00 0.00000000e+00
-5.75939400e+03 4.61846852e+03 0.00000000e+00 0.00000000e+00
-5.75789396e+03 4.58898891e+03 0.00000000e+00 0.00000000e+00
-5.75639392e+03 4.55991086e+03 0.00000000e+00 0.00000000e+00
-5.75489389e+03 4.53122571e+03 0.00000000e+00 0.00000000e+00
-5.75339385e+03 4.50292504e+03 0.00000000e+00 0.00000000e+00
-5.75189381e+03 4.47500066e+03 0.00000000e+00 0.00000000e+00
-5.75039377e+03 4.44744465e+03 0.00000000e+00 0.00000000e+00
-5.74889374e+03 4.42024930e+03 0.00000000e+00 0.00000000e+00
-5.74739370e+03 4.39340709e+03 0.00000000e+00 0.00000000e+00
-5.74589366e+03 4.36691075e+03 0.00000000e+00 0.00000000e+00
-5.74439362e+03 4.34075320e+03 0.00000000e+00 0.00000000e+00
-5.74289359e+03 4.31492755e+03 0.00000000e+00 0.00000000e+00
-5.74139355e+03 4.28942710e+03 0.00000000e+00 0.00000000e+00
-5.73989351e+03 4.26424533e+03 0.00000000e+00 0.00000000e+00
-5.73839347e+03 4.23937590e+03 0.00000000e+00 0.00000000e+00
-5.73689344e+03 4.21481265e+03 0.00000000e+00 0.00000000e+00
-5.73539340e+03 4.19054956e+03 0.00000000e+00 0.00000000e+00
-5.73389336e+03 4.16658080e+03 0.00000000e+00 0.00000000e+00
-5.73239332e+03 4.14290067e+03 0.00000000e+00 0.00000000e+00
-5.73089329e+03 4.11950362e+03 0.00000000e+00 0.00000000e+00
-5.72939325e+03 4.09638425e+03 0.00000000e+00 0.00000000e+00
-5.72789321e+03 4.07353731e+03 0.00000000e+00 0.00000000e+00
-5.72639317e+03 4.05095766e+03 0.00000000e+00 0.00000000e+00
-5.72489314e+03 4.02864031e+03 0.00000000e+00 0.00000000e+00
-5.72339310e+03 4.00658039e+03 0.00000000e+00 0.00000000e+00
-5.72189306e+03 3.98477315e+03 0.00000000e+00 0.00000000e+00
-5.72039302e+03 3.96321396e+03 0.00000000e+00 0.00000000e+00
-5.71889299e+03 3.94189830e+03 0.00000000e+00 0.00000000e+00
-5.71739295e+03 3.92082177e+03 0.00000000e+00 0.00000000e+00
-5.71589291e+03 3.89998007e+03 0.00000000e+00 0.00000000e+00
-5.71439287e+03 3.87936901e+03 0.00000000e+00 0.00000000e+00
-5.71289284e+03 3.85898449e+03 0.00000000e+00 0.00000000e+00
-5.71139280e+03 3.83882253e+03 0.00000000e+00 0.00000000e+00
-5.70989276e+03 3.81887922e+03 0.00000000e+00 0.00000000e+00
-5.70839272e+03 3.79915076e+03 0.00000000e+00 0.00000000e+00
-5.70689269e+03 3.77963343e+03 0.00000000e+00 0.00000000e+00
-5.70539265e+03 3.76032360e+03 0.00000000e+00 0.00000000e+00
-5.70389261e+03 3.74121772e+03 0.00000000e+00 0.00000000e+00
-5.70239257e+03 3.72231234e+03 0.00000000e+00 0.00000000e+00
-5.70089254e+03 3.70360406e+03 0.00000000e+00 0.00000000e+00
-5.69939250e+03 3.68508958e+03 0.00000000e+00 0.00000000e+00
-5.69789246e+03 3.66676566e+03 0.00000000e+00 0.00000000e+00
-5.69639242e+03 3.64862916e+03 0.00000000e+00 0.00000000e+00
-5.69489239e+03 3.63067697e+03 0.00000000e+00 0.00000000e+00
-5.69339235e+03 3.61290608e+03 0.00000000e+00 0.00000000e+00
-5.69189231e+03 3.59531354e+03 0.00000000e+00 0.00000000e+00
-5.69039227e+03 3.57789646e+03 0.00000000e+00 0.00000000e+00
-5.68889224e+03 3.56065201e+03 0.00000000e+00 0.00000000e+00
-5.68739220e+03 3.54357743e+03 0.00000000e+00 0.00000000e+00
-5.68589216e+03 3.52667002e+03 0.00000000e+00 0.00000000e+00
-5.68439212e+03 3.50992713e+03 0.00000000e+00 0.00000000e+00
-5.68289209e+03 3.49334617e+03 0.00000000e+00 0.00000000e+00
-5.68139205e+03 3.47692462e+03 0.00000000e+00 0.00000000e+00
-5.67989201e+03 3.46065998e+03 0.00000000e+00 0.00000000e+00
-5.67839197e+03 3.44454984e+03 0.00000000e+00 0.00000000e+00
-5.67689194e+03 3.42859182e+03 0.00000000e+00 0.00000000e+00
-5.67539190e+03 3.41278358e+03 0.00000000e+00 0.00000000e+00
-5.67389186e+03 3.39712286e+03 0.00000000e+00 0.00000000e+00
-5.67239182e+03 3.38160741e+03 0.00000000e+00 0.00000000e+00
-5.67089179e+03 3.36623505e+03 0.00000000e+00 0.00000000e+00
-5.66939175e+03 3.35100364e+03 0.00000000e+00 0.00000000e+00
-5.66789171e+03 3.33591109e+03 0.00000000e+00 0.00000000e+00
-5.66639167e+03 3.32095533e+03 0.00000000e+00 0.00000000e+00
-5.66489164e+03 3.30613435e+03 0.00000000e+00 0.00000000e+00
-5.66339160e+03 3.29144617e+03 0.00000000e+00 0.00000000e+00
-5.66189156e+03 3.27688887e+03 0.00000000e+00 0.00000000e+00
-5.66039152e+03 3.26246053e+03 0.00000000e+00 0.00000000e+00
-5.65889149e+03 3.24815931e+03 0.00000000e+00 0.00000000e+00
-5.65739145e+03 3.23398338e+03 0.00000000e+00 0.00000000e+00
-5.65589141e+03 3.21993095e+03 0.00000000e+00 0.00000000e+00
-5.65439137e+03 3.20600027e+03 0.00000000e+00 0.00000000e+00
-5.65289134e+03 3.19218961e+03 0.00000000e+00 0.00000000e+00
-5.65139130e+03 3.17849729e+03 0.00000000e+00 0.00000000e+00
-5.64989126e+03 3.16492166e+03 0.00000000e+00 0.00000000e+00
-5.64839122e+03 3.15146109e+03 0.00000000e+00 0.00000000e+00
-5.64689119e+03 3.13811399e+03 0.00000000e+00 0.00000000e+00
-5.64539115e+03 3.12487880e+03 0.00000000e+00 0.00000000e+00
-5.64389111e+03 3.11175397e+03 0.00000000e+00 0.00000000e+00
-5.64239107e+03 3.09873802e+03 0.00000000e+00 0.00000000e+00
-5.64089104e+03 3.08582946e+03 0.00000000e+00 0.00000000e+00
-5.63939100e+03 3.07302683e+03 0.00000000e+00 0.00000000e+00
-5.63789096e+03 3.06032873e+03 0.00000000e+00 0.00000000e+00
-5.63639092e+03 3.04773374e+03 0.00000000e+00 0.00000000e+00
-5.63489089e+03 3.03524050e+03 0.00000000e+00 0.00000000e+00
-5.63339085e+03 3.02284765e+03 0.00000000e+00 0.00000000e+00
-5.63189081e+03 3.01055389e+03 0.00000000e+00 0.00000000e+00
-5.63039077e+03 2.99835790e+03 0.00000000e+00 0.00000000e+00
-5.62889074e+03 2.98625841e+03 0.00000000e+00 0.00000000e+00
-5.62739070e+03 2.97425416e+03 0.00000000e+00 0.00000000e+00
-5.62589066e+03 2.96234394e+03 0.00000000e+00 0.00000000e+00
-5.62439062e+03 2.95052651e+03 0.00000000e+00 0.00000000e+00
-5.62289059e+03 2.93880070e+03 0.00000000e+00 0.00000000e+00
-5.62139055e+03 2.92716535e+03 0.00000000e+00 0.00000000e+00
-5.61989051e+03 2.91561929e+03 0.00000000e+00 0.00000000e+00
-5.61839047e+03 2.90416140e+03 0.00000000e+00 0.00000000e+00
-5.61689044e+03 2.89279058e+03 0.00000000e+00 0.00000000e+00
-5.61539040e+03 2.88150573e+03 0.00000000e+00 0.00000000e+00
-5.61389036e+03 2.87030578e+03 0.00000000e+00 0.00000000e+00
-5.61239032e+03 2.85918968e+03 0.00000000e+00 0.00000000e+00
-5.61089029e+03 2.84815639e+03 0.00000000e+00 0.00000000e+00
-5.60939025e+03 2.83720491e+03 0.00000000e+00 0.00000000e+00
-5.60789021e+03 2.82633421e+03 0.00000000e+00 0.00000000e+00
-5.60639017e+03 2.81554333e+03 0.00000000e+00 0.00000000e+00
-5.60489014e+03 2.80483129e+03 0.00000000e+00 0.00000000e+00
-5.60339010e+03 2.79419715e+03 0.00000000e+00 0.00000000e+00
-5.60189006e+03 2.78363995e+03 0.00000000e+00 0.00000000e+00
-5.60039002e+03 2.77315880e+03 0.00000000e+00 0.00000000e+00
-5.59888999e+03 2.76275277e+03 0.00000000e+00 0.00000000e+00
-5.59738995e+03 2.75242097e+03 0.00000000e+00 0.00000000e+00
-5.59588991e+03 2.74216254e+03 0.00000000e+00 0.00000000e+00
-5.59438987e+03 2.73197660e+03 0.00000000e+00 0.00000000e+00
-5.59288984e+03 2.72186232e+03 0.00000000e+00 0.00000000e+00
-5.59138980e+03 2.71181884e+03 0.00000000e+00 0.00000000e+00
-5.58988976e+03 2.70184536e+03 0.00000000e+00 0.00000000e+00
-5.58838972e+03 2.69194106e+03 0.00000000e+00 0.00000000e+00
-5.58688969e+03 2.68210515e+03 0.00000000e+00 0.00000000e+00
-5.58538965e+03 2.67233683e+03 0.00000000e+00 0.00000000e+00
-5.58388961e+03 2.66263535e+03 0.00000000e+00 0.00000000e+00
-5.58238957e+03 2.65299994e+03 0.00000000e+00 0.00000000e+00
-5.58088954e+03 2.64342985e+03 0.00000000e+00 0.00000000e+00
-5.57938950e+03 2.63392435e+03 0.00000000e+00 0.00000000e+00
-5.57788946e+03 2.62448270e+03 0.00000000e+00 0.00000000e+00
-5.57638942e+03 2.61510421e+03 0.00000000e+00 0.00000000e+00
-5.57488939e+03 2.60578816e+03 0.00000000e+00 0.00000000e+00
-5.57338935e+03 2.59653387e+03 0.00000000e+00 0.00000000e+00
-5.57188931e+03 2.58734064e+03 0.00000000e+00 0.00000000e+00
-5.57038927e+03 2.57820782e+03 0.00000000e+00 0.00000000e+00
-5.56888924e+03 2.56913473e+03 0.00000000e+00 0.00000000e+00
-5.56738920e+03 2.56012073e+03 0.00000000e+00 0.00000000e+00
-5.56588916e+03 2.55116517e+03 0.00000000e+00 0.00000000e+00
-5.56438912e+03 2.54226743e+03 0.00000000e+00 0.00000000e+00
-5.56288909e+03 2.53342688e+03 0.00000000e+00 0.00000000e+00
-5.56138905e+03 2.52464290e+03 0.00000000e+00 0.00000000e+00
-5.55988901e+03 2.51591489e+03 0.00000000e+00 0.00000000e+00
-5.55838897e+03 2.50724226e+03 0.00000000e+00 0.00000000e+00
-5.55688894e+03 2.49862441e+03 0.00000000e+00 0.00000000e+00
-5.55538890e+03 2.49006078e+03 0.00000000e+00 0.00000000e+00
-5.55388886e+03 2.48155078e+03 0.00000000e+00 0.00000000e+00
-5.55238882e+03 2.47309386e+03 0.00000000e+00 0.00000000e+00
-5.55088879e+03 2.46468946e+03 0.00000000e+00 0.00000000e+00
-5.54938875e+03 2.45633704e+03 0.00000000e+00 0.00000000e+00
-5.54788871e+03 2.44803605e+03 0.00000000e+00 0.00000000e+00
-5.54638867e+03 2.43978598e+03 0.00000000e+00 0.00000000e+00
-5.54488864e+03 2.43158628e+03 0.00000000e+00 0.00000000e+00
-5.54338860e+03 2.42343646e+03 0.00000000e+00 0.00000000e+00
-5.54188856e+03 2.41533599e+03 0.00000000e+00 0.00000000e+00
-5.54038852e+03 2.40728438e+03 0.00000000e+00 0.00000000e+00
-5.53888849e+03 2.39928113e+03 0.00000000e+00 0.00000000e+00
-5.53738845e+03 2.39132576e+03 0.00000000e+00 0.00000000e+00
-5.53588841e+03 2.38341779e+03 0.00000000e+00 0.00000000e+00
-5.53438837e+03 2.37555673e+03 0.00000000e+00 0.00000000e+00
-5.53288834e+03 2.36774212e+03 0.00000000e+00 0.00000000e+00
-5.53138830e+03 2.35997351e+03 0.00000000e+00 0.00000000e+00
-5.52988826e+03 2.35225043e+03 0.00000000e+00 0.00000000e+00
-5.52838822e+03 2.34457243e+03 0.00000000e+00 0.00000000e+00
-5.52688819e+03 2.33693908e+03 0.00000000e+00 0.00000000e+00
-5.52538815e+03 2.32934994e+03 0.00000000e+00 0.00000000e+00
-5.52388811e+03 2.32180457e+03 0.00000000e+00 0.00000000e+00
-5.52238807e+03 2.31430255e+03 0.00000000e+00 0.00000000e+00
-5.52088804e+03 2.30684347e+03 0.00000000e+00 0.00000000e+00
-5.51938800e+03 2.29942689e+03 0.00000000e+00 0.00000000e+00
-5.51788796e+03 2.29205243e+03 0.00000000e+00 0.00000000e+00
-5.51638792e+03 2.28471967e+03 0.00000000e+00 0.00000000e+00
-5.51488789e+03 2.27742822e+03 0.00000000e+00 0.00000000e+00
-5.51338785e+03 2.27017768e+03 0.00000000e+00 0.00000000e+00
-5.51188781e+03 2.26296767e+03 0.00000000e+00 0.00000000e+00
-5.51038777e+03 2.25579780e+03 0.00000000e+00 0.00000000e+00
-5.50888774e+03 2.24866770e+03 0.00000000e+00 0.00000000e+00
-5.50738770e+03 2.24157699e+03 0.00000000e+00 0.00000000e+00
-5.50588766e+03 2.23452530e+03 0.00000000e+00 0.00000000e+00
-5.50438762e+03 2.22751228e+03 0.00000000e+00 0.00000000e+00
-5.50288759e+03 2.22053757e+03 0.00000000e+00 0.00000000e+00
-5.50138755e+03 2.21360080e+03 0.00000000e+00 0.00000000e+00
-5.49988751e+03 2.20670164e+03 0.00000000e+00 0.00000000e+00
-5.49838747e+03 2.19983973e+03 0.00000000e+00 0.00000000e+00
-5.49688744e+03 2.19301474e+03 0.00000000e+00 0.00000000e+00
-5.49538740e+03 2.18622632e+03 0.00000000e+00 0.00000000e+00
-5.49388736e+03 2.17947415e+03 0.00000000e+00 0.00000000e+00
-5.49238732e+03 2.17275790e+03 0.00000000e+00 0.00000000e+00
-5.49088729e+03 2.16607725e+03 0.00000000e+00 0.00000000e+00
-5.48938725e+03 2.15943187e+03 0.00000000e+00 0.00000000e+00
-5.48788721e+03 2.15282145e+03 0.00000000e+00 0.00000000e+00
-5.48638717e+03 2.14624568e+03 0.00000000e+00 0.00000000e+00
-5.48488714e+03 2.13970424e+03 0.00000000e+00 0.00000000e+00
-5.48338710e+03 2.13319685e+03 0.00000000e+00 0.00000000e+00
-5.48188706e+03 2.12672318e+03 0.00000000e+00 0.00000000e+00
-5.48038702e+03 2.12028295e+03 0.00000000e+00 0.00000000e+00
-5.47888699e+03 2.11387587e+03 0.00000000e+00 0.00000000e+00
-5.47738695e+03 2.10750164e+03 0.00000000e+00 0.00000000e+00
-5.47588691e+03 2.10115998e+03 0.00000000e+00 0.00000000e+00
-5.47438687e+03 2.09485060e+03 0.00000000e+00 0.00000000e+00
-5.47288684e+03 2.08857322e+03 0.00000000e+00 0.00000000e+00
-5.47138680e+03 2.08232758e+03 0.00000000e+00 0.00000000e+00
-5.46988676e+03 2.07611339e+03 0.00000000e+00 0.00000000e+00
-5.46838672e+03 2.06993039e+03 0.00000000e+00 0.00000000e+00
-5.46688669e+03 2.06377831e+03 0.00000000e+00 0.00000000e+00
-5.46538665e+03 2.05765688e+03 0.00000000e+00 0.00000000e+00
-5.46388661e+03 2.05156585e+03 0.00000000e+00 0.00000000e+00
-5.46238657e+03 2.04550496e+03 0.00000000e+00 0.00000000e+00
-5.46088654e+03 2.03947396e+03 0.00000000e+00 0.00000000e+00
-5.45938650e+03 2.03347259e+03 0.00000000e+00 0.00000000e+00
-5.45788646e+03 2.02750060e+03 0.00000000e+00 0.00000000e+00
-5.45638642e+03 2.02155776e+03 0.00000000e+00 0.00000000e+00
-5.45488639e+03 2.01564381e+03 0.00000000e+00 0.00000000e+00
-5.45338635e+03 2.00975852e+03 0.00000000e+00 0.00000000e+00
-5.45188631e+03 2.00390165e+03 0.00000000e+00 0.00000000e+00
-5.45038627e+03 1.99807297e+03 0.00000000e+00 0.00000000e+00
-5.44888624e+03 1.99227225e+03 0.00000000e+00 0.00000000e+00
-5.44738620e+03 1.98649925e+03 0.00000000e+00 0.00000000e+00
-5.44588616e+03 1.98075375e+03 0.00000000e+00 0.00000000e+00
-5.44438612e+03 1.97503553e+03 0.00000000e+00 0.00000000e+00
-5.44288609e+03 1.96934436e+03 0.00000000e+00 0.00000000e+00
-5.44138605e+03 1.96368002e+03 0.00000000e+00 0.00000000e+00
-5.43988601e+03 1.95804231e+03 0.00000000e+00 0.00000000e+00
-5.43838597e+03 1.95243100e+03 0.00000000e+00 0.00000000e+00
-5.43688594e+03 1.94684589e+03 0.00000000e+00 0.00000000e+00
-5.43538590e+03 1.94128676e+03 0.00000000e+00 0.00000000e+00
-5.43388586e+03 1.93575341e+03 0.00000000e+00 0.00000000e+00
-5.43238582e+03 1.93024564e+03 0.00000000e+00 0.00000000e+00
-5.43088579e+03 1.92476323e+03 0.00000000e+00 0.00000000e+00
-5.42938575e+03 1.91930600e+03 0.00000000e+00 0.00000000e+00
-5.42788571e+03 1.91387374e+03 0.00000000e+00 0.00000000e+00
-5.42638567e+03 1.90846625e+03 0.00000000e+00 0.00000000e+00
-5.42488564e+03 1.90308336e+03 0.00000000e+00 0.00000000e+00
-5.42338560e+03 1.89772485e+03 0.00000000e+00 0.00000000e+00
-5.42188556e+03 1.89239054e+03 0.00000000e+00 0.00000000e+00
-5.42038552e+03 1.88708025e+03 0.00000000e+00 0.00000000e+00
-5.41888549e+03 1.88179380e+03 0.00000000e+00 0.00000000e+00
-5.41738545e+03 1.87653098e+03 0.00000000e+00 0.00000000e+00
-5.41588541e+03 1.87129164e+03 0.00000000e+00 0.00000000e+00
-5.41438537e+03 1.86607557e+03 0.00000000e+00 0.00000000e+00
-5.41288534e+03 1.86088262e+03 0.00000000e+00 0.00000000e+00
-5.41138530e+03 1.85571260e+03 0.00000000e+00 0.00000000e+00
-5.40988526e+03 1.85056534e+03 0.00000000e+00 0.00000000e+00
-5.40838522e+03 1.84544066e+03 0.00000000e+00 0.00000000e+00
-5.40688519e+03 1.84033840e+03 0.00000000e+00 0.00000000e+00
-5.40538515e+03 1.83525839e+03 0.00000000e+00 0.00000000e+00
-5.40388511e+03 1.83020046e+03 0.00000000e+00 0.00000000e+00
-5.40238507e+03 1.82516445e+03 0.00000000e+00 0.00000000e+00
-5.40088504e+03 1.82015019e+03 0.00000000e+00 0.00000000e+00
-5.39938500e+03 1.81515752e+03 0.00000000e+00 0.00000000e+00
-5.39788496e+03 1.81018628e+03 0.00000000e+00 0.00000000e+00
-5.39638492e+03 1.80523632e+03 0.00000000e+00 0.00000000e+00
-5.39488489e+03 1.80030748e+03 0.00000000e+00 0.00000000e+00
-5.39338485e+03 1.79539959e+03 0.00000000e+00 0.00000000e+00
-5.39188481e+03 1.79051252e+03 0.00000000e+00 0.00000000e+00
-5.39038477e+03 1.78564610e+03 0.00000000e+00 0.00000000e+00
-5.38888474e+03 1.78080019e+03 0.00000000e+00 0.00000000e+00
-5.38738470e+03 1.77597464e+03 0.00000000e+00 0.00000000e+00
-5.38588466e+03 1.77116930e+03 0.00000000e+00 0.00000000e+00
-5.38438462e+03 1.76638402e+03 0.00000000e+00 0.00000000e+00
-5.38288459e+03 1.76161867e+03 0.00000000e+00 0.00000000e+00
-5.38138455e+03 1.75687309e+03 0.00000000e+00 0.00000000e+00
-5.37988451e+03 1.75214715e+03 0.00000000e+00 0.00000000e+00
-5.37838447e+03 1.74744071e+03 0.00000000e+00 0.00000000e+00
-5.37688444e+03 1.74275362e+03 0.00000000e+00 0.00000000e+00
-5.37538440e+03 1.73808576e+03 0.00000000e+00 0.00000000e+00
-5.37388436e+03 1.73343698e+03 0.00000000e+00 0.00000000e+00
-5.37238432e+03 1.72880715e+03 0.00000000e+00 0.00000000e+00
-5.37088429e+03 1.72419614e+03 0.00000000e+00 0.00000000e+00
-5.36938425e+03 1.71960382e+03 0.00000000e+00 0.00000000e+00
-5.36788421e+03 1.71503005e+03 0.00000000e+00 0.00000000e+00
-5.36638417e+03 1.71047471e+03 0.00000000e+00 0.00000000e+00
-5.36488414e+03 1.70593766e+03 0.00000000e+00 0.00000000e+00
-5.36338410e+03 1.70141879e+03 0.00000000e+00 0.00000000e+00
-5.36188406e+03 1.69691796e+03 0.00000000e+00 0.00000000e+00
-5.36038402e+03 1.69243506e+03 0.00000000e+00 0.00000000e+00
-5.35888399e+03 1.68796995e+03 0.00000000e+00 0.00000000e+00
-5.35738395e+03 1.68352252e+03 0.00000000e+00 0.00000000e+00
-5.35588391e+03 1.67909264e+03 0.00000000e+00 0.00000000e+00
-5.35438387e+03 1.67468020e+03 0.00000000e+00 0.00000000e+00
-5.35288384e+03 1.67028508e+03 0.00000000e+00 0.00000000e+00
-5.35138380e+03 1.66590716e+03 0.00000000e+00 0.00000000e+00
-5.34988376e+03 1.66154632e+03 0.00000000e+00 0.00000000e+00
-5.34838372e+03 1.65720245e+03 0.00000000e+00 0.00000000e+00
-5.34688369e+03 1.65287544e+03 0.00000000e+00 0.00000000e+00
-5.34538365e+03 1.64856517e+03 0.00000000e+00 0.00000000e+00
-5.34388361e+03 1.64427153e+03 0.00000000e+00 0.00000000e+00
-5.34238357e+03 1.63999441e+03 0.00000000e+00 0.00000000e+00
-5.34088354e+03 1.63573369e+03 0.00000000e+00 0.00000000e+00
-5.33938350e+03 1.63148928e+03 0.00000000e+00 0.00000000e+00
-5.33788346e+03 1.62726106e+03 0.00000000e+00 0.00000000e+00
-5.33638342e+03 1.62304893e+03 0.00000000e+00 0.00000000e+00
-5.33488339e+03 1.61885278e+03 0.00000000e+00 0.00000000e+00
-5.33338335e+03 1.61467250e+03 0.00000000e+00 0.00000000e+00
-5.33188331e+03 1.61050800e+03 0.00000000e+00 0.00000000e+00
-5.33038327e+03 1.60635916e+03 0.00000000e+00 0.00000000e+00
-5.32888324e+03 1.60222589e+03 0.00000000e+00 0.00000000e+00
-5.32738320e+03 1.59810809e+03 0.00000000e+00 0.00000000e+00
-5.32588316e+03 1.59400566e+03 0.00000000e+00 0.00000000e+00
-5.32438312e+03 1.58991849e+03 0.00000000e+00 0.00000000e+00
-5.32288309e+03 1.58584649e+03 0.00000000e+00 0.00000000e+00
-5.32138305e+03 1.58178956e+03 0.00000000e+00 0.00000000e+00
-5.31988301e+03 1.57774761e+03 0.00000000e+00 0.00000000e+00
-5.31838297e+03 1.57372053e+03 0.00000000e+00 0.00000000e+00
-5.31688294e+03 1.56970825e+03 0.00000000e+00 0.00000000e+00
-5.31538290e+03 1.56571065e+03 0.00000000e+00 0.00000000e+00
-5.31388286e+03 1.56172765e+03 0.00000000e+00 0.00000000e+00
-5.31238282e+03 1.55775915e+03 0.00000000e+00 0.00000000e+00
-5.31088279e+03 1.55380507e+03 0.00000000e+00 0.00000000e+00
-5.30938275e+03 1.54986532e+03 0.00000000e+00 0.00000000e+00
-5.30788271e+03 1.54593980e+03 0.00000000e+00 0.00000000e+00
-5.30638267e+03 1.54202842e+03 0.00000000e+00 0.00000000e+00
-5.30488264e+03 1.53813110e+03 0.00000000e+00 0.00000000e+00
-5.30338260e+03 1.53424775e+03 0.00000000e+00 0.00000000e+00
-5.30188256e+03 1.53037828e+03 0.00000000e+00 0.00000000e+00
-5.30038252e+03 1.52652261e+03 0.00000000e+00 0.00000000e+00
-5.29888249e+03 1.52268065e+03 0.00000000e+00 0.00000000e+00
-5.29738245e+03 1.51885232e+03 0.00000000e+00 0.00000000e+00
-5.29588241e+03 1.51503753e+03 0.00000000e+00 0.00000000e+00
-5.29438237e+03 1.51123621e+03 0.00000000e+00 0.00000000e+00
-5.29288234e+03 1.50744826e+03 0.00000000e+00 0.00000000e+00
-5.29138230e+03 1.50367361e+03 0.00000000e+00 0.00000000e+00
-5.28988226e+03 1.49991218e+03 0.00000000e+00 0.00000000e+00
-5.28838222e+03 1.49616388e+03 0.00000000e+00 0.00000000e+00
-5.28688219e+03 1.49242864e+03 0.00000000e+00 0.00000000e+00
-5.28538215e+03 1.48870638e+03 0.00000000e+00 0.00000000e+00
-5.28388211e+03 1.48499702e+03 0.00000000e+00 0.00000000e+00
-5.28238207e+03 1.48130048e+03 0.00000000e+00 0.00000000e+00
-5.28088204e+03 1.47761669e+03 0.00000000e+00 0.00000000e+00
-5.27938200e+03 1.47394557e+03 0.00000000e+00 0.00000000e+00
-5.27788196e+03 1.47028704e+03 0.00000000e+00 0.00000000e+00
-5.27638192e+03 1.46664103e+03 0.00000000e+00 0.00000000e+00
-5.27488189e+03 1.46300747e+03 0.00000000e+00 0.00000000e+00
-5.27338185e+03 1.45938629e+03 0.00000000e+00 0.00000000e+00
-5.27188181e+03 1.45577740e+03 0.00000000e+00 0.00000000e+00
-5.27038177e+03 1.45218074e+03 0.00000000e+00 0.00000000e+00
-5.26888174e+03 1.44859623e+03 0.00000000e+00 0.00000000e+00
-5.26738170e+03 1.44502381e+03 0.00000000e+00 0.00000000e+00
-5.26588166e+03 1.44146340e+03 0.00000000e+00 0.00000000e+00
-5.26438162e+03 1.43791494e+03 0.00000000e+00 0.00000000e+00
-5.26288159e+03 1.43437835e+03 0.00000000e+00 0.00000000e+00
-5.26138155e+03 1.43085357e+03 0.00000000e+00 0.00000000e+00
-5.25988151e+03 1.42734053e+03 0.00000000e+00 0.00000000e+00
-5.25838147e+03 1.42383915e+03 0.00000000e+00 0.00000000e+00
-5.25688144e+03 1.42034938e+03 0.00000000e+00 0.00000000e+00
-5.25538140e+03 1.41687115e+03 0.00000000e+00 0.00000000e+00
-5.25388136e+03 1.41340439e+03 0.00000000e+00 0.00000000e+00
-5.25238132e+03 1.40994903e+03 0.00000000e+00 0.00000000e+00
-5.25088129e+03 1.40650501e+03 0.00000000e+00 0.00000000e+00
-5.24938125e+03 1.40307227e+03 0.00000000e+00 0.00000000e+00
-5.24788121e+03 1.39965074e+03 0.00000000e+00 0.00000000e+00
-5.24638117e+03 1.39624036e+03 0.00000000e+00 0.00000000e+00
-5.24488114e+03 1.39284107e+03 0.00000000e+00 0.00000000e+00
-5.24338110e+03 1.38945280e+03 0.00000000e+00 0.00000000e+00
-5.24188106e+03 1.38607549e+03 0.00000000e+00 0.00000000e+00
-5.24038102e+03 1.38270909e+03 0.00000000e+00 0.00000000e+00
-5.23888099e+03 1.37935352e+03 0.00000000e+00 0.00000000e+00
-5.23738095e+03 1.37600873e+03 0.00000000e+00 0.00000000e+00
-5.23588091e+03 1.37267466e+03 0.00000000e+00 0.00000000e+00
-5.23438087e+03 1.36935125e+03 0.00000000e+00 0.00000000e+00
-5.23288084e+03 1.36603845e+03 0.00000000e+00 0.00000000e+00
-5.23138080e+03 1.36273618e+03 0.00000000e+00 0.00000000e+00
-5.22988076e+03 1.35944440e+03 0.00000000e+00 0.00000000e+00
-5.22838072e+03 1.35616305e+03 0.00000000e+00 0.00000000e+00
-5.22688069e+03 1.35289207e+03 0.00000000e+00 0.00000000e+00
-5.22538065e+03 1.34963141e+03 0.00000000e+00 0.00000000e+00
-5.22388061e+03 1.34638100e+03 0.00000000e+00 0.00000000e+00
-5.22238057e+03 1.34314079e+03 0.00000000e+00 0.00000000e+00
-5.22088054e+03 1.33991073e+03 0.00000000e+00 0.00000000e+00
-5.21938050e+03 1.33669076e+03 0.00000000e+00 0.00000000e+00
-5.21788046e+03 1.33348082e+03 0.00000000e+00 0.00000000e+00
-5.21638042e+03 1.33028088e+03 0.00000000e+00 0.00000000e+00
-5.21488039e+03 1.32709086e+03 0.00000000e+00 0.00000000e+00
-5.21338035e+03 1.32391071e+03 0.00000000e+00 0.00000000e+00
-5.21188031e+03 1.32074039e+03 0.00000000e+00 0.00000000e+00
-5.21038027e+03 1.31757985e+03 0.00000000e+00 0.00000000e+00
-5.20888024e+03 1.31442902e+03 0.00000000e+00 0.00000000e+00
-5.20738020e+03 1.31128786e+03 0.00000000e+00 0.00000000e+00
-5.20588016e+03 1.30815631e+03 0.00000000e+00 0.00000000e+00
-5.20438012e+03 1.30503433e+03 0.00000000e+00 0.00000000e+00
-5.20288009e+03 1.30192187e+03 0.00000000e+00 0.00000000e+00
-5.20138005e+03 1.29881887e+03 0.00000000e+00 0.00000000e+00
-5.19988001e+03 1.29572529e+03 0.00000000e+00 0.00000000e+00
-5.19837997e+03 1.29264108e+03 0.00000000e+00 0.00000000e+00
-5.19687993e+03 1.28956618e+03 0.00000000e+00 0.00000000e+00
-5.19537990e+03 1.28650055e+03 0.00000000e+00 0.00000000e+00
-5.19387986e+03 1.28344414e+03 0.00000000e+00 0.00000000e+00
-5.19237982e+03 1.28039691e+03 0.00000000e+00 0.00000000e+00
-5.19087978e+03 1.27735880e+03 0.00000000e+00 0.00000000e+00
-5.18937975e+03 1.27432977e+03 0.00000000e+00 0.00000000e+00
-5.18787971e+03 1.27130977e+03 0.00000000e+00 0.00000000e+00
-5.18637967e+03 1.26829876e+03 0.00000000e+00 0.00000000e+00
-5.18487963e+03 1.26529668e+03 0.00000000e+00 0.00000000e+00
-5.18337960e+03 1.26230350e+03 0.00000000e+00 0.00000000e+00
-5.18187956e+03 1.25931917e+03 0.00000000e+00 0.00000000e+00
-5.18037952e+03 1.25634365e+03 0.00000000e+00 0.00000000e+00
-5.17887948e+03 1.25337688e+03 0.00000000e+00 0.00000000e+00
-5.17737945e+03 1.25041882e+03 0.00000000e+00 0.00000000e+00
-5.17587941e+03 1.24746944e+03 0.00000000e+00 0.00000000e+00
-5.17437937e+03 1.24452868e+03 0.00000000e+00 0.00000000e+00
-5.17287933e+03 1.24159651e+03 0.00000000e+00 0.00000000e+00
-5.17137930e+03 1.23867287e+03 0.00000000e+00 0.00000000e+00
-5.16987926e+03 1.23575774e+03 0.00000000e+00 0.00000000e+00
-5.16837922e+03 1.23285105e+03 0.00000000e+00 0.00000000e+00
-5.16687918e+03 1.22995278e+03 0.00000000e+00 0.00000000e+00
-5.16537915e+03 1.22706289e+03 0.00000000e+00 0.00000000e+00
-5.16387911e+03 1.22418132e+03 0.00000000e+00 0.00000000e+00
-5.16237907e+03 1.22130804e+03 0.00000000e+00 0.00000000e+00
-5.16087903e+03 1.21844301e+03 0.00000000e+00 0.00000000e+00
-5.15937900e+03 1.21558618e+03 0.00000000e+00 0.00000000e+00
-5.15787896e+03 1.21273752e+03 0.00000000e+00 0.00000000e+00
-5.15637892e+03 1.20989699e+03 0.00000000e+00 0.00000000e+00
-5.15487888e+03 1.20706454e+03 0.00000000e+00 0.00000000e+00
-5.15337885e+03 1.20424014e+03 0.00000000e+00 0.00000000e+00
-5.15187881e+03 1.20142375e+03 0.00000000e+00 0.00000000e+00
-5.15037877e+03 1.19861532e+03 0.00000000e+00 0.00000000e+00
-5.14887873e+03 1.19581483e+03 0.00000000e+00 0.00000000e+00
-5.14737870e+03 1.19302223e+03 0.00000000e+00 0.00000000e+00
-5.14587866e+03 1.19023748e+03 0.00000000e+00 0.00000000e+00
-5.14437862e+03 1.18746055e+03 0.00000000e+00 0.00000000e+00
-5.14287858e+03 1.18469140e+03 0.00000000e+00 0.00000000e+00
-5.14137855e+03 1.18192998e+03 0.00000000e+00 0.00000000e+00
-5.13987851e+03 1.17917628e+03 0.00000000e+00 0.00000000e+00
-5.13837847e+03 1.17643023e+03 0.00000000e+00 0.00000000e+00
-5.13687843e+03 1.17369182e+03 0.00000000e+00 0.00000000e+00
-5.13537840e+03 1.17096101e+03 0.00000000e+00 0.00000000e+00
-5.13387836e+03 1.16823775e+03 0.00000000e+00 0.00000000e+00
-5.13237832e+03 1.16552201e+03 0.00000000e+00 0.00000000e+00
-5.13087828e+03 1.16281377e+03 0.00000000e+00 0.00000000e+00
-5.12937825e+03 1.16011297e+03 0.00000000e+00 0.00000000e+00
-5.12787821e+03 1.15741959e+03 0.00000000e+00 0.00000000e+00
-5.12637817e+03 1.15473359e+03 0.00000000e+00 0.00000000e+00
-5.12487813e+03 1.15205494e+03 0.00000000e+00 0.00000000e+00
-5.12337810e+03 1.14938360e+03 0.00000000e+00 0.00000000e+00
-5.12187806e+03 1.14671954e+03 0.00000000e+00 0.00000000e+00
-5.12037802e+03 1.14406273e+03 0.00000000e+00 0.00000000e+00
-5.11887798e+03 1.14141313e+03 0.00000000e+00 0.00000000e+00
-5.11737795e+03 1.13877070e+03 0.00000000e+00 0.00000000e+00
-5.11587791e+03 1.13613543e+03 0.00000000e+00 0.00000000e+00
-5.11437787e+03 1.13350726e+03 0.00000000e+00 0.00000000e+00
-5.11287783e+03 1.13088617e+03 0.00000000e+00 0.00000000e+00
-5.11137780e+03 1.12827213e+03 0.00000000e+00 0.00000000e+00
-5.10987776e+03 1.12566510e+03 0.00000000e+00 0.00000000e+00
-5.10837772e+03 1.12306506e+03 0.00000000e+00 0.00000000e+00
-5.10687768e+03 1.12047197e+03 0.00000000e+00 0.00000000e+00
-5.10537765e+03 1.11788579e+03 0.00000000e+00 0.00000000e+00
-5.10387761e+03 1.11530651e+03 0.00000000e+00 0.00000000e+00
-5.10237757e+03 1.11273408e+03 0.00000000e+00 0.00000000e+00
-5.10087753e+03 1.11016847e+03 0.00000000e+00 0.00000000e+00
-5.09937750e+03 1.10760966e+03 0.00000000e+00 0.00000000e+00
-5.09787746e+03 1.10505762e+03 0.00000000e+00 0.00000000e+00
-5.09637742e+03 1.10251230e+03 0.00000000e+00 0.00000000e+00
-5.09487738e+03 1.09997370e+03 0.00000000e+00 0.00000000e+00
-5.09337735e+03 1.09744176e+03 0.00000000e+00 0.00000000e+00
-5.09187731e+03 1.09491647e+03 0.00000000e+00 0.00000000e+00
-5.09037727e+03 1.09239779e+03 0.00000000e+00 0.00000000e+00
-5.08887723e+03 1.08988570e+03 0.00000000e+00 0.00000000e+00
-5.08737720e+03 1.08738016e+03 0.00000000e+00 0.00000000e+00
-5.08587716e+03 1.08488115e+03 0.00000000e+00 0.00000000e+00
-5.08437712e+03 1.08238864e+03 0.00000000e+00 0.00000000e+00
-5.08287708e+03 1.07990260e+03 0.00000000e+00 0.00000000e+00
-5.08137705e+03 1.07742300e+03 0.00000000e+00 0.00000000e+00
-5.07987701e+03 1.07494981e+03 0.00000000e+00 0.00000000e+00
-5.07837697e+03 1.07248300e+03 0.00000000e+00 0.00000000e+00
-5.07687693e+03 1.07002255e+03 0.00000000e+00 0.00000000e+00
-5.07537690e+03 1.06756843e+03 0.00000000e+00 0.00000000e+00
-5.07387686e+03 1.06512061e+03 0.00000000e+00 0.00000000e+00
-5.07237682e+03 1.06267907e+03 0.00000000e+00 0.00000000e+00
-5.07087678e+03 1.06024377e+03 0.00000000e+00 0.00000000e+00
-5.06937675e+03 1.05781469e+03 0.00000000e+00 0.00000000e+00
-5.06787671e+03 1.05539181e+03 0.00000000e+00 0.00000000e+00
-5.06637667e+03 1.05297509e+03 0.00000000e+00 0.00000000e+00
-5.06487663e+03 1.05056451e+03 0.00000000e+00 0.00000000e+00
-5.06337660e+03 1.04816004e+03 0.00000000e+00 0.00000000e+00
-5.06187656e+03 1.04576166e+03 0.00000000e+00 0.00000000e+00
-5.06037652e+03 1.04336935e+03 0.00000000e+00 0.00000000e+00
-5.05887648e+03 1.04098307e+03 0.00000000e+00 0.00000000e+00
-5.05737645e+03 1.03860280e+03 0.00000000e+00 0.00000000e+00
-5.05587641e+03 1.03622851e+03 0.00000000e+00 0.00000000e+00
-5.05437637e+03 1.03386018e+03 0.00000000e+00 0.00000000e+00
-5.05287633e+03 1.03149779e+03 0.00000000e+00 0.00000000e+00
-5.05137630e+03 1.02914131e+03 0.00000000e+00 0.00000000e+00
-5.04987626e+03 1.02679071e+03 0.00000000e+00 0.00000000e+00
-5.04837622e+03 1.02444597e+03 0.00000000e+00 0.00000000e+00
-5.04687618e+03 1.02210706e+03 0.00000000e+00 0.00000000e+00
-5.04537615e+03 1.01977397e+03 0.00000000e+00 0.00000000e+00
-5.04387611e+03 1.01744666e+03 0.00000000e+00 0.00000000e+00
-5.04237607e+03 1.01512511e+03 0.00000000e+00 0.00000000e+00
-5.04087603e+03 1.01280930e+03 0.00000000e+00 0.00000000e+00
-5.03937600e+03 1.01049921e+03 0.00000000e+00 0.00000000e+00
-5.03787596e+03 1.00819481e+03 0.00000000e+00 0.00000000e+00
-5.03637592e+03 1.00589607e+03 0.00000000e+00 0.00000000e+00
-5.03487588e+03 1.00360298e+03 0.00000000e+00 0.00000000e+00
-5.03337585e+03 1.00131551e+03 0.00000000e+00 0.00000000e+00
-5.03187581e+03 9.99033644e+02 0.00000000e+00 0.00000000e+00
-5.03037577e+03 9.96757347e+02 0.00000000e+00 0.00000000e+00
-5.02887573e+03 9.94486603e+02 0.00000000e+00 0.00000000e+00
-5.02737570e+03 9.92221389e+02 0.00000000e+00 0.00000000e+00
-5.02587566e+03 9.89961681e+02 0.00000000e+00 0.00000000e+00
-5.02437562e+03 9.87707459e+02 0.00000000e+00 0.00000000e+00
-5.02287558e+03 9.85458699e+02 0.00000000e+00 0.00000000e+00
-5.02137555e+03 9.83215379e+02 0.00000000e+00 0.00000000e+00
-5.01987551e+03 9.80977479e+02 0.00000000e+00 0.00000000e+00
-5.01837547e+03 9.78744974e+02 0.00000000e+00 0.00000000e+00
-5.01687543e+03 9.76517846e+02 0.00000000e+00 0.00000000e+00
-5.01537540e+03 9.74296070e+02 0.00000000e+00 0.00000000e+00
-5.01387536e+03 9.72079627e+02 0.00000000e+00 0.00000000e+00
-5.01237532e+03 9.69868495e+02 0.00000000e+00 0.00000000e+00
-5.01087528e+03 9.67662652e+02 0.00000000e+00 0.00000000e+00
-5.00937525e+03 9.65462078e+02 0.00000000e+00 0.00000000e+00
-5.00787521e+03 9.63266752e+02 0.00000000e+00 0.00000000e+00
-5.00637517e+03 9.61076653e+02 0.00000000e+00 0.00000000e+00
-5.00487513e+03 9.58891760e+02 0.00000000e+00 0.00000000e+00
-5.00337510e+03 9.56712053e+02 0.00000000e+00 0.00000000e+00
-5.00187506e+03 9.54537511e+02 0.00000000e+00 0.00000000e+00
-5.00037502e+03 9.52368115e+02 0.00000000e+00 0.00000000e+00
-4.99887498e+03 9.50203843e+02 0.00000000e+00 0.00000000e+00
-4.99737495e+03 9.48044677e+02 0.00000000e+00 0.00000000e+00
-4.99587491e+03 9.45890595e+02 0.00000000e+00 0.00000000e+00
-4.99437487e+03 9.43741579e+02 0.00000000e+00 0.00000000e+00
-4.99287483e+03 9.41597608e+02 0.00000000e+00 0.00000000e+00
-4.99137480e+03 9.39458664e+02 0.00000000e+00 0.00000000e+00
-4.98987476e+03 9.37324725e+02 0.00000000e+00 0.00000000e+00
-4.98837472e+03 9.35195774e+02 0.00000000e+00 0.00000000e+00
-4.98687468e+03 9.33071791e+02 0.00000000e+00 0.00000000e+00
-4.98537465e+03 9.30952756e+02 0.00000000e+00 0.00000000e+00
-4.98387461e+03 9.28838652e+02 0.00000000e+00 0.00000000e+00
-4.98237457e+03 9.26729458e+02 0.00000000e+00 0.00000000e+00
-4.98087453e+03 9.24625157e+02 0.00000000e+00 0.00000000e+00
-4.97937450e+03 9.22525729e+02 0.00000000e+00 0.00000000e+00
-4.97787446e+03 9.20431155e+02 0.00000000e+00 0.00000000e+00
-4.97637442e+03 9.18341419e+02 0.00000000e+00 0.00000000e+00
-4.97487438e+03 9.16256500e+02 0.00000000e+00 0.00000000e+00
-4.97337435e+03 9.14176381e+02 0.00000000e+00 0.00000000e+00
-4.97187431e+03 9.12101044e+02 0.00000000e+00 0.00000000e+00
-4.97037427e+03 9.10030471e+02 0.00000000e+00 0.00000000e+00
-4.96887423e+03 9.07964644e+02 0.00000000e+00 0.00000000e+00
-4.96737420e+03 9.05903544e+02 0.00000000e+00 0.00000000e+00
-4.96587416e+03 9.03847155e+02 0.00000000e+00 0.00000000e+00
-4.96437412e+03 9.01795458e+02 0.00000000e+00 0.00000000e+00
-4.96287408e+03 8.99748437e+02 0.00000000e+00 0.00000000e+00
-4.96137405e+03 8.97706073e+02 0.00000000e+00 0.00000000e+00
-4.95987401e+03 8.95668349e+02 0.00000000e+00 0.00000000e+00
-4.95837397e+03 8.93635249e+02 0.00000000e+00 0.00000000e+00
-4.95687393e+03 8.91606755e+02 0.00000000e+00 0.00000000e+00
-4.95537390e+03 8.89582849e+02 0.00000000e+00 0.00000000e+00
-4.95387386e+03 8.87563516e+02 0.00000000e+00 0.00000000e+00
-4.95237382e+03 8.85548738e+02 0.00000000e+00 0.00000000e+00
-4.95087378e+03 8.83538499e+02 0.00000000e+00 0.00000000e+00
-4.94937375e+03 8.81532782e+02 0.00000000e+00 0.00000000e+00
-4.94787371e+03 8.79531569e+02 0.00000000e+00 0.00000000e+00
-4.94637367e+03 8.77534846e+02 0.00000000e+00 0.00000000e+00
-4.94487363e+03 8.75542596e+02 0.00000000e+00 0.00000000e+00
-4.94337360e+03 8.73554801e+02 0.00000000e+00 0.00000000e+00
-4.94187356e+03 8.71571447e+02 0.00000000e+00 0.00000000e+00
-4.94037352e+03 8.69592517e+02 0.00000000e+00 0.00000000e+00
-4.93887348e+03 8.67617994e+02 0.00000000e+00 0.00000000e+00
-4.93737345e+03 8.65647864e+02 0.00000000e+00 0.00000000e+00
-4.93587341e+03 8.63682110e+02 0.00000000e+00 0.00000000e+00
-4.93437337e+03 8.61720717e+02 0.00000000e+00 0.00000000e+00
-4.93287333e+03 8.59763669e+02 0.00000000e+00 0.00000000e+00
-4.93137330e+03 8.57810950e+02 0.00000000e+00 0.00000000e+00
-4.92987326e+03 8.55862545e+02 0.00000000e+00 0.00000000e+00
-4.92837322e+03 8.53918438e+02 0.00000000e+00 0.00000000e+00
-4.92687318e+03 8.51978615e+02 0.00000000e+00 0.00000000e+00
-4.92537315e+03 8.50043060e+02 0.00000000e+00 0.00000000e+00
-4.92387311e+03 8.48111758e+02 0.00000000e+00 0.00000000e+00
-4.92237307e+03 8.46184693e+02 0.00000000e+00 0.00000000e+00
-4.92087303e+03 8.44261852e+02 0.00000000e+00 0.00000000e+00
-4.91937300e+03 8.42343218e+02 0.00000000e+00 0.00000000e+00
-4.91787296e+03 8.40428778e+02 0.00000000e+00 0.00000000e+00
-4.91637292e+03 8.38518516e+02 0.00000000e+00 0.00000000e+00
-4.91487288e+03 8.36612419e+02 0.00000000e+00 0.00000000e+00
-4.91337285e+03 8.34710470e+02 0.00000000e+00 0.00000000e+00
-4.91187281e+03 8.32812656e+02 0.00000000e+00 0.00000000e+00
-4.91037277e+03 8.30918963e+02 0.00000000e+00 0.00000000e+00
-4.90887273e+03 8.29029376e+02 0.00000000e+00 0.00000000e+00
-4.90737270e+03 8.27143881e+02 0.00000000e+00 0.00000000e+00
-4.90587266e+03 8.25262464e+02 0.00000000e+00 0.00000000e+00
-4.90437262e+03 8.23385110e+02 0.00000000e+00 0.00000000e+00
-4.90287258e+03 8.21511806e+02 0.00000000e+00 0.00000000e+00
-4.90137255e+03 8.19642537e+02 0.00000000e+00 0.00000000e+00
-4.89987251e+03 8.17777291e+02 0.00000000e+00 0.00000000e+00
-4.89837247e+03 8.15916052e+02 0.00000000e+00 0.00000000e+00
-4.89687243e+03 8.14058808e+02 0.00000000e+00 0.00000000e+00
-4.89537240e+03 8.12205545e+02 0.00000000e+00 0.00000000e+00
-4.89387236e+03 8.10356249e+02 0.00000000e+00 0.00000000e+00
-4.89237232e+03 8.08510906e+02 0.00000000e+00 0.00000000e+00
-4.89087228e+03 8.06669504e+02 0.00000000e+00 0.00000000e+00
-4.88937225e+03 8.04832028e+02 0.00000000e+00 0.00000000e+00
-4.88787221e+03 8.02998466e+02 0.00000000e+00 0.00000000e+00
-4.88637217e+03 8.01168805e+02 0.00000000e+00 0.00000000e+00
-4.88487213e+03 7.99343031e+02 0.00000000e+00 0.00000000e+00
-4.88337210e+03 7.97521131e+02 0.00000000e+00 0.00000000e+00
-4.88187206e+03 7.95703092e+02 0.00000000e+00 0.00000000e+00
-4.88037202e+03 7.93888902e+02 0.00000000e+00 0.00000000e+00
-4.87887198e+03 7.92078547e+02 0.00000000e+00 0.00000000e+00
-4.87737195e+03 7.90272015e+02 0.00000000e+00 0.00000000e+00
-4.87587191e+03 7.88469293e+02 0.00000000e+00 0.00000000e+00
-4.87437187e+03 7.86670368e+02 0.00000000e+00 0.00000000e+00
-4.87287183e+03 7.84875227e+02 0.00000000e+00 0.00000000e+00
-4.87137180e+03 7.83083859e+02 0.00000000e+00 0.00000000e+00
-4.86987176e+03 7.81296251e+02 0.00000000e+00 0.00000000e+00
-4.86837172e+03 7.79512390e+02 0.00000000e+00 0.00000000e+00
-4.86687168e+03 7.77732264e+02 0.00000000e+00 0.00000000e+00
-4.86537165e+03 7.75955860e+02 0.00000000e+00 0.00000000e+00
-4.86387161e+03 7.74183167e+02 0.00000000e+00 0.00000000e+00
-4.86237157e+03 7.72414173e+02 0.00000000e+00 0.00000000e+00
-4.86087153e+03 7.70648865e+02 0.00000000e+00 0.00000000e+00
-4.85937150e+03 7.68887231e+02 0.00000000e+00 0.00000000e+00
-4.85787146e+03 7.67129260e+02 0.00000000e+00 0.00000000e+00
-4.85637142e+03 7.65374939e+02 0.00000000e+00 0.00000000e+00
-4.85487138e+03 7.63624257e+02 0.00000000e+00 0.00000000e+00
-4.85337135e+03 7.61877202e+02 0.00000000e+00 0.00000000e+00
-4.85187131e+03 7.60133761e+02 0.00000000e+00 0.00000000e+00
-4.85037127e+03 7.58393925e+02 0.00000000e+00 0.00000000e+00
-4.84887123e+03 7.56657681e+02 0.00000000e+00 0.00000000e+00
-4.84737120e+03 7.54925016e+02 0.00000000e+00 0.00000000e+00
-4.84587116e+03 7.53195922e+02 0.00000000e+00 0.00000000e+00
-4.84437112e+03 7.51470384e+02 0.00000000e+00 0.00000000e+00
-4.84287108e+03 7.49748393e+02 0.00000000e+00 0.00000000e+00
-4.84137105e+03 7.48029937e+02 0.00000000e+00 0.00000000e+00
-4.83987101e+03 7.46315004e+02 0.00000000e+00 0.00000000e+00
-4.83837097e+03 7.44603585e+02 0.00000000e+00 0.00000000e+00
-4.83687093e+03 7.42895666e+02 0.00000000e+00 0.00000000e+00
-4.83537090e+03 7.41191238e+02 0.00000000e+00 0.00000000e+00
-4.83387086e+03 7.39490290e+02 0.00000000e+00 0.00000000e+00
-4.83237082e+03 7.37792810e+02 0.00000000e+00 0.00000000e+00
-4.83087078e+03 7.36098787e+02 0.00000000e+00 0.00000000e+00
-4.82937075e+03 7.34408212e+02 0.00000000e+00 0.00000000e+00
-4.82787071e+03 7.32721072e+02 0.00000000e+00 0.00000000e+00
-4.82637067e+03 7.31037357e+02 0.00000000e+00 0.00000000e+00
-4.82487063e+03 7.29357058e+02 0.00000000e+00 0.00000000e+00
-4.82337060e+03 7.27680162e+02 0.00000000e+00 0.00000000e+00
-4.82187056e+03 7.26006659e+02 0.00000000e+00 0.00000000e+00
-4.82037052e+03 7.24336539e+02 0.00000000e+00 0.00000000e+00
-4.81887048e+03 7.22669792e+02 0.00000000e+00 0.00000000e+00
-4.81737045e+03 7.21006407e+02 0.00000000e+00 0.00000000e+00
-4.81587041e+03 7.19346373e+02 0.00000000e+00 0.00000000e+00
-4.81437037e+03 7.17689681e+02 0.00000000e+00 0.00000000e+00
-4.81287033e+03 7.16036320e+02 0.00000000e+00 0.00000000e+00
-4.81137030e+03 7.14386280e+02 0.00000000e+00 0.00000000e+00
-4.80987026e+03 7.12739550e+02 0.00000000e+00 0.00000000e+00
-4.80837022e+03 7.11096121e+02 0.00000000e+00 0.00000000e+00
-4.80687018e+03 7.09455983e+02 0.00000000e+00 0.00000000e+00
-4.80537015e+03 7.07819126e+02 0.00000000e+00 0.00000000e+00
-4.80387011e+03 7.06185539e+02 0.00000000e+00 0.00000000e+00
-4.80237007e+03 7.04555213e+02 0.00000000e+00 0.00000000e+00
-4.80087003e+03 7.02928138e+02 0.00000000e+00 0.00000000e+00
-4.79937000e+03 7.01304304e+02 0.00000000e+00 0.00000000e+00
-4.79786996e+03 6.99683701e+02 0.00000000e+00 0.00000000e+00
-4.79636992e+03 6.98066320e+02 0.00000000e+00 0.00000000e+00
-4.79486988e+03 6.96452151e+02 0.00000000e+00 0.00000000e+00
-4.79336985e+03 6.94841185e+02 0.00000000e+00 0.00000000e+00
-4.79186981e+03 6.93233411e+02 0.00000000e+00 0.00000000e+00
-4.79036977e+03 6.91628821e+02 0.00000000e+00 0.00000000e+00
-4.78886973e+03 6.90027405e+02 0.00000000e+00 0.00000000e+00
-4.78736970e+03 6.88429153e+02 0.00000000e+00 0.00000000e+00
-4.78586966e+03 6.86834056e+02 0.00000000e+00 0.00000000e+00
-4.78436962e+03 6.85242105e+02 0.00000000e+00 0.00000000e+00
-4.78286958e+03 6.83653290e+02 0.00000000e+00 0.00000000e+00
-4.78136955e+03 6.82067603e+02 0.00000000e+00 0.00000000e+00
-4.77986951e+03 6.80485033e+02 0.00000000e+00 0.00000000e+00
-4.77836947e+03 6.78905572e+02 0.00000000e+00 0.00000000e+00
-4.77686943e+03 6.77329212e+02 0.00000000e+00 0.00000000e+00
-4.77536940e+03 6.75755942e+02 0.00000000e+00 0.00000000e+00
-4.77386936e+03 6.74185753e+02 0.00000000e+00 0.00000000e+00
-4.77236932e+03 6.72618638e+02 0.00000000e+00 0.00000000e+00
-4.77086928e+03 6.71054586e+02 0.00000000e+00 0.00000000e+00
-4.76936925e+03 6.69493589e+02 0.00000000e+00 0.00000000e+00
-4.76786921e+03 6.67935638e+02 0.00000000e+00 0.00000000e+00
-4.76636917e+03 6.66380724e+02 0.00000000e+00 0.00000000e+00
-4.76486913e+03 6.64828839e+02 0.00000000e+00 0.00000000e+00
-4.76336910e+03 6.63279973e+02 0.00000000e+00 0.00000000e+00
-4.76186906e+03 6.61734119e+02 0.00000000e+00 0.00000000e+00
-4.76036902e+03 6.60191267e+02 0.00000000e+00 0.00000000e+00
-4.75886898e+03 6.58651409e+02 0.00000000e+00 0.00000000e+00
-4.75736895e+03 6.57114537e+02 0.00000000e+00 0.00000000e+00
-4.75586891e+03 6.55580641e+02 0.00000000e+00 0.00000000e+00
-4.75436887e+03 6.54049714e+02 0.00000000e+00 0.00000000e+00
-4.75286883e+03 6.52521746e+02 0.00000000e+00 0.00000000e+00
-4.75136880e+03 6.50996730e+02 0.00000000e+00 0.00000000e+00
-4.74986876e+03 6.49474657e+02 0.00000000e+00 0.00000000e+00
-4.74836872e+03 6.47955519e+02 0.00000000e+00 0.00000000e+00
-4.74686868e+03 6.46439308e+02 0.00000000e+00 0.00000000e+00
-4.74536865e+03 6.44926015e+02 0.00000000e+00 0.00000000e+00
-4.74386861e+03 6.43415632e+02 0.00000000e+00 0.00000000e+00
-4.74236857e+03 6.41908152e+02 0.00000000e+00 0.00000000e+00
-4.74086853e+03 6.40403565e+02 0.00000000e+00 0.00000000e+00
-4.73936850e+03 6.38901864e+02 0.00000000e+00 0.00000000e+00
-4.73786846e+03 6.37403040e+02 0.00000000e+00 0.00000000e+00
-4.73636842e+03 6.35907087e+02 0.00000000e+00 0.00000000e+00
-4.73486838e+03 6.34413995e+02 0.00000000e+00 0.00000000e+00
-4.73336835e+03 6.32923758e+02 0.00000000e+00 0.00000000e+00
-4.73186831e+03 6.31436366e+02 0.00000000e+00 0.00000000e+00
-4.73036827e+03 6.29951812e+02 0.00000000e+00 0.00000000e+00
-4.72886823e+03 6.28470089e+02 0.00000000e+00 0.00000000e+00
-4.72736820e+03 6.26991189e+02 0.00000000e+00 0.00000000e+00
-4.72586816e+03 6.25515103e+02 0.00000000e+00 0.00000000e+00
-4.72436812e+03 6.24041825e+02 0.00000000e+00 0.00000000e+00
-4.72286808e+03 6.22571345e+02 0.00000000e+00 0.00000000e+00
-4.72136805e+03 6.21103658e+02 0.00000000e+00 0.00000000e+00
-4.71986801e+03 6.19638755e+02 0.00000000e+00 0.00000000e+00
-4.71836797e+03 6.18176628e+02 0.00000000e+00 0.00000000e+00
-4.71686793e+03 6.16717271e+02 0.00000000e+00 0.00000000e+00
-4.71536790e+03 6.15260675e+02 0.00000000e+00 0.00000000e+00
-4.71386786e+03 6.13806834e+02 0.00000000e+00 0.00000000e+00
-4.71236782e+03 6.12355739e+02 0.00000000e+00 0.00000000e+00
-4.71086778e+03 6.10907383e+02 0.00000000e+00 0.00000000e+00
-4.70936775e+03 6.09461760e+02 0.00000000e+00 0.00000000e+00
-4.70786771e+03 6.08018861e+02 0.00000000e+00 0.00000000e+00
-4.70636767e+03 6.06578680e+02 0.00000000e+00 0.00000000e+00
-4.70486763e+03 6.05141209e+02 0.00000000e+00 0.00000000e+00
-4.70336760e+03 6.03706441e+02 0.00000000e+00 0.00000000e+00
-4.70186756e+03 6.02274368e+02 0.00000000e+00 0.00000000e+00
-4.70036752e+03 6.00844984e+02 0.00000000e+00 0.00000000e+00
-4.69886748e+03 5.99418282e+02 0.00000000e+00 0.00000000e+00
-4.69736745e+03 5.97994254e+02 0.00000000e+00 0.00000000e+00
-4.69586741e+03 5.96572893e+02 0.00000000e+00 0.00000000e+00
-4.69436737e+03 5.95154192e+02 0.00000000e+00 0.00000000e+00
-4.69286733e+03 5.93738145e+02 0.00000000e+00 0.00000000e+00
-4.69136730e+03 5.92324744e+02 0.00000000e+00 0.00000000e+00
-4.68986726e+03 5.90913983e+02 0.00000000e+00 0.00000000e+00
-4.68836722e+03 5.89505854e+02 0.00000000e+00 0.00000000e+00
-4.68686718e+03 5.88100350e+02 0.00000000e+00 0.00000000e+00
-4.68536715e+03 5.86697466e+02 0.00000000e+00 0.00000000e+00
-4.68386711e+03 5.85297193e+02 0.00000000e+00 0.00000000e+00
-4.68236707e+03 5.83899526e+02 0.00000000e+00 0.00000000e+00
-4.68086703e+03 5.82504457e+02 0.00000000e+00 0.00000000e+00
-4.67936700e+03 5.81111980e+02 0.00000000e+00 0.00000000e+00
-4.67786696e+03 5.79722088e+02 0.00000000e+00 0.00000000e+00
-4.67636692e+03 5.78334775e+02 0.00000000e+00 0.00000000e+00
-4.67486688e+03 5.76950033e+02 0.00000000e+00 0.00000000e+00
-4.67336685e+03 5.75567857e+02 0.00000000e+00 0.00000000e+00
-4.67186681e+03 5.74188239e+02 0.00000000e+00 0.00000000e+00
-4.67036677e+03 5.72811173e+02 0.00000000e+00 0.00000000e+00
-4.66886673e+03 5.71436653e+02 0.00000000e+00 0.00000000e+00
-4.66736670e+03 5.70064672e+02 0.00000000e+00 0.00000000e+00
-4.66586666e+03 5.68695224e+02 0.00000000e+00 0.00000000e+00
-4.66436662e+03 5.67328302e+02 0.00000000e+00 0.00000000e+00
-4.66286658e+03 5.65963901e+02 0.00000000e+00 0.00000000e+00
-4.66136655e+03 5.64602012e+02 0.00000000e+00 0.00000000e+00
-4.65986651e+03 5.63242631e+02 0.00000000e+00 0.00000000e+00
-4.65836647e+03 5.61885751e+02 0.00000000e+00 0.00000000e+00
-4.65686643e+03 5.60531365e+02 0.00000000e+00 0.00000000e+00
-4.65536640e+03 5.59179468e+02 0.00000000e+00 0.00000000e+00
-4.65386636e+03 5.57830053e+02 0.00000000e+00 0.00000000e+00
-4.65236632e+03 5.56483114e+02 0.00000000e+00 0.00000000e+00
-4.65086628e+03 5.55138645e+02 0.00000000e+00 0.00000000e+00
-4.64936625e+03 5.53796639e+02 0.00000000e+00 0.00000000e+00
-4.64786621e+03 5.52457091e+02 0.00000000e+00 0.00000000e+00
-4.64636617e+03 5.51119995e+02 0.00000000e+00 0.00000000e+00
-4.64486613e+03 5.49785344e+02 0.00000000e+00 0.00000000e+00
-4.64336610e+03 5.48453133e+02 0.00000000e+00 0.00000000e+00
-4.64186606e+03 5.47123355e+02 0.00000000e+00 0.00000000e+00
-4.64036602e+03 5.45796004e+02 0.00000000e+00 0.00000000e+00
-4.63886598e+03 5.44471075e+02 0.00000000e+00 0.00000000e+00
-4.63736595e+03 5.43148561e+02 0.00000000e+00 0.00000000e+00
-4.63586591e+03 5.41828457e+02 0.00000000e+00 0.00000000e+00
-4.63436587e+03 5.40510757e+02 0.00000000e+00 0.00000000e+00
-4.63286583e+03 5.39195455e+02 0.00000000e+00 0.00000000e+00
-4.63136580e+03 5.37882545e+02 0.00000000e+00 0.00000000e+00
-4.62986576e+03 5.36572022e+02 0.00000000e+00 0.00000000e+00
-4.62836572e+03 5.35263879e+02 0.00000000e+00 0.00000000e+00
-4.62686568e+03 5.33958111e+02 0.00000000e+00 0.00000000e+00
-4.62536565e+03 5.32654712e+02 0.00000000e+00 0.00000000e+00
-4.62386561e+03 5.31353676e+02 0.00000000e+00 0.00000000e+00
-4.62236557e+03 5.30054999e+02 0.00000000e+00 0.00000000e+00
-4.62086553e+03 5.28758673e+02 0.00000000e+00 0.00000000e+00
-4.61936550e+03 5.27464694e+02 0.00000000e+00 0.00000000e+00
-4.61786546e+03 5.26173056e+02 0.00000000e+00 0.00000000e+00
-4.61636542e+03 5.24883753e+02 0.00000000e+00 0.00000000e+00
-4.61486538e+03 5.23596780e+02 0.00000000e+00 0.00000000e+00
-4.61336535e+03 5.22312131e+02 0.00000000e+00 0.00000000e+00
-4.61186531e+03 5.21029801e+02 0.00000000e+00 0.00000000e+00
-4.61036527e+03 5.19749785e+02 0.00000000e+00 0.00000000e+00
-4.60886523e+03 5.18472076e+02 0.00000000e+00 0.00000000e+00
-4.60736520e+03 5.17196670e+02 0.00000000e+00 0.00000000e+00
-4.60586516e+03 5.15923561e+02 0.00000000e+00 0.00000000e+00
-4.60436512e+03 5.14652743e+02 0.00000000e+00 0.00000000e+00
-4.60286508e+03 5.13384212e+02 0.00000000e+00 0.00000000e+00
-4.60136505e+03 5.12117962e+02 0.00000000e+00 0.00000000e+00
-4.59986501e+03 5.10853987e+02 0.00000000e+00 0.00000000e+00
-4.59836497e+03 5.09592283e+02 0.00000000e+00 0.00000000e+00
-4.59686493e+03 5.08332844e+02 0.00000000e+00 0.00000000e+00
-4.59536490e+03 5.07075665e+02 0.00000000e+00 0.00000000e+00
-4.59386486e+03 5.05820741e+02 0.00000000e+00 0.00000000e+00
-4.59236482e+03 5.04568066e+02 0.00000000e+00 0.00000000e+00
-4.59086478e+03 5.03317635e+02 0.00000000e+00 0.00000000e+00
-4.58936475e+03 5.02069444e+02 0.00000000e+00 0.00000000e+00
-4.58786471e+03 5.00823487e+02 0.00000000e+00 0.00000000e+00
-4.58636467e+03 4.99579758e+02 0.00000000e+00 0.00000000e+00
-4.58486463e+03 4.98338253e+02 0.00000000e+00 0.00000000e+00
-4.58336460e+03 4.97098968e+02 0.00000000e+00 0.00000000e+00
-4.58186456e+03 4.95861895e+02 0.00000000e+00 0.00000000e+00
-4.58036452e+03 4.94627032e+02 0.00000000e+00 0.00000000e+00
-4.57886448e+03 4.93394372e+02 0.00000000e+00 0.00000000e+00
-4.57736445e+03 4.92163912e+02 0.00000000e+00 0.00000000e+00
-4.57586441e+03 4.90935644e+02 0.00000000e+00 0.00000000e+00
-4.57436437e+03 4.89709566e+02 0.00000000e+00 0.00000000e+00
-4.57286433e+03 4.88485672e+02 0.00000000e+00 0.00000000e+00
-4.57136430e+03 4.87263956e+02 0.00000000e+00 0.00000000e+00
-4.56986426e+03 4.86044415e+02 0.00000000e+00 0.00000000e+00
-4.56836422e+03 4.84827044e+02 0.00000000e+00 0.00000000e+00
-4.56686418e+03 4.83611836e+02 0.00000000e+00 0.00000000e+00
-4.56536415e+03 4.82398789e+02 0.00000000e+00 0.00000000e+00
-4.56386411e+03 4.81187896e+02 0.00000000e+00 0.00000000e+00
-4.56236407e+03 4.79979154e+02 0.00000000e+00 0.00000000e+00
-4.56086403e+03 4.78772556e+02 0.00000000e+00 0.00000000e+00
-4.55936400e+03 4.77568100e+02 0.00000000e+00 0.00000000e+00
-4.55786396e+03 4.76365779e+02 0.00000000e+00 0.00000000e+00
-4.55636392e+03 4.75165590e+02 0.00000000e+00 0.00000000e+00
-4.55486388e+03 4.73967527e+02 0.00000000e+00 0.00000000e+00
-4.55336385e+03 4.72771587e+02 0.00000000e+00 0.00000000e+00
-4.55186381e+03 4.71577763e+02 0.00000000e+00 0.00000000e+00
-4.55036377e+03 4.70386053e+02 0.00000000e+00 0.00000000e+00
-4.54886373e+03 4.69196450e+02 0.00000000e+00 0.00000000e+00
-4.54736370e+03 4.68008951e+02 0.00000000e+00 0.00000000e+00
-4.54586366e+03 4.66823551e+02 0.00000000e+00 0.00000000e+00
-4.54436362e+03 4.65640245e+02 0.00000000e+00 0.00000000e+00
-4.54286358e+03 4.64459030e+02 0.00000000e+00 0.00000000e+00
-4.54136355e+03 4.63279900e+02 0.00000000e+00 0.00000000e+00
-4.53986351e+03 4.62102851e+02 0.00000000e+00 0.00000000e+00
-4.53836347e+03 4.60927878e+02 0.00000000e+00 0.00000000e+00
-4.53686343e+03 4.59754977e+02 0.00000000e+00 0.00000000e+00
-4.53536340e+03 4.58584145e+02 0.00000000e+00 0.00000000e+00
-4.53386336e+03 4.57415375e+02 0.00000000e+00 0.00000000e+00
-4.53236332e+03 4.56248664e+02 0.00000000e+00 0.00000000e+00
-4.53086328e+03 4.55084008e+02 0.00000000e+00 0.00000000e+00
-4.52936325e+03 4.53921402e+02 0.00000000e+00 0.00000000e+00
-4.52786321e+03 4.52760842e+02 0.00000000e+00 0.00000000e+00
-4.52636317e+03 4.51602323e+02 0.00000000e+00 0.00000000e+00
-4.52486313e+03 4.50445842e+02 0.00000000e+00 0.00000000e+00
-4.52336310e+03 4.49291394e+02 0.00000000e+00 0.00000000e+00
-4.52186306e+03 4.48138974e+02 0.00000000e+00 0.00000000e+00
-4.52036302e+03 4.46988579e+02 0.00000000e+00 0.00000000e+00
-4.51886298e+03 4.45840204e+02 0.00000000e+00 0.00000000e+00
-4.51736295e+03 4.44693845e+02 0.00000000e+00 0.00000000e+00
-4.51586291e+03 4.43549499e+02 0.00000000e+00 0.00000000e+00
-4.51436287e+03 4.42407159e+02 0.00000000e+00 0.00000000e+00
-4.51286283e+03 4.41266824e+02 0.00000000e+00 0.00000000e+00
-4.51136280e+03 4.40128488e+02 0.00000000e+00 0.00000000e+00
-4.50986276e+03 4.38992147e+02 0.00000000e+00 0.00000000e+00
-4.50836272e+03 4.37857797e+02 0.00000000e+00 0.00000000e+00
-4.50686268e+03 4.36725435e+02 0.00000000e+00 0.00000000e+00
-4.50536265e+03 4.35595056e+02 0.00000000e+00 0.00000000e+00
-4.50386261e+03 4.34466655e+02 0.00000000e+00 0.00000000e+00
-4.50236257e+03 4.33340230e+02 0.00000000e+00 0.00000000e+00
-4.50086253e+03 4.32215776e+02 0.00000000e+00 0.00000000e+00
-4.49936250e+03 4.31093288e+02 0.00000000e+00 0.00000000e+00
-4.49786246e+03 4.29972764e+02 0.00000000e+00 0.00000000e+00
-4.49636242e+03 4.28854199e+02 0.00000000e+00 0.00000000e+00
-4.49486238e+03 4.27737589e+02 0.00000000e+00 0.00000000e+00
-4.49336235e+03 4.26622930e+02 0.00000000e+00 0.00000000e+00
-4.49186231e+03 4.25510218e+02 0.00000000e+00 0.00000000e+00
-4.49036227e+03 4.24399450e+02 0.00000000e+00 0.00000000e+00
-4.48886223e+03 4.23290621e+02 0.00000000e+00 0.00000000e+00
-4.48736220e+03 4.22183728e+02 0.00000000e+00 0.00000000e+00
-4.48586216e+03 4.21078766e+02 0.00000000e+00 0.00000000e+00
-4.48436212e+03 4.19975733e+02 0.00000000e+00 0.00000000e+00
-4.48286208e+03 4.18874623e+02 0.00000000e+00 0.00000000e+00
-4.48136205e+03 4.17775434e+02 0.00000000e+00 0.00000000e+00
-4.47986201e+03 4.16678162e+02 0.00000000e+00 0.00000000e+00
-4.47836197e+03 4.15582802e+02 0.00000000e+00 0.00000000e+00
-4.47686193e+03 4.14489351e+02 0.00000000e+00 0.00000000e+00
-4.47536190e+03 4.13397805e+02 0.00000000e+00 0.00000000e+00
-4.47386186e+03 4.12308161e+02 0.00000000e+00 0.00000000e+00
-4.47236182e+03 4.11220415e+02 0.00000000e+00 0.00000000e+00
-4.47086178e+03 4.10134563e+02 0.00000000e+00 0.00000000e+00
-4.46936175e+03 4.09050601e+02 0.00000000e+00 0.00000000e+00
-4.46786171e+03 4.07968527e+02 0.00000000e+00 0.00000000e+00
-4.46636167e+03 4.06888335e+02 0.00000000e+00 0.00000000e+00
-4.46486163e+03 4.05810023e+02 0.00000000e+00 0.00000000e+00
-4.46336160e+03 4.04733587e+02 0.00000000e+00 0.00000000e+00
-4.46186156e+03 4.03659023e+02 0.00000000e+00 0.00000000e+00
-4.46036152e+03 4.02586327e+02 0.00000000e+00 0.00000000e+00
-4.45886148e+03 4.01515497e+02 0.00000000e+00 0.00000000e+00
-4.45736145e+03 4.00446529e+02 0.00000000e+00 0.00000000e+00
-4.45586141e+03 3.99379418e+02 0.00000000e+00 0.00000000e+00
-4.45436137e+03 3.98314162e+02 0.00000000e+00 0.00000000e+00
-4.45286133e+03 3.97250757e+02 0.00000000e+00 0.00000000e+00
-4.45136130e+03 3.96189199e+02 0.00000000e+00 0.00000000e+00
-4.44986126e+03 3.95129485e+02 0.00000000e+00 0.00000000e+00
-4.44836122e+03 3.94071612e+02 0.00000000e+00 0.00000000e+00
-4.44686118e+03 3.93015576e+02 0.00000000e+00 0.00000000e+00
-4.44536115e+03 3.91961374e+02 0.00000000e+00 0.00000000e+00
-4.44386111e+03 3.90909002e+02 0.00000000e+00 0.00000000e+00
-4.44236107e+03 3.89858456e+02 0.00000000e+00 0.00000000e+00
-4.44086103e+03 3.88809734e+02 0.00000000e+00 0.00000000e+00
-4.43936100e+03 3.87762832e+02 0.00000000e+00 0.00000000e+00
-4.43786096e+03 3.86717747e+02 0.00000000e+00 0.00000000e+00
-4.43636092e+03 3.85674474e+02 0.00000000e+00 0.00000000e+00
-4.43486088e+03 3.84633012e+02 0.00000000e+00 0.00000000e+00
-4.43336085e+03 3.83593356e+02 0.00000000e+00 0.00000000e+00
-4.43186081e+03 3.82555504e+02 0.00000000e+00 0.00000000e+00
-4.43036077e+03 3.81519451e+02 0.00000000e+00 0.00000000e+00
-4.42886073e+03 3.80485195e+02 0.00000000e+00 0.00000000e+00
-4.42736070e+03 3.79452733e+02 0.00000000e+00 0.00000000e+00
-4.42586066e+03 3.78422061e+02 0.00000000e+00 0.00000000e+00
-4.42436062e+03 3.77393175e+02 0.00000000e+00 0.00000000e+00
-4.42286058e+03 3.76366073e+02 0.00000000e+00 0.00000000e+00
-4.42136055e+03 3.75340752e+02 0.00000000e+00 0.00000000e+00
-4.41986051e+03 3.74317207e+02 0.00000000e+00 0.00000000e+00
-4.41836047e+03 3.73295437e+02 0.00000000e+00 0.00000000e+00
-4.41686043e+03 3.72275438e+02 0.00000000e+00 0.00000000e+00
-4.41536040e+03 3.71257206e+02 0.00000000e+00 0.00000000e+00
-4.41386036e+03 3.70240739e+02 0.00000000e+00 0.00000000e+00
-4.41236032e+03 3.69226033e+02 0.00000000e+00 0.00000000e+00
-4.41086028e+03 3.68213085e+02 0.00000000e+00 0.00000000e+00
-4.40936025e+03 3.67201892e+02 0.00000000e+00 0.00000000e+00
-4.40786021e+03 3.66192451e+02 0.00000000e+00 0.00000000e+00
-4.40636017e+03 3.65184760e+02 0.00000000e+00 0.00000000e+00
-4.40486013e+03 3.64178814e+02 0.00000000e+00 0.00000000e+00
-4.40336010e+03 3.63174611e+02 0.00000000e+00 0.00000000e+00
-4.40186006e+03 3.62172147e+02 0.00000000e+00 0.00000000e+00
-4.40036002e+03 3.61171420e+02 0.00000000e+00 0.00000000e+00
-4.39885998e+03 3.60172427e+02 0.00000000e+00 0.00000000e+00
-4.39735994e+03 3.59175164e+02 0.00000000e+00 0.00000000e+00
-4.39585991e+03 3.58179629e+02 0.00000000e+00 0.00000000e+00
-4.39435987e+03 3.57185818e+02 0.00000000e+00 0.00000000e+00
-4.39285983e+03 3.56193729e+02 0.00000000e+00 0.00000000e+00
-4.39135979e+03 3.55203359e+02 0.00000000e+00 0.00000000e+00
-4.38985976e+03 3.54214705e+02 0.00000000e+00 0.00000000e+00
-4.38835972e+03 3.53227763e+02 0.00000000e+00 0.00000000e+00
-4.38685968e+03 3.52242531e+02 0.00000000e+00 0.00000000e+00
-4.38535964e+03 3.51259006e+02 0.00000000e+00 0.00000000e+00
-4.38385961e+03 3.50277184e+02 0.00000000e+00 0.00000000e+00
-4.38235957e+03 3.49297064e+02 0.00000000e+00 0.00000000e+00
-4.38085953e+03 3.48318642e+02 0.00000000e+00 0.00000000e+00
-4.37935949e+03 3.47341916e+02 0.00000000e+00 0.00000000e+00
-4.37785946e+03 3.46366882e+02 0.00000000e+00 0.00000000e+00
-4.37635942e+03 3.45393537e+02 0.00000000e+00 0.00000000e+00
-4.37485938e+03 3.44421880e+02 0.00000000e+00 0.00000000e+00
-4.37335934e+03 3.43451906e+02 0.00000000e+00 0.00000000e+00
-4.37185931e+03 3.42483613e+02 0.00000000e+00 0.00000000e+00
-4.37035927e+03 3.41516999e+02 0.00000000e+00 0.00000000e+00
-4.36885923e+03 3.40552060e+02 0.00000000e+00 0.00000000e+00
-4.36735919e+03 3.39588795e+02 0.00000000e+00 0.00000000e+00
-4.36585916e+03 3.38627199e+02 0.00000000e+00 0.00000000e+00
-4.36435912e+03 3.37667270e+02 0.00000000e+00 0.00000000e+00
-4.36285908e+03 3.36709006e+02 0.00000000e+00 0.00000000e+00
-4.36135904e+03 3.35752403e+02 0.00000000e+00 0.00000000e+00
-4.35985901e+03 3.34797460e+02 0.00000000e+00 0.00000000e+00
-4.35835897e+03 3.33844173e+02 0.00000000e+00 0.00000000e+00
-4.35685893e+03 3.32892540e+02 0.00000000e+00 0.00000000e+00
-4.35535889e+03 3.31942557e+02 0.00000000e+00 0.00000000e+00
-4.35385886e+03 3.30994223e+02 0.00000000e+00 0.00000000e+00
-4.35235882e+03 3.30047534e+02 0.00000000e+00 0.00000000e+00
-4.35085878e+03 3.29102489e+02 0.00000000e+00 0.00000000e+00
-4.34935874e+03 3.28159083e+02 0.00000000e+00 0.00000000e+00
-4.34785871e+03 3.27217316e+02 0.00000000e+00 0.00000000e+00
-4.34635867e+03 3.26277183e+02 0.00000000e+00 0.00000000e+00
-4.34485863e+03 3.25338683e+02 0.00000000e+00 0.00000000e+00
-4.34335859e+03 3.24401813e+02 0.00000000e+00 0.00000000e+00
-4.34185856e+03 3.23466570e+02 0.00000000e+00 0.00000000e+00
-4.34035852e+03 3.22532952e+02 0.00000000e+00 0.00000000e+00
-4.33885848e+03 3.21600955e+02 0.00000000e+00 0.00000000e+00
-4.33735844e+03 3.20670579e+02 0.00000000e+00 0.00000000e+00
-4.33585841e+03 3.19741819e+02 0.00000000e+00 0.00000000e+00
-4.33435837e+03 3.18814674e+02 0.00000000e+00 0.00000000e+00
-4.33285833e+03 3.17889141e+02 0.00000000e+00 0.00000000e+00
-4.33135829e+03 3.16965217e+02 0.00000000e+00 0.00000000e+00
-4.32985826e+03 3.16042900e+02 0.00000000e+00 0.00000000e+00
-4.32835822e+03 3.15122187e+02 0.00000000e+00 0.00000000e+00
-4.32685818e+03 3.14203077e+02 0.00000000e+00 0.00000000e+00
-4.32535814e+03 3.13285566e+02 0.00000000e+00 0.00000000e+00
-4.32385811e+03 3.12369652e+02 0.00000000e+00 0.00000000e+00
-4.32235807e+03 3.11455332e+02 0.00000000e+00 0.00000000e+00
-4.32085803e+03 3.10542605e+02 0.00000000e+00 0.00000000e+00
-4.31935799e+03 3.09631467e+02 0.00000000e+00 0.00000000e+00
-4.31785796e+03 3.08721917e+02 0.00000000e+00 0.00000000e+00
-4.31635792e+03 3.07813951e+02 0.00000000e+00 0.00000000e+00
-4.31485788e+03 3.06907568e+02 0.00000000e+00 0.00000000e+00
-4.31335784e+03 3.06002765e+02 0.00000000e+00 0.00000000e+00
-4.31185781e+03 3.05099540e+02 0.00000000e+00 0.00000000e+00
-4.31035777e+03 3.04197890e+02 0.00000000e+00 0.00000000e+00
-4.30885773e+03 3.03297813e+02 0.00000000e+00 0.00000000e+00
-4.30735769e+03 3.02399307e+02 0.00000000e+00 0.00000000e+00
-4.30585766e+03 3.01502368e+02 0.00000000e+00 0.00000000e+00
-4.30435762e+03 3.00606996e+02 0.00000000e+00 0.00000000e+00
-4.30285758e+03 2.99713188e+02 0.00000000e+00 0.00000000e+00
-4.30135754e+03 2.98820940e+02 0.00000000e+00 0.00000000e+00
-4.29985751e+03 2.97930252e+02 0.00000000e+00 0.00000000e+00
-4.29835747e+03 2.97041120e+02 0.00000000e+00 0.00000000e+00
-4.29685743e+03 2.96153543e+02 0.00000000e+00 0.00000000e+00
-4.29535739e+03 2.95267518e+02 0.00000000e+00 0.00000000e+00
-4.29385736e+03 2.94383043e+02 0.00000000e+00 0.00000000e+00
-4.29235732e+03 2.93500116e+02 0.00000000e+00 0.00000000e+00
-4.29085728e+03 2.92618734e+02 0.00000000e+00 0.00000000e+00
-4.28935724e+03 2.91738895e+02 0.00000000e+00 0.00000000e+00
-4.28785721e+03 2.90860597e+02 0.00000000e+00 0.00000000e+00
-4.28635717e+03 2.89983838e+02 0.00000000e+00 0.00000000e+00
-4.28485713e+03 2.89108616e+02 0.00000000e+00 0.00000000e+00
-4.28335709e+03 2.88234928e+02 0.00000000e+00 0.00000000e+00
-4.28185706e+03 2.87362772e+02 0.00000000e+00 0.00000000e+00
-4.28035702e+03 2.86492146e+02 0.00000000e+00 0.00000000e+00
-4.27885698e+03 2.85623047e+02 0.00000000e+00 0.00000000e+00
-4.27735694e+03 2.84755475e+02 0.00000000e+00 0.00000000e+00
-4.27585691e+03 2.83889426e+02 0.00000000e+00 0.00000000e+00
-4.27435687e+03 2.83024898e+02 0.00000000e+00 0.00000000e+00
-4.27285683e+03 2.82161889e+02 0.00000000e+00 0.00000000e+00
-4.27135679e+03 2.81300398e+02 0.00000000e+00 0.00000000e+00
-4.26985676e+03 2.80440422e+02 0.00000000e+00 0.00000000e+00
-4.26835672e+03 2.79581959e+02 0.00000000e+00 0.00000000e+00
-4.26685668e+03 2.78725006e+02 0.00000000e+00 0.00000000e+00
-4.26535664e+03 2.77869562e+02 0.00000000e+00 0.00000000e+00
-4.26385661e+03 2.77015625e+02 0.00000000e+00 0.00000000e+00
-4.26235657e+03 2.76163193e+02 0.00000000e+00 0.00000000e+00
-4.26085653e+03 2.75312263e+02 0.00000000e+00 0.00000000e+00
-4.25935649e+03 2.74462834e+02 0.00000000e+00 0.00000000e+00
-4.25785646e+03 2.73614903e+02 0.00000000e+00 0.00000000e+00
-4.25635642e+03 2.72768468e+02 0.00000000e+00 0.00000000e+00
-4.25485638e+03 2.71923528e+02 0.00000000e+00 0.00000000e+00
-4.25335634e+03 2.71080081e+02 0.00000000e+00 0.00000000e+00
-4.25185631e+03 2.70238123e+02 0.00000000e+00 0.00000000e+00
-4.25035627e+03 2.69397655e+02 0.00000000e+00 0.00000000e+00
-4.24885623e+03 2.68558672e+02 0.00000000e+00 0.00000000e+00
-4.24735619e+03 2.67721175e+02 0.00000000e+00 0.00000000e+00
-4.24585616e+03 2.66885159e+02 0.00000000e+00 0.00000000e+00
-4.24435612e+03 2.66050624e+02 0.00000000e+00 0.00000000e+00
-4.24285608e+03 2.65217568e+02 0.00000000e+00 0.00000000e+00
-4.24135604e+03 2.64385989e+02 0.00000000e+00 0.00000000e+00
-4.23985601e+03 2.63555884e+02 0.00000000e+00 0.00000000e+00
-4.23835597e+03 2.62727252e+02 0.00000000e+00 0.00000000e+00
-4.23685593e+03 2.61900091e+02 0.00000000e+00 0.00000000e+00
-4.23535589e+03 2.61074399e+02 0.00000000e+00 0.00000000e+00
-4.23385586e+03 2.60250174e+02 0.00000000e+00 0.00000000e+00
-4.23235582e+03 2.59427414e+02 0.00000000e+00 0.00000000e+00
-4.23085578e+03 2.58606118e+02 0.00000000e+00 0.00000000e+00
-4.22935574e+03 2.57786283e+02 0.00000000e+00 0.00000000e+00
-4.22785571e+03 2.56967908e+02 0.00000000e+00 0.00000000e+00
-4.22635567e+03 2.56150990e+02 0.00000000e+00 0.00000000e+00
-4.22485563e+03 2.55335528e+02 0.00000000e+00 0.00000000e+00
-4.22335559e+03 2.54521521e+02 0.00000000e+00 0.00000000e+00
-4.22185556e+03 2.53708965e+02 0.00000000e+00 0.00000000e+00
-4.22035552e+03 2.52897861e+02 0.00000000e+00 0.00000000e+00
-4.21885548e+03 2.52088204e+02 0.00000000e+00 0.00000000e+00
-4.21735544e+03 2.51279995e+02 0.00000000e+00 0.00000000e+00
-4.21585541e+03 2.50473230e+02 0.00000000e+00 0.00000000e+00
-4.21435537e+03 2.49667909e+02 0.00000000e+00 0.00000000e+00
-4.21285533e+03 2.48864030e+02 0.00000000e+00 0.00000000e+00
-4.21135529e+03 2.48061590e+02 0.00000000e+00 0.00000000e+00
-4.20985526e+03 2.47260588e+02 0.00000000e+00 0.00000000e+00
-4.20835522e+03 2.46461022e+02 0.00000000e+00 0.00000000e+00
-4.20685518e+03 2.45662890e+02 0.00000000e+00 0.00000000e+00
-4.20535514e+03 2.44866192e+02 0.00000000e+00 0.00000000e+00
-4.20385511e+03 2.44070924e+02 0.00000000e+00 0.00000000e+00
-4.20235507e+03 2.43277086e+02 0.00000000e+00 0.00000000e+00
-4.20085503e+03 2.42484675e+02 0.00000000e+00 0.00000000e+00
-4.19935499e+03 2.41693690e+02 0.00000000e+00 0.00000000e+00
-4.19785496e+03 2.40904129e+02 0.00000000e+00 0.00000000e+00
-4.19635492e+03 2.40115991e+02 0.00000000e+00 0.00000000e+00
-4.19485488e+03 2.39329273e+02 0.00000000e+00 0.00000000e+00
-4.19335484e+03 2.38543975e+02 0.00000000e+00 0.00000000e+00
-4.19185481e+03 2.37760094e+02 0.00000000e+00 0.00000000e+00
-4.19035477e+03 2.36977629e+02 0.00000000e+00 0.00000000e+00
-4.18885473e+03 2.36196578e+02 0.00000000e+00 0.00000000e+00
-4.18735469e+03 2.35416940e+02 0.00000000e+00 0.00000000e+00
-4.18585466e+03 2.34638712e+02 0.00000000e+00 0.00000000e+00
-4.18435462e+03 2.33861894e+02 0.00000000e+00 0.00000000e+00
-4.18285458e+03 2.33086484e+02 0.00000000e+00 0.00000000e+00
-4.18135454e+03 2.32312479e+02 0.00000000e+00 0.00000000e+00
-4.17985451e+03 2.31539879e+02 0.00000000e+00 0.00000000e+00
-4.17835447e+03 2.30768682e+02 0.00000000e+00 0.00000000e+00
-4.17685443e+03 2.29998887e+02 0.00000000e+00 0.00000000e+00
-4.17535439e+03 2.29230491e+02 0.00000000e+00 0.00000000e+00
-4.17385436e+03 2.28463493e+02 0.00000000e+00 0.00000000e+00
-4.17235432e+03 2.27697892e+02 0.00000000e+00 0.00000000e+00
-4.17085428e+03 2.26933686e+02 0.00000000e+00 0.00000000e+00
-4.16935424e+03 2.26170873e+02 0.00000000e+00 0.00000000e+00
-4.16785421e+03 2.25409452e+02 0.00000000e+00 0.00000000e+00
-4.16635417e+03 2.24649422e+02 0.00000000e+00 0.00000000e+00
-4.16485413e+03 2.23890781e+02 0.00000000e+00 0.00000000e+00
-4.16335409e+03 2.23133528e+02 0.00000000e+00 0.00000000e+00
-4.16185406e+03 2.22377660e+02 0.00000000e+00 0.00000000e+00
-4.16035402e+03 2.21623177e+02 0.00000000e+00 0.00000000e+00
-4.15885398e+03 2.20870076e+02 0.00000000e+00 0.00000000e+00
-4.15735394e+03 2.20118357e+02 0.00000000e+00 0.00000000e+00
-4.15585391e+03 2.19368019e+02 0.00000000e+00 0.00000000e+00
-4.15435387e+03 2.18619058e+02 0.00000000e+00 0.00000000e+00
-4.15285383e+03 2.17871475e+02 0.00000000e+00 0.00000000e+00
-4.15135379e+03 2.17125267e+02 0.00000000e+00 0.00000000e+00
-4.14985376e+03 2.16380434e+02 0.00000000e+00 0.00000000e+00
-4.14835372e+03 2.15636974e+02 0.00000000e+00 0.00000000e+00
-4.14685368e+03 2.14894885e+02 0.00000000e+00 0.00000000e+00
-4.14535364e+03 2.14154165e+02 0.00000000e+00 0.00000000e+00
-4.14385361e+03 2.13414815e+02 0.00000000e+00 0.00000000e+00
-4.14235357e+03 2.12676831e+02 0.00000000e+00 0.00000000e+00
-4.14085353e+03 2.11940213e+02 0.00000000e+00 0.00000000e+00
-4.13935349e+03 2.11204960e+02 0.00000000e+00 0.00000000e+00
-4.13785346e+03 2.10471069e+02 0.00000000e+00 0.00000000e+00
-4.13635342e+03 2.09738540e+02 0.00000000e+00 0.00000000e+00
-4.13485338e+03 2.09007372e+02 0.00000000e+00 0.00000000e+00
-4.13335334e+03 2.08277562e+02 0.00000000e+00 0.00000000e+00
-4.13185331e+03 2.07549110e+02 0.00000000e+00 0.00000000e+00
-4.13035327e+03 2.06822014e+02 0.00000000e+00 0.00000000e+00
-4.12885323e+03 2.06096272e+02 0.00000000e+00 0.00000000e+00
-4.12735319e+03 2.05371885e+02 0.00000000e+00 0.00000000e+00
-4.12585316e+03 2.04648849e+02 0.00000000e+00 0.00000000e+00
-4.12435312e+03 2.03927165e+02 0.00000000e+00 0.00000000e+00
-4.12285308e+03 2.03206830e+02 0.00000000e+00 0.00000000e+00
-4.12135304e+03 2.02487843e+02 0.00000000e+00 0.00000000e+00
-4.11985301e+03 2.01770204e+02 0.00000000e+00 0.00000000e+00
-4.11835297e+03 2.01053910e+02 0.00000000e+00 0.00000000e+00
-4.11685293e+03 2.00338961e+02 0.00000000e+00 0.00000000e+00
-4.11535289e+03 1.99625355e+02 0.00000000e+00 0.00000000e+00
-4.11385286e+03 1.98913091e+02 0.00000000e+00 0.00000000e+00
-4.11235282e+03 1.98202167e+02 0.00000000e+00 0.00000000e+00
-4.11085278e+03 1.97492583e+02 0.00000000e+00 0.00000000e+00
-4.10935274e+03 1.96784338e+02 0.00000000e+00 0.00000000e+00
-4.10785271e+03 1.96077429e+02 0.00000000e+00 0.00000000e+00
-4.10635267e+03 1.95371856e+02 0.00000000e+00 0.00000000e+00
-4.10485263e+03 1.94667618e+02 0.00000000e+00 0.00000000e+00
-4.10335259e+03 1.93964713e+02 0.00000000e+00 0.00000000e+00
-4.10185256e+03 1.93263140e+02 0.00000000e+00 0.00000000e+00
-4.10035252e+03 1.92562898e+02 0.00000000e+00 0.00000000e+00
-4.09885248e+03 1.91863986e+02 0.00000000e+00 0.00000000e+00
-4.09735244e+03 1.91166403e+02 0.00000000e+00 0.00000000e+00
-4.09585241e+03 1.90470147e+02 0.00000000e+00 0.00000000e+00
-4.09435237e+03 1.89775217e+02 0.00000000e+00 0.00000000e+00
-4.09285233e+03 1.89081613e+02 0.00000000e+00 0.00000000e+00
-4.09135229e+03 1.88389332e+02 0.00000000e+00 0.00000000e+00
-4.08985226e+03 1.87698375e+02 0.00000000e+00 0.00000000e+00
-4.08835222e+03 1.87008739e+02 0.00000000e+00 0.00000000e+00
-4.08685218e+03 1.86320424e+02 0.00000000e+00 0.00000000e+00
-4.08535214e+03 1.85633428e+02 0.00000000e+00 0.00000000e+00
-4.08385211e+03 1.84947750e+02 0.00000000e+00 0.00000000e+00
-4.08235207e+03 1.84263390e+02 0.00000000e+00 0.00000000e+00
-4.08085203e+03 1.83580347e+02 0.00000000e+00 0.00000000e+00
-4.07935199e+03 1.82898618e+02 0.00000000e+00 0.00000000e+00
-4.07785196e+03 1.82218203e+02 0.00000000e+00 0.00000000e+00
-4.07635192e+03 1.81539101e+02 0.00000000e+00 0.00000000e+00
-4.07485188e+03 1.80861312e+02 0.00000000e+00 0.00000000e+00
-4.07335184e+03 1.80184833e+02 0.00000000e+00 0.00000000e+00
-4.07185181e+03 1.79509663e+02 0.00000000e+00 0.00000000e+00
-4.07035177e+03 1.78835803e+02 0.00000000e+00 0.00000000e+00
-4.06885173e+03 1.78163251e+02 0.00000000e+00 0.00000000e+00
-4.06735169e+03 1.77492004e+02 0.00000000e+00 0.00000000e+00
-4.06585166e+03 1.76822064e+02 0.00000000e+00 0.00000000e+00
-4.06435162e+03 1.76153428e+02 0.00000000e+00 0.00000000e+00
-4.06285158e+03 1.75486097e+02 0.00000000e+00 0.00000000e+00
-4.06135154e+03 1.74820067e+02 0.00000000e+00 0.00000000e+00
-4.05985151e+03 1.74155339e+02 0.00000000e+00 0.00000000e+00
-4.05835147e+03 1.73491913e+02 0.00000000e+00 0.00000000e+00
-4.05685143e+03 1.72829785e+02 0.00000000e+00 0.00000000e+00
-4.05535139e+03 1.72168957e+02 0.00000000e+00 0.00000000e+00
-4.05385136e+03 1.71509426e+02 0.00000000e+00 0.00000000e+00
-4.05235132e+03 1.70851193e+02 0.00000000e+00 0.00000000e+00
-4.05085128e+03 1.70194255e+02 0.00000000e+00 0.00000000e+00
-4.04935124e+03 1.69538612e+02 0.00000000e+00 0.00000000e+00
-4.04785121e+03 1.68884263e+02 0.00000000e+00 0.00000000e+00
-4.04635117e+03 1.68231207e+02 0.00000000e+00 0.00000000e+00
-4.04485113e+03 1.67579444e+02 0.00000000e+00 0.00000000e+00
-4.04335109e+03 1.66928972e+02 0.00000000e+00 0.00000000e+00
-4.04185106e+03 1.66279790e+02 0.00000000e+00 0.00000000e+00
-4.04035102e+03 1.65631898e+02 0.00000000e+00 0.00000000e+00
-4.03885098e+03 1.64985294e+02 0.00000000e+00 0.00000000e+00
-4.03735094e+03 1.64339978e+02 0.00000000e+00 0.00000000e+00
-4.03585091e+03 1.63695949e+02 0.00000000e+00 0.00000000e+00
-4.03435087e+03 1.63053206e+02 0.00000000e+00 0.00000000e+00
-4.03285083e+03 1.62411748e+02 0.00000000e+00 0.00000000e+00
-4.03135079e+03 1.61771575e+02 0.00000000e+00 0.00000000e+00
-4.02985076e+03 1.61132685e+02 0.00000000e+00 0.00000000e+00
-4.02835072e+03 1.60495077e+02 0.00000000e+00 0.00000000e+00
-4.02685068e+03 1.59858752e+02 0.00000000e+00 0.00000000e+00
-4.02535064e+03 1.59223707e+02 0.00000000e+00 0.00000000e+00
-4.02385061e+03 1.58589943e+02 0.00000000e+00 0.00000000e+00
-4.02235057e+03 1.57957458e+02 0.00000000e+00 0.00000000e+00
-4.02085053e+03 1.57326251e+02 0.00000000e+00 0.00000000e+00
-4.01935049e+03 1.56696323e+02 0.00000000e+00 0.00000000e+00
-4.01785046e+03 1.56067671e+02 0.00000000e+00 0.00000000e+00
-4.01635042e+03 1.55440296e+02 0.00000000e+00 0.00000000e+00
-4.01485038e+03 1.54814196e+02 0.00000000e+00 0.00000000e+00
-4.01335034e+03 1.54189371e+02 0.00000000e+00 0.00000000e+00
-4.01185031e+03 1.53565820e+02 0.00000000e+00 0.00000000e+00
-4.01035027e+03 1.52943543e+02 0.00000000e+00 0.00000000e+00
-4.00885023e+03 1.52322538e+02 0.00000000e+00 0.00000000e+00
-4.00735019e+03 1.51702804e+02 0.00000000e+00 0.00000000e+00
-4.00585016e+03 1.51084342e+02 0.00000000e+00 0.00000000e+00
-4.00435012e+03 1.50467150e+02 0.00000000e+00 0.00000000e+00
-4.00285008e+03 1.49851228e+02 0.00000000e+00 0.00000000e+00
-4.00135004e+03 1.49236574e+02 0.00000000e+00 0.00000000e+00
-3.99985001e+03 1.48623190e+02 0.00000000e+00 0.00000000e+00
-3.99834997e+03 1.48011072e+02 0.00000000e+00 0.00000000e+00
-3.99684993e+03 1.47400222e+02 0.00000000e+00 0.00000000e+00
-3.99534989e+03 1.46790638e+02 0.00000000e+00 0.00000000e+00
-3.99384986e+03 1.46182319e+02 0.00000000e+00 0.00000000e+00
-3.99234982e+03 1.45575266e+02 0.00000000e+00 0.00000000e+00
-3.99084978e+03 1.44969477e+02 0.00000000e+00 0.00000000e+00
-3.98934974e+03 1.44364951e+02 0.00000000e+00 0.00000000e+00
-3.98784971e+03 1.43761689e+02 0.00000000e+00 0.00000000e+00
-3.98634967e+03 1.43159689e+02 0.00000000e+00 0.00000000e+00
-3.98484963e+03 1.42558951e+02 0.00000000e+00 0.00000000e+00
-3.98334959e+03 1.41959475e+02 0.00000000e+00 0.00000000e+00
-3.98184956e+03 1.41361259e+02 0.00000000e+00 0.00000000e+00
-3.98034952e+03 1.40764303e+02 0.00000000e+00 0.00000000e+00
-3.97884948e+03 1.40168606e+02 0.00000000e+00 0.00000000e+00
-3.97734944e+03 1.39574169e+02 0.00000000e+00 0.00000000e+00
-3.97584941e+03 1.38980990e+02 0.00000000e+00 0.00000000e+00
-3.97434937e+03 1.38389069e+02 0.00000000e+00 0.00000000e+00
-3.97284933e+03 1.37798405e+02 0.00000000e+00 0.00000000e+00
-3.97134929e+03 1.37208998e+02 0.00000000e+00 0.00000000e+00
-3.96984926e+03 1.36620847e+02 0.00000000e+00 0.00000000e+00
-3.96834922e+03 1.36033951e+02 0.00000000e+00 0.00000000e+00
-3.96684918e+03 1.35448312e+02 0.00000000e+00 0.00000000e+00
-3.96534914e+03 1.34863926e+02 0.00000000e+00 0.00000000e+00
-3.96384911e+03 1.34280795e+02 0.00000000e+00 0.00000000e+00
-3.96234907e+03 1.33698918e+02 0.00000000e+00 0.00000000e+00
-3.96084903e+03 1.33118294e+02 0.00000000e+00 0.00000000e+00
-3.95934899e+03 1.32538922e+02 0.00000000e+00 0.00000000e+00
-3.95784896e+03 1.31960803e+02 0.00000000e+00 0.00000000e+00
-3.95634892e+03 1.31383936e+02 0.00000000e+00 0.00000000e+00
-3.95484888e+03 1.30808320e+02 0.00000000e+00 0.00000000e+00
-3.95334884e+03 1.30233955e+02 0.00000000e+00 0.00000000e+00
-3.95184881e+03 1.29660841e+02 0.00000000e+00 0.00000000e+00
-3.95034877e+03 1.29088977e+02 0.00000000e+00 0.00000000e+00
-3.94884873e+03 1.28518363e+02 0.00000000e+00 0.00000000e+00
-3.94734869e+03 1.27948998e+02 0.00000000e+00 0.00000000e+00
-3.94584866e+03 1.27380882e+02 0.00000000e+00 0.00000000e+00
-3.94434862e+03 1.26814014e+02 0.00000000e+00 0.00000000e+00
-3.94284858e+03 1.26248395e+02 0.00000000e+00 0.00000000e+00
-3.94134854e+03 1.25684023e+02 0.00000000e+00 0.00000000e+00
-3.93984851e+03 1.25120899e+02 0.00000000e+00 0.00000000e+00
-3.93834847e+03 1.24559022e+02 0.00000000e+00 0.00000000e+00
-3.93684843e+03 1.23998391e+02 0.00000000e+00 0.00000000e+00
-3.93534839e+03 1.23439007e+02 0.00000000e+00 0.00000000e+00
-3.93384836e+03 1.22880869e+02 0.00000000e+00 0.00000000e+00
-3.93234832e+03 1.22323977e+02 0.00000000e+00 0.00000000e+00
-3.93084828e+03 1.21768331e+02 0.00000000e+00 0.00000000e+00
-3.92934824e+03 1.21213929e+02 0.00000000e+00 0.00000000e+00
-3.92784821e+03 1.20660773e+02 0.00000000e+00 0.00000000e+00
-3.92634817e+03 1.20108861e+02 0.00000000e+00 0.00000000e+00
-3.92484813e+03 1.19558193e+02 0.00000000e+00 0.00000000e+00
-3.92334809e+03 1.19008770e+02 0.00000000e+00 0.00000000e+00
-3.92184806e+03 1.18460590e+02 0.00000000e+00 0.00000000e+00
-3.92034802e+03 1.17913654e+02 0.00000000e+00 0.00000000e+00
-3.91884798e+03 1.17367961e+02 0.00000000e+00 0.00000000e+00
-3.91734794e+03 1.16823512e+02 0.00000000e+00 0.00000000e+00
-3.91584791e+03 1.16280305e+02 0.00000000e+00 0.00000000e+00
-3.91434787e+03 1.15738341e+02 0.00000000e+00 0.00000000e+00
-3.91284783e+03 1.15197619e+02 0.00000000e+00 0.00000000e+00
-3.91134779e+03 1.14658140e+02 0.00000000e+00 0.00000000e+00
-3.90984776e+03 1.14119903e+02 0.00000000e+00 0.00000000e+00
-3.90834772e+03 1.13582908e+02 0.00000000e+00 0.00000000e+00
-3.90684768e+03 1.13047155e+02 0.00000000e+00 0.00000000e+00
-3.90534764e+03 1.12512643e+02 0.00000000e+00 0.00000000e+00
-3.90384761e+03 1.11979373e+02 0.00000000e+00 0.00000000e+00
-3.90234757e+03 1.11447345e+02 0.00000000e+00 0.00000000e+00
-3.90084753e+03 1.10916557e+02 0.00000000e+00 0.00000000e+00
-3.89934749e+03 1.10387011e+02 0.00000000e+00 0.00000000e+00
-3.89784746e+03 1.09858706e+02 0.00000000e+00 0.00000000e+00
-3.89634742e+03 1.09331642e+02 0.00000000e+00 0.00000000e+00
-3.89484738e+03 1.08805819e+02 0.00000000e+00 0.00000000e+00
-3.89334734e+03 1.08281236e+02 0.00000000e+00 0.00000000e+00
-3.89184731e+03 1.07757895e+02 0.00000000e+00 0.00000000e+00
-3.89034727e+03 1.07235794e+02 0.00000000e+00 0.00000000e+00
-3.88884723e+03 1.06714934e+02 0.00000000e+00 0.00000000e+00
-3.88734719e+03 1.06195315e+02 0.00000000e+00 0.00000000e+00
-3.88584716e+03 1.05676936e+02 0.00000000e+00 0.00000000e+00
-3.88434712e+03 1.05159798e+02 0.00000000e+00 0.00000000e+00
-3.88284708e+03 1.04643900e+02 0.00000000e+00 0.00000000e+00
-3.88134704e+03 1.04129243e+02 0.00000000e+00 0.00000000e+00
-3.87984701e+03 1.03615827e+02 0.00000000e+00 0.00000000e+00
-3.87834697e+03 1.03103652e+02 0.00000000e+00 0.00000000e+00
-3.87684693e+03 1.02592717e+02 0.00000000e+00 0.00000000e+00
-3.87534689e+03 1.02083023e+02 0.00000000e+00 0.00000000e+00
-3.87384686e+03 1.01574570e+02 0.00000000e+00 0.00000000e+00
-3.87234682e+03 1.01067358e+02 0.00000000e+00 0.00000000e+00
-3.87084678e+03 1.00561387e+02 0.00000000e+00 0.00000000e+00
-3.86934674e+03 1.00056658e+02 0.00000000e+00 0.00000000e+00
-3.86784671e+03 9.95531692e+01 0.00000000e+00 0.00000000e+00
-3.86634667e+03 9.90509221e+01 0.00000000e+00 0.00000000e+00
-3.86484663e+03 9.85499169e+01 0.00000000e+00 0.00000000e+00
-3.86334659e+03 9.80501530e+01 0.00000000e+00 0.00000000e+00
-3.86184656e+03 9.75516310e+01 0.00000000e+00 0.00000000e+00
-3.86034652e+03 9.70543510e+01 0.00000000e+00 0.00000000e+00
-3.85884648e+03 9.65583133e+01 0.00000000e+00 0.00000000e+00
-3.85734644e+03 9.60635179e+01 0.00000000e+00 0.00000000e+00
-3.85584641e+03 9.55699651e+01 0.00000000e+00 0.00000000e+00
-3.85434637e+03 9.50776553e+01 0.00000000e+00 0.00000000e+00
-3.85284633e+03 9.45865883e+01 0.00000000e+00 0.00000000e+00
-3.85134629e+03 9.40967647e+01 0.00000000e+00 0.00000000e+00
-3.84984626e+03 9.36081845e+01 0.00000000e+00 0.00000000e+00
-3.84834622e+03 9.31208480e+01 0.00000000e+00 0.00000000e+00
-3.84684618e+03 9.26347558e+01 0.00000000e+00 0.00000000e+00
-3.84534614e+03 9.21499080e+01 0.00000000e+00 0.00000000e+00
-3.84384611e+03 9.16663050e+01 0.00000000e+00 0.00000000e+00
-3.84234607e+03 9.11839468e+01 0.00000000e+00 0.00000000e+00
-3.84084603e+03 9.07028341e+01 0.00000000e+00 0.00000000e+00
-3.83934599e+03 9.02229669e+01 0.00000000e+00 0.00000000e+00
-3.83784596e+03 8.97443457e+01 0.00000000e+00 0.00000000e+00
-3.83634592e+03 8.92669710e+01 0.00000000e+00 0.00000000e+00
-3.83484588e+03 8.87908431e+01 0.00000000e+00 0.00000000e+00
-3.83334584e+03 8.83159622e+01 0.00000000e+00 0.00000000e+00
-3.83184581e+03 8.78423290e+01 0.00000000e+00 0.00000000e+00
-3.83034577e+03 8.73699438e+01 0.00000000e+00 0.00000000e+00
-3.82884573e+03 8.68988070e+01 0.00000000e+00 0.00000000e+00
-3.82734569e+03 8.64289193e+01 0.00000000e+00 0.00000000e+00
-3.82584566e+03 8.59602809e+01 0.00000000e+00 0.00000000e+00
-3.82434562e+03 8.54928922e+01 0.00000000e+00 0.00000000e+00
-3.82284558e+03 8.50267539e+01 0.00000000e+00 0.00000000e+00
-3.82134554e+03 8.45618663e+01 0.00000000e+00 0.00000000e+00
-3.81984551e+03 8.40982302e+01 0.00000000e+00 0.00000000e+00
-3.81834547e+03 8.36358459e+01 0.00000000e+00 0.00000000e+00
-3.81684543e+03 8.31747140e+01 0.00000000e+00 0.00000000e+00
-3.81534539e+03 8.27148352e+01 0.00000000e+00 0.00000000e+00
-3.81384536e+03 8.22562101e+01 0.00000000e+00 0.00000000e+00
-3.81234532e+03 8.17988394e+01 0.00000000e+00 0.00000000e+00
-3.81084528e+03 8.13427232e+01 0.00000000e+00 0.00000000e+00
-3.80934524e+03 8.08878624e+01 0.00000000e+00 0.00000000e+00
-3.80784521e+03 8.04342580e+01 0.00000000e+00 0.00000000e+00
-3.80634517e+03 7.99819099e+01 0.00000000e+00 0.00000000e+00
-3.80484513e+03 7.95308196e+01 0.00000000e+00 0.00000000e+00
-3.80334509e+03 7.90809873e+01 0.00000000e+00 0.00000000e+00
-3.80184506e+03 7.86324139e+01 0.00000000e+00 0.00000000e+00
-3.80034502e+03 7.81850998e+01 0.00000000e+00 0.00000000e+00
-3.79884498e+03 7.77390462e+01 0.00000000e+00 0.00000000e+00
-3.79734494e+03 7.72942537e+01 0.00000000e+00 0.00000000e+00
-3.79584491e+03 7.68507231e+01 0.00000000e+00 0.00000000e+00
-3.79434487e+03 7.64084550e+01 0.00000000e+00 0.00000000e+00
-3.79284483e+03 7.59674502e+01 0.00000000e+00 0.00000000e+00
-3.79134479e+03 7.55277099e+01 0.00000000e+00 0.00000000e+00
-3.78984476e+03 7.50892346e+01 0.00000000e+00 0.00000000e+00
-3.78834472e+03 7.46520252e+01 0.00000000e+00 0.00000000e+00
-3.78684468e+03 7.42160828e+01 0.00000000e+00 0.00000000e+00
-3.78534464e+03 7.37814083e+01 0.00000000e+00 0.00000000e+00
-3.78384461e+03 7.33480024e+01 0.00000000e+00 0.00000000e+00
-3.78234457e+03 7.29158660e+01 0.00000000e+00 0.00000000e+00
-3.78084453e+03 7.24850002e+01 0.00000000e+00 0.00000000e+00
-3.77934449e+03 7.20554061e+01 0.00000000e+00 0.00000000e+00
-3.77784446e+03 7.16270845e+01 0.00000000e+00 0.00000000e+00
-3.77634442e+03 7.12000366e+01 0.00000000e+00 0.00000000e+00
-3.77484438e+03 7.07742633e+01 0.00000000e+00 0.00000000e+00
-3.77334434e+03 7.03497659e+01 0.00000000e+00 0.00000000e+00
-3.77184431e+03 6.99265448e+01 0.00000000e+00 0.00000000e+00
-3.77034427e+03 6.95046020e+01 0.00000000e+00 0.00000000e+00
-3.76884423e+03 6.90839381e+01 0.00000000e+00 0.00000000e+00
-3.76734419e+03 6.86645543e+01 0.00000000e+00 0.00000000e+00
-3.76584416e+03 6.82464519e+01 0.00000000e+00 0.00000000e+00
-3.76434412e+03 6.78296319e+01 0.00000000e+00 0.00000000e+00
-3.76284408e+03 6.74140956e+01 0.00000000e+00 0.00000000e+00
-3.76134404e+03 6.69998444e+01 0.00000000e+00 0.00000000e+00
-3.75984401e+03 6.65868793e+01 0.00000000e+00 0.00000000e+00
-3.75834397e+03 6.61752017e+01 0.00000000e+00 0.00000000e+00
-3.75684393e+03 6.57648130e+01 0.00000000e+00 0.00000000e+00
-3.75534389e+03 6.53557144e+01 0.00000000e+00 0.00000000e+00
-3.75384386e+03 6.49479072e+01 0.00000000e+00 0.00000000e+00
-3.75234382e+03 6.45413928e+01 0.00000000e+00 0.00000000e+00
-3.75084378e+03 6.41361728e+01 0.00000000e+00 0.00000000e+00
-3.74934374e+03 6.37322485e+01 0.00000000e+00 0.00000000e+00
-3.74784371e+03 6.33296212e+01 0.00000000e+00 0.00000000e+00
-3.74634367e+03 6.29282926e+01 0.00000000e+00 0.00000000e+00
-3.74484363e+03 6.25282641e+01 0.00000000e+00 0.00000000e+00
-3.74334359e+03 6.21295373e+01 0.00000000e+00 0.00000000e+00
-3.74184356e+03 6.17321140e+01 0.00000000e+00 0.00000000e+00
-3.74034352e+03 6.13359952e+01 0.00000000e+00 0.00000000e+00
-3.73884348e+03 6.09411829e+01 0.00000000e+00 0.00000000e+00
-3.73734344e+03 6.05476790e+01 0.00000000e+00 0.00000000e+00
-3.73584341e+03 6.01554844e+01 0.00000000e+00 0.00000000e+00
-3.73434337e+03 5.97646017e+01 0.00000000e+00 0.00000000e+00
-3.73284333e+03 5.93750319e+01 0.00000000e+00 0.00000000e+00
-3.73134329e+03 5.89867774e+01 0.00000000e+00 0.00000000e+00
-3.72984326e+03 5.85998392e+01 0.00000000e+00 0.00000000e+00
-3.72834322e+03 5.82142200e+01 0.00000000e+00 0.00000000e+00
-3.72684318e+03 5.78299212e+01 0.00000000e+00 0.00000000e+00
-3.72534314e+03 5.74469448e+01 0.00000000e+00 0.00000000e+00
-3.72384311e+03 5.70652925e+01 0.00000000e+00 0.00000000e+00
-3.72234307e+03 5.66849667e+01 0.00000000e+00 0.00000000e+00
-3.72084303e+03 5.63059691e+01 0.00000000e+00 0.00000000e+00
-3.71934299e+03 5.59283017e+01 0.00000000e+00 0.00000000e+00
-3.71784296e+03 5.55519669e+01 0.00000000e+00 0.00000000e+00
-3.71634292e+03 5.51769663e+01 0.00000000e+00 1.48219694e-323
-3.71484288e+03 5.48033024e+01 1.15759581e-320 3.13736626e-319
-3.71334284e+03 5.44309774e+01 1.41954057e-316 3.84494113e-315
-3.71184281e+03 5.40599934e+01 1.52441947e-312 4.13072906e-311
-3.71034277e+03 5.36903524e+01 1.57151502e-308 4.26008148e-307
-3.70884273e+03 5.33220571e+01 1.56624743e-304 4.24750293e-303
-3.70734269e+03 5.29551098e+01 1.50927664e-300 4.09461335e-299
-3.70584266e+03 5.25895128e+01 1.40611258e-296 3.81620451e-295
-3.70434262e+03 5.22252685e+01 1.26644947e-292 3.43845746e-291
-3.70284258e+03 5.18623795e+01 1.10266688e-288 2.99489147e-287
-3.70134254e+03 5.15008481e+01 9.28035346e-285 2.52149987e-283
-3.69984251e+03 5.11406771e+01 7.54948182e-281 2.05194604e-279
-3.69834247e+03 5.07818689e+01 5.93576641e-277 1.61390000e-275
-3.69684243e+03 5.04244263e+01 4.51037864e-273 1.22676249e-271
-3.69534239e+03 5.00683517e+01 3.31206397e-269 9.01136317e-268
-3.69384236e+03 4.97136482e+01 2.35018606e-265 6.39638965e-264
-3.69234232e+03 4.93603185e+01 1.61136263e-261 4.38695743e-260
-3.69084228e+03 4.90083651e+01 1.06744372e-257 2.90702751e-256
-3.68934224e+03 4.86577915e+01 6.83154923e-254 1.86103229e-252
-3.68784221e+03 4.83086004e+01 4.22362957e-250 1.15092648e-248
-3.68634217e+03 4.79607947e+01 2.52240653e-246 6.87543821e-245
-3.68484213e+03 4.76143776e+01 1.45502550e-242 3.96712516e-241
-3.68334209e+03 4.72693522e+01 8.10624750e-239 2.21075993e-237
-3.68184206e+03 4.69257216e+01 4.36143350e-235 1.18977219e-233
-3.68034202e+03 4.65834890e+01 2.26601872e-231 6.18311414e-230
-3.67884198e+03 4.62426580e+01 1.13679727e-227 3.10264691e-226
-3.67734194e+03 4.59032319e+01 5.50621449e-224 1.50315701e-222
-3.67584191e+03 4.55652138e+01 2.57477978e-220 7.03055310e-219
-3.67434187e+03 4.52286075e+01 1.16225605e-216 3.17428317e-215
-3.67284183e+03 4.48934164e+01 5.06409744e-213 1.38336438e-211
-3.67134179e+03 4.45596443e+01 2.12961136e-209 5.81864390e-208
-3.66984176e+03 4.42272947e+01 8.64285111e-206 2.36190008e-204
-3.66834172e+03 4.38963717e+01 3.38476510e-202 9.25150161e-201
-3.66684168e+03 4.35668790e+01 1.27901246e-198 3.49650203e-197
-3.66534164e+03 4.32388205e+01 4.66287237e-195 1.27492292e-193
-3.66384161e+03 4.29122003e+01 1.63991012e-191 4.48453977e-190
-3.66234157e+03 4.25870224e+01 5.56327464e-188 1.52156943e-186
-3.66084153e+03 4.22632910e+01 1.82028522e-184 4.97920636e-183
-3.65934149e+03 4.19410104e+01 5.74382891e-181 1.57136660e-179
-3.65784146e+03 4.16201849e+01 1.74770859e-177 4.78185365e-176
-3.65634142e+03 4.13008193e+01 5.12731950e-174 1.40302281e-172
-3.65484138e+03 4.09829177e+01 1.45017294e-170 3.96859750e-169
-3.65334134e+03 4.06664849e+01 3.95373121e-167 1.08208923e-165
-3.65184131e+03 4.03515256e+01 1.03896090e-163 2.84373778e-162
-3.65034127e+03 4.00380450e+01 2.63112790e-160 7.20215400e-159
-3.64884123e+03 3.97260477e+01 6.42071821e-157 1.75763945e-155
-3.64734119e+03 3.94155387e+01 1.50963176e-153 4.13274435e-152
-3.64584116e+03 3.91065236e+01 3.41934444e-150 9.36110784e-149
-3.64434112e+03 3.87990075e+01 7.46009715e-147 2.04240216e-145
-3.64284108e+03 3.84929957e+01 1.56753452e-143 4.29162453e-142
-3.64134104e+03 3.81884939e+01 3.17175886e-140 8.68376354e-139
-3.63984101e+03 3.78855079e+01 6.17916604e-137 1.69175028e-135
-3.63834097e+03 3.75840435e+01 1.15889697e-133 3.17281731e-132
-3.63684093e+03 3.72841063e+01 2.09210086e-130 5.72759010e-129
-3.63534089e+03 3.69857028e+01 3.63473900e-127 9.95054308e-126
-3.63384086e+03 3.66888390e+01 6.07646446e-124 1.66342744e-122
-3.63234082e+03 3.63935216e+01 9.77337888e-121 2.67529711e-119
-3.63084078e+03 3.60997573e+01 1.51210283e-117 4.13883368e-116
-3.62934074e+03 3.58075526e+01 2.25003472e-114 6.15814814e-113
-3.62784071e+03 3.55169147e+01 3.21951657e-111 8.81070534e-110
-3.62634067e+03 3.52278504e+01 4.42906914e-108 1.21195454e-106
-3.62484063e+03 3.49403674e+01 5.85694417e-105 1.60248324e-103
-3.62334059e+03 3.46544731e+01 7.44365385e-102 2.03634671e-100
-3.62184056e+03 3.43701753e+01 9.09016704e-99 2.48642335e-97
-3.62034052e+03 3.40874818e+01 1.06646406e-95 2.91663125e-94
-3.61884048e+03 3.38064011e+01 1.20175112e-92 3.28606585e-91
-3.61734044e+03 3.35269417e+01 1.30042695e-89 3.55523536e-88
-3.61584041e+03 3.32491123e+01 1.35103058e-86 3.69285614e-85
-3.61434037e+03 3.29729216e+01 1.34728371e-83 3.68184174e-82
-3.61284033e+03 3.26983791e+01 1.28932750e-80 3.52267100e-79
-3.61134029e+03 3.24254947e+01 1.18378112e-77 3.23352959e-76
-3.60984026e+03 3.21542780e+01 1.04250751e-74 2.84691766e-73
-3.60834022e+03 3.18847396e+01 8.80381777e-72 2.40353584e-70
-3.60684018e+03 3.16168899e+01 7.12746141e-69 1.94532294e-67
-3.60534014e+03 3.13507397e+01 5.53036216e-66 1.50897125e-64
-3.60384011e+03 3.10863012e+01 4.11144284e-63 1.12146402e-61
-3.60234007e+03 3.08235856e+01 2.92776616e-60 7.98333117e-59
-3.60084003e+03 3.05626057e+01 1.99636455e-57 5.44173113e-56
-3.59933999e+03 3.03033743e+01 1.30306840e-54 3.55063915e-53
-3.59783995e+03 3.00459045e+01 8.13907954e-52 2.21691547e-50
-3.59633992e+03 2.97902106e+01 4.86306665e-49 1.32406955e-47
-3.59483988e+03 2.95363073e+01 2.77850523e-46 7.56189292e-45
-3.59333984e+03 2.92842100e+01 1.51744147e-43 4.12801940e-42
-3.59183980e+03 2.90339344e+01 7.91850080e-41 2.15315209e-39
-3.59033977e+03 2.87854980e+01 3.94651844e-38 1.07260309e-36
-3.58883973e+03 2.85389186e+01 1.87772247e-35 5.10082406e-34
-3.58733969e+03 2.82942149e+01 8.52496793e-33 2.31459869e-31
-3.58583965e+03 2.80514071e+01 3.69109924e-30 1.00158929e-28
-3.58433962e+03 2.78105163e+01 1.52213862e-27 4.12633053e-26
-3.58283958e+03 2.75715654e+01 5.93671667e-25 1.60367022e-23
-3.58133954e+03 2.73345783e+01 2.12613601e-22 5.67083406e-21
-3.57983950e+03 2.70995814e+01 6.50293072e-20 1.68176618e-18
-3.57833947e+03 2.68666029e+01 1.53105855e-17 3.75380191e-16
-3.57683943e+03 2.66356729e+01 2.52112276e-15 5.73847985e-14
-3.57533939e+03 2.64068242e+01 2.72138566e-13 5.64913146e-12
-3.57383935e+03 2.61800913e+01 1.85923723e-11 3.46428597e-10
-3.57233932e+03 2.59555098e+01 7.92172513e-10 1.30423844e-08
-3.57083928e+03 2.57331128e+01 2.10075234e-08 3.00406744e-07
-3.56933924e+03 2.55129230e+01 3.48918438e-07 4.24663722e-06
-3.56783920e+03 2.52949337e+01 3.67489794e-06 3.71090059e-05
-3.56633917e+03 2.50790709e+01 2.49848380e-05 2.02395377e-04
-3.56483913e+03 2.48651414e+01 1.12253958e-04 6.96725630e-04
-3.56333909e+03 2.46528239e+01 3.43385718e-04 1.53158732e-03
-3.56183905e+03 2.44417959e+01 7.43088880e-04 2.17226451e-03
-3.56033902e+03 2.42319676e+01 1.19737208e-03 2.00249472e-03
-3.55883898e+03 2.40235887e+01 1.53859232e-03 1.20761038e-03
-3.55733894e+03 2.38170851e+01 1.70931857e-03 4.81551394e-04
-3.55583890e+03 2.36128122e+01 1.76688211e-03 1.29231525e-04
-3.55433887e+03 2.34109461e+01 1.78015048e-03 2.37614660e-05
-3.55283883e+03 2.32115110e+01 1.78227487e-03 3.03191395e-06
-3.55133879e+03 2.30144458e+01 1.78251478e-03 2.73461345e-07
-3.54983875e+03 2.28196505e+01 1.78253417e-03 1.77578501e-08
-3.54833872e+03 2.26270042e+01 1.78253531e-03 8.41251603e-10
-3.54683868e+03 2.24363766e+01 1.78253536e-03 3.01043543e-11
-3.54533864e+03 2.22476726e+01 1.78253536e-03 1.60281572e-11
-3.54383860e+03 2.20609016e+01 1.78253539e-03 4.29301749e-10
-3.54233857e+03 2.18761858e+01 1.78253588e-03 8.58937011e-09
-3.54083853e+03 2.16936841e+01 1.78254361e-03 1.22129564e-07
-3.53933849e+03 2.15135085e+01 1.78262993e-03 1.23751550e-06
-3.53783845e+03 2.13356957e+01 1.78332476e-03 8.98939307e-06
-3.53633842e+03 2.11602169e+01 1.78739360e-03 4.74395064e-05
-3.53483838e+03 2.09869824e+01 1.80490647e-03 1.82996289e-04
-3.53333834e+03 2.08158270e+01 1.86086963e-03 5.21863675e-04
-3.53183830e+03 2.06465033e+01 1.99508984e-03 1.11521607e-03
-3.53033827e+03 2.04787210e+01 2.23902826e-03 1.79870415e-03
-3.52883823e+03 2.03122498e+01 2.57735138e-03 2.20076929e-03
-3.52733819e+03 2.01470268e+01 2.93728266e-03 2.05759310e-03
-3.52583815e+03 1.99831721e+01 3.23246102e-03 1.48205426e-03
-3.52433812e+03 1.98208886e+01 3.42020429e-03 8.28674202e-04
-3.52283808e+03 1.96603371e+01 3.51353322e-03 3.62489384e-04
-3.52133804e+03 1.95015988e+01 3.55011430e-03 1.25150121e-04
-3.51983800e+03 1.93447155e+01 3.56152253e-03 3.44365964e-05
-3.51833797e+03 1.91897210e+01 3.56437944e-03 7.62935615e-06
-3.51683793e+03 1.90366198e+01 3.56495945e-03 1.37472974e-06
-3.51533789e+03 1.88853608e+01 3.56505583e-03 2.03384328e-07
-3.51383785e+03 1.87358404e+01 3.56506906e-03 2.49200324e-08
-3.51233782e+03 1.85879434e+01 3.56507057e-03 2.54995264e-09
-3.51083778e+03 1.84415974e+01 3.56507071e-03 2.19902312e-10
-3.50933774e+03 1.82968060e+01 3.56507072e-03 1.61608569e-11
-3.50783770e+03 1.81536358e+01 3.56507073e-03 1.02607569e-12
-3.50633767e+03 1.80121679e+01 3.56507073e-03 5.71937341e-14
-3.50483763e+03 1.78724508e+01 3.56507073e-03 2.84946078e-15
-3.50333759e+03 1.77344875e+01 3.56507073e-03 1.29409829e-16
-3.50183755e+03 1.75982442e+01 3.56507073e-03 5.47334204e-18
-3.50033752e+03 1.74636687e+01 3.56507073e-03 2.20565699e-19
-3.49883748e+03 1.73306948e+01 3.56507073e-03 8.66558856e-21
-3.49733744e+03 1.71992340e+01 3.56507073e-03 3.38791728e-22
-3.49583740e+03 1.70691755e+01 3.56507073e-03 1.33852502e-23
-3.49433737e+03 1.69404140e+01 3.56507073e-03 5.39611165e-25
-3.49283733e+03 1.68128909e+01 3.56507073e-03 2.23203568e-26
-3.49133729e+03 1.66866024e+01 3.56507073e-03 9.50370828e-28
-3.48983725e+03 1.65615662e+01 3.56507073e-03 4.17272645e-29
-3.48833722e+03 1.64377794e+01 3.56507073e-03 1.88992002e-30
-3.48683718e+03 1.63152154e+01 3.56507073e-03 8.82981558e-32
-3.48533714e+03 1.61938525e+01 3.56507073e-03 5.20117371e-33
-3.48383710e+03 1.60737031e+01 3.56507073e-03 1.94547254e-32
-3.48233707e+03 1.59548159e+01 3.56507073e-03 3.75932523e-31
-3.48083703e+03 1.58372525e+01 3.56507073e-03 7.10423532e-30
-3.47933699e+03 1.57210629e+01 3.56507073e-03 1.29716429e-28
-3.47783695e+03 1.56062735e+01 3.56507073e-03 2.28652827e-27
-3.47633692e+03 1.54928892e+01 3.56507073e-03 3.88880099e-26
-3.47483688e+03 1.53809040e+01 3.56507073e-03 6.37541934e-25
-3.47333684e+03 1.52703058e+01 3.56507073e-03 1.00559328e-23
-3.47183680e+03 1.51610750e+01 3.56507073e-03 1.52070925e-22
-3.47033677e+03 1.50531724e+01 3.56507073e-03 2.19384859e-21
-3.46883673e+03 1.49465277e+01 3.56507073e-03 3.00066486e-20
-3.46733669e+03 1.48410438e+01 3.56507073e-03 3.86486525e-19
-3.46583665e+03 1.47366326e+01 3.56507073e-03 4.65414961e-18
-3.46433662e+03 1.46332567e+01 3.56507073e-03 5.19695823e-17
-3.46283658e+03 1.45309414e+01 3.56507073e-03 5.33963737e-16
-3.46133654e+03 1.44297411e+01 3.56507073e-03 5.01144895e-15
-3.45983650e+03 1.43296959e+01 3.56507073e-03 4.27299984e-14
-3.45833647e+03 1.42308090e+01 3.56507073e-03 3.30382376e-13
-3.45683643e+03 1.41330608e+01 3.56507073e-03 2.31283809e-12
-3.45533639e+03 1.40364374e+01 3.56507073e-03 1.46452858e-11
-3.45383635e+03 1.39409508e+01 3.56507073e-03 8.39728872e-11
-3.45233632e+03 1.38466395e+01 3.56507075e-03 4.36147703e-10
-3.45083628e+03 1.37535532e+01 3.56507085e-03 2.05068477e-09
-3.44933624e+03 1.36617359e+01 3.56507127e-03 8.73774301e-09
-3.44783620e+03 1.35712176e+01 3.56507295e-03 3.38343230e-08
-3.44633617e+03 1.34820146e+01 3.56507901e-03 1.19366719e-07
-3.44483613e+03 1.33941334e+01 3.56509895e-03 3.84403569e-07
-3.44333609e+03 1.33075716e+01 3.56515897e-03 1.13243005e-06
-3.44183605e+03 1.32223148e+01 3.56532472e-03 3.06097121e-06
-3.44033602e+03 1.31383286e+01 3.56574587e-03 7.61864277e-06
-3.43883598e+03 1.30555549e+01 3.56673418e-03 1.75245215e-05
-3.43733594e+03 1.29739252e+01 3.56888347e-03 3.73782126e-05
-3.43583590e+03 1.28933921e+01 3.57322698e-03 7.41339310e-05
-3.43433587e+03 1.28139552e+01 3.58140014e-03 1.37034761e-04
-3.43283583e+03 1.27356503e+01 3.59574498e-03 2.36565178e-04
-3.43133579e+03 1.26585140e+01 3.61927802e-03 3.82230681e-04
-3.42983575e+03 1.25825439e+01 3.65546694e-03 5.79489731e-04
-3.42833572e+03 1.25076856e+01 3.70780592e-03 8.26608413e-04
-3.42683568e+03 1.24338479e+01 3.77922588e-03 1.11239978e-03
-3.42533564e+03 1.23609365e+01 3.87141813e-03 1.41575534e-03
-3.42383560e+03 1.22888868e+01 3.98420385e-03 1.70763422e-03
-3.42233557e+03 1.22176813e+01 4.11513859e-03 1.95563226e-03
-3.42083553e+03 1.21473471e+01 4.25954233e-03 2.13030968e-03
-3.41933549e+03 1.20779364e+01 4.41103819e-03 2.21145272e-03
-3.41783545e+03 1.20095090e+01 4.56247746e-03 2.19212127e-03
-3.41633542e+03 1.19421180e+01 4.70700464e-03 2.07919807e-03
-3.41483538e+03 1.18758033e+01 4.83897953e-03 1.89065742e-03
-3.41333534e+03 1.18105898e+01 4.95455985e-03 1.65106927e-03
-3.41183530e+03 1.17464860e+01 5.05187716e-03 1.38703146e-03
-3.41033527e+03 1.16834854e+01 5.13084291e-03 1.12330198e-03
-3.40883523e+03 1.16215664e+01 5.19272439e-03 8.79468409e-04
-3.40733519e+03 1.15606964e+01 5.23964404e-03 6.67539549e-04
-3.40583515e+03 1.15008341e+01 5.27412654e-03 4.91876231e-04
-3.40433512e+03 1.14419347e+01 5.29873901e-03 3.51789341e-04
-3.40283508e+03 1.13839520e+01 5.31583273e-03 2.44385364e-04
-3.40133504e+03 1.13268379e+01 5.32739688e-03 1.65427135e-04
-3.39983500e+03 1.12705391e+01 5.33502252e-03 1.09380187e-04
-3.39833497e+03 1.12149959e+01 5.33993083e-03 7.05546473e-05
-3.39683493e+03 1.11601451e+01 5.34301989e-03 4.43603256e-05
-3.39533489e+03 1.11059349e+01 5.34492097e-03 2.72758778e-05
-3.39383485e+03 1.10523421e+01 5.34606430e-03 1.64321358e-05
-3.39233482e+03 1.09993817e+01 5.34673697e-03 9.67950358e-06
-3.39083478e+03 1.09471027e+01 5.34712464e-03 5.58583324e-06
-3.38933474e+03 1.08955670e+01 5.34734352e-03 3.17353989e-06
-3.38783470e+03 1.08448268e+01 5.34746483e-03 1.77376400e-06
-3.38633467e+03 1.07949113e+01 5.34753105e-03 9.75602664e-07
-3.38483463e+03 1.07458221e+01 5.34756668e-03 5.30695848e-07
-3.38333459e+03 1.06975389e+01 5.34758560e-03 2.85059983e-07
-3.38183455e+03 1.06500261e+01 5.34759554e-03 1.51172306e-07
-3.38033452e+03 1.06032399e+01 5.34760071e-03 7.94664533e-08
-3.37883448e+03 1.05571329e+01 5.34760337e-03 4.12679047e-08
-3.37733444e+03 1.05116567e+01 5.34760473e-03 2.12160180e-08
-3.37583440e+03 1.04667645e+01 5.34760541e-03 1.08080513e-08
-3.37433437e+03 1.04224132e+01 5.34760576e-03 5.44134165e-09
-3.37283433e+03 1.03785661e+01 5.34760593e-03 2.71765604e-09
-3.37133429e+03 1.03351947e+01 5.34760601e-03 1.34247918e-09
-3.36983425e+03 1.02922793e+01 5.34760605e-03 6.57488601e-10
-3.36833422e+03 1.02498090e+01 5.34760607e-03 3.19239962e-10
-3.36683418e+03 1.02077818e+01 5.34760608e-03 1.53663255e-10
-3.36533414e+03 1.01662033e+01 5.34760608e-03 7.35875165e-11
-3.36383410e+03 1.01250848e+01 5.34760609e-03 3.51650069e-11
-3.36233407e+03 1.00844420e+01 5.34760609e-03 1.71907857e-11
-3.36083403e+03 1.00442915e+01 5.34760609e-03 9.35429106e-12
-3.35933399e+03 1.00046476e+01 5.34760609e-03 7.14545799e-12
-3.35783395e+03 9.96552105e+00 5.34760609e-03 9.15201660e-12
-3.35633392e+03 9.92691920e+00 5.34760609e-03 1.62401505e-11
-3.35483388e+03 9.88884535e+00 5.34760609e-03 3.16201428e-11
-3.35333384e+03 9.85129923e+00 5.34760609e-03 6.20759466e-11
-3.35183380e+03 9.81427570e+00 5.34760609e-03 1.19945143e-10
-3.35033377e+03 9.77776266e+00 5.34760610e-03 2.27610760e-10
-3.34883373e+03 9.74174222e+00 5.34760611e-03 4.22946363e-10
-3.34733369e+03 9.70619354e+00 5.34760613e-03 7.71705916e-10
-3.34583365e+03 9.67110010e+00 5.34760617e-03 1.38061437e-09
-3.34433362e+03 9.63645190e+00 5.34760624e-03 2.42676771e-09
-3.34283358e+03 9.60224541e+00 5.34760635e-03 4.18937223e-09
-3.34133354e+03 9.56847875e+00 5.34760654e-03 7.10456443e-09
-3.33983350e+03 9.53514794e+00 5.34760686e-03 1.18559101e-08
-3.33833347e+03 9.50224519e+00 5.34760737e-03 1.94296807e-08
-3.33683343e+03 9.46976102e+00 5.34760820e-03 3.13964234e-08
-3.33533339e+03 9.43768493e+00 5.34760950e-03 4.98402727e-08
-3.33383335e+03 9.40600908e+00 5.34761154e-03 7.80790351e-08
-3.33233332e+03 9.37472947e+00 5.34761466e-03 1.20380993e-07
-3.33083328e+03 9.34384692e+00 5.34761936e-03 1.82948609e-07
-3.32933324e+03 9.31336746e+00 5.34762638e-03 2.74435043e-07
-3.32783320e+03 9.28330192e+00 5.34763666e-03 4.05062346e-07
-3.32633317e+03 9.25366409e+00 5.34765152e-03 5.91035637e-07
-3.32483313e+03 9.22446941e+00 5.34767272e-03 8.49233123e-07
-3.32333309e+03 9.19573309e+00 5.34770245e-03 1.20392330e-06
-3.32183305e+03 9.16747040e+00 5.34774367e-03 1.68673367e-06
-3.32033302e+03 9.13969458e+00 5.34779992e-03 2.32649211e-06
-3.31883298e+03 9.11241733e+00 5.34787564e-03 3.17369468e-06
-3.31733294e+03 9.08564848e+00 5.34797637e-03 4.27493281e-06
-3.31583290e+03 9.05939535e+00 5.34810834e-03 5.67657652e-06
-3.31433287e+03 9.03366365e+00 5.34827919e-03 7.46535399e-06
-3.31283283e+03 9.00845661e+00 5.34849790e-03 9.69629202e-06
-3.31133279e+03 8.98377465e+00 5.34877400e-03 1.24323527e-05
-3.30983275e+03 8.95961507e+00 5.34911889e-03 1.58040742e-05
-3.30833272e+03 8.93596793e+00 5.34954560e-03 1.98697787e-05
-3.30683268e+03 8.91281308e+00 5.35006740e-03 2.46881475e-05
-3.30533264e+03 8.89011946e+00 5.35070017e-03 3.04489705e-05
-3.30383260e+03 8.86784963e+00 5.35146289e-03 3.72469880e-05
-3.30233257e+03 8.84596815e+00 5.35237433e-03 4.50931650e-05
-3.30083253e+03 8.82445281e+00 5.35345484e-03 5.42118857e-05
-3.29933249e+03 8.80330044e+00 5.35472831e-03 6.48090043e-05
-3.29783245e+03 8.78252417e+00 5.35621667e-03 7.67971172e-05
-3.29633242e+03 8.76214268e+00 5.35793826e-03 9.02313012e-05
-3.29483238e+03 8.74217178e+00 5.35991434e-03 1.05449209e-04
-3.29333234e+03 8.72262007e+00 5.36216821e-03 1.22470378e-04
-3.29183230e+03 8.70349269e+00 5.36471695e-03 1.41015176e-04
-3.29033227e+03 8.68479611e+00 5.36757354e-03 1.61209112e-04
-3.28883223e+03 8.66654171e+00 5.37075389e-03 1.83433513e-04
-3.28733219e+03 8.64874381e+00 5.37427202e-03 2.07532617e-04
-3.28583215e+03 8.63141690e+00 5.37813061e-03 2.32984654e-04
-3.28433212e+03 8.61457291e+00 5.38232497e-03 2.59766201e-04
-3.28283208e+03 8.59821719e+00 5.38685436e-03 2.88297757e-04
-3.28133204e+03 8.58234660e+00 5.39172141e-03 3.18566937e-04
-3.27983200e+03 8.56694722e+00 5.39692356e-03 3.49954105e-04
-3.27833197e+03 8.55199600e+00 5.40245216e-03 3.82023420e-04
-3.27683193e+03 8.53745915e+00 5.40830396e-03 4.15055249e-04
-3.27533189e+03 8.52329762e+00 5.41448737e-03 4.49578245e-04
-3.27383185e+03 8.50946823e+00 5.42101879e-03 4.85617733e-04
-3.27233182e+03 8.49593045e+00 5.42791128e-03 5.22610682e-04
-3.27083178e+03 8.48264942e+00 5.43517030e-03 5.60048606e-04
-3.26933174e+03 8.46960102e+00 5.44279671e-03 5.98041871e-04
-3.26783170e+03 8.45677245e+00 5.45079254e-03 6.37168623e-04
-3.26633167e+03 8.44416417e+00 5.45915813e-03 6.77767013e-04
-3.26483163e+03 8.43178735e+00 5.46788391e-03 7.19450000e-04
-3.26333159e+03 8.41966367e+00 5.47694113e-03 7.61334488e-04
-3.26183155e+03 8.40782303e+00 5.48628183e-03 8.02735538e-04
-3.26033152e+03 8.39629896e+00 5.49584835e-03 8.43613081e-04
-3.25883148e+03 8.38512284e+00 5.50558452e-03 8.84368732e-04
-3.25733144e+03 8.37431653e+00 5.51544319e-03 9.25279734e-04
-3.25583140e+03 8.36388861e+00 5.52538656e-03 9.66130346e-04
-3.25433137e+03 8.35383544e+00 5.53538262e-03 1.00630976e-03
-3.25283133e+03 8.34414796e+00 5.54539941e-03 1.04518873e-03
-3.25133129e+03 8.33481350e+00 5.55540712e-03 1.08247001e-03
-3.24983125e+03 8.32581796e+00 5.56538053e-03 1.11827750e-03
-3.24833122e+03 8.31714250e+00 5.57530595e-03 1.15301741e-03
-3.24683118e+03 8.30876412e+00 5.58518145e-03 1.18712371e-03
-3.24533114e+03 8.30065736e+00 5.59501372e-03 1.22085465e-03
-3.24383110e+03 8.29279688e+00 5.60481290e-03 1.25421528e-03
-3.24233107e+03 8.28516045e+00 5.61458673e-03 1.28699948e-03
-3.24083103e+03 8.27773117e+00 5.62433639e-03 1.31890467e-03
-3.23933099e+03 8.27049706e+00 5.63405656e-03 1.34966593e-03
-3.23783095e+03 8.26344987e+00 5.64373743e-03 1.37915377e-03
-3.23633092e+03 8.25658441e+00 5.65336632e-03 1.40740461e-03
-3.23483088e+03 8.24989729e+00 5.66293011e-03 1.43459126e-03
-3.23333084e+03 8.24338597e+00 5.67241693e-03 1.46095256e-03
-3.23183080e+03 8.23704876e+00 5.68181571e-03 1.48671011e-03
-3.23033077e+03 8.23088502e+00 5.69111534e-03 1.51200383e-03
-3.22883073e+03 8.22489309e+00 5.70030688e-03 1.53686982e-03
-3.22733069e+03 8.21907112e+00 5.70938180e-03 1.56124226e-03
-3.22583065e+03 8.21341659e+00 5.71833218e-03 1.58498626e-03
-3.22433062e+03 8.20792417e+00 5.72715435e-03 1.60795024e-03
-3.22283058e+03 8.20258735e+00 5.73584639e-03 1.62999966e-03
-3.22133054e+03 8.19739781e+00 5.74440983e-03 1.65105010e-03
-3.21983050e+03 8.19234859e+00 5.75284464e-03 1.67106943e-03
-3.21833047e+03 8.18743799e+00 5.76114286e-03 1.69006564e-03
-3.21683043e+03 8.18266988e+00 5.76928781e-03 1.70807912e-03
-3.21533039e+03 8.17805648e+00 5.77724884e-03 1.72515742e-03
-3.21383035e+03 8.17361237e+00 5.78499133e-03 1.74135858e-03
-3.21233032e+03 8.16935381e+00 5.79247763e-03 1.75673249e-03
-3.21083028e+03 8.16529305e+00 5.79967710e-03 1.77132509e-03
-3.20933024e+03 8.16143772e+00 5.80656735e-03 1.78517140e-03
-3.20783020e+03 8.15778981e+00 5.81313630e-03 1.79829816e-03
-3.20633017e+03 8.15434536e+00 5.81938313e-03 1.81072986e-03
-3.20483013e+03 8.15109664e+00 5.82531448e-03 1.82248809e-03
-3.20333009e+03 8.14803467e+00 5.83094000e-03 1.83358960e-03
-3.20183005e+03 8.14515039e+00 5.83627023e-03 1.84404791e-03
-3.20033002e+03 8.14243779e+00 5.84131070e-03 1.85386593e-03
-3.19882998e+03 8.13989394e+00 5.84606172e-03 1.86303861e-03
-3.19732994e+03 8.13751860e+00 5.85051897e-03 1.87155608e-03
-3.19582990e+03 8.13531417e+00 5.85467346e-03 1.87940462e-03
-3.19432987e+03 8.13328341e+00 5.85851581e-03 1.88657496e-03
-3.19282983e+03 8.13143010e+00 5.86203496e-03 1.89305944e-03
-3.19132979e+03 8.12975780e+00 5.86522058e-03 1.89885537e-03
-3.18982975e+03 8.12827010e+00 5.86806259e-03 1.90396297e-03
-3.18832972e+03 8.12696918e+00 5.87055397e-03 1.90838903e-03
-3.18682968e+03 8.12585676e+00 5.87268887e-03 1.91214218e-03
-3.18532964e+03 8.12493431e+00 5.87446238e-03 1.91523145e-03
-3.18382960e+03 8.12420261e+00 5.87587123e-03 1.91766664e-03
-3.18232957e+03 8.12366287e+00 5.87691166e-03 1.91945408e-03
-3.18082953e+03 8.12331799e+00 5.87757712e-03 1.92059224e-03
-3.17932949e+03 8.12317147e+00 5.87786018e-03 1.92107482e-03
-3.17782945e+03 8.12322833e+00 5.87775089e-03 1.92088760e-03
-3.17632942e+03 8.12349278e+00 5.87724126e-03 1.92001579e-03
-3.17482938e+03 8.12396822e+00 5.87632528e-03 1.91844380e-03
-3.17332934e+03 8.12465599e+00 5.87500135e-03 1.91615936e-03
-3.17182930e+03 8.12555365e+00 5.87327559e-03 1.91315963e-03
-3.17032927e+03 8.12665795e+00 5.87115616e-03 1.90944208e-03
-3.16882923e+03 8.12796454e+00 5.86865363e-03 1.90500602e-03
-3.16732919e+03 8.12946881e+00 5.86577955e-03 1.89985122e-03
-3.16582915e+03 8.13116645e+00 5.86254522e-03 1.89397682e-03
-3.16432912e+03 8.13305135e+00 5.85896568e-03 1.88739017e-03
-3.16282908e+03 8.13511576e+00 5.85505935e-03 1.88010787e-03
-3.16132904e+03 8.13734929e+00 5.85084985e-03 1.87216099e-03
-3.15982900e+03 8.13974006e+00 5.84636357e-03 1.86359200e-03
-3.15832897e+03 8.14227738e+00 5.84162458e-03 1.85444553e-03
-3.15682893e+03 8.14494956e+00 5.83665873e-03 1.84477562e-03
-3.15532889e+03 8.14774469e+00 5.83149198e-03 1.83464132e-03
-3.15382885e+03 8.15064943e+00 5.82615258e-03 1.82410869e-03
-3.15232882e+03 8.15364864e+00 5.82067155e-03 1.81324905e-03
-3.15082878e+03 8.15672852e+00 5.81507696e-03 1.80212446e-03
-3.14932874e+03 8.15987783e+00 5.80939162e-03 1.79078024e-03
-3.14782870e+03 8.16308923e+00 5.80363092e-03 1.77923830e-03
-3.14632867e+03 8.16636013e+00 5.79780155e-03 1.76749332e-03
-3.14482863e+03 8.16969198e+00 5.79190302e-03 1.75551520e-03
-3.14332859e+03 8.17308781e+00 5.78593227e-03 1.74325864e-03
-3.14182855e+03 8.17655088e+00 5.77988613e-03 1.73066943e-03
-3.14032852e+03 8.18008491e+00 5.77376104e-03 1.71768613e-03
-3.13882848e+03 8.18369146e+00 5.76755759e-03 1.70425315e-03
-3.13732844e+03 8.18737058e+00 5.76127923e-03 1.69032321e-03
-3.13582840e+03 8.19112185e+00 5.75493053e-03 1.67585893e-03
-3.13432837e+03 8.19494375e+00 5.74851817e-03 1.66084063e-03
-3.13282833e+03 8.19883422e+00 5.74204975e-03 1.64526861e-03
-3.13132829e+03 8.20279270e+00 5.73553055e-03 1.62915799e-03
-3.12982825e+03 8.20681833e+00 5.72896624e-03 1.61254586e-03
-3.12832822e+03 8.21090907e+00 5.72236439e-03 1.59549337e-03
-3.12682818e+03 8.21506197e+00 5.71573369e-03 1.57807957e-03
-3.12532814e+03 8.21927055e+00 5.70908799e-03 1.56040520e-03
-3.12382810e+03 8.22352473e+00 5.70244597e-03 1.54258318e-03
-3.12232807e+03 8.22781045e+00 5.69583146e-03 1.52472986e-03
-3.12082803e+03 8.23211002e+00 5.68927253e-03 1.50695393e-03
-3.11932799e+03 8.23640299e+00 5.68279994e-03 1.48934720e-03
-3.11782795e+03 8.24066700e+00 5.67644585e-03 1.47198082e-03
-3.11632792e+03 8.24488036e+00 5.67023997e-03 1.45490042e-03
-3.11482788e+03 8.24902333e+00 5.66420789e-03 1.43813092e-03
-3.11332784e+03 8.25308087e+00 5.65836752e-03 1.42167683e-03
-3.11182780e+03 8.25704373e+00 5.65272780e-03 1.40552729e-03
-3.11032777e+03 8.26090905e+00 5.64728849e-03 1.38965991e-03
-3.10882773e+03 8.26467922e+00 5.64204209e-03 1.37404697e-03
-3.10732769e+03 8.26835919e+00 5.63697792e-03 1.35866585e-03
-3.10582765e+03 8.27195546e+00 5.63208356e-03 1.34350056e-03
-3.10432762e+03 8.27547431e+00 5.62734729e-03 1.32854611e-03
-3.10282758e+03 8.27891964e+00 5.62276092e-03 1.31381468e-03
-3.10132754e+03 8.28229191e+00 5.61832091e-03 1.29933698e-03
-3.09982750e+03 8.28558930e+00 5.61402666e-03 1.28515459e-03
-3.09832747e+03 8.28880511e+00 5.60988365e-03 1.27132801e-03
-3.09682743e+03 8.29193080e+00 5.60589929e-03 1.25792109e-03
-3.09532739e+03 8.29495693e+00 5.60208169e-03 1.24499491e-03
-3.09382735e+03 8.29787407e+00 5.59843853e-03 1.23260265e-03
-3.09232732e+03 8.30067486e+00 5.59497458e-03 1.22078107e-03
-3.09082728e+03 8.30335455e+00 5.59169127e-03 1.20954900e-03
-3.08932724e+03 8.30591263e+00 5.58858493e-03 1.19890256e-03
-3.08782720e+03 8.30835129e+00 5.58564881e-03 1.18882326e-03
-3.08632717e+03 8.31067660e+00 5.58287192e-03 1.17927512e-03
-3.08482713e+03 8.31289621e+00 5.58024184e-03 1.17021552e-03
-3.08332709e+03 8.31501799e+00 5.57774635e-03 1.16160149e-03
-3.08182705e+03 8.31704935e+00 5.57537419e-03 1.15339296e-03
-3.08032702e+03 8.31899537e+00 5.57311721e-03 1.14556050e-03
-3.07882698e+03 8.32085937e+00 5.57096951e-03 1.13808281e-03
-3.07732694e+03 8.32264395e+00 5.56892623e-03 1.13094257e-03
-3.07582690e+03 8.32435240e+00 5.56698191e-03 1.12412092e-03
-3.07432687e+03 8.32598992e+00 5.56512909e-03 1.11759228e-03
-3.07282683e+03 8.32756240e+00 5.56335980e-03 1.11132947e-03
-3.07132679e+03 8.32907563e+00 5.56166634e-03 1.10530647e-03
-3.06982675e+03 8.33053384e+00 5.56004295e-03 1.09950413e-03
-3.06832672e+03 8.33193865e+00 5.55848688e-03 1.09391433e-03
-3.06682668e+03 8.33328848e+00 5.55699895e-03 1.08854213e-03
-3.06532664e+03 8.33458032e+00 5.55558158e-03 1.08339867e-03
-3.06382660e+03 8.33580913e+00 5.55423932e-03 1.07850360e-03
-3.06232657e+03 8.33697076e+00 5.55297574e-03 1.07387332e-03
-3.06082653e+03 8.33806120e+00 5.55179423e-03 1.06952397e-03
-3.05932649e+03 8.33907781e+00 5.55069669e-03 1.06546641e-03
-3.05782645e+03 8.34002027e+00 5.54968255e-03 1.06170237e-03
-3.05632642e+03 8.34088947e+00 5.54875003e-03 1.05822877e-03
-3.05482638e+03 8.34168829e+00 5.54789532e-03 1.05503463e-03
-3.05332634e+03 8.34242010e+00 5.54711416e-03 1.05210689e-03
-3.05182630e+03 8.34308801e+00 5.54640267e-03 1.04943356e-03
-3.05032627e+03 8.34369376e+00 5.54575852e-03 1.04700802e-03
-3.04882623e+03 8.34423800e+00 5.54518056e-03 1.04482799e-03
-3.04732619e+03 8.34472083e+00 5.54466828e-03 1.04289335e-03
-3.04582615e+03 8.34514278e+00 5.54422077e-03 1.04120222e-03
-3.04432612e+03 8.34550478e+00 5.54383674e-03 1.03975101e-03
-3.04282608e+03 8.34580895e+00 5.54351371e-03 1.03853141e-03
-3.04132604e+03 8.34605756e+00 5.54324910e-03 1.03753445e-03
-3.03982600e+03 8.34625261e+00 5.54304066e-03 1.03675222e-03
-3.03832597e+03 8.34639656e+00 5.54288567e-03 1.03617482e-03
-3.03682593e+03 8.34649361e+00 5.54277968e-03 1.03578556e-03
-3.03532589e+03 8.34654892e+00 5.54271725e-03 1.03556368e-03
-3.03382585e+03 8.34656935e+00 5.54269121e-03 1.03548172e-03
-3.03232582e+03 8.34656210e+00 5.54269404e-03 1.03551084e-03
-3.03082578e+03 8.34653410e+00 5.54271850e-03 1.03562315e-03
-3.02932574e+03 8.34649102e+00 5.54275870e-03 1.03579595e-03
-3.02782570e+03 8.34643569e+00 5.54281169e-03 1.03601786e-03
-3.02632567e+03 8.34636857e+00 5.54287701e-03 1.03628708e-03
-3.02482563e+03 8.34628690e+00 5.54295754e-03 1.03661467e-03
-3.02332559e+03 8.34618498e+00 5.54305924e-03 1.03702344e-03
-3.02182555e+03 8.34605671e+00 5.54318851e-03 1.03753787e-03
-3.02032552e+03 8.34589598e+00 5.54335177e-03 1.03818244e-03
-3.01882548e+03 8.34569813e+00 5.54355395e-03 1.03897579e-03
-3.01732544e+03 8.34546203e+00 5.54379632e-03 1.03992241e-03
-3.01582540e+03 8.34519138e+00 5.54407511e-03 1.04100738e-03
-3.01432537e+03 8.34489193e+00 5.54438440e-03 1.04220764e-03
-3.01282533e+03 8.34457074e+00 5.54471689e-03 1.04349481e-03
-3.01132529e+03 8.34423388e+00 5.54506627e-03 1.04484453e-03
-3.00982525e+03 8.34388384e+00 5.54542997e-03 1.04624672e-03
-3.00832522e+03 8.34351965e+00 5.54580909e-03 1.04770530e-03
-3.00682518e+03 8.34313873e+00 5.54620640e-03 1.04923050e-03
-3.00532514e+03 8.34273598e+00 5.54662738e-03 1.05084273e-03
-3.00382510e+03 8.34230792e+00 5.54707581e-03 1.05255579e-03
-3.00232507e+03 8.34185175e+00 5.54755479e-03 1.05438082e-03
-3.00082503e+03 8.34136685e+00 5.54806513e-03 1.05632016e-03
-2.99932499e+03 8.34085369e+00 5.54860649e-03 1.05837179e-03
-2.99782495e+03 8.34031396e+00 5.54917726e-03 1.06052892e-03
-2.99632492e+03 8.33974875e+00 5.54977642e-03 1.06278703e-03
-2.99482488e+03 8.33915861e+00 5.55040357e-03 1.06514382e-03
-2.99332484e+03 8.33854398e+00 5.55105840e-03 1.06759740e-03
-2.99182480e+03 8.33790586e+00 5.55174002e-03 1.07014375e-03
-2.99032477e+03 8.33724507e+00 5.55244771e-03 1.07277949e-03
-2.98882473e+03 8.33656375e+00 5.55317934e-03 1.07549599e-03
-2.98732469e+03 8.33586451e+00 5.55393226e-03 1.07828291e-03
-2.98582465e+03 8.33515085e+00 5.55470280e-03 1.08112627e-03
-2.98432462e+03 8.33442736e+00 5.55548607e-03 1.08400781e-03
-2.98282458e+03 8.33369804e+00 5.55627779e-03 1.08691172e-03
-2.98132454e+03 8.33296716e+00 5.55707333e-03 1.08982113e-03
-2.97982450e+03 8.33223691e+00 5.55787031e-03 1.09272745e-03
-2.97832447e+03 8.33150916e+00 5.55866663e-03 1.09562337e-03
-2.97682443e+03 8.33078412e+00 5.55946208e-03 1.09850830e-03
-2.97532439e+03 8.33006057e+00 5.56025796e-03 1.10138724e-03
-2.97382435e+03 8.32933664e+00 5.56105634e-03 1.10426781e-03
-2.97232432e+03 8.32861000e+00 5.56185982e-03 1.10715951e-03
-2.97082428e+03 8.32787790e+00 5.56267150e-03 1.11007349e-03
-2.96932424e+03 8.32713729e+00 5.56349482e-03 1.11302210e-03
-2.96782420e+03 8.32638702e+00 5.56433117e-03 1.11601025e-03
-2.96632417e+03 8.32562516e+00 5.56518279e-03 1.11904586e-03
-2.96482413e+03 8.32485122e+00 5.56605036e-03 1.12213128e-03
-2.96332409e+03 8.32406581e+00 5.56693328e-03 1.12526441e-03
-2.96182405e+03 8.32326898e+00 5.56783163e-03 1.12844548e-03
-2.96032402e+03 8.32246104e+00 5.56874514e-03 1.13167366e-03
-2.95882398e+03 8.32164294e+00 5.56967286e-03 1.13494563e-03
-2.95732394e+03 8.32081557e+00 5.57061387e-03 1.13825826e-03
-2.95582390e+03 8.31998016e+00 5.57156684e-03 1.14160712e-03
-2.95432387e+03 8.31913711e+00 5.57253141e-03 1.14499109e-03
-2.95282383e+03 8.31828601e+00 5.57350814e-03 1.14841234e-03
-2.95132379e+03 8.31742564e+00 5.57449851e-03 1.15187621e-03
-2.94982375e+03 8.31655296e+00 5.57550616e-03 1.15539561e-03
-2.94832372e+03 8.31566439e+00 5.57653540e-03 1.15898556e-03
-2.94682368e+03 8.31475545e+00 5.57759164e-03 1.16266502e-03
-2.94532364e+03 8.31382268e+00 5.57867918e-03 1.16644888e-03
-2.94382360e+03 8.31286410e+00 5.57980061e-03 1.17034620e-03
-2.94232357e+03 8.31187899e+00 5.58095710e-03 1.17436105e-03
-2.94082353e+03 8.31087028e+00 5.58214551e-03 1.17848253e-03
-2.93932349e+03 8.30984312e+00 5.58336002e-03 1.18269067e-03
-2.93782345e+03 8.30880345e+00 5.58459378e-03 1.18696189e-03
-2.93632342e+03 8.30775737e+00 5.58583967e-03 1.19127171e-03
-2.93482338e+03 8.30670964e+00 5.58709209e-03 1.19560090e-03
-2.93332334e+03 8.30566254e+00 5.58834829e-03 1.19994010e-03
-2.93182330e+03 8.30461676e+00 5.58960745e-03 1.20428643e-03
-2.93032327e+03 8.30357114e+00 5.59087099e-03 1.20864468e-03
-2.92882323e+03 8.30252351e+00 5.59214155e-03 1.21302380e-03
-2.92732319e+03 8.30147121e+00 5.59342243e-03 1.21743483e-03
-2.92582315e+03 8.30041156e+00 5.59471699e-03 1.22188892e-03
-2.92432312e+03 8.29934224e+00 5.59602821e-03 1.22639578e-03
-2.92282308e+03 8.29826063e+00 5.59735947e-03 1.23096635e-03
-2.92132304e+03 8.29716438e+00 5.59871386e-03 1.23561045e-03
-2.91982300e+03 8.29605203e+00 5.60009342e-03 1.24033409e-03
-2.91832297e+03 8.29492151e+00 5.60150097e-03 1.24514580e-03
-2.91682293e+03 8.29377127e+00 5.60293874e-03 1.25005182e-03
-2.91532289e+03 8.29260106e+00 5.60440736e-03 1.25505276e-03
-2.91382285e+03 8.29141148e+00 5.60590635e-03 1.26014529e-03
-2.91232282e+03 8.29020400e+00 5.60743417e-03 1.26532232e-03
-2.91082278e+03 8.28898178e+00 5.60898705e-03 1.27056912e-03
-2.90932274e+03 8.28774854e+00 5.61056047e-03 1.27586843e-03
-2.90782270e+03 8.28650922e+00 5.61214826e-03 1.28119754e-03
-2.90632267e+03 8.28526841e+00 5.61374456e-03 1.28653505e-03
-2.90482263e+03 8.28402964e+00 5.61534483e-03 1.29186406e-03
-2.90332259e+03 8.28279486e+00 5.61694651e-03 1.29717466e-03
-2.90182255e+03 8.28156392e+00 5.61854970e-03 1.30246574e-03
-2.90032252e+03 8.28033455e+00 5.62015733e-03 1.30774557e-03
-2.89882248e+03 8.27910385e+00 5.62177317e-03 1.31302503e-03
-2.89732244e+03 8.27786740e+00 5.62340312e-03 1.31832160e-03
-2.89582240e+03 8.27662255e+00 5.62505077e-03 1.32364506e-03
-2.89432237e+03 8.27536620e+00 5.62672035e-03 1.32900706e-03
-2.89282233e+03 8.27409773e+00 5.62841289e-03 1.33440871e-03
-2.89132229e+03 8.27281631e+00 5.63012968e-03 1.33985198e-03
-2.88982225e+03 8.27152187e+00 5.63187099e-03 1.34533568e-03
-2.88832222e+03 8.27021393e+00 5.63363768e-03 1.35086048e-03
-2.88682218e+03 8.26889122e+00 5.63543167e-03 1.35643047e-03
-2.88532214e+03 8.26755214e+00 5.63725538e-03 1.36205119e-03
-2.88382210e+03 8.26619452e+00 5.63911202e-03 1.36773067e-03
-2.88232207e+03 8.26481739e+00 5.64100325e-03 1.37347203e-03
-2.88082203e+03 8.26341965e+00 5.64293087e-03 1.37927912e-03
-2.87932199e+03 8.26200254e+00 5.64489350e-03 1.38514625e-03
-2.87782195e+03 8.26056800e+00 5.64688874e-03 1.39106534e-03
-2.87632192e+03 8.25911822e+00 5.64891379e-03 1.39702762e-03
-2.87482188e+03 8.25765666e+00 5.65096404e-03 1.40301966e-03
-2.87332184e+03 8.25618564e+00 5.65303639e-03 1.40903314e-03
-2.87182180e+03 8.25470691e+00 5.65512849e-03 1.41506244e-03
-2.87032177e+03 8.25322142e+00 5.65723913e-03 1.42110566e-03
-2.86882173e+03 8.25172973e+00 5.65936759e-03 1.42716265e-03
-2.86732169e+03 8.25023092e+00 5.66151531e-03 1.43323953e-03
-2.86582165e+03 8.24872544e+00 5.66368176e-03 1.43933706e-03
-2.86432162e+03 8.24721288e+00 5.66586765e-03 1.44545959e-03
-2.86282158e+03 8.24569408e+00 5.66807189e-03 1.45160650e-03
-2.86132154e+03 8.24417082e+00 5.67029198e-03 1.45777339e-03
-2.85982150e+03 8.24264566e+00 5.67252428e-03 1.46395276e-03
-2.85832147e+03 8.24112279e+00 5.67476262e-03 1.47013015e-03
-2.85682143e+03 8.23960454e+00 5.67700356e-03 1.47629855e-03
-2.85532139e+03 8.23809450e+00 5.67924165e-03 1.48244536e-03
-2.85382135e+03 8.23659318e+00 5.68147603e-03 1.48857024e-03
-2.85232132e+03 8.23510067e+00 5.68370643e-03 1.49467407e-03
-2.85082128e+03 8.23361457e+00 5.68593631e-03 1.50076765e-03
-2.84932124e+03 8.23213133e+00 5.68817095e-03 1.50686620e-03
-2.84782120e+03 8.23064774e+00 5.69041521e-03 1.51298335e-03
-2.84632117e+03 8.22915973e+00 5.69267530e-03 1.51913605e-03
-2.84482113e+03 8.22766519e+00 5.69495457e-03 1.52533290e-03
-2.84332109e+03 8.22616360e+00 5.69725396e-03 1.53157560e-03
-2.84182105e+03 8.22465544e+00 5.69957290e-03 1.53786127e-03
-2.84032102e+03 8.22314242e+00 5.70190887e-03 1.54418141e-03
-2.83882098e+03 8.22162703e+00 5.70425810e-03 1.55052374e-03
-2.83732094e+03 8.22011088e+00 5.70661815e-03 1.55687927e-03
-2.83582090e+03 8.21859578e+00 5.70898619e-03 1.56323772e-03
-2.83432087e+03 8.21708331e+00 5.71135972e-03 1.56958950e-03
-2.83282083e+03 8.21557422e+00 5.71373753e-03 1.57592826e-03
-2.83132079e+03 8.21406937e+00 5.71611815e-03 1.58224693e-03
-2.82982075e+03 8.21256924e+00 5.71850076e-03 1.58854003e-03
-2.82832072e+03 8.21107478e+00 5.72088369e-03 1.59479997e-03
-2.82682068e+03 8.20958673e+00 5.72326565e-03 1.60102017e-03
-2.82532064e+03 8.20810545e+00 5.72564593e-03 1.60719576e-03
-2.82382060e+03 8.20663134e+00 5.72802369e-03 1.61332171e-03
-2.82232057e+03 8.20516470e+00 5.73039831e-03 1.61939383e-03
-2.82082053e+03 8.20370555e+00 5.73276956e-03 1.62540915e-03
-2.81932049e+03 8.20225315e+00 5.73513849e-03 1.63136821e-03
-2.81782045e+03 8.20080675e+00 5.73750615e-03 1.63727172e-03
-2.81632042e+03 8.19936592e+00 5.73987310e-03 1.64311944e-03
-2.81482038e+03 8.19792973e+00 5.74224074e-03 1.64891343e-03
-2.81332034e+03 8.19649796e+00 5.74460927e-03 1.65465304e-03
-2.81182030e+03 8.19507080e+00 5.74697828e-03 1.66033652e-03
-2.81032027e+03 8.19364969e+00 5.74934521e-03 1.66595744e-03
-2.80882023e+03 8.19223615e+00 5.75170737e-03 1.67150964e-03
-2.80732019e+03 8.19083328e+00 5.75405935e-03 1.67698131e-03
-2.80582015e+03 8.18944325e+00 5.75639728e-03 1.68236499e-03
-2.80432012e+03 8.18806843e+00 5.75871687e-03 1.68765291e-03
-2.80282008e+03 8.18671114e+00 5.76101391e-03 1.69283810e-03
-2.80132004e+03 8.18537292e+00 5.76328546e-03 1.69791696e-03
-2.79982000e+03 8.18405438e+00 5.76553013e-03 1.70288971e-03
-2.79831996e+03 8.18275533e+00 5.76774795e-03 1.70775974e-03
-2.79681993e+03 8.18147490e+00 5.76994008e-03 1.71253298e-03
-2.79531989e+03 8.18021265e+00 5.77210697e-03 1.71721373e-03
-2.79381985e+03 8.17896728e+00 5.77425060e-03 1.72180948e-03
-2.79231981e+03 8.17773781e+00 5.77637240e-03 1.72632633e-03
-2.79081978e+03 8.17652337e+00 5.77847364e-03 1.73076992e-03
-2.78931974e+03 8.17532384e+00 5.78055430e-03 1.73514302e-03
-2.78781970e+03 8.17413930e+00 5.78261407e-03 1.73944769e-03
-2.78631966e+03 8.17297045e+00 5.78465147e-03 1.74368344e-03
-2.78481963e+03 8.17181778e+00 5.78666549e-03 1.74785066e-03
-2.78331959e+03 8.17068222e+00 5.78865423e-03 1.75194783e-03
-2.78181955e+03 8.16956396e+00 5.79061717e-03 1.75597608e-03
-2.78031951e+03 8.16846220e+00 5.79255551e-03 1.75993992e-03
-2.77881948e+03 8.16737536e+00 5.79447183e-03 1.76384644e-03
-2.77731944e+03 8.16630091e+00 5.79637046e-03 1.76770603e-03
-2.77581940e+03 8.16523604e+00 5.79825622e-03 1.77152981e-03
-2.77431936e+03 8.16417783e+00 5.80013420e-03 1.77532926e-03
-2.77281933e+03 8.16312357e+00 5.80200916e-03 1.77911498e-03
-2.77131929e+03 8.16207114e+00 5.80388486e-03 1.78289530e-03
-2.76981925e+03 8.16101924e+00 5.80576360e-03 1.78667557e-03
-2.76831921e+03 8.15996719e+00 5.80764659e-03 1.79045877e-03
-2.76681918e+03 8.15891444e+00 5.80953482e-03 1.79424735e-03
-2.76531914e+03 8.15786014e+00 5.81142986e-03 1.79804472e-03
-2.76381910e+03 8.15680440e+00 5.81333151e-03 1.80185078e-03
-2.76231906e+03 8.15574664e+00 5.81524084e-03 1.80566772e-03
-2.76081903e+03 8.15468706e+00 5.81715754e-03 1.80949491e-03
-2.75931899e+03 8.15362595e+00 5.81908108e-03 1.81333115e-03
-2.75781895e+03 8.15256397e+00 5.82101027e-03 1.81717384e-03
-2.75631891e+03 8.15150286e+00 5.82294198e-03 1.82101636e-03
-2.75481888e+03 8.15044431e+00 5.82487311e-03 1.82485214e-03
-2.75331884e+03 8.14939045e+00 5.82679970e-03 1.82867275e-03
-2.75181880e+03 8.14834317e+00 5.82871824e-03 1.83247070e-03
-2.75031876e+03 8.14730439e+00 5.83062514e-03 1.83623821e-03
-2.74881873e+03 8.14627588e+00 5.83251702e-03 1.83996803e-03
-2.74731869e+03 8.14525796e+00 5.83439318e-03 1.84365806e-03
-2.74581865e+03 8.14425127e+00 5.83625232e-03 1.84730511e-03
-2.74431861e+03 8.14325459e+00 5.83809656e-03 1.85091264e-03
-2.74281858e+03 8.14226649e+00 5.83992845e-03 1.85448486e-03
-2.74131854e+03 8.14128511e+00 5.84175138e-03 1.85802763e-03
-2.73981850e+03 8.14030731e+00 5.84357110e-03 1.86155118e-03
-2.73831846e+03 8.13932981e+00 5.84539369e-03 1.86506628e-03
-2.73681843e+03 8.13834993e+00 5.84722420e-03 1.86858143e-03
-2.73531839e+03 8.13736429e+00 5.84906894e-03 1.87210742e-03
-2.73381835e+03 8.13637031e+00 5.85093283e-03 1.87565205e-03
-2.73231831e+03 8.13536639e+00 5.85281895e-03 1.87921943e-03
-2.73081828e+03 8.13435125e+00 5.85472980e-03 1.88281239e-03
-2.72931824e+03 8.13332435e+00 5.85666653e-03 1.88643105e-03
-2.72781820e+03 8.13228569e+00 5.85862923e-03 1.89007342e-03
-2.72631816e+03 8.13123577e+00 5.86061706e-03 1.89373576e-03
-2.72481813e+03 8.13017563e+00 5.86262814e-03 1.89741246e-03
-2.72331809e+03 8.12910553e+00 5.86466207e-03 1.90110062e-03
-2.72181805e+03 8.12802654e+00 5.86671687e-03 1.90479455e-03
-2.72031801e+03 8.12693901e+00 5.86879197e-03 1.90849119e-03
-2.71881798e+03 8.12584314e+00 5.87088703e-03 1.91218796e-03
-2.71731794e+03 8.12473905e+00 5.87300190e-03 1.91588264e-03
-2.71581790e+03 8.12362704e+00 5.87513603e-03 1.91957248e-03
-2.71431786e+03 8.12250743e+00 5.87728887e-03 1.92325480e-03
-2.71281783e+03 8.12138030e+00 5.87946031e-03 1.92692779e-03
-2.71131779e+03 8.12024667e+00 5.88164841e-03 1.93058680e-03
-2.70981775e+03 8.11910743e+00 5.88385148e-03 1.93422780e-03
-2.70831771e+03 8.11796406e+00 5.88606667e-03 1.93784523e-03
-2.70681768e+03 8.11681788e+00 5.88829140e-03 1.94143432e-03
-2.70531764e+03 8.11567037e+00 5.89052281e-03 1.94499022e-03
-2.70381760e+03 8.11452363e+00 5.89275674e-03 1.94850649e-03
-2.70231756e+03 8.11337899e+00 5.89499055e-03 1.95197950e-03
-2.70081753e+03 8.11223809e+00 5.89722097e-03 1.95540505e-03
-2.69931749e+03 8.11110176e+00 5.89944628e-03 1.95878165e-03
-2.69781745e+03 8.10997144e+00 5.90166357e-03 1.96210631e-03
-2.69631741e+03 8.10884712e+00 5.90387277e-03 1.96538052e-03
-2.69481738e+03 8.10772901e+00 5.90607337e-03 1.96860522e-03
-2.69331734e+03 8.10661697e+00 5.90826554e-03 1.97178246e-03
-2.69181730e+03 8.10551084e+00 5.91044954e-03 1.97491447e-03
-2.69031726e+03 8.10441083e+00 5.91262483e-03 1.97800235e-03
-2.68881723e+03 8.10331708e+00 5.91479107e-03 1.98104756e-03
-2.68731719e+03 8.10223088e+00 5.91694563e-03 1.98404837e-03
-2.68581715e+03 8.10115380e+00 5.91908527e-03 1.98700241e-03
-2.68431711e+03 8.10008730e+00 5.92120698e-03 1.98990769e-03
-2.68281708e+03 8.09903377e+00 5.92330589e-03 1.99275973e-03
-2.68131704e+03 8.09799517e+00 5.92537797e-03 1.99555533e-03
-2.67981700e+03 8.09697271e+00 5.92742064e-03 1.99829323e-03
-2.67831696e+03 8.09596765e+00 5.92943123e-03 2.00097197e-03
-2.67681693e+03 8.09497987e+00 5.93140985e-03 2.00359368e-03
-2.67531689e+03 8.09400959e+00 5.93335588e-03 2.00615939e-03
-2.67381685e+03 8.09305633e+00 5.93527017e-03 2.00867189e-03
-2.67231681e+03 8.09211966e+00 5.93715346e-03 2.01113363e-03
-2.67081678e+03 8.09119902e+00 5.93900673e-03 2.01354726e-03
-2.66931674e+03 8.09029379e+00 5.94083111e-03 2.01591541e-03
-2.66781670e+03 8.08940391e+00 5.94262664e-03 2.01823920e-03
-2.66631666e+03 8.08852903e+00 5.94439388e-03 2.02052027e-03
-2.66481663e+03 8.08766878e+00 5.94613349e-03 2.02276029e-03
-2.66331659e+03 8.08682210e+00 5.94784753e-03 2.02496260e-03
-2.66181655e+03 8.08598895e+00 5.94953598e-03 2.02712778e-03
-2.66031651e+03 8.08516791e+00 5.95120163e-03 2.02925990e-03
-2.65881648e+03 8.08435790e+00 5.95284661e-03 2.03136209e-03
-2.65731644e+03 8.08355781e+00 5.95447312e-03 2.03343751e-03
-2.65581640e+03 8.08276622e+00 5.95608396e-03 2.03548996e-03
-2.65431636e+03 8.08198220e+00 5.95768101e-03 2.03752205e-03
-2.65281633e+03 8.08120396e+00 5.95926785e-03 2.03953846e-03
-2.65131629e+03 8.08043058e+00 5.96084633e-03 2.04154162e-03
-2.64981625e+03 8.07966070e+00 5.96241923e-03 2.04353506e-03
-2.64831621e+03 8.07889378e+00 5.96398760e-03 2.04552012e-03
-2.64681618e+03 8.07812981e+00 5.96555147e-03 2.04749674e-03
-2.64531614e+03 8.07736853e+00 5.96711133e-03 2.04946546e-03
-2.64381610e+03 8.07661124e+00 5.96866450e-03 2.05142277e-03
-2.64231606e+03 8.07585883e+00 5.97020915e-03 2.05336623e-03
-2.64081603e+03 8.07511282e+00 5.97174211e-03 2.05529169e-03
-2.63931599e+03 8.07437480e+00 5.97326005e-03 2.05719483e-03
-2.63781595e+03 8.07364608e+00 5.97476023e-03 2.05907208e-03
-2.63631591e+03 8.07292886e+00 5.97623808e-03 2.06091758e-03
-2.63481588e+03 8.07222403e+00 5.97769167e-03 2.06272882e-03
-2.63331584e+03 8.07153339e+00 5.97911721e-03 2.06450102e-03
-2.63181580e+03 8.07085812e+00 5.98051221e-03 2.06623103e-03
-2.63031576e+03 8.07019894e+00 5.98187507e-03 2.06791688e-03
-2.62881573e+03 8.06955597e+00 5.98320547e-03 2.06955820e-03
-2.62731569e+03 8.06892761e+00 5.98450665e-03 2.07115901e-03
-2.62581565e+03 8.06831266e+00 5.98578102e-03 2.07272231e-03
-2.62431561e+03 8.06770836e+00 5.98703424e-03 2.07425501e-03
-2.62281558e+03 8.06711188e+00 5.98827216e-03 2.07576422e-03
-2.62131554e+03 8.06652047e+00 5.98950046e-03 2.07725675e-03
-2.61981550e+03 8.06593113e+00 5.99072535e-03 2.07873997e-03
-2.61831546e+03 8.06534144e+00 5.99195186e-03 2.08021972e-03
-2.61681543e+03 8.06474942e+00 5.99318410e-03 2.08170066e-03
-2.61531539e+03 8.06415363e+00 5.99442512e-03 2.08318606e-03
-2.61381535e+03 8.06355305e+00 5.99567703e-03 2.08467804e-03
-2.61231531e+03 8.06294665e+00 5.99694200e-03 2.08617871e-03
-2.61081528e+03 8.06233440e+00 5.99822015e-03 2.08768771e-03
-2.60931524e+03 8.06171669e+00 5.99951064e-03 2.08920353e-03
-2.60781520e+03 8.06109375e+00 6.00081303e-03 2.09072511e-03
-2.60631516e+03 8.06046662e+00 6.00212516e-03 2.09224942e-03
-2.60481513e+03 8.05983639e+00 6.00344477e-03 2.09377333e-03
-2.60331509e+03 8.05920435e+00 6.00476914e-03 2.09529328e-03
-2.60181505e+03 8.05857116e+00 6.00609691e-03 2.09680727e-03
-2.60031501e+03 8.05793818e+00 6.00742521e-03 2.09831169e-03
-2.59881498e+03 8.05730565e+00 6.00875354e-03 2.09980566e-03
-2.59731494e+03 8.05667454e+00 6.01007985e-03 2.10128657e-03
-2.59581490e+03 8.05604488e+00 6.01140404e-03 2.10275410e-03
-2.59431486e+03 8.05541690e+00 6.01272565e-03 2.10420749e-03
-2.59281483e+03 8.05479116e+00 6.01404345e-03 2.10564521e-03
-2.59131479e+03 8.05416889e+00 6.01535485e-03 2.10706431e-03
-2.58981475e+03 8.05355063e+00 6.01665870e-03 2.10846347e-03
-2.58831471e+03 8.05293714e+00 6.01795335e-03 2.10984093e-03
-2.58681468e+03 8.05232967e+00 6.01923614e-03 2.11119394e-03
-2.58531464e+03 8.05172850e+00 6.02050646e-03 2.11252197e-03
-2.58381460e+03 8.05113422e+00 6.02176299e-03 2.11382386e-03
-2.58231456e+03 8.05054670e+00 6.02300603e-03 2.11510011e-03
-2.58081453e+03 8.04996585e+00 6.02423569e-03 2.11635107e-03
-2.57931449e+03 8.04939126e+00 6.02545284e-03 2.11757786e-03
-2.57781445e+03 8.04882300e+00 6.02665727e-03 2.11878051e-03
-2.57631441e+03 8.04826062e+00 6.02784995e-03 2.11996021e-03
-2.57481438e+03 8.04770493e+00 6.02902911e-03 2.12111548e-03
-2.57331434e+03 8.04715604e+00 6.03019448e-03 2.12224638e-03
-2.57181430e+03 8.04661442e+00 6.03134503e-03 2.12335223e-03
-2.57031426e+03 8.04608060e+00 6.03247964e-03 2.12443231e-03
-2.56881423e+03 8.04555536e+00 6.03359659e-03 2.12548542e-03
-2.56731419e+03 8.04503870e+00 6.03469585e-03 2.12651197e-03
-2.56581415e+03 8.04453132e+00 6.03577592e-03 2.12751104e-03
-2.56431411e+03 8.04403323e+00 6.03683672e-03 2.12848303e-03
-2.56281408e+03 8.04354437e+00 6.03787837e-03 2.12942855e-03
-2.56131404e+03 8.04306494e+00 6.03890040e-03 2.13034767e-03
-2.55981400e+03 8.04259491e+00 6.03990284e-03 2.13124091e-03
-2.55831396e+03 8.04213382e+00 6.04088667e-03 2.13210961e-03
-2.55681393e+03 8.04168157e+00 6.04185206e-03 2.13295439e-03
-2.55531389e+03 8.04123772e+00 6.04279994e-03 2.13377650e-03
-2.55381385e+03 8.04080187e+00 6.04373112e-03 2.13457706e-03
-2.55231381e+03 8.04037397e+00 6.04464568e-03 2.13535654e-03
-2.55081378e+03 8.03995377e+00 6.04554415e-03 2.13611578e-03
-2.54931374e+03 8.03954121e+00 6.04642666e-03 2.13685525e-03
-2.54781370e+03 8.03913658e+00 6.04729254e-03 2.13757477e-03
-2.54631366e+03 8.03874085e+00 6.04813971e-03 2.13827302e-03
-2.54481363e+03 8.03835341e+00 6.04896944e-03 2.13895142e-03
-2.54331359e+03 8.03797562e+00 6.04977883e-03 2.13960800e-03
-2.54181355e+03 8.03760689e+00 6.05056911e-03 2.14024417e-03
-2.54031351e+03 8.03724707e+00 6.05134056e-03 2.14086053e-03
-2.53881348e+03 8.03689561e+00 6.05209437e-03 2.14145838e-03
-2.53731344e+03 8.03655143e+00 6.05283284e-03 2.14203987e-03
-2.53581340e+03 8.03621346e+00 6.05355825e-03 2.14260705e-03
-2.53431336e+03 8.03588088e+00 6.05427233e-03 2.14316152e-03
-2.53281333e+03 8.03555245e+00 6.05497774e-03 2.14370552e-03
-2.53131329e+03 8.03522758e+00 6.05567576e-03 2.14424021e-03
-2.52981325e+03 8.03490554e+00 6.05636791e-03 2.14476688e-03
-2.52831321e+03 8.03458637e+00 6.05705415e-03 2.14528562e-03
-2.52681318e+03 8.03426980e+00 6.05773500e-03 2.14579692e-03
-2.52531314e+03 8.03395664e+00 6.05840878e-03 2.14629966e-03
-2.52381310e+03 8.03364627e+00 6.05907677e-03 2.14679491e-03
-2.52231306e+03 8.03333923e+00 6.05973780e-03 2.14728192e-03
-2.52081303e+03 8.03303500e+00 6.06039301e-03 2.14776165e-03
-2.51931299e+03 8.03273350e+00 6.06104259e-03 2.14823434e-03
-2.51781295e+03 8.03243393e+00 6.06168821e-03 2.14870130e-03
-2.51631291e+03 8.03213562e+00 6.06233131e-03 2.14916365e-03
-2.51481288e+03 8.03183683e+00 6.06297566e-03 2.14962415e-03
-2.51331284e+03 8.03153704e+00 6.06362238e-03 2.15008361e-03
-2.51181280e+03 8.03123456e+00 6.06427509e-03 2.15054458e-03
-2.51031276e+03 8.03092806e+00 6.06493665e-03 2.15100902e-03
-2.50881273e+03 8.03061678e+00 6.06560873e-03 2.15147804e-03
-2.50731269e+03 8.03030004e+00 6.06629277e-03 2.15195254e-03
-2.50581265e+03 8.02997742e+00 6.06698973e-03 2.15243305e-03
-2.50431261e+03 8.02964887e+00 6.06769968e-03 2.15291952e-03
-2.50281258e+03 8.02931453e+00 6.06842235e-03 2.15341164e-03
-2.50131254e+03 8.02897432e+00 6.06915791e-03 2.15390941e-03
-2.49981250e+03 8.02862825e+00 6.06990635e-03 2.15441272e-03
-2.49831246e+03 8.02827657e+00 6.07066714e-03 2.15492109e-03
-2.49681243e+03 8.02791866e+00 6.07144163e-03 2.15543534e-03
-2.49531239e+03 8.02755447e+00 6.07222995e-03 2.15595542e-03
-2.49381235e+03 8.02718299e+00 6.07303427e-03 2.15648266e-03
-2.49231231e+03 8.02680397e+00 6.07385514e-03 2.15701728e-03
-2.49081228e+03 8.02641653e+00 6.07469449e-03 2.15756039e-03
-2.48931224e+03 8.02601977e+00 6.07555426e-03 2.15811310e-03
-2.48781220e+03 8.02561311e+00 6.07643572e-03 2.15867603e-03
-2.48631216e+03 8.02519592e+00 6.07734027e-03 2.15924989e-03
-2.48481213e+03 8.02476727e+00 6.07826991e-03 2.15983576e-03
-2.48331209e+03 8.02432691e+00 6.07922521e-03 2.16043379e-03
-2.48181205e+03 8.02387436e+00 6.08020722e-03 2.16104442e-03
-2.48031201e+03 8.02340951e+00 6.08121621e-03 2.16166761e-03
-2.47881198e+03 8.02293189e+00 6.08225323e-03 2.16230381e-03
-2.47731194e+03 8.02244183e+00 6.08331758e-03 2.16295239e-03
-2.47581190e+03 8.02193902e+00 6.08440993e-03 2.16361358e-03
-2.47431186e+03 8.02142293e+00 6.08553149e-03 2.16428794e-03
-2.47281183e+03 8.02089333e+00 6.08668278e-03 2.16497562e-03
-2.47131179e+03 8.02034927e+00 6.08786586e-03 2.16567767e-03
-2.46981175e+03 8.01978971e+00 6.08908302e-03 2.16639532e-03
-2.46831171e+03 8.01921377e+00 6.09033622e-03 2.16712952e-03
-2.46681168e+03 8.01861999e+00 6.09162863e-03 2.16788196e-03
-2.46531164e+03 8.01800838e+00 6.09296032e-03 2.16865252e-03
-2.46381160e+03 8.01737796e+00 6.09433340e-03 2.16944227e-03
-2.46231156e+03 8.01672817e+00 6.09574915e-03 2.17025180e-03
-2.46081153e+03 8.01605874e+00 6.09720822e-03 2.17108135e-03
-2.45931149e+03 8.01537004e+00 6.09870985e-03 2.17193040e-03
-2.45781145e+03 8.01466210e+00 6.10025399e-03 2.17279885e-03
-2.45631141e+03 8.01393518e+00 6.10184015e-03 2.17368639e-03
-2.45481138e+03 8.01318882e+00 6.10346938e-03 2.17459360e-03
-2.45331134e+03 8.01242331e+00 6.10514108e-03 2.17552014e-03
-2.45181130e+03 8.01163832e+00 6.10685605e-03 2.17646645e-03
-2.45031126e+03 8.01083322e+00 6.10861570e-03 2.17743334e-03
-2.44881123e+03 8.01000724e+00 6.11042176e-03 2.17842174e-03
-2.44731119e+03 8.00915995e+00 6.11227525e-03 2.17943219e-03
-2.44581115e+03 8.00829005e+00 6.11417905e-03 2.18046622e-03
-2.44431111e+03 8.00739669e+00 6.11613508e-03 2.18152476e-03
-2.44281108e+03 8.00647813e+00 6.11814724e-03 2.18260977e-03
-2.44131104e+03 8.00553387e+00 6.12021667e-03 2.18372159e-03
-2.43981100e+03 8.00456204e+00 6.12234756e-03 2.18486213e-03
-2.43831096e+03 8.00356271e+00 6.12453984e-03 2.18603086e-03
-2.43681093e+03 8.00253484e+00 6.12679587e-03 2.18722839e-03
-2.43531089e+03 8.00147778e+00 6.12911720e-03 2.18845469e-03
-2.43381085e+03 8.00039155e+00 6.13150387e-03 2.18970872e-03
-2.43231081e+03 7.99927593e+00 6.13395646e-03 2.19098942e-03
-2.43081078e+03 7.99813037e+00 6.13647630e-03 2.19229582e-03
-2.42931074e+03 7.99695449e+00 6.13906432e-03 2.19362639e-03
-2.42781070e+03 7.99574804e+00 6.14172116e-03 2.19497900e-03
-2.42631066e+03 7.99450958e+00 6.14445010e-03 2.19635239e-03
-2.42481063e+03 7.99323839e+00 6.14725282e-03 2.19774393e-03
-2.42331059e+03 7.99193328e+00 6.15013209e-03 2.19915090e-03
-2.42181055e+03 7.99059281e+00 6.15309114e-03 2.20057009e-03
-2.42031051e+03 7.98921588e+00 6.15613252e-03 2.20199719e-03
-2.41881048e+03 7.98780091e+00 6.15925983e-03 2.20342751e-03
-2.41731044e+03 7.98634619e+00 6.16247690e-03 2.20485554e-03
-2.41581040e+03 7.98485098e+00 6.16578549e-03 2.20627386e-03
-2.41431036e+03 7.98331414e+00 6.16918822e-03 2.20767448e-03
-2.41281033e+03 7.98173514e+00 6.17268629e-03 2.20904789e-03
-2.41131029e+03 7.98011330e+00 6.17628128e-03 2.21038390e-03
-2.40981025e+03 7.97844789e+00 6.17997483e-03 2.21167154e-03
-2.40831021e+03 7.97673921e+00 6.18376627e-03 2.21289849e-03
-2.40681018e+03 7.97498698e+00 6.18765623e-03 2.21405251e-03
-2.40531014e+03 7.97319142e+00 6.19164413e-03 2.21512096e-03
-2.40381010e+03 7.97135277e+00 6.19572938e-03 2.21609141e-03
-2.40231006e+03 7.96947037e+00 6.19991330e-03 2.21695241e-03
-2.40081003e+03 7.96754488e+00 6.20419427e-03 2.21769275e-03
-2.39930999e+03 7.96557524e+00 6.20857446e-03 2.21830307e-03
-2.39780995e+03 7.96356086e+00 6.21305495e-03 2.21877525e-03
-2.39630991e+03 7.96150133e+00 6.21763642e-03 2.21910290e-03
-2.39480988e+03 7.95939521e+00 6.22232176e-03 2.21928185e-03
-2.39330984e+03 7.95724174e+00 6.22711237e-03 2.21931011e-03
-2.39180980e+03 7.95504004e+00 6.23200986e-03 2.21918828e-03
-2.39030976e+03 7.95278984e+00 6.23701449e-03 2.21891972e-03
-2.38880973e+03 7.95048965e+00 6.24212926e-03 2.21851034e-03
-2.38730969e+03 7.94813959e+00 6.24735352e-03 2.21796887e-03
-2.38580965e+03 7.94573865e+00 6.25268919e-03 2.21730600e-03
-2.38430961e+03 7.94328714e+00 6.25813524e-03 2.21653443e-03
-2.38280958e+03 7.94078346e+00 6.26369491e-03 2.21566706e-03
-2.38130954e+03 7.93822787e+00 6.26936730e-03 2.21471720e-03
-2.37980950e+03 7.93561859e+00 6.27515610e-03 2.21369595e-03
-2.37830946e+03 7.93295517e+00 6.28106202e-03 2.21261214e-03
-2.37680943e+03 7.93023618e+00 6.28708794e-03 2.21146996e-03
-2.37530939e+03 7.92746052e+00 6.29323602e-03 2.21026802e-03
-2.37380935e+03 7.92462750e+00 6.29950741e-03 2.20899813e-03
-2.37230931e+03 7.92173669e+00 6.30590274e-03 2.20764404e-03
-2.37080928e+03 7.91878734e+00 6.31242313e-03 2.20618056e-03
-2.36930924e+03 7.91577971e+00 6.31906743e-03 2.20457398e-03
-2.36780920e+03 7.91271349e+00 6.32583560e-03 2.20278193e-03
-2.36630916e+03 7.90958856e+00 6.33272694e-03 2.20075501e-03
-2.36480913e+03 7.90640546e+00 6.33973915e-03 2.19843942e-03
-2.36330909e+03 7.90316445e+00 6.34687031e-03 2.19577938e-03
-2.36180905e+03 7.89986527e+00 6.35411934e-03 2.19272042e-03
-2.36030901e+03 7.89650846e+00 6.36148329e-03 2.18921455e-03
-2.35880898e+03 7.89309337e+00 6.36896151e-03 2.18522238e-03
-2.35730894e+03 7.88962030e+00 6.37655114e-03 2.18071905e-03
-2.35580890e+03 7.88608824e+00 6.38425201e-03 2.17569438e-03
-2.35430886e+03 7.88249686e+00 6.39206247e-03 2.17015698e-03
-2.35280883e+03 7.87884551e+00 6.39998144e-03 2.16413311e-03
-2.35130879e+03 7.87513342e+00 6.40800824e-03 2.15766501e-03
-2.34980875e+03 7.87135993e+00 6.41614204e-03 2.15080743e-03
-2.34830871e+03 7.86752412e+00 6.42438267e-03 2.14362131e-03
-2.34680868e+03 7.86362566e+00 6.43272888e-03 2.13616782e-03
-2.34530864e+03 7.85966368e+00 6.44118073e-03 2.12849788e-03
-2.34380860e+03 7.85563806e+00 6.44973674e-03 2.12064622e-03
-2.34230856e+03 7.85154848e+00 6.45839589e-03 2.11262201e-03
-2.34080853e+03 7.84739521e+00 6.46715579e-03 2.10440523e-03
-2.33930849e+03 7.84317798e+00 6.47601498e-03 2.09594254e-03
-2.33780845e+03 7.83889667e+00 6.48497129e-03 2.08715103e-03
-2.33630841e+03 7.83455125e+00 6.49402181e-03 2.07792505e-03
-2.33480838e+03 7.83014094e+00 6.50316469e-03 2.06814544e-03
-2.33330834e+03 7.82566479e+00 6.51239768e-03 2.05769497e-03
-2.33180830e+03 7.82112190e+00 6.52171787e-03 2.04647434e-03
-2.33030826e+03 7.81651143e+00 6.53112170e-03 2.03441733e-03
-2.32880823e+03 7.81183177e+00 6.54060681e-03 2.02150017e-03
-2.32730819e+03 7.80708233e+00 6.55016868e-03 2.00775209e-03
-2.32580815e+03 7.80226264e+00 6.55980265e-03 1.99325165e-03
-2.32430811e+03 7.79737205e+00 6.56950480e-03 1.97811543e-03
-2.32280808e+03 7.79240998e+00 6.57927154e-03 1.96248040e-03
-2.32130804e+03 7.78737614e+00 6.58909925e-03 1.94648055e-03
-2.31980800e+03 7.78226968e+00 6.59898589e-03 1.93021807e-03
-2.31830796e+03 7.77709016e+00 6.60892880e-03 1.91374338e-03
-2.31680793e+03 7.77183640e+00 6.61892661e-03 1.89703612e-03
-2.31530789e+03 7.76650785e+00 6.62897633e-03 1.88000645e-03
-2.31380785e+03 7.76110298e+00 6.63907587e-03 1.86250157e-03
-2.31230781e+03 7.75562169e+00 6.64921936e-03 1.84433894e-03
-2.31080778e+03 7.75006293e+00 6.65940154e-03 1.82533490e-03
-2.30930774e+03 7.74442655e+00 6.66961440e-03 1.80535064e-03
-2.30780770e+03 7.73871277e+00 6.67984860e-03 1.78432553e-03
-2.30630766e+03 7.73292141e+00 6.69009538e-03 1.76229468e-03
-2.30480763e+03 7.72705282e+00 6.70034541e-03 1.73939158e-03
-2.30330759e+03 7.72110707e+00 6.71059086e-03 1.71582022e-03
-2.30180755e+03 7.71508473e+00 6.72082420e-03 1.69181331e-03
-2.30030751e+03 7.70898572e+00 6.73104020e-03 1.66757235e-03
-2.29880748e+03 7.70281077e+00 6.74123315e-03 1.64322109e-03
-2.29730744e+03 7.69655981e+00 6.75139882e-03 1.61876513e-03
-2.29580740e+03 7.69023277e+00 6.76153244e-03 1.59409068e-03
-2.29430736e+03 7.68382905e+00 6.77162880e-03 1.56899194e-03
-2.29280733e+03 7.67734815e+00 6.78168096e-03 1.54323141e-03
-2.29130729e+03 7.67078942e+00 6.79168063e-03 1.51661119e-03
-2.28980725e+03 7.66415115e+00 6.80162002e-03 1.48903476e-03
-2.28830721e+03 7.65743262e+00 6.81148966e-03 1.46055315e-03
-2.28680718e+03 7.65063215e+00 6.82128222e-03 1.43135294e-03
-2.28530714e+03 7.64374861e+00 6.83099104e-03 1.40171371e-03
-2.28380710e+03 7.63678064e+00 6.84061159e-03 1.37192345e-03
-2.28230706e+03 7.62972774e+00 6.85013959e-03 1.34219416e-03
-2.28080703e+03 7.62258955e+00 6.85957132e-03 1.31259145e-03
-2.27930699e+03 7.61536603e+00 6.86890224e-03 1.28301646e-03
-2.27780695e+03 7.60805732e+00 6.87812614e-03 1.25324570e-03
-2.27630691e+03 7.60066467e+00 6.88723356e-03 1.22302428e-03
-2.27480688e+03 7.59318911e+00 6.89621379e-03 1.19216903e-03
-2.27330684e+03 7.58563189e+00 6.90505529e-03 1.16065653e-03
-2.27180680e+03 7.57799454e+00 6.91374703e-03 1.12865087e-03
-2.27030676e+03 7.57027833e+00 6.92228038e-03 1.09645576e-03
-2.26880673e+03 7.56248479e+00 6.93064909e-03 1.06441193e-03
-2.26730669e+03 7.55461505e+00 6.93884974e-03 1.03277226e-03
-2.26580665e+03 7.54667020e+00 6.94688012e-03 1.00161458e-03
-2.26430661e+03 7.53865099e+00 6.95473805e-03 9.70825128e-04
-2.26280658e+03 7.53055840e+00 6.96241965e-03 9.40167557e-04
-2.26130654e+03 7.52239256e+00 6.96991992e-03 9.09401530e-04
-2.25980650e+03 7.51415382e+00 6.97723237e-03 8.78410927e-04
-2.25830646e+03 7.50584236e+00 6.98435084e-03 8.47270696e-04
-2.25680643e+03 7.49745850e+00 6.99127072e-03 8.16228127e-04
-2.25530639e+03 7.48900188e+00 6.99799056e-03 7.85598677e-04
-2.25380635e+03 7.48047293e+00 7.00451069e-03 7.55636678e-04
-2.25230631e+03 7.47187197e+00 7.01083288e-03 7.26428565e-04
-2.25080628e+03 7.46319912e+00 7.01695880e-03 6.97871698e-04
-2.24930624e+03 7.45445496e+00 7.02288827e-03 6.69748970e-04
-2.24780620e+03 7.44563989e+00 7.02861951e-03 6.41856268e-04
-2.24630616e+03 7.43675494e+00 7.03414942e-03 6.14124754e-04
-2.24480613e+03 7.42780051e+00 7.03947595e-03 5.86664186e-04
-2.24330609e+03 7.41877700e+00 7.04459896e-03 5.59714819e-04
-2.24180605e+03 7.40968532e+00 7.04952054e-03 5.33529532e-04
-2.24030601e+03 7.40052549e+00 7.05424506e-03 5.08247422e-04
-2.23880598e+03 7.39129846e+00 7.05877681e-03 4.83840470e-04
-2.23730594e+03 7.38200444e+00 7.06311947e-03 4.60145474e-04
-2.23580590e+03 7.37264404e+00 7.06727499e-03 4.36975895e-04
-2.23430586e+03 7.36321796e+00 7.07124420e-03 4.14237649e-04
-2.23280583e+03 7.35372632e+00 7.07502844e-03 3.91984506e-04
-2.23130579e+03 7.34417024e+00 7.07863006e-03 3.70387672e-04
-2.22980575e+03 7.33454989e+00 7.08205378e-03 3.49629901e-04
-2.22830571e+03 7.32486603e+00 7.08530547e-03 3.29804330e-04
-2.22680568e+03 7.31511891e+00 7.08839136e-03 3.10866958e-04
-2.22530564e+03 7.30530893e+00 7.09131666e-03 2.92677198e-04
-2.22380560e+03 7.29543710e+00 7.09408516e-03 2.75093431e-04
-2.22230556e+03 7.28550406e+00 7.09670003e-03 2.58059400e-04
-2.22080553e+03 7.27551076e+00 7.09916475e-03 2.41631832e-04
-2.21930549e+03 7.26545856e+00 7.10148393e-03 2.25932126e-04
-2.21780545e+03 7.25534933e+00 7.10366339e-03 2.11059780e-04
-2.21630541e+03 7.24518478e+00 7.10570960e-03 1.97025372e-04
-2.21480538e+03 7.23496608e+00 7.10762877e-03 1.83746693e-04
-2.21330534e+03 7.22469551e+00 7.10942597e-03 1.71107020e-04
-2.21180530e+03 7.21437449e+00 7.11110560e-03 1.59025960e-04
-2.21030526e+03 7.20400430e+00 7.11267194e-03 1.47500397e-04
-2.20880523e+03 7.19358598e+00 7.11412987e-03 1.36586985e-04
-2.20730519e+03 7.18312031e+00 7.11548507e-03 1.26345218e-04
-2.20580515e+03 7.17260792e+00 7.11674364e-03 1.16784324e-04
-2.20430511e+03 7.16204877e+00 7.11791150e-03 1.07849585e-04
-2.20280508e+03 7.15144241e+00 7.11899384e-03 9.94544078e-05
-2.20130504e+03 7.14078853e+00 7.11999511e-03 9.15301816e-05
-2.19980500e+03 7.13008663e+00 7.12091944e-03 8.40566653e-05
-2.19830496e+03 7.11933634e+00 7.12177109e-03 7.70546266e-05
-2.19680493e+03 7.10853696e+00 7.12255472e-03 7.05498511e-05
-2.19530489e+03 7.09768860e+00 7.12327506e-03 6.45392513e-05
-2.19380485e+03 7.08679095e+00 7.12393662e-03 5.89813311e-05
-2.19230481e+03 7.07584448e+00 7.12454333e-03 5.38170942e-05
-2.19080478e+03 7.06484923e+00 7.12509862e-03 4.90000239e-05
-2.18930474e+03 7.05380637e+00 7.12560564e-03 4.45138446e-05
-2.18780470e+03 7.04271605e+00 7.12606766e-03 4.03643316e-05
-2.18630466e+03 7.03157935e+00 7.12648802e-03 3.65573989e-05
-2.18480463e+03 7.02039749e+00 7.12687006e-03 3.30800288e-05
-2.18330459e+03 7.00917068e+00 7.12721692e-03 2.98988231e-05
-2.18180455e+03 6.99790013e+00 7.12753129e-03 2.69752606e-05
-2.18030451e+03 6.98658646e+00 7.12781558e-03 2.42820627e-05
-2.17880448e+03 6.97523069e+00 7.12807207e-03 2.18091283e-05
-2.17730444e+03 6.96383276e+00 7.12830304e-03 1.95552207e-05
-2.17580440e+03 6.95239360e+00 7.12851073e-03 1.75152708e-05
-2.17430436e+03 6.94091360e+00 7.12869732e-03 1.56729446e-05
-2.17280433e+03 6.92939298e+00 7.12886472e-03 1.40042233e-05
-2.17130429e+03 6.91783192e+00 7.12901463e-03 1.24868515e-05
-2.16980425e+03 6.90623073e+00 7.12914855e-03 1.11072172e-05
-2.16830421e+03 6.89458935e+00 7.12926793e-03 9.85953904e-06
-2.16680418e+03 6.88290869e+00 7.12937415e-03 8.73968062e-06
-2.16530414e+03 6.87118855e+00 7.12946857e-03 7.73918120e-06
-2.16380410e+03 6.85942915e+00 7.12955240e-03 6.84476731e-06
-2.16230406e+03 6.84763100e+00 7.12962670e-03 6.04228004e-06
-2.16080403e+03 6.83579429e+00 7.12969240e-03 5.32104045e-06
-2.15930399e+03 6.82391966e+00 7.12975035e-03 4.67502563e-06
-2.15780395e+03 6.81200729e+00 7.12980138e-03 4.10038778e-06
-2.15630391e+03 6.80005775e+00 7.12984624e-03 3.59225563e-06
-2.15480388e+03 6.78807122e+00 7.12988563e-03 3.14348083e-06
-2.15330384e+03 6.77604826e+00 7.12992018e-03 2.74603803e-06
-2.15180380e+03 6.76398884e+00 7.12995040e-03 2.39320581e-06
-2.15030376e+03 6.75189344e+00 7.12997678e-03 2.08059851e-06
-2.14880373e+03 6.73976238e+00 7.12999975e-03 1.80531899e-06
-2.14730369e+03 6.72759539e+00 7.13001972e-03 1.56441335e-06
-2.14580365e+03 6.71539255e+00 7.13003706e-03 1.35408375e-06
-2.14430361e+03 6.70315406e+00 7.13005211e-03 1.17010032e-06
-2.14280358e+03 6.69088008e+00 7.13006513e-03 1.00877338e-06
-2.14130354e+03 6.67857058e+00 7.13007637e-03 8.67488449e-07
-2.13980350e+03 6.66622548e+00 7.13008604e-03 7.44428142e-07
-2.13830346e+03 6.65384476e+00 7.13009437e-03 6.37903010e-07
-2.13680343e+03 6.64142851e+00 7.13010151e-03 5.45953430e-07
-2.13530339e+03 6.62897678e+00 7.13010764e-03 4.66481374e-07
-2.13380335e+03 6.61648990e+00 7.13011289e-03 3.97648133e-07
-2.13230331e+03 6.60396784e+00 7.13011736e-03 3.38096363e-07
-2.13080328e+03 6.59141062e+00 7.13012117e-03 2.86838626e-07
-2.12930324e+03 6.57881840e+00 7.13012441e-03 2.42981569e-07
-2.12780320e+03 6.56619152e+00 7.13012716e-03 2.05563449e-07
-2.12630316e+03 6.55352985e+00 7.13012949e-03 1.73605394e-07
-2.12480313e+03 6.54083405e+00 7.13013146e-03 1.46265403e-07
-2.12330309e+03 6.52810355e+00 7.13013312e-03 1.22908874e-07
-2.12180305e+03 6.51533888e+00 7.13013452e-03 1.03057744e-07
-2.12030301e+03 6.50253994e+00 7.13013569e-03 8.62790447e-08
-2.11880298e+03 6.48970689e+00 7.13013668e-03 7.21316812e-08
-2.11730294e+03 6.47683994e+00 7.13013750e-03 6.01912234e-08
-2.11580290e+03 6.46393912e+00 7.13013819e-03 5.01020550e-08
-2.11430286e+03 6.45100443e+00 7.13013876e-03 4.15950715e-08
-2.11280283e+03 6.43803591e+00 7.13013924e-03 3.44594659e-08
-2.11130279e+03 6.42503332e+00 7.13013964e-03 2.85037583e-08
-2.10980275e+03 6.41199713e+00 7.13013996e-03 2.35416271e-08
-2.10830271e+03 6.39892693e+00 7.13014024e-03 1.94029796e-08
-2.10680268e+03 6.38582285e+00 7.13014046e-03 1.59500925e-08
-2.10530264e+03 6.37268483e+00 7.13014064e-03 1.30779288e-08
-2.10380260e+03 6.35951296e+00 7.13014080e-03 1.07014226e-08
-2.10230256e+03 6.34630736e+00 7.13014092e-03 8.74318758e-09
-2.10080253e+03 6.33306796e+00 7.13014102e-03 7.13105343e-09
-2.09930249e+03 6.31979452e+00 7.13014110e-03 5.80268464e-09
-2.09780245e+03 6.30648726e+00 7.13014117e-03 4.70900835e-09
-2.09630241e+03 6.29314677e+00 7.13014123e-03 3.81211419e-09
-2.09480238e+03 6.27977183e+00 7.13014127e-03 3.08023760e-09
-2.09330234e+03 6.26636394e+00 7.13014131e-03 2.48488426e-09
-2.09180230e+03 6.25292301e+00 7.13014134e-03 2.00065528e-09
-2.09030226e+03 6.23944913e+00 7.13014136e-03 1.60669285e-09
-2.08880223e+03 6.22594284e+00 7.13014138e-03 1.28685737e-09
-2.08730219e+03 6.21240421e+00 7.13014139e-03 1.02838321e-09
-2.08580215e+03 6.19883365e+00 7.13014140e-03 8.20400277e-10
-2.08430211e+03 6.18523143e+00 7.13014141e-03 6.53334911e-10
-2.08280208e+03 6.17159808e+00 7.13014142e-03 5.19116955e-10
-2.08130204e+03 6.15793361e+00 7.13014143e-03 4.11371459e-10
-2.07980200e+03 6.14423837e+00 7.13014143e-03 3.25171872e-10
-2.07830196e+03 6.13051246e+00 7.13014144e-03 2.56525104e-10
-2.07680193e+03 6.11675575e+00 7.13014144e-03 2.02022468e-10
-2.07530189e+03 6.10296842e+00 7.13014144e-03 1.58778163e-10
-2.07380185e+03 6.08915053e+00 7.13014144e-03 1.24474663e-10
-2.07230181e+03 6.07530229e+00 7.13014145e-03 9.73241868e-11
-2.07080178e+03 6.06142366e+00 7.13014145e-03 7.59247757e-11
-2.06930174e+03 6.04751511e+00 7.13014145e-03 5.91230177e-11
-2.06780170e+03 6.03357650e+00 7.13014145e-03 4.59526598e-11
-2.06630166e+03 6.01960837e+00 7.13014145e-03 3.56325139e-11
-2.06480163e+03 6.00561104e+00 7.13014145e-03 2.75571534e-11
-2.06330159e+03 5.99158472e+00 7.13014145e-03 2.12603100e-11
-2.06180155e+03 5.97752969e+00 7.13014145e-03 1.63701275e-11
-2.06030151e+03 5.96344647e+00 7.13014145e-03 1.25818161e-11
-2.05880148e+03 5.94933523e+00 7.13014145e-03 9.64926561e-12
-2.05730144e+03 5.93519599e+00 7.13014145e-03 7.38134440e-12
-2.05580140e+03 5.92102926e+00 7.13014145e-03 5.63233945e-12
-2.05430136e+03 5.90683548e+00 7.13014145e-03 4.28878039e-12
-2.05280133e+03 5.89261445e+00 7.13014145e-03 3.25971768e-12
-2.05130129e+03 5.87836644e+00 7.13014145e-03 2.47252296e-12
-2.04980125e+03 5.86409145e+00 7.13014145e-03 1.87086441e-12
-2.04830121e+03 5.84978995e+00 7.13014145e-03 1.41205283e-12
-2.04680118e+03 5.83546205e+00 7.13014145e-03 1.06342002e-12
-2.04530114e+03 5.82110760e+00 7.13014145e-03 7.99352708e-13
-2.04380110e+03 5.80672757e+00 7.13014145e-03 5.99686761e-13
-2.04230106e+03 5.79232103e+00 7.13014145e-03 4.48848682e-13
-2.04080103e+03 5.77788904e+00 7.13014145e-03 3.35120483e-13
-2.03930099e+03 5.76343129e+00 7.13014145e-03 2.49645123e-13
-2.03780095e+03 5.74894808e+00 7.13014145e-03 1.85612825e-13
-2.03630091e+03 5.73443954e+00 7.13014145e-03 1.37740085e-13
-2.03480088e+03 5.71990612e+00 7.13014145e-03 1.01989526e-13
-2.03330084e+03 5.70534736e+00 7.13014145e-03 7.53358174e-14
-2.03180080e+03 5.69076364e+00 7.13014145e-03 5.55222519e-14
-2.03030076e+03 5.67615481e+00 7.13014145e-03 4.08395606e-14
-2.02880073e+03 5.66152099e+00 7.13014145e-03 2.99828082e-14
-2.02730069e+03 5.64686233e+00 7.13014145e-03 2.19654577e-14
-2.02580065e+03 5.63217892e+00 7.13014145e-03 1.60545058e-14
-2.02430061e+03 5.61747095e+00 7.13014145e-03 1.17080946e-14
-2.02280058e+03 5.60273927e+00 7.13014145e-03 8.52181013e-15
-2.02130054e+03 5.58798369e+00 7.13014145e-03 6.19115911e-15
-2.01980050e+03 5.57320545e+00 7.13014145e-03 4.48889992e-15
-2.01830046e+03 5.55840505e+00 7.13014145e-03 3.24757700e-15
-2.01680043e+03 5.54358367e+00 7.13014145e-03 2.34460938e-15
-2.01530039e+03 5.52874197e+00 7.13014145e-03 1.68958434e-15
-2.01380035e+03 5.51388139e+00 7.13014145e-03 1.21547220e-15
-2.01230031e+03 5.49900332e+00 7.13014145e-03 8.72811164e-16
-2.01080028e+03 5.48410859e+00 7.13014145e-03 6.25526953e-16
-2.00930024e+03 5.46919812e+00 7.13014145e-03 4.47459394e-16
-2.00780020e+03 5.45427302e+00 7.13014145e-03 3.19550883e-16
-2.00630016e+03 5.43933338e+00 7.13014145e-03 2.27849471e-16
-2.00480013e+03 5.42438023e+00 7.13014145e-03 1.62197631e-16
-2.00330009e+03 5.40941306e+00 7.13014145e-03 1.15258022e-16
-2.00180005e+03 5.39443258e+00 7.13014145e-03 8.17626734e-17
-2.00030001e+03 5.37943879e+00 7.13014145e-03 5.79120544e-17
-1.99879997e+03 5.36443151e+00 7.13014145e-03 4.09589329e-17
-1.99729994e+03 5.34941098e+00 7.13014145e-03 2.89244375e-17
-1.99579990e+03 5.33437694e+00 7.13014145e-03 2.03927847e-17
-1.99429986e+03 5.31932968e+00 7.13014145e-03 1.43550920e-17
-1.99279982e+03 5.30426974e+00 7.13014145e-03 1.00906564e-17
-1.99129979e+03 5.28919766e+00 7.13014145e-03 7.08360965e-18
-1.98979975e+03 5.27411402e+00 7.13014145e-03 4.96587772e-18
-1.98829971e+03 5.25901956e+00 7.13014145e-03 3.47636563e-18
-1.98679967e+03 5.24391559e+00 7.13014145e-03 2.43039534e-18
-1.98529964e+03 5.22880271e+00 7.13014145e-03 1.69709996e-18
-1.98379960e+03 5.21368231e+00 7.13014145e-03 1.18374507e-18
-1.98229956e+03 5.19855508e+00 7.13014145e-03 8.24751844e-19
-1.98079952e+03 5.18342271e+00 7.13014145e-03 5.73992648e-19
-1.97929949e+03 5.16828550e+00 7.13014145e-03 3.99054029e-19
-1.97779945e+03 5.15314511e+00 7.13014145e-03 2.77177892e-19
-1.97629941e+03 5.13800328e+00 7.13014145e-03 1.92365623e-19
-1.97479937e+03 5.12286013e+00 7.13014145e-03 1.33393149e-19
-1.97329934e+03 5.10771717e+00 7.13014145e-03 9.24246665e-20
-1.97179930e+03 5.09257597e+00 7.13014145e-03 6.39923439e-20
-1.97029926e+03 5.07743758e+00 7.13014145e-03 4.42790907e-20
-1.96879922e+03 5.06230282e+00 7.13014145e-03 3.06215547e-20
-1.96729919e+03 5.04717350e+00 7.13014145e-03 2.11656641e-20
-1.96579915e+03 5.03205068e+00 7.13014145e-03 1.46226311e-20
-1.96429911e+03 5.01693558e+00 7.13014145e-03 1.00981159e-20
-1.96279907e+03 5.00182943e+00 7.13014145e-03 6.97133603e-21
-1.96129904e+03 4.98673366e+00 7.13014145e-03 4.81153041e-21
-1.95979900e+03 4.97164919e+00 7.13014145e-03 3.32012608e-21
-1.95829896e+03 4.95657763e+00 7.13014145e-03 2.29061598e-21
-1.95679892e+03 4.94151985e+00 7.13014145e-03 1.58016410e-21
-1.95529889e+03 4.92647730e+00 7.13014145e-03 1.09003442e-21
-1.95379885e+03 4.91145072e+00 7.13014145e-03 7.51946157e-22
-1.95229881e+03 4.89644131e+00 7.13014145e-03 5.18751753e-22
-1.95079877e+03 4.88145012e+00 7.13014145e-03 3.57911766e-22
-1.94929874e+03 4.86647857e+00 7.13014145e-03 2.46981566e-22
-1.94779870e+03 4.85152688e+00 7.13014145e-03 1.70467832e-22
-1.94629866e+03 4.83659676e+00 7.13014145e-03 1.17689659e-22
-1.94479862e+03 4.82168871e+00 7.13014145e-03 8.12760617e-23
-1.94329859e+03 4.80680367e+00 7.13014145e-03 5.61476157e-23
-1.94179855e+03 4.79194222e+00 7.13014145e-03 3.88025648e-23
-1.94029851e+03 4.77710537e+00 7.13014145e-03 2.68269672e-23
-1.93879847e+03 4.76229370e+00 7.13014145e-03 1.85557466e-23
-1.93729844e+03 4.74750807e+00 7.13014145e-03 1.28408880e-23
-1.93579840e+03 4.73274833e+00 7.13014145e-03 8.89046630e-24
-1.93429836e+03 4.71801540e+00 7.13014145e-03 6.15862239e-24
-1.93279832e+03 4.70330933e+00 7.13014145e-03 4.26854524e-24
-1.93129829e+03 4.68863038e+00 7.13014145e-03 2.96020409e-24
-1.92979825e+03 4.67397823e+00 7.13014145e-03 2.05404107e-24
-1.92829821e+03 4.65935319e+00 7.13014145e-03 1.42609669e-24
-1.92679817e+03 4.64475497e+00 7.13014145e-03 9.90701021e-25
-1.92529814e+03 4.63018281e+00 7.13014145e-03 6.88630437e-25
-1.92379810e+03 4.61563662e+00 7.13014145e-03 4.78941472e-25
-1.92229806e+03 4.60111568e+00 7.13014145e-03 3.33293009e-25
-1.92079802e+03 4.58661913e+00 7.13014145e-03 2.32065361e-25
-1.91929799e+03 4.57214631e+00 7.13014145e-03 1.61670361e-25
-1.91779795e+03 4.55769614e+00 7.13014145e-03 1.12687934e-25
-1.91629791e+03 4.54326793e+00 7.13014145e-03 7.85861901e-26
-1.91479787e+03 4.52886022e+00 7.13014145e-03 5.48305582e-26
-1.91329784e+03 4.51447231e+00 7.13014145e-03 3.82737153e-26
-1.91179780e+03 4.50010344e+00 7.13014145e-03 2.67284125e-26
-1.91029776e+03 4.48575275e+00 7.13014145e-03 1.86738043e-26
-1.90879772e+03 4.47141927e+00 7.13014145e-03 1.30517933e-26
-1.90729769e+03 4.45710268e+00 7.13014145e-03 9.12605382e-27
-1.90579765e+03 4.44280219e+00 7.13014145e-03 6.38356792e-27
-1.90429761e+03 4.42851772e+00 7.13014145e-03 4.46695446e-27
-1.90279757e+03 4.41424847e+00 7.13014145e-03 3.12693951e-27
-1.90129754e+03 4.39999445e+00 7.13014145e-03 2.18971715e-27
-1.89979750e+03 4.38575537e+00 7.13014145e-03 1.53396218e-27
-1.89829746e+03 4.37153012e+00 7.13014145e-03 1.07494888e-27
-1.89679742e+03 4.35731875e+00 7.13014145e-03 7.53543935e-28
-1.89529739e+03 4.34311974e+00 7.13014145e-03 5.28397582e-28
-1.89379735e+03 4.32893240e+00 7.13014145e-03 3.70627293e-28
-1.89229731e+03 4.31475544e+00 7.13014145e-03 2.60030760e-28
-1.89079727e+03 4.30058705e+00 7.13014145e-03 1.82474994e-28
-1.88929724e+03 4.28642597e+00 7.13014145e-03 1.28073679e-28
-1.88779720e+03 4.27227034e+00 7.13014145e-03 8.99030166e-29
-1.88629716e+03 4.25811827e+00 7.13014145e-03 6.31140644e-29
-1.88479712e+03 4.24396815e+00 7.13014145e-03 4.43096538e-29
-1.88329709e+03 4.22981808e+00 7.13014145e-03 3.11078654e-29
-1.88179705e+03 4.21566616e+00 7.13014145e-03 2.18384273e-29
-1.88029701e+03 4.20151097e+00 7.13014145e-03 1.53297997e-29
-1.87879697e+03 4.18735136e+00 7.13014145e-03 1.07597706e-29
-1.87729694e+03 4.17318567e+00 7.13014145e-03 7.55097725e-30
-1.87579690e+03 4.15901304e+00 7.13014145e-03 5.29819089e-30
-1.87429686e+03 4.14483235e+00 7.13014145e-03 3.71675879e-30
-1.87279682e+03 4.13064300e+00 7.13014145e-03 2.60679467e-30
-1.87129679e+03 4.11644377e+00 7.13014145e-03 1.82785595e-30
-1.86979675e+03 4.10223416e+00 7.13014145e-03 1.28134022e-30
-1.86829671e+03 4.08801374e+00 7.13014145e-03 8.97987088e-31
-1.86679667e+03 4.07378193e+00 7.13014145e-03 6.29148317e-31
-1.86529664e+03 4.05953822e+00 7.13014145e-03 4.40665494e-31
-1.86379660e+03 4.04528219e+00 7.13014145e-03 3.08557416e-31
-1.86229656e+03 4.03101356e+00 7.13014145e-03 2.15991124e-31
-1.86079652e+03 4.01673214e+00 7.13014145e-03 1.51153061e-31
-1.85929649e+03 4.00243735e+00 7.13014145e-03 1.05753272e-31
-1.85779645e+03 3.98812943e+00 7.13014145e-03 7.39796507e-32
-1.85629641e+03 3.97380752e+00 7.13014145e-03 5.17548369e-32
-1.85479637e+03 3.95947241e+00 7.13014145e-03 3.62241966e-32
-1.85329634e+03 3.94512362e+00 7.13014145e-03 2.53874163e-32
-1.85179630e+03 3.93076122e+00 7.13014145e-03 1.78467466e-32
-1.85029626e+03 3.91638550e+00 7.13014145e-03 1.26277882e-32
-1.84879622e+03 3.90199697e+00 7.13014145e-03 9.05491271e-33
-1.84729619e+03 3.88759559e+00 7.13014145e-03 6.66466470e-33
-1.84579615e+03 3.87318176e+00 7.13014145e-03 5.14669603e-33
-1.84429611e+03 3.85875566e+00 7.13014145e-03 4.30381705e-33
-1.84279607e+03 3.84431846e+00 7.13014145e-03 4.02682198e-33
-1.84129604e+03 3.82987024e+00 7.13014145e-03 4.28052207e-33
-1.83979600e+03 3.81541187e+00 7.13014145e-03 5.09959152e-33
-1.83829596e+03 3.80094399e+00 7.13014145e-03 6.59346265e-33
-1.83679592e+03 3.78646723e+00 7.13014145e-03 8.96114389e-33
-1.83529589e+03 3.77198259e+00 7.13014145e-03 1.25178070e-32
-1.83379585e+03 3.75749051e+00 7.13014145e-03 1.77371310e-32
-1.83229581e+03 3.74299218e+00 7.13014145e-03 2.53141616e-32
-1.83079577e+03 3.72848842e+00 7.13014145e-03 3.62583203e-32
-1.82929574e+03 3.71398017e+00 7.13014145e-03 5.20277911e-32
-1.82779570e+03 3.69946819e+00 7.13014145e-03 7.47241205e-32
-1.82629566e+03 3.68495374e+00 7.13014145e-03 1.07370869e-31
-1.82479562e+03 3.67043751e+00 7.13014145e-03 1.54317559e-31
-1.82329559e+03 3.65592068e+00 7.13014145e-03 2.21815260e-31
-1.82179555e+03 3.64140373e+00 7.13014145e-03 3.18851430e-31
-1.82029551e+03 3.62688842e+00 7.13014145e-03 4.58328619e-31
-1.81879547e+03 3.61237465e+00 7.13014145e-03 6.58799625e-31
-1.81729544e+03 3.59786418e+00 7.13014145e-03 9.46882601e-31
-1.81579540e+03 3.58335741e+00 7.13014145e-03 1.36081641e-30
-1.81429536e+03 3.56885550e+00 7.13014145e-03 1.95546766e-30
-1.81279532e+03 3.55435882e+00 7.13014145e-03 2.80960350e-30
-1.81129529e+03 3.53986877e+00 7.13014145e-03 4.03615010e-30
-1.80979525e+03 3.52538534e+00 7.13014145e-03 5.79718870e-30
-1.80829521e+03 3.51090970e+00 7.13014145e-03 8.32497052e-30
-1.80679517e+03 3.49644235e+00 7.13014145e-03 1.19524695e-29
-1.80529514e+03 3.48198388e+00 7.13014145e-03 1.71567792e-29
-1.80379510e+03 3.46753474e+00 7.13014145e-03 2.46213565e-29
-1.80229506e+03 3.45309551e+00 7.13014145e-03 3.53248148e-29
-1.80079502e+03 3.43866656e+00 7.13014145e-03 5.06682125e-29
-1.79929499e+03 3.42424805e+00 7.13014145e-03 7.26569201e-29
-1.79779495e+03 3.40984050e+00 7.13014145e-03 1.04159356e-28
-1.79629491e+03 3.39544405e+00 7.13014145e-03 1.49278733e-28
-1.79479487e+03 3.38105904e+00 7.13014145e-03 2.13880877e-28
-1.79329484e+03 3.36668560e+00 7.13014145e-03 3.06350602e-28
-1.79179480e+03 3.35232426e+00 7.13014145e-03 4.38664268e-28
-1.79029476e+03 3.33797439e+00 7.13014145e-03 6.27941207e-28
-1.78879472e+03 3.32363666e+00 7.13014145e-03 8.98610362e-28
-1.78729469e+03 3.30931092e+00 7.13014145e-03 1.28555527e-27
-1.78579465e+03 3.29499745e+00 7.13014145e-03 1.83854188e-27
-1.78429461e+03 3.28069647e+00 7.13014145e-03 2.62855392e-27
-1.78279457e+03 3.26640772e+00 7.13014145e-03 3.75684269e-27
-1.78129454e+03 3.25213151e+00 7.13014145e-03 5.36769530e-27
-1.77979450e+03 3.23786808e+00 7.13014145e-03 7.66669641e-27
-1.77829446e+03 3.22361744e+00 7.13014145e-03 1.09467058e-26
-1.77679442e+03 3.20937988e+00 7.13014145e-03 1.56246075e-26
-1.77529439e+03 3.19515544e+00 7.13014145e-03 2.22937887e-26
-1.77379435e+03 3.18094433e+00 7.13014145e-03 3.17983388e-26
-1.77229431e+03 3.16674662e+00 7.13014145e-03 4.53386804e-26
-1.77079427e+03 3.15256270e+00 7.13014145e-03 6.46207310e-26
-1.76929424e+03 3.13839278e+00 7.13014145e-03 9.20681668e-26
-1.76779420e+03 3.12423680e+00 7.13014145e-03 1.31123494e-25
-1.76629416e+03 3.11009492e+00 7.13014145e-03 1.86672992e-25
-1.76479412e+03 3.09596770e+00 7.13014145e-03 2.65646811e-25
-1.76329409e+03 3.08185493e+00 7.13014145e-03 3.77877060e-25
-1.76179405e+03 3.06775679e+00 7.13014145e-03 5.37297494e-25
-1.76029401e+03 3.05367358e+00 7.13014145e-03 7.63644855e-25
-1.75879397e+03 3.03960517e+00 7.13014145e-03 1.08487220e-24
-1.75729394e+03 3.02555159e+00 7.13014145e-03 1.54054201e-24
-1.75579390e+03 3.01151283e+00 7.13014145e-03 2.18662422e-24
-1.75429386e+03 2.99748923e+00 7.13014145e-03 3.10222728e-24
-1.75279382e+03 2.98348059e+00 7.13014145e-03 4.39915922e-24
-1.75129379e+03 2.96948710e+00 7.13014145e-03 6.23527617e-24
-1.74979375e+03 2.95550864e+00 7.13014145e-03 8.83342011e-24
-1.74829371e+03 2.94154552e+00 7.13014145e-03 1.25078673e-23
-1.74679367e+03 2.92759744e+00 7.13014145e-03 1.77018421e-23
-1.74529364e+03 2.91366490e+00 7.13014145e-03 2.50393736e-23
-1.74379360e+03 2.89974765e+00 7.13014145e-03 3.53992160e-23
-1.74229356e+03 2.88584596e+00 7.13014145e-03 5.00173300e-23
-1.74079352e+03 2.87195980e+00 7.13014145e-03 7.06318795e-23
-1.73929349e+03 2.85808976e+00 7.13014145e-03 9.96837858e-23
-1.73779345e+03 2.84423601e+00 7.13014145e-03 1.40599460e-22
-1.73629341e+03 2.83039842e+00 7.13014145e-03 1.98184633e-22
-1.73479337e+03 2.81657802e+00 7.13014145e-03 2.79166783e-22
-1.73329334e+03 2.80277460e+00 7.13014145e-03 3.92972342e-22
-1.73179330e+03 2.78898899e+00 7.13014145e-03 5.52781087e-22
-1.73029326e+03 2.77522148e+00 7.13014145e-03 7.77014225e-22
-1.72879322e+03 2.76147266e+00 7.13014145e-03 1.09136941e-21
-1.72729319e+03 2.74774280e+00 7.13014145e-03 1.53167231e-21
-1.72579315e+03 2.73403269e+00 7.13014145e-03 2.14780548e-21
-1.72429311e+03 2.72034263e+00 7.13014145e-03 3.00921861e-21
-1.72279307e+03 2.70667330e+00 7.13014145e-03 4.21243149e-21
-1.72129304e+03 2.69302507e+00 7.13014145e-03 5.89139105e-21
-1.71979300e+03 2.67939901e+00 7.13014145e-03 8.23154067e-21
-1.71829296e+03 2.66579523e+00 7.13014145e-03 1.14896850e-20
-1.71679292e+03 2.65221469e+00 7.13014145e-03 1.60208583e-20
-1.71529289e+03 2.63865772e+00 7.13014145e-03 2.23157876e-20
-1.71379285e+03 2.62512492e+00 7.13014145e-03 3.10510565e-20
-1.71229281e+03 2.61161721e+00 7.13014145e-03 4.31569841e-20
-1.71079277e+03 2.59813462e+00 7.13014145e-03 5.99123216e-20
-1.70929274e+03 2.58467817e+00 7.13014145e-03 8.30715111e-20
-1.70779270e+03 2.57124852e+00 7.13014145e-03 1.15042114e-19
-1.70629266e+03 2.55784578e+00 7.13014145e-03 1.59122985e-19
-1.70479262e+03 2.54447072e+00 7.13014145e-03 2.19816937e-19
-1.70329259e+03 2.53112403e+00 7.13014145e-03 3.03256090e-19
-1.70179255e+03 2.51780611e+00 7.13014145e-03 4.17787053e-19
-1.70029251e+03 2.50451773e+00 7.13014145e-03 5.74764305e-19
-1.69879247e+03 2.49125932e+00 7.13014145e-03 7.89627923e-19
-1.69729244e+03 2.47803139e+00 7.13014145e-03 1.08330342e-18
-1.69579240e+03 2.46483436e+00 7.13014145e-03 1.48404799e-18
-1.69429236e+03 2.45166859e+00 7.13014145e-03 2.02993775e-18
-1.69279232e+03 2.43853451e+00 7.13014145e-03 2.77227403e-18
-1.69129229e+03 2.42543288e+00 7.13014145e-03 3.78018351e-18
-1.68979225e+03 2.41236372e+00 7.13014145e-03 5.14673454e-18
-1.68829221e+03 2.39932746e+00 7.13014145e-03 6.99658582e-18
-1.68679217e+03 2.38632439e+00 7.13014145e-03 9.49605722e-18
-1.68529214e+03 2.37335507e+00 7.13014145e-03 1.28666357e-17
-1.68379210e+03 2.36041938e+00 7.13014145e-03 1.74039455e-17
-1.68229206e+03 2.34751767e+00 7.13014145e-03 2.35024004e-17
-1.68079202e+03 2.33465019e+00 7.13014145e-03 3.16868916e-17
-1.67929199e+03 2.32181636e+00 7.13014145e-03 4.26527350e-17
-1.67779195e+03 2.30901700e+00 7.13014145e-03 5.73148510e-17
-1.67629191e+03 2.29625157e+00 7.13014145e-03 7.68798647e-17
-1.67479187e+03 2.28352007e+00 7.13014145e-03 1.02940754e-16
-1.67329184e+03 2.27082191e+00 7.13014145e-03 1.37604542e-16
-1.67179180e+03 2.25815719e+00 7.13014145e-03 1.83643279e-16
-1.67029176e+03 2.24552510e+00 7.13014145e-03 2.44685114e-16
-1.66879172e+03 2.23292549e+00 7.13014145e-03 3.25450609e-16
-1.66729169e+03 2.22035773e+00 7.13014145e-03 4.32094438e-16
-1.66579165e+03 2.20782105e+00 7.13014145e-03 5.72673225e-16
-1.66429161e+03 2.19531500e+00 7.13014145e-03 7.57738955e-16
-1.66279157e+03 2.18283879e+00 7.13014145e-03 1.00105234e-15
-1.66129154e+03 2.17039184e+00 7.13014145e-03 1.32040110e-15
-1.65979150e+03 2.15797361e+00 7.13014145e-03 1.73867165e-15
-1.65829146e+03 2.14558366e+00 7.13014145e-03 2.28536639e-15
-1.65679142e+03 2.13322147e+00 7.13014145e-03 2.99874782e-15
-1.65529139e+03 2.12088702e+00 7.13014145e-03 3.92848193e-15
-1.65379135e+03 2.10857971e+00 7.13014145e-03 5.13873595e-15
-1.65229131e+03 2.09630012e+00 7.13014145e-03 6.71139015e-15
-1.65079127e+03 2.08404824e+00 7.13014145e-03 8.75047110e-15
-1.64929124e+03 2.07182430e+00 7.13014145e-03 1.13883893e-14
-1.64779120e+03 2.05962947e+00 7.13014145e-03 1.47946922e-14
-1.64629116e+03 2.04746364e+00 7.13014145e-03 1.91878319e-14
-1.64479112e+03 2.03532820e+00 7.13014145e-03 2.48463674e-14
-1.64329109e+03 2.02322358e+00 7.13014145e-03 3.21221219e-14
-1.64179105e+03 2.01115065e+00 7.13014145e-03 4.14549858e-14
-1.64029101e+03 1.99910979e+00 7.13014145e-03 5.33968539e-14
-1.63879097e+03 1.98710145e+00 7.13014145e-03 6.86464862e-14
-1.63729094e+03 1.97512663e+00 7.13014145e-03 8.80929800e-14
-1.63579090e+03 1.96318516e+00 7.13014145e-03 1.12864199e-13
-1.63429086e+03 1.95127730e+00 7.13014145e-03 1.44367789e-13
-1.63279082e+03 1.93940274e+00 7.13014145e-03 1.84342243e-13
-1.63129079e+03 1.92756144e+00 7.13014145e-03 2.34932772e-13
-1.62979075e+03 1.91575285e+00 7.13014145e-03 2.98821121e-13
-1.62829071e+03 1.90397666e+00 7.13014145e-03 3.79391792e-13
-1.62679067e+03 1.89223212e+00 7.13014145e-03 4.80912636e-13
-1.62529064e+03 1.88051898e+00 7.13014145e-03 6.08675858e-13
-1.62379060e+03 1.86883648e+00 7.13014145e-03 7.69147644e-13
-1.62229056e+03 1.85718434e+00 7.13014145e-03 9.70177926e-13
-1.62079052e+03 1.84556232e+00 7.13014145e-03 1.22140743e-12
-1.61929049e+03 1.83397027e+00 7.13014145e-03 1.53486622e-12
-1.61779045e+03 1.82240831e+00 7.13014145e-03 1.92562523e-12
-1.61629041e+03 1.81087644e+00 7.13014145e-03 2.41233627e-12
-1.61479037e+03 1.79937491e+00 7.13014145e-03 3.01757353e-12
-1.61329034e+03 1.78790440e+00 7.13014145e-03 3.76827483e-12
-1.61179030e+03 1.77646535e+00 7.13014145e-03 4.69680446e-12
-1.61029026e+03 1.76505870e+00 7.13014145e-03 5.84274841e-12
-1.60879022e+03 1.75368524e+00 7.13014145e-03 7.25530020e-12
-1.60729019e+03 1.74234565e+00 7.13014145e-03 8.99525665e-12
-1.60579015e+03 1.73104081e+00 7.13014145e-03 1.11360016e-11
-1.60429011e+03 1.71977173e+00 7.13014145e-03 1.37640057e-11
-1.60279007e+03 1.70853953e+00 7.13014145e-03 1.69804806e-11
-1.60129004e+03 1.69734459e+00 7.13014145e-03 2.09061815e-11
-1.59979000e+03 1.68618824e+00 7.13014145e-03 2.56882147e-11
-1.59828996e+03 1.67507122e+00 7.13014145e-03 3.15081568e-11
-1.59678992e+03 1.66399391e+00 7.13014145e-03 3.85865830e-11
-1.59528989e+03 1.65295716e+00 7.13014145e-03 4.71829077e-11
-1.59378985e+03 1.64196137e+00 7.13014145e-03 5.75957389e-11
-1.59228981e+03 1.63100696e+00 7.13014145e-03 7.01690267e-11
-1.59078977e+03 1.62009431e+00 7.13014146e-03 8.53096043e-11
-1.58928974e+03 1.60922386e+00 7.13014146e-03 1.03512621e-10
-1.58778970e+03 1.59839574e+00 7.13014146e-03 1.25384224e-10
-1.58628966e+03 1.58761012e+00 7.13014146e-03 1.51648238e-10
-1.58478962e+03 1.57686662e+00 7.13014146e-03 1.83140134e-10
-1.58328959e+03 1.56616599e+00 7.13014146e-03 2.20796024e-10
-1.58178955e+03 1.55550743e+00 7.13014147e-03 2.65681145e-10
-1.58028951e+03 1.54489096e+00 7.13014147e-03 3.19041683e-10
-1.57878947e+03 1.53431638e+00 7.13014147e-03 3.82389786e-10
-1.57728944e+03 1.52378339e+00 7.13014148e-03 4.57566940e-10
-1.57578940e+03 1.51329185e+00 7.13014148e-03 5.46750039e-10
-1.57428936e+03 1.50284122e+00 7.13014149e-03 6.52411753e-10
-1.57278932e+03 1.49243115e+00 7.13014150e-03 7.77275092e-10
-1.57128929e+03 1.48206186e+00 7.13014151e-03 9.24349950e-10
-1.56978925e+03 1.47173246e+00 7.13014152e-03 1.09712558e-09
-1.56828921e+03 1.46144288e+00 7.13014153e-03 1.29979148e-09
-1.56678917e+03 1.45119244e+00 7.13014154e-03 1.53746019e-09
-1.56528914e+03 1.44098127e+00 7.13014156e-03 1.81615911e-09
-1.56378910e+03 1.43080883e+00 7.13014158e-03 2.14269592e-09
-1.56228906e+03 1.42067526e+00 7.13014161e-03 2.52441751e-09
-1.56078902e+03 1.41057987e+00 7.13014163e-03 2.96926837e-09
-1.55928899e+03 1.40052270e+00 7.13014167e-03 3.48611998e-09
-1.55778895e+03 1.39050374e+00 7.13014170e-03 4.08548738e-09
-1.55628891e+03 1.38052260e+00 7.13014175e-03 4.78021648e-09
-1.55478887e+03 1.37057928e+00 7.13014180e-03 5.58564029e-09
-1.55328884e+03 1.36067386e+00 7.13014186e-03 6.51916251e-09
-1.55178880e+03 1.35080603e+00 7.13014193e-03 7.59952487e-09
-1.55028876e+03 1.34097589e+00 7.13014201e-03 8.84626546e-09
-1.54878872e+03 1.33118308e+00 7.13014211e-03 1.02803382e-08
-1.54728869e+03 1.32142788e+00 7.13014222e-03 1.19255686e-08
-1.54578865e+03 1.31170988e+00 7.13014235e-03 1.38109095e-08
-1.54428861e+03 1.30202905e+00 7.13014249e-03 1.59715866e-08
-1.54278857e+03 1.29238540e+00 7.13014266e-03 1.84487266e-08
-1.54128854e+03 1.28277905e+00 7.13014285e-03 2.12872479e-08
-1.53978850e+03 1.27321002e+00 7.13014308e-03 2.45335170e-08
-1.53828846e+03 1.26367761e+00 7.13014333e-03 2.82348437e-08
-1.53678842e+03 1.25418239e+00 7.13014362e-03 3.24410763e-08
-1.53528839e+03 1.24472368e+00 7.13014396e-03 3.72105156e-08
-1.53378835e+03 1.23530169e+00 7.13014434e-03 4.26143276e-08
-1.53228831e+03 1.22591649e+00 7.13014477e-03 4.87392634e-08
-1.53078827e+03 1.21656782e+00 7.13014526e-03 5.56852749e-08
-1.52928824e+03 1.20725547e+00 7.13014583e-03 6.35586342e-08
-1.52778820e+03 1.19797929e+00 7.13014646e-03 7.24652593e-08
-1.52628816e+03 1.18873941e+00 7.13014719e-03 8.25087394e-08
-1.52478812e+03 1.17953562e+00 7.13014801e-03 9.37974129e-08
-1.52328809e+03 1.17036771e+00 7.13014894e-03 1.06457107e-07
-1.52178805e+03 1.16123499e+00 7.13014999e-03 1.20645260e-07
-1.52028801e+03 1.15213770e+00 7.13015117e-03 1.36554486e-07
-1.51878797e+03 1.14307505e+00 7.13015250e-03 1.54408618e-07
-1.51728794e+03 1.13404710e+00 7.13015401e-03 1.74442114e-07
-1.51578790e+03 1.12505310e+00 7.13015569e-03 1.96884704e-07
-1.51428786e+03 1.11609218e+00 7.13015759e-03 2.21953269e-07
-1.51278782e+03 1.10716367e+00 7.13015972e-03 2.49863260e-07
-1.51128779e+03 1.09826704e+00 7.13016211e-03 2.80858641e-07
-1.50978775e+03 1.08940102e+00 7.13016478e-03 3.15249269e-07
-1.50828771e+03 1.08056474e+00 7.13016777e-03 3.53427621e-07
-1.50678767e+03 1.07175730e+00 7.13017110e-03 3.95861075e-07
-1.50528764e+03 1.06297784e+00 7.13017482e-03 4.43054461e-07
-1.50378760e+03 1.05422534e+00 7.13017897e-03 4.95501897e-07
-1.50228756e+03 1.04549874e+00 7.13018360e-03 5.53653988e-07
-1.50078752e+03 1.03679773e+00 7.13018875e-03 6.17920707e-07
-1.49928749e+03 1.02812130e+00 7.13019447e-03 6.88735543e-07
-1.49778745e+03 1.01946939e+00 7.13020083e-03 7.66625966e-07
-1.49628741e+03 1.01084148e+00 7.13020789e-03 8.52292625e-07
-1.49478737e+03 1.00223786e+00 7.13021570e-03 9.46612830e-07
-1.49328734e+03 9.93658421e-01 7.13022435e-03 1.05059316e-06
-1.49178730e+03 9.85103681e-01 7.13023392e-03 1.16524625e-06
-1.49028726e+03 9.76574504e-01 7.13024450e-03 1.29147818e-06
-1.48878722e+03 9.68071537e-01 7.13025618e-03 1.43004763e-06
-1.48728719e+03 9.59595662e-01 7.13026907e-03 1.58161649e-06
-1.48578715e+03 9.51147760e-01 7.13028326e-03 1.74690713e-06
-1.48428711e+03 9.42728818e-01 7.13029887e-03 1.92688634e-06
-1.48278707e+03 9.34339739e-01 7.13031601e-03 2.12289308e-06
-1.48128704e+03 9.25981308e-01 7.13033482e-03 2.33662348e-06
-1.47978700e+03 9.17654360e-01 7.13035543e-03 2.56995369e-06
-1.47828696e+03 9.09358909e-01 7.13037800e-03 2.82470168e-06
-1.47678692e+03 9.01095669e-01 7.13040271e-03 3.10235311e-06
-1.47528689e+03 8.92864828e-01 7.13042972e-03 3.40402581e-06
-1.47378685e+03 8.84665627e-01 7.13045923e-03 3.73064857e-06
-1.47228681e+03 8.76498457e-01 7.13049141e-03 4.08322275e-06
-1.47078677e+03 8.68362323e-01 7.13052648e-03 4.46331123e-06
-1.46928674e+03 8.60256946e-01 7.13056464e-03 4.87320146e-06
-1.46778670e+03 8.52181348e-01 7.13060612e-03 5.31593668e-06
-1.46628666e+03 8.44135344e-01 7.13065119e-03 5.79489537e-06
-1.46478662e+03 8.36117817e-01 7.13070013e-03 6.31335646e-06
-1.46328659e+03 8.28128365e-01 7.13075324e-03 6.87391565e-06
-1.46178655e+03 8.20166558e-01 7.13081084e-03 7.47832224e-06
-1.46028651e+03 8.12232017e-01 7.13087325e-03 8.12769843e-06
-1.45878647e+03 8.04324375e-01 7.13094080e-03 8.82315440e-06
-1.45728644e+03 7.96443637e-01 7.13101383e-03 9.56652617e-06
-1.45578640e+03 7.88589835e-01 7.13109269e-03 1.03609958e-05
-1.45428636e+03 7.80763479e-01 7.13117775e-03 1.12111561e-05
-1.45278632e+03 7.72964806e-01 7.13126943e-03 1.21225940e-05
-1.45128629e+03 7.65194596e-01 7.13136816e-03 1.31008433e-05
-1.44978625e+03 7.57453398e-01 7.13147443e-03 1.41504189e-05
-1.44828621e+03 7.49742378e-01 7.13158872e-03 1.52740165e-05
-1.44678617e+03 7.42062254e-01 7.13171153e-03 1.64726837e-05
-1.44528614e+03 7.34414415e-01 7.13184333e-03 1.77464752e-05
-1.44378610e+03 7.26799932e-01 7.13198461e-03 1.90959484e-05
-1.44228606e+03 7.19219503e-01 7.13213585e-03 2.05235417e-05
-1.44078602e+03 7.11674930e-01 7.13229751e-03 2.20340523e-05
-1.43928599e+03 7.04166872e-01 7.13247014e-03 2.36348344e-05
-1.43778595e+03 6.96697037e-01 7.13265429e-03 2.53341305e-05
-1.43628591e+03 6.89266369e-01 7.13285057e-03 2.71396221e-05
-1.43478587e+03 6.81875786e-01 7.13305964e-03 2.90565607e-05
-1.43328584e+03 6.74526718e-01 7.13328213e-03 3.10866972e-05
-1.43178580e+03 6.67219909e-01 7.13351868e-03 3.32289224e-05
-1.43028576e+03 6.59956595e-01 7.13376986e-03 3.54804943e-05
-1.42878572e+03 6.52737252e-01 7.13403625e-03 3.78396707e-05
-1.42728569e+03 6.45563567e-01 7.13431836e-03 4.03072211e-05
-1.42578565e+03 6.38435976e-01 7.13461673e-03 4.28884237e-05
-1.42428561e+03 6.31355080e-01 7.13493195e-03 4.55923411e-05
-1.42278557e+03 6.24322036e-01 7.13526463e-03 4.84298839e-05
-1.42128554e+03 6.17337357e-01 7.13561546e-03 5.14115877e-05
-1.41978550e+03 6.10401879e-01 7.13598514e-03 5.45445370e-05
-1.41828546e+03 6.03515764e-01 7.13637442e-03 5.78310635e-05
-1.41678542e+03 5.96679969e-01 7.13678396e-03 6.12679161e-05
-1.41528539e+03 5.89895173e-01 7.13721437e-03 6.48483194e-05
-1.41378535e+03 5.83161886e-01 7.13766619e-03 6.85647862e-05
-1.41228531e+03 5.76480506e-01 7.13813991e-03 7.24123141e-05
-1.41078527e+03 5.69851433e-01 7.13863597e-03 7.63908614e-05
-1.40928524e+03 5.63275208e-01 7.13915479e-03 8.05062532e-05
-1.40778520e+03 5.56752475e-01 7.13969684e-03 8.47692811e-05
-1.40628516e+03 5.50282947e-01 7.14026270e-03 8.91938205e-05
-1.40478512e+03 5.43867601e-01 7.14085290e-03 9.37918615e-05
-1.40328509e+03 5.37506705e-01 7.14146806e-03 9.85714241e-05
-1.40178505e+03 5.31200243e-01 7.14210883e-03 1.03534071e-04
-1.40028501e+03 5.24949022e-01 7.14277572e-03 1.08673573e-04
-1.39878497e+03 5.18752942e-01 7.14346923e-03 1.13978769e-04
-1.39728494e+03 5.12612369e-01 7.14418971e-03 1.19435523e-04
-1.39578490e+03 5.06527618e-01 7.14493740e-03 1.25030894e-04
-1.39428486e+03 5.00498857e-01 7.14571245e-03 1.30756695e-04
-1.39278482e+03 4.94526469e-01 7.14651495e-03 1.36611391e-04
-1.39128479e+03 4.88610079e-01 7.14734508e-03 1.42601474e-04
-1.38978475e+03 4.82750390e-01 7.14820292e-03 1.48738133e-04
-1.38828471e+03 4.76947539e-01 7.14908865e-03 1.55035850e-04
-1.38678467e+03 4.71201613e-01 7.15000253e-03 1.61508137e-04
-1.38528464e+03 4.65512531e-01 7.15094487e-03 1.68164077e-04
-1.38378460e+03 4.59880488e-01 7.15191594e-03 1.75005249e-04
-1.38228456e+03 4.54305654e-01 7.15291595e-03 1.82025088e-04
-1.38078452e+03 4.48788144e-01 7.15394502e-03 1.89209755e-04
-1.37928449e+03 4.43327637e-01 7.15500325e-03 1.96541062e-04
-1.37778445e+03 4.37924609e-01 7.15609042e-03 2.03998214e-04
-1.37628441e+03 4.32579198e-01 7.15720627e-03 2.11562918e-04
-1.37478437e+03 4.27290894e-01 7.15835057e-03 2.19223014e-04
-1.37328434e+03 4.22060046e-01 7.15952284e-03 2.26972271e-04
-1.37178430e+03 4.16886647e-01 7.16072267e-03 2.34812562e-04
-1.37028426e+03 4.11770592e-01 7.16194967e-03 2.42752440e-04
-1.36878422e+03 4.06711697e-01 7.16320354e-03 2.50804794e-04
-1.36728419e+03 4.01710176e-01 7.16448391e-03 2.58982995e-04
-1.36578415e+03 3.96765757e-01 7.16579058e-03 2.67299076e-04
-1.36428411e+03 3.91878601e-01 7.16712326e-03 2.75759451e-04
-1.36278407e+03 3.87048133e-01 7.16848186e-03 2.84365057e-04
-1.36128404e+03 3.82274989e-01 7.16986589e-03 2.93107262e-04
-1.35978400e+03 3.77558133e-01 7.17127527e-03 3.01973607e-04
-1.35828396e+03 3.72898096e-01 7.17270938e-03 3.10943534e-04
-1.35678392e+03 3.68294525e-01 7.17416771e-03 3.19995278e-04
-1.35528389e+03 3.63747285e-01 7.17564960e-03 3.29106526e-04
-1.35378385e+03 3.59256280e-01 7.17715426e-03 3.38257324e-04
-1.35228381e+03 3.54820921e-01 7.17868101e-03 3.47433279e-04
-1.35078377e+03 3.50441744e-01 7.18022870e-03 3.56623525e-04
-1.34928374e+03 3.46117821e-01 7.18179671e-03 3.65826543e-04
-1.34778370e+03 3.41849697e-01 7.18338386e-03 3.75043514e-04
-1.34628366e+03 3.37636098e-01 7.18498970e-03 3.84284138e-04
-1.34478362e+03 3.33477597e-01 7.18661312e-03 3.93556945e-04
-1.34328359e+03 3.29373510e-01 7.18825354e-03 4.02874044e-04
-1.34178355e+03 3.25324055e-01 7.18991006e-03 4.12244328e-04
-1.34028351e+03 3.21328613e-01 7.19158215e-03 4.21675708e-04
-1.33878347e+03 3.17386984e-01 7.19326915e-03 4.31170975e-04
-1.33728344e+03 3.13498641e-01 7.19497049e-03 4.40728855e-04
-1.33578340e+03 3.09663626e-01 7.19668537e-03 4.50341715e-04
-1.33428336e+03 3.05881612e-01 7.19841310e-03 4.59998301e-04
-1.33278332e+03 3.02152274e-01 7.20015293e-03 4.69683746e-04
-1.33128329e+03 2.98475120e-01 7.20190414e-03 4.79381231e-04
-1.32978325e+03 2.94849420e-01 7.20366607e-03 4.89073581e-04
-1.32828321e+03 2.91275457e-01 7.20543753e-03 4.98741260e-04
-1.32678317e+03 2.87752815e-01 7.20721758e-03 5.08368157e-04
-1.32528314e+03 2.84280728e-01 7.20900545e-03 5.17941718e-04
-1.32378310e+03 2.80859160e-01 7.21080000e-03 5.27450659e-04
-1.32228306e+03 2.77487756e-01 7.21260020e-03 5.36888182e-04
-1.32078302e+03 2.74165887e-01 7.21440521e-03 5.46251896e-04
-1.31928299e+03 2.70893390e-01 7.21621394e-03 5.55541446e-04
-1.31778295e+03 2.67669904e-01 7.21802544e-03 5.64759858e-04
-1.31628291e+03 2.64494509e-01 7.21983911e-03 5.73913892e-04
-1.31478287e+03 2.61367536e-01 7.22165370e-03 5.83008051e-04
-1.31328284e+03 2.58287819e-01 7.22346883e-03 5.92051707e-04
-1.31178280e+03 2.55255606e-01 7.22528336e-03 6.01049872e-04
-1.31028276e+03 2.52269980e-01 7.22709687e-03 6.10010088e-04
-1.30878272e+03 2.49331000e-01 7.22890838e-03 6.18935562e-04
-1.30728269e+03 2.46437610e-01 7.23071763e-03 6.27831058e-04
-1.30578265e+03 2.43589915e-01 7.23252365e-03 6.36695795e-04
-1.30428261e+03 2.40787169e-01 7.23432602e-03 6.45529535e-04
-1.30278257e+03 2.38028882e-01 7.23612418e-03 6.54329268e-04
-1.30128254e+03 2.35314960e-01 7.23791729e-03 6.63088935e-04
-1.29978250e+03 2.32644429e-01 7.23970511e-03 6.71803820e-04
-1.29828246e+03 2.30017164e-01 7.24148684e-03 6.80465332e-04
-1.29678242e+03 2.27432362e-01 7.24326212e-03 6.89066355e-04
-1.29528239e+03 2.24890035e-01 7.24503003e-03 6.97596712e-04
-1.29378235e+03 2.22389301e-01 7.24679027e-03 7.06049217e-04
-1.29228231e+03 2.19930277e-01 7.24854185e-03 7.14413667e-04
-1.29078227e+03 2.17511680e-01 7.25028476e-03 7.22685262e-04
-1.28928224e+03 2.15133554e-01 7.25201807e-03 7.30855546e-04
-1.28778220e+03 2.12795246e-01 7.25374133e-03 7.38919480e-04
-1.28628216e+03 2.10496281e-01 7.25545401e-03 7.46872558e-04
-1.28478212e+03 2.08236309e-01 7.25715547e-03 7.54711023e-04
-1.28328209e+03 2.06014771e-01 7.25884528e-03 7.62433024e-04
-1.28178205e+03 2.03831082e-01 7.26052302e-03 7.70037933e-04
-1.28028201e+03 2.01684743e-01 7.26218825e-03 7.77525866e-04
-1.27878197e+03 1.99575382e-01 7.26384045e-03 7.84897415e-04
-1.27728194e+03 1.97502570e-01 7.26547917e-03 7.92154159e-04
-1.27578190e+03 1.95465937e-01 7.26710394e-03 7.99298109e-04
-1.27428186e+03 1.93464806e-01 7.26871456e-03 8.06332853e-04
-1.27278182e+03 1.91498546e-01 7.27031084e-03 8.13262159e-04
-1.27128179e+03 1.89567183e-01 7.27189206e-03 8.20087684e-04
-1.26978175e+03 1.87669762e-01 7.27345834e-03 8.26814632e-04
-1.26828171e+03 1.85805712e-01 7.27500952e-03 8.33446827e-04
-1.26678167e+03 1.83974909e-01 7.27654508e-03 8.39986380e-04
-1.26528164e+03 1.82176626e-01 7.27806505e-03 8.46437348e-04
-1.26378160e+03 1.80410776e-01 7.27956891e-03 8.52801228e-04
-1.26228156e+03 1.78676428e-01 7.28105690e-03 8.59082262e-04
-1.26078152e+03 1.76973559e-01 7.28252852e-03 8.65281077e-04
-1.25928149e+03 1.75301382e-01 7.28398390e-03 8.71400739e-04
-1.25778145e+03 1.73659192e-01 7.28542317e-03 8.77443683e-04
-1.25628141e+03 1.72047088e-01 7.28684575e-03 8.83409077e-04
-1.25478137e+03 1.70464484e-01 7.28825168e-03 8.89298271e-04
-1.25328134e+03 1.68910664e-01 7.28964113e-03 8.95112842e-04
-1.25178130e+03 1.67385067e-01 7.29101414e-03 9.00853556e-04
-1.25028126e+03 1.65887492e-01 7.29237048e-03 9.06519603e-04
-1.24878122e+03 1.64417706e-01 7.29370991e-03 9.12110092e-04
-1.24728119e+03 1.62975131e-01 7.29503255e-03 9.17625308e-04
-1.24578115e+03 1.61558918e-01 7.29633877e-03 9.23066471e-04
-1.24428111e+03 1.60169134e-01 7.29762812e-03 9.28431219e-04
-1.24278107e+03 1.58805095e-01 7.29890083e-03 9.33720042e-04
-1.24128104e+03 1.57466221e-01 7.30015708e-03 9.38933022e-04
-1.23978100e+03 1.56152372e-01 7.30139663e-03 9.44068552e-04
-1.23828096e+03 1.54862845e-01 7.30261980e-03 9.49127254e-04
-1.23678092e+03 1.53597351e-01 7.30382651e-03 9.54108205e-04
-1.23528089e+03 1.52355473e-01 7.30501681e-03 9.59011054e-04
-1.23378085e+03 1.51136731e-01 7.30619085e-03 9.63835796e-04
-1.23228081e+03 1.49940993e-01 7.30734843e-03 9.68581146e-04
-1.23078077e+03 1.48767715e-01 7.30848977e-03 9.73247563e-04
-1.22928074e+03 1.47616203e-01 7.30961524e-03 9.77836235e-04
-1.22778070e+03 1.46486516e-01 7.31072449e-03 9.82345463e-04
-1.22628066e+03 1.45377714e-01 7.31181817e-03 9.86777654e-04
-1.22478062e+03 1.44289741e-01 7.31289606e-03 9.91131815e-04
-1.22328059e+03 1.43222446e-01 7.31395804e-03 9.95407443e-04
-1.22178055e+03 1.42174833e-01 7.31500485e-03 9.99607537e-04
-1.22028051e+03 1.41146717e-01 7.31603643e-03 1.00373196e-03
-1.21878047e+03 1.40138073e-01 7.31705256e-03 1.00778005e-03
-1.21728044e+03 1.39148511e-01 7.31805341e-03 1.01175268e-03
-1.21578040e+03 1.38177218e-01 7.31903958e-03 1.01565254e-03
-1.21428036e+03 1.37223880e-01 7.32001117e-03 1.01948040e-03
-1.21278032e+03 1.36288309e-01 7.32096817e-03 1.02323660e-03
-1.21128029e+03 1.35370235e-01 7.32191066e-03 1.02692189e-03
-1.20978025e+03 1.34469289e-01 7.32283882e-03 1.03053747e-03
-1.20828021e+03 1.33584746e-01 7.32375322e-03 1.03408604e-03
-1.20678017e+03 1.32716758e-01 7.32465353e-03 1.03756684e-03
-1.20528014e+03 1.31864785e-01 7.32554013e-03 1.04098192e-03
-1.20378010e+03 1.31028328e-01 7.32641339e-03 1.04433323e-03
-1.20228006e+03 1.30207583e-01 7.32727293e-03 1.04761993e-03
-1.20078002e+03 1.29401491e-01 7.32811972e-03 1.05084629e-03
-1.19927998e+03 1.28610159e-01 7.32895350e-03 1.05401190e-03
-1.19777995e+03 1.27833135e-01 7.32977462e-03 1.05711864e-03
-1.19627991e+03 1.27070275e-01 7.33058308e-03 1.06016714e-03
-1.19477987e+03 1.26320839e-01 7.33137954e-03 1.06316047e-03
-1.19327983e+03 1.25584888e-01 7.33216383e-03 1.06609847e-03
-1.19177980e+03 1.24862087e-01 7.33293618e-03 1.06898261e-03
-1.19027976e+03 1.24152000e-01 7.33369693e-03 1.07181474e-03
-1.18877972e+03 1.23454706e-01 7.33444591e-03 1.07459468e-03
-1.18727968e+03 1.22769382e-01 7.33518388e-03 1.07732583e-03
-1.18577965e+03 1.22095977e-01 7.33591082e-03 1.08000854e-03
-1.18427961e+03 1.21434083e-01 7.33662705e-03 1.08264456e-03
-1.18277957e+03 1.20783634e-01 7.33733257e-03 1.08523428e-03
-1.18127953e+03 1.20144270e-01 7.33802768e-03 1.08777928e-03
-1.17977950e+03 1.19515820e-01 7.33871248e-03 1.09028033e-03
-1.17827946e+03 1.18897870e-01 7.33938733e-03 1.09273923e-03
-1.17677942e+03 1.18290104e-01 7.34005252e-03 1.09515735e-03
-1.17527938e+03 1.17692530e-01 7.34070795e-03 1.09753475e-03
-1.17377935e+03 1.17104687e-01 7.34135407e-03 1.09987339e-03
-1.17227931e+03 1.16526339e-01 7.34199106e-03 1.10217430e-03
-1.17077927e+03 1.15957329e-01 7.34261903e-03 1.10443820e-03
-1.16927923e+03 1.15397397e-01 7.34323822e-03 1.10666621e-03
-1.16777920e+03 1.14846658e-01 7.34384842e-03 1.10885797e-03
-1.16627916e+03 1.14304254e-01 7.34445054e-03 1.11101695e-03
-1.16477912e+03 1.13770101e-01 7.34504462e-03 1.11314358e-03
-1.16327908e+03 1.13244407e-01 7.34563037e-03 1.11523707e-03
-1.16177905e+03 1.12726770e-01 7.34620819e-03 1.11729910e-03
-1.16027901e+03 1.12217130e-01 7.34677809e-03 1.11932995e-03
-1.15877897e+03 1.11714968e-01 7.34734062e-03 1.12133175e-03
-1.15727893e+03 1.11220532e-01 7.34789545e-03 1.12330355e-03
-1.15577890e+03 1.10733592e-01 7.34844278e-03 1.12524630e-03
-1.15427886e+03 1.10253646e-01 7.34898316e-03 1.12716203e-03
-1.15277882e+03 1.09781071e-01 7.34951610e-03 1.12904928e-03
-1.15127878e+03 1.09315521e-01 7.35004197e-03 1.13090945e-03
-1.14977875e+03 1.08856577e-01 7.35056119e-03 1.13274424e-03
-1.14827871e+03 1.08404269e-01 7.35107370e-03 1.13455353e-03
-1.14677867e+03 1.07958657e-01 7.35157940e-03 1.13633710e-03
-1.14527863e+03 1.07519839e-01 7.35207814e-03 1.13809457e-03
-1.14377860e+03 1.07087275e-01 7.35257049e-03 1.13982810e-03
-1.14227856e+03 1.06661121e-01 7.35305625e-03 1.14153706e-03
-1.14077852e+03 1.06241365e-01 7.35353541e-03 1.14322151e-03
-1.13927848e+03 1.05827831e-01 7.35400812e-03 1.14488214e-03
-1.13777845e+03 1.05420538e-01 7.35447434e-03 1.14651886e-03
-1.13627841e+03 1.05019123e-01 7.35493446e-03 1.14813312e-03
-1.13477837e+03 1.04623770e-01 7.35538823e-03 1.14972417e-03
-1.13327833e+03 1.04234425e-01 7.35583570e-03 1.15129221e-03
-1.13177830e+03 1.03850903e-01 7.35627704e-03 1.15283796e-03
-1.13027826e+03 1.03473356e-01 7.35671205e-03 1.15436079e-03
-1.12877822e+03 1.03101524e-01 7.35714101e-03 1.15586171e-03
-1.12727818e+03 1.02735686e-01 7.35756357e-03 1.15733958e-03
-1.12577815e+03 1.02375189e-01 7.35798047e-03 1.15879702e-03
-1.12427811e+03 1.02020517e-01 7.35839110e-03 1.16023202e-03
-1.12277807e+03 1.01670902e-01 7.35879636e-03 1.16164767e-03
-1.12127803e+03 1.01326502e-01 7.35919602e-03 1.16304330e-03
-1.11977800e+03 1.00987724e-01 7.35958960e-03 1.16441724e-03
-1.11827796e+03 1.00653919e-01 7.35997783e-03 1.16577207e-03
-1.11677792e+03 1.00325393e-01 7.36036033e-03 1.16710653e-03
-1.11527788e+03 1.00001716e-01 7.36073758e-03 1.16842232e-03
-1.11377785e+03 9.96828161e-02 7.36110965e-03 1.16971972e-03
-1.11227781e+03 9.93686639e-02 7.36147656e-03 1.17099880e-03
-1.11077777e+03 9.90592778e-02 7.36183827e-03 1.17225945e-03
-1.10927773e+03 9.87546140e-02 7.36219481e-03 1.17350183e-03
-1.10777770e+03 9.84539940e-02 7.36254696e-03 1.17472867e-03
-1.10627766e+03 9.81579256e-02 7.36289411e-03 1.17593785e-03
-1.10477762e+03 9.78661728e-02 7.36323652e-03 1.17713033e-03
-1.10327758e+03 9.75784606e-02 7.36357450e-03 1.17830718e-03
-1.10177755e+03 9.72948360e-02 7.36390799e-03 1.17946819e-03
-1.10027751e+03 9.70149414e-02 7.36423738e-03 1.18061478e-03
-1.09877747e+03 9.67389059e-02 7.36456252e-03 1.18174641e-03
-1.09727743e+03 9.64664577e-02 7.36488372e-03 1.18286415e-03
-1.09577740e+03 9.61982242e-02 7.36520021e-03 1.18396541e-03
-1.09427736e+03 9.59334291e-02 7.36551291e-03 1.18505333e-03
-1.09277732e+03 9.56719101e-02 7.36582201e-03 1.18612857e-03
-1.09127728e+03 9.54140399e-02 7.36612703e-03 1.18718956e-03
-1.08977725e+03 9.51592713e-02 7.36642863e-03 1.18823852e-03
-1.08827721e+03 9.49078835e-02 7.36672647e-03 1.18927429e-03
-1.08677717e+03 9.46594511e-02 7.36702104e-03 1.19029859e-03
-1.08527713e+03 9.44140922e-02 7.36731218e-03 1.19131090e-03
-1.08377710e+03 9.41716616e-02 7.36760008e-03 1.19231182e-03
-1.08227706e+03 9.39324695e-02 7.36788433e-03 1.19330002e-03
-1.08077702e+03 9.36957665e-02 7.36816584e-03 1.19427858e-03
-1.07927698e+03 9.34615321e-02 7.36844463e-03 1.19524758e-03
-1.07777695e+03 9.32297002e-02 7.36872075e-03 1.19620725e-03
-1.07627691e+03 9.30007233e-02 7.36899367e-03 1.19715572e-03
-1.07477687e+03 9.27738063e-02 7.36926433e-03 1.19809626e-03
-1.07327683e+03 9.25492422e-02 7.36953237e-03 1.19902762e-03
-1.07177680e+03 9.23267044e-02 7.36979818e-03 1.19995116e-03
-1.07027676e+03 9.21060168e-02 7.37006196e-03 1.20086758e-03
-1.06877672e+03 9.18872086e-02 7.37032368e-03 1.20177676e-03
-1.06727668e+03 9.16701733e-02 7.37058346e-03 1.20267911e-03
-1.06577665e+03 9.14547830e-02 7.37084144e-03 1.20357516e-03
-1.06427661e+03 9.12406450e-02 7.37109811e-03 1.20446653e-03
-1.06277657e+03 9.10283119e-02 7.37135278e-03 1.20535091e-03
-1.06127653e+03 9.08170109e-02 7.37160639e-03 1.20623150e-03
-1.05977650e+03 9.06068796e-02 7.37185876e-03 1.20710773e-03
-1.05827646e+03 9.03980149e-02 7.37210979e-03 1.20797917e-03
-1.05677642e+03 9.01899291e-02 7.37236004e-03 1.20884786e-03
-1.05527638e+03 8.99829992e-02 7.37260908e-03 1.20971221e-03
-1.05377635e+03 8.97768164e-02 7.37285738e-03 1.21057393e-03
-1.05227631e+03 8.95714627e-02 7.37310485e-03 1.21143265e-03
-1.05077627e+03 8.93670902e-02 7.37335131e-03 1.21228775e-03
-1.04927623e+03 8.91633698e-02 7.37359714e-03 1.21314058e-03
-1.04777620e+03 8.89599659e-02 7.37384275e-03 1.21399256e-03
-1.04627616e+03 8.87574355e-02 7.37408748e-03 1.21484133e-03
-1.04477612e+03 8.85553353e-02 7.37433185e-03 1.21568875e-03
-1.04327608e+03 8.83539828e-02 7.37457547e-03 1.21653349e-03
-1.04177605e+03 8.81528872e-02 7.37481895e-03 1.21737759e-03
-1.04027601e+03 8.79521564e-02 7.37506215e-03 1.21822060e-03
-1.03877597e+03 8.77525350e-02 7.37530416e-03 1.21905939e-03
-1.03727593e+03 8.75531868e-02 7.37554601e-03 1.21989746e-03
-1.03577590e+03 8.73544565e-02 7.37578726e-03 1.22073336e-03
-1.03427586e+03 8.71561851e-02 7.37602811e-03 1.22156775e-03
-1.03277582e+03 8.69583494e-02 7.37626859e-03 1.22240072e-03
-1.03127578e+03 8.67612933e-02 7.37650828e-03 1.22323082e-03
-1.02977575e+03 8.65644506e-02 7.37674787e-03 1.22406043e-03
-1.02827571e+03 8.63685505e-02 7.37698646e-03 1.22488647e-03
-1.02677567e+03 8.61730096e-02 7.37722478e-03 1.22571138e-03
-1.02527563e+03 8.59782466e-02 7.37746229e-03 1.22653341e-03
-1.02377560e+03 8.57842155e-02 7.37769906e-03 1.22735273e-03
-1.02227556e+03 8.55908202e-02 7.37793521e-03 1.22816975e-03
-1.02077552e+03 8.53980803e-02 7.37817070e-03 1.22898437e-03
-1.01927548e+03 8.52057151e-02 7.37840589e-03 1.22979777e-03
-1.01777545e+03 8.50142288e-02 7.37864015e-03 1.23060782e-03
-1.01627541e+03 8.48231443e-02 7.37887407e-03 1.23141652e-03
-1.01477537e+03 8.46330269e-02 7.37910695e-03 1.23222149e-03
-1.01327533e+03 8.44436136e-02 7.37933910e-03 1.23302382e-03
-1.01177530e+03 8.42548767e-02 7.37957058e-03 1.23382362e-03
-1.01027526e+03 8.40667614e-02 7.37980143e-03 1.23462112e-03
-1.00877522e+03 8.38794489e-02 7.38003144e-03 1.23541554e-03
-1.00727518e+03 8.36929829e-02 7.38026054e-03 1.23620669e-03
-1.00577515e+03 8.35069550e-02 7.38048925e-03 1.23699630e-03
-1.00427511e+03 8.33214857e-02 7.38071741e-03 1.23778385e-03
-1.00277507e+03 8.31368682e-02 7.38094466e-03 1.23856808e-03
-1.00127503e+03 8.29526940e-02 7.38117150e-03 1.23935073e-03
-9.99774997e+02 8.27692189e-02 7.38139762e-03 1.24013071e-03
-9.98274959e+02 8.25863258e-02 7.38162316e-03 1.24090849e-03
-9.96774922e+02 8.24037014e-02 7.38184850e-03 1.24168542e-03
-9.95274884e+02 8.22220796e-02 7.38207273e-03 1.24245835e-03
-9.93774847e+02 8.20405135e-02 7.38229704e-03 1.24323132e-03
-9.92274809e+02 8.18595276e-02 7.38252076e-03 1.24400209e-03
-9.90774772e+02 8.16788564e-02 7.38274423e-03 1.24477178e-03
-9.89274734e+02 8.14984732e-02 7.38296747e-03 1.24554050e-03
-9.87774697e+02 8.13185146e-02 7.38319032e-03 1.24630767e-03
-9.86274659e+02 8.11387380e-02 7.38341309e-03 1.24707430e-03
-9.84774622e+02 8.09592075e-02 7.38363568e-03 1.24784013e-03
-9.83274584e+02 8.07796997e-02 7.38385838e-03 1.24860610e-03
-9.81774547e+02 8.06002817e-02 7.38408110e-03 1.24937193e-03
-9.80274509e+02 8.04209800e-02 7.38430382e-03 1.25013748e-03
-9.78774472e+02 8.02416742e-02 7.38452668e-03 1.25090329e-03
-9.77274434e+02 8.00624679e-02 7.38474955e-03 1.25166889e-03
-9.75774397e+02 7.98828898e-02 7.38497302e-03 1.25243630e-03
-9.74274359e+02 7.97034430e-02 7.38519646e-03 1.25320336e-03
-9.72774322e+02 7.95236532e-02 7.38542048e-03 1.25397210e-03
-9.71274284e+02 7.93434776e-02 7.38564511e-03 1.25474270e-03
-9.69774247e+02 7.91628779e-02 7.38587042e-03 1.25551531e-03
-9.68274209e+02 7.89819203e-02 7.38609631e-03 1.25628966e-03
-9.66774172e+02 7.88005535e-02 7.38632287e-03 1.25706596e-03
-9.65274134e+02 7.86186621e-02 7.38655022e-03 1.25784470e-03
-9.63774097e+02 7.84363919e-02 7.38677819e-03 1.25862524e-03
-9.62274059e+02 7.82531148e-02 7.38700757e-03 1.25941029e-03
-9.60774022e+02 7.80696173e-02 7.38723738e-03 1.26019647e-03
-9.59273984e+02 7.78852128e-02 7.38746847e-03 1.26098671e-03
-9.57773947e+02 7.77000561e-02 7.38770066e-03 1.26178035e-03
-9.56273909e+02 7.75140407e-02 7.38793408e-03 1.26257785e-03
-9.54773872e+02 7.73271542e-02 7.38816876e-03 1.26337925e-03
-9.53273834e+02 7.71395140e-02 7.38840453e-03 1.26418405e-03
-9.51773797e+02 7.69506770e-02 7.38864198e-03 1.26499414e-03
-9.50273759e+02 7.67609417e-02 7.38888071e-03 1.26580825e-03
-9.48773722e+02 7.65705755e-02 7.38912040e-03 1.26662522e-03
-9.47273684e+02 7.63788860e-02 7.38936193e-03 1.26744801e-03
-9.45773647e+02 7.61862751e-02 7.38960478e-03 1.26827491e-03
-9.44273609e+02 7.59923582e-02 7.38984946e-03 1.26910756e-03
-9.42773572e+02 7.57974754e-02 7.39009552e-03 1.26994449e-03
-9.41273534e+02 7.56013262e-02 7.39034336e-03 1.27078699e-03
-9.39773497e+02 7.54041648e-02 7.39059265e-03 1.27163396e-03
-9.38273459e+02 7.52058843e-02 7.39084353e-03 1.27248587e-03
-9.36773422e+02 7.50062478e-02 7.39109631e-03 1.27334372e-03
-9.35273384e+02 7.48054551e-02 7.39135074e-03 1.27420665e-03
-9.33773347e+02 7.46034219e-02 7.39160693e-03 1.27507502e-03
-9.32273309e+02 7.44004918e-02 7.39186444e-03 1.27594734e-03
-9.30773272e+02 7.41961255e-02 7.39212396e-03 1.27682593e-03
-9.29273234e+02 7.39906071e-02 7.39238514e-03 1.27770956e-03
-9.27773197e+02 7.37840101e-02 7.39264787e-03 1.27859792e-03
-9.26273159e+02 7.35760563e-02 7.39291253e-03 1.27949217e-03
-9.24773122e+02 7.33671203e-02 7.39317864e-03 1.28039072e-03
-9.23273084e+02 7.31570995e-02 7.39344632e-03 1.28129400e-03
-9.21773047e+02 7.29458169e-02 7.39371582e-03 1.28220275e-03
-9.20273009e+02 7.27336778e-02 7.39398661e-03 1.28311523e-03
-9.18772972e+02 7.25202762e-02 7.39425921e-03 1.28403318e-03
-9.17272934e+02 7.23058696e-02 7.39453331e-03 1.28495549e-03
-9.15772897e+02 7.20904095e-02 7.39480896e-03 1.28588234e-03
-9.14272859e+02 7.18739129e-02 7.39508614e-03 1.28681366e-03
-9.12772822e+02 7.16563138e-02 7.39536495e-03 1.28774973e-03
-9.11272784e+02 7.14381799e-02 7.39564465e-03 1.28868809e-03
-9.09772747e+02 7.12188761e-02 7.39592607e-03 1.28963147e-03
-9.08272709e+02 7.09988979e-02 7.39620856e-03 1.29057772e-03
-9.06772672e+02 7.07779981e-02 7.39649246e-03 1.29152790e-03
-9.05272634e+02 7.05563804e-02 7.39677749e-03 1.29248113e-03
-9.03772597e+02 7.03340418e-02 7.39706367e-03 1.29343740e-03
-9.02272559e+02 7.01111927e-02 7.39735073e-03 1.29439581e-03
-9.00772522e+02 6.98874287e-02 7.39763918e-03 1.29535807e-03
-8.99272484e+02 6.96630209e-02 7.39792869e-03 1.29632302e-03
-8.97772447e+02 6.94383090e-02 7.39821881e-03 1.29728918e-03
-8.96272409e+02 6.92130619e-02 7.39850984e-03 1.29825754e-03
-8.94772372e+02 6.89875288e-02 7.39880146e-03 1.29922701e-03
-8.93272334e+02 6.87616936e-02 7.39909370e-03 1.30019765e-03
-8.91772297e+02 6.85353142e-02 7.39938686e-03 1.30117050e-03
-8.90272259e+02 6.83087105e-02 7.39968053e-03 1.30214417e-03
-8.88772222e+02 6.80820711e-02 7.39997447e-03 1.30311783e-03
-8.87272184e+02 6.78551253e-02 7.40026904e-03 1.30409264e-03
-8.85772147e+02 6.76282952e-02 7.40056367e-03 1.30506679e-03
-8.84272109e+02 6.74010068e-02 7.40085913e-03 1.30604271e-03
-8.82772072e+02 6.71736026e-02 7.40115495e-03 1.30701894e-03
-8.81272034e+02 6.69466077e-02 7.40145047e-03 1.30799320e-03
-8.79771996e+02 6.67196769e-02 7.40174612e-03 1.30896698e-03
-8.78271959e+02 6.64925827e-02 7.40204220e-03 1.30994124e-03
-8.76771921e+02 6.62660867e-02 7.40233773e-03 1.31091269e-03
-8.75271884e+02 6.60397091e-02 7.40263331e-03 1.31188340e-03
-8.73771846e+02 6.58137257e-02 7.40292860e-03 1.31285217e-03
-8.72271809e+02 6.55881270e-02 7.40322361e-03 1.31381904e-03
-8.70771771e+02 6.53628279e-02 7.40351843e-03 1.31478435e-03
-8.69271734e+02 6.51379484e-02 7.40381292e-03 1.31574760e-03
-8.67771696e+02 6.49133017e-02 7.40410733e-03 1.31670957e-03
-8.66271659e+02 6.46892747e-02 7.40440113e-03 1.31766860e-03
-8.64771621e+02 6.44658936e-02 7.40469429e-03 1.31862457e-03
-8.63271584e+02 6.42431035e-02 7.40498688e-03 1.31957771e-03
-8.61771546e+02 6.40210773e-02 7.40527868e-03 1.32052728e-03
-8.60271509e+02 6.37997099e-02 7.40556982e-03 1.32147371e-03
-8.58771471e+02 6.35788106e-02 7.40586055e-03 1.32241783e-03
-8.57271434e+02 6.33587597e-02 7.40615036e-03 1.32335801e-03
-8.55771396e+02 6.31393352e-02 7.40643955e-03 1.32429517e-03
-8.54271359e+02 6.29204918e-02 7.40672818e-03 1.32522953e-03
-8.52771321e+02 6.27027106e-02 7.40701560e-03 1.32615901e-03
-8.51271284e+02 6.24857824e-02 7.40730208e-03 1.32708451e-03
-8.49771246e+02 6.22695241e-02 7.40758788e-03 1.32800681e-03
-8.48271209e+02 6.20542033e-02 7.40787264e-03 1.32892476e-03
-8.46771171e+02 6.18397134e-02 7.40815648e-03 1.32983882e-03
-8.45271134e+02 6.16257479e-02 7.40843982e-03 1.33075029e-03
-8.43771096e+02 6.14127981e-02 7.40872200e-03 1.33165708e-03
-8.42271059e+02 6.12009087e-02 7.40900297e-03 1.33255899e-03
-8.40771021e+02 6.09898976e-02 7.40928295e-03 1.33345680e-03
-8.39270984e+02 6.07796646e-02 7.40956208e-03 1.33435093e-03
-8.37770946e+02 6.05703018e-02 7.40984024e-03 1.33524100e-03
-8.36270909e+02 6.03618350e-02 7.41011738e-03 1.33612689e-03
-8.34770871e+02 6.01543313e-02 7.41039342e-03 1.33700832e-03
-8.33270834e+02 5.99473137e-02 7.41066900e-03 1.33788732e-03
-8.31770796e+02 5.97411843e-02 7.41094356e-03 1.33876217e-03
-8.30270759e+02 5.95361313e-02 7.41121687e-03 1.33963208e-03
-8.28770721e+02 5.93320820e-02 7.41148900e-03 1.34049735e-03
-8.27270684e+02 5.91287865e-02 7.41176031e-03 1.34135906e-03
-8.25770646e+02 5.89260459e-02 7.41203104e-03 1.34221804e-03
-8.24270609e+02 5.87244592e-02 7.41230039e-03 1.34307175e-03
-8.22770571e+02 5.85233775e-02 7.41256924e-03 1.34392295e-03
-8.21270534e+02 5.83229414e-02 7.41283739e-03 1.34477104e-03
-8.19770496e+02 5.81235105e-02 7.41310436e-03 1.34561450e-03
-8.18270459e+02 5.79246895e-02 7.41337067e-03 1.34645501e-03
-8.16770421e+02 5.77267206e-02 7.41363601e-03 1.34729153e-03
-8.15270384e+02 5.75295710e-02 7.41390040e-03 1.34812422e-03
-8.13770346e+02 5.73327192e-02 7.41416456e-03 1.34895527e-03
-8.12270309e+02 5.71365905e-02 7.41442790e-03 1.34978289e-03
-8.10770271e+02 5.69409490e-02 7.41469075e-03 1.35060808e-03
-8.09270234e+02 5.67461379e-02 7.41495264e-03 1.35142939e-03
-8.07770196e+02 5.65516241e-02 7.41521428e-03 1.35224907e-03
-8.06270159e+02 5.63578601e-02 7.41547508e-03 1.35306521e-03
-8.04770121e+02 5.61645831e-02 7.41573537e-03 1.35387893e-03
-8.03270084e+02 5.59715997e-02 7.41599542e-03 1.35469103e-03
-8.01770046e+02 5.57792010e-02 7.41625483e-03 1.35550030e-03
-8.00270009e+02 5.55871552e-02 7.41651392e-03 1.35630770e-03
-7.98769971e+02 5.53953114e-02 7.41677290e-03 1.35711388e-03
-7.97269934e+02 5.52038910e-02 7.41703145e-03 1.35791791e-03
-7.95769896e+02 5.50129128e-02 7.41728956e-03 1.35871970e-03
-7.94269859e+02 5.48223296e-02 7.41754729e-03 1.35951945e-03
-7.92769821e+02 5.46319476e-02 7.41780489e-03 1.36031799e-03
-7.91269784e+02 5.44415627e-02 7.41806265e-03 1.36111617e-03
-7.89769746e+02 5.42515584e-02 7.41832005e-03 1.36191237e-03
-7.88269709e+02 5.40616797e-02 7.41857743e-03 1.36270767e-03
-7.86769671e+02 5.38720764e-02 7.41883458e-03 1.36350144e-03
-7.85269634e+02 5.36827494e-02 7.41909151e-03 1.36429368e-03
-7.83769596e+02 5.34932990e-02 7.41934875e-03 1.36508606e-03
-7.82269559e+02 5.33040685e-02 7.41960585e-03 1.36587714e-03
-7.80769521e+02 5.31146870e-02 7.41986331e-03 1.36666849e-03
-7.79269484e+02 5.29259151e-02 7.42012008e-03 1.36745691e-03
-7.77769446e+02 5.27368391e-02 7.42037742e-03 1.36824622e-03
-7.76269409e+02 5.25476376e-02 7.42063508e-03 1.36903569e-03
-7.74769371e+02 5.23586427e-02 7.42089261e-03 1.36982392e-03
-7.73269334e+02 5.21695861e-02 7.42115037e-03 1.37061203e-03
-7.71769296e+02 5.19807225e-02 7.42140802e-03 1.37139896e-03
-7.70269259e+02 5.17916495e-02 7.42166611e-03 1.37218639e-03
-7.68769221e+02 5.16026198e-02 7.42192429e-03 1.37297327e-03
-7.67269184e+02 5.14135915e-02 7.42218261e-03 1.37375977e-03
-7.65769146e+02 5.12245974e-02 7.42244104e-03 1.37454576e-03
-7.64269109e+02 5.10355675e-02 7.42269967e-03 1.37533153e-03
-7.62769071e+02 5.08464726e-02 7.42295854e-03 1.37611719e-03
-7.61269034e+02 5.06570788e-02 7.42321797e-03 1.37690373e-03
-7.59768996e+02 5.04681175e-02 7.42347695e-03 1.37768810e-03
-7.58268959e+02 5.02787277e-02 7.42373668e-03 1.37847389e-03
-7.56768921e+02 5.00895576e-02 7.42399625e-03 1.37925839e-03
-7.55268884e+02 4.99003043e-02 7.42425608e-03 1.38004288e-03
-7.53768846e+02 4.97110222e-02 7.42451611e-03 1.38082712e-03
-7.52268809e+02 4.95219564e-02 7.42477599e-03 1.38161010e-03
-7.50768771e+02 4.93326301e-02 7.42503637e-03 1.38239380e-03
-7.49268734e+02 4.91432264e-02 7.42529702e-03 1.38317746e-03
-7.47768696e+02 4.89541234e-02 7.42555739e-03 1.38395952e-03
-7.46268659e+02 4.87646159e-02 7.42581848e-03 1.38474290e-03
-7.44768621e+02 4.85754877e-02 7.42607919e-03 1.38552436e-03
-7.43268584e+02 4.83863020e-02 7.42634013e-03 1.38630570e-03
-7.41768546e+02 4.81970762e-02 7.42660128e-03 1.38708686e-03
-7.40268509e+02 4.80079605e-02 7.42686242e-03 1.38786721e-03
-7.38768471e+02 4.78186453e-02 7.42712399e-03 1.38864805e-03
-7.37268434e+02 4.76293587e-02 7.42738567e-03 1.38942842e-03
-7.35768396e+02 4.74405571e-02 7.42764682e-03 1.39020646e-03
-7.34268359e+02 4.72517368e-02 7.42790815e-03 1.39098423e-03
-7.32768321e+02 4.70631083e-02 7.42816936e-03 1.39176089e-03
-7.31268284e+02 4.68743174e-02 7.42843094e-03 1.39253788e-03
-7.29768246e+02 4.66856648e-02 7.42869248e-03 1.39331397e-03
-7.28268209e+02 4.64972828e-02 7.42895379e-03 1.39408863e-03
-7.26768171e+02 4.63088076e-02 7.42921538e-03 1.39486335e-03
-7.25268134e+02 4.61206992e-02 7.42947660e-03 1.39563624e-03
-7.23768096e+02 4.59325532e-02 7.42973802e-03 1.39640898e-03
-7.22268059e+02 4.57445674e-02 7.42999937e-03 1.39718074e-03
-7.20768021e+02 4.55570849e-02 7.43026015e-03 1.39795013e-03
-7.19267983e+02 4.53693268e-02 7.43052147e-03 1.39872035e-03
-7.17767946e+02 4.51819828e-02 7.43078236e-03 1.39948858e-03
-7.16267908e+02 4.49948099e-02 7.43104315e-03 1.40025580e-03
-7.14767871e+02 4.48076564e-02 7.43130406e-03 1.40102265e-03
-7.13267833e+02 4.46208216e-02 7.43156467e-03 1.40178791e-03
-7.11767796e+02 4.44343856e-02 7.43182486e-03 1.40255126e-03
-7.10267758e+02 4.42482134e-02 7.43208483e-03 1.40331324e-03
-7.08767721e+02 4.40621357e-02 7.43234481e-03 1.40407457e-03
-7.07267683e+02 4.38762337e-02 7.43260468e-03 1.40483490e-03
-7.05767646e+02 4.36905541e-02 7.43286439e-03 1.40559406e-03
-7.04267608e+02 4.35051501e-02 7.43312385e-03 1.40635183e-03
-7.02767571e+02 4.33200921e-02 7.43338296e-03 1.40710794e-03
-7.01267533e+02 4.31351429e-02 7.43364206e-03 1.40786334e-03
-6.99767496e+02 4.29504500e-02 7.43390095e-03 1.40861745e-03
-6.98267458e+02 4.27664825e-02 7.43415895e-03 1.40936835e-03
-6.96767421e+02 4.25823153e-02 7.43441737e-03 1.41011983e-03
-6.95267383e+02 4.23987628e-02 7.43467507e-03 1.41086857e-03
-6.93767346e+02 4.22153449e-02 7.43493271e-03 1.41161653e-03
-6.92267308e+02 4.20322909e-02 7.43518998e-03 1.41236279e-03
-6.90767271e+02 4.18497312e-02 7.43544669e-03 1.41310681e-03
-6.89267233e+02 4.16672330e-02 7.43570345e-03 1.41385036e-03
-6.87767196e+02 4.14850999e-02 7.43595983e-03 1.41459222e-03
-6.86267158e+02 4.13033455e-02 7.43621581e-03 1.41533233e-03
-6.84767121e+02 4.11218263e-02 7.43647160e-03 1.41607128e-03
-6.83267083e+02 4.09405279e-02 7.43672720e-03 1.41680914e-03
-6.81767046e+02 4.07599161e-02 7.43698197e-03 1.41754401e-03
-6.80267008e+02 4.05792708e-02 7.43723693e-03 1.41827884e-03
-6.78766971e+02 4.03993547e-02 7.43749098e-03 1.41901052e-03
-6.77266933e+02 4.02193364e-02 7.43774531e-03 1.41974243e-03
-6.75766896e+02 4.00399019e-02 7.43799894e-03 1.42047181e-03
-6.74266858e+02 3.98608590e-02 7.43825215e-03 1.42119943e-03
-6.72766821e+02 3.96821118e-02 7.43850507e-03 1.42192568e-03
-6.71266783e+02 3.95037124e-02 7.43875763e-03 1.42265037e-03
-6.69766746e+02 3.93256569e-02 7.43900982e-03 1.42337351e-03
-6.68266708e+02 3.91481135e-02 7.43926142e-03 1.42409442e-03
-6.66766671e+02 3.89706573e-02 7.43951303e-03 1.42481484e-03
-6.65266633e+02 3.87937509e-02 7.43976398e-03 1.42553289e-03
-6.63766596e+02 3.86172345e-02 7.44001451e-03 1.42624922e-03
-6.62266558e+02 3.84411561e-02 7.44026453e-03 1.42696365e-03
-6.60766521e+02 3.82654767e-02 7.44051412e-03 1.42767634e-03
-6.59266483e+02 3.80899610e-02 7.44076359e-03 1.42838825e-03
-6.57766446e+02 3.79150171e-02 7.44101238e-03 1.42909773e-03
-6.56266408e+02 3.77403191e-02 7.44126094e-03 1.42980610e-03
-6.54766371e+02 3.75661125e-02 7.44150893e-03 1.43051237e-03
-6.53266333e+02 3.73922219e-02 7.44175658e-03 1.43121727e-03
-6.51766296e+02 3.72186712e-02 7.44200388e-03 1.43192070e-03
-6.50266258e+02 3.70453743e-02 7.44225093e-03 1.43262300e-03
-6.48766221e+02 3.68725127e-02 7.44249749e-03 1.43332346e-03
-6.47266183e+02 3.67002941e-02 7.44274324e-03 1.43402123e-03
-6.45766146e+02 3.65282233e-02 7.44298890e-03 1.43471833e-03
-6.44266108e+02 3.63563598e-02 7.44323439e-03 1.43541452e-03
-6.42766071e+02 3.61853168e-02 7.44347883e-03 1.43610732e-03
-6.41266033e+02 3.60143643e-02 7.44372325e-03 1.43679968e-03
-6.39765996e+02 3.58438500e-02 7.44396716e-03 1.43749022e-03
-6.38265958e+02 3.56738240e-02 7.44421049e-03 1.43817872e-03
-6.36765921e+02 3.55039940e-02 7.44445366e-03 1.43886638e-03
-6.35265883e+02 3.53346014e-02 7.44469631e-03 1.43955222e-03
-6.33765846e+02 3.51656970e-02 7.44493838e-03 1.44023605e-03
-6.32265808e+02 3.49970130e-02 7.44518025e-03 1.44091894e-03
-6.30765771e+02 3.48287050e-02 7.44542170e-03 1.44160029e-03
-6.29265733e+02 3.46608472e-02 7.44566261e-03 1.44227977e-03
-6.27765696e+02 3.44936964e-02 7.44590262e-03 1.44295638e-03
-6.26265658e+02 3.43267353e-02 7.44614247e-03 1.44363219e-03
-6.24765621e+02 3.41601243e-02 7.44638192e-03 1.44430657e-03
-6.23265583e+02 3.39938287e-02 7.44662104e-03 1.44497966e-03
-6.21765546e+02 3.38278333e-02 7.44685984e-03 1.44565152e-03
-6.20265508e+02 3.36624498e-02 7.44709786e-03 1.44632090e-03
-6.18765471e+02 3.34974604e-02 7.44733543e-03 1.44698869e-03
-6.17265433e+02 3.33326824e-02 7.44757280e-03 1.44765562e-03
-6.15765396e+02 3.31687015e-02 7.44780913e-03 1.44831932e-03
-6.14265358e+02 3.30046765e-02 7.44804564e-03 1.44898322e-03
-6.12765321e+02 3.28410416e-02 7.44828169e-03 1.44964555e-03
-6.11265283e+02 3.26781272e-02 7.44851680e-03 1.45030498e-03
-6.09765246e+02 3.25152090e-02 7.44875204e-03 1.45096444e-03
-6.08265208e+02 3.23526299e-02 7.44898688e-03 1.45162255e-03
-6.06765171e+02 3.21908045e-02 7.44922075e-03 1.45227764e-03
-6.05265133e+02 3.20290306e-02 7.44945464e-03 1.45293255e-03
-6.03765096e+02 3.18678297e-02 7.44968781e-03 1.45358517e-03
-6.02265058e+02 3.17069766e-02 7.44992058e-03 1.45423641e-03
-6.00765021e+02 3.15464590e-02 7.45015297e-03 1.45488634e-03
-5.99264983e+02 3.13865847e-02 7.45038453e-03 1.45553370e-03
-5.97764946e+02 3.12269227e-02 7.45061589e-03 1.45618025e-03
-5.96264908e+02 3.10678202e-02 7.45084654e-03 1.45682458e-03
-5.94764871e+02 3.09091777e-02 7.45107662e-03 1.45746710e-03
-5.93264833e+02 3.07508033e-02 7.45130641e-03 1.45810858e-03
-5.91764796e+02 3.05929415e-02 7.45153556e-03 1.45874804e-03
-5.90264758e+02 3.04353220e-02 7.45176446e-03 1.45938658e-03
-5.88764721e+02 3.02779049e-02 7.45199317e-03 1.46002436e-03
-5.87264683e+02 3.01211484e-02 7.45222101e-03 1.46065953e-03
-5.85764646e+02 2.99645025e-02 7.45244880e-03 1.46129431e-03
-5.84264608e+02 2.98085848e-02 7.45267562e-03 1.46192621e-03
-5.82764571e+02 2.96530380e-02 7.45290200e-03 1.46255668e-03
-5.81264533e+02 2.94976212e-02 7.45312829e-03 1.46318670e-03
-5.79764496e+02 2.93426946e-02 7.45335396e-03 1.46381480e-03
-5.78264458e+02 2.91884629e-02 7.45357871e-03 1.46444017e-03
-5.76764421e+02 2.90344636e-02 7.45380322e-03 1.46506467e-03
-5.75264383e+02 2.88808555e-02 7.45402726e-03 1.46568767e-03
-5.73764346e+02 2.87275852e-02 7.45425089e-03 1.46630938e-03
-5.72264308e+02 2.85746134e-02 7.45447419e-03 1.46692997e-03
-5.70764271e+02 2.84219954e-02 7.45469707e-03 1.46754922e-03
-5.69264233e+02 2.82701330e-02 7.45491893e-03 1.46816548e-03
-5.67764196e+02 2.81186826e-02 7.45514028e-03 1.46878017e-03
-5.66264158e+02 2.79673020e-02 7.45536163e-03 1.46939467e-03
-5.64764121e+02 2.78165849e-02 7.45558210e-03 1.47000657e-03
-5.63264083e+02 2.76664129e-02 7.45580185e-03 1.47061635e-03
-5.61764046e+02 2.75163868e-02 7.45602149e-03 1.47122564e-03
-5.60264008e+02 2.73668038e-02 7.45624057e-03 1.47183323e-03
-5.58763970e+02 2.72178805e-02 7.45645877e-03 1.47243825e-03
-5.57263933e+02 2.70689807e-02 7.45667703e-03 1.47304327e-03
-5.55763895e+02 2.69206255e-02 7.45689458e-03 1.47364619e-03
-5.54263858e+02 2.67728304e-02 7.45711139e-03 1.47424693e-03
-5.52763820e+02 2.66252168e-02 7.45732803e-03 1.47484705e-03
-5.51263783e+02 2.64780736e-02 7.45754406e-03 1.47544537e-03
-5.49763745e+02 2.63315538e-02 7.45775927e-03 1.47604126e-03
-5.48263708e+02 2.61851291e-02 7.45797442e-03 1.47663687e-03
-5.46763670e+02 2.60393237e-02 7.45818875e-03 1.47723008e-03
-5.45263633e+02 2.58939053e-02 7.45840259e-03 1.47782183e-03
-5.43763595e+02 2.57488470e-02 7.45861599e-03 1.47841223e-03
-5.42263558e+02 2.56042781e-02 7.45882875e-03 1.47900075e-03
-5.40763520e+02 2.54601268e-02 7.45904099e-03 1.47958769e-03
-5.39263483e+02 2.53164003e-02 7.45925268e-03 1.48017302e-03
-5.37763445e+02 2.51729592e-02 7.45946403e-03 1.48075731e-03
-5.36263408e+02 2.50300624e-02 7.45967467e-03 1.48133950e-03
-5.34763370e+02 2.48875780e-02 7.45988478e-03 1.48192013e-03
-5.33263333e+02 2.47453265e-02 7.46009463e-03 1.48249993e-03
-5.31763295e+02 2.46035677e-02 7.46030383e-03 1.48307785e-03
-5.30263258e+02 2.44622068e-02 7.46051253e-03 1.48365427e-03
-5.28763220e+02 2.43213989e-02 7.46072049e-03 1.48422855e-03
-5.27263183e+02 2.41810048e-02 7.46092791e-03 1.48480127e-03
-5.25763145e+02 2.40411078e-02 7.46113469e-03 1.48537209e-03
-5.24263108e+02 2.39015619e-02 7.46134102e-03 1.48594161e-03
-5.22763070e+02 2.37622645e-02 7.46154707e-03 1.48651023e-03
-5.21263033e+02 2.36237032e-02 7.46175210e-03 1.48707597e-03
-5.19762995e+02 2.34853228e-02 7.46195694e-03 1.48764111e-03
-5.18262958e+02 2.33476386e-02 7.46216083e-03 1.48820352e-03
-5.16762920e+02 2.32102435e-02 7.46236437e-03 1.48876489e-03
-5.15262883e+02 2.30730245e-02 7.46256772e-03 1.48932565e-03
-5.13762845e+02 2.29362767e-02 7.46277045e-03 1.48988463e-03
-5.12262808e+02 2.27999657e-02 7.46297261e-03 1.49044194e-03
-5.10762770e+02 2.26640707e-02 7.46317423e-03 1.49099768e-03
-5.09262733e+02 2.25282723e-02 7.46337578e-03 1.49155316e-03
-5.07762695e+02 2.23934384e-02 7.46357597e-03 1.49210482e-03
-5.06262658e+02 2.22589309e-02 7.46377575e-03 1.49265527e-03
-5.04762620e+02 2.21250044e-02 7.46397474e-03 1.49320347e-03
-5.03262583e+02 2.19911838e-02 7.46417364e-03 1.49375136e-03
-5.01762545e+02 2.18579822e-02 7.46437170e-03 1.49429685e-03
-5.00262508e+02 2.17249044e-02 7.46456964e-03 1.49484197e-03
-4.98762470e+02 2.15927476e-02 7.46476629e-03 1.49538343e-03
-4.97262433e+02 2.14606218e-02 7.46496296e-03 1.49592490e-03
-4.95762395e+02 2.13288052e-02 7.46515924e-03 1.49646523e-03
-4.94262358e+02 2.11977002e-02 7.46535453e-03 1.49700276e-03
-4.92762320e+02 2.10667343e-02 7.46554969e-03 1.49753986e-03
-4.91262283e+02 2.09364400e-02 7.46574391e-03 1.49807433e-03
-4.89762245e+02 2.08064057e-02 7.46593781e-03 1.49860786e-03
-4.88262208e+02 2.06769030e-02 7.46613099e-03 1.49913933e-03
-4.86762170e+02 2.05476437e-02 7.46632388e-03 1.49966993e-03
-4.85262133e+02 2.04187958e-02 7.46651622e-03 1.50019897e-03
-4.83762095e+02 2.02905894e-02 7.46670766e-03 1.50072550e-03
-4.82262058e+02 2.01626528e-02 7.46689877e-03 1.50125105e-03
-4.80762020e+02 2.00352453e-02 7.46708916e-03 1.50177455e-03
-4.79261983e+02 1.99081760e-02 7.46727911e-03 1.50229678e-03
-4.77761945e+02 1.97814527e-02 7.46746860e-03 1.50281771e-03
-4.76261908e+02 1.96551190e-02 7.46765758e-03 1.50333717e-03
-4.74761870e+02 1.95292463e-02 7.46784594e-03 1.50385485e-03
-4.73261833e+02 1.94038113e-02 7.46803370e-03 1.50437086e-03
-4.71761795e+02 1.92788811e-02 7.46822077e-03 1.50488491e-03
-4.70261758e+02 1.91544817e-02 7.46840711e-03 1.50539690e-03
-4.68761720e+02 1.90303759e-02 7.46859307e-03 1.50590780e-03
-4.67261683e+02 1.89068320e-02 7.46877825e-03 1.50641650e-03
-4.65761645e+02 1.87834347e-02 7.46896328e-03 1.50692472e-03
-4.64261608e+02 1.86603375e-02 7.46914791e-03 1.50743183e-03
-4.62761570e+02 1.85377262e-02 7.46933189e-03 1.50793705e-03
-4.61261533e+02 1.84156094e-02 7.46951517e-03 1.50844035e-03
-4.59761495e+02 1.82938489e-02 7.46969799e-03 1.50894229e-03
-4.58261458e+02 1.81725825e-02 7.46988012e-03 1.50944232e-03
-4.56761420e+02 1.80518102e-02 7.47006157e-03 1.50994042e-03
-4.55261383e+02 1.79314372e-02 7.47024248e-03 1.51043700e-03
-4.53761345e+02 1.78115951e-02 7.47042265e-03 1.51093149e-03
-4.52261308e+02 1.76918248e-02 7.47060277e-03 1.51142580e-03
-4.50761270e+02 1.75726144e-02 7.47078211e-03 1.51191792e-03
-4.49261233e+02 1.74536095e-02 7.47096120e-03 1.51240929e-03
-4.47761195e+02 1.73353726e-02 7.47113919e-03 1.51289761e-03
-4.46261158e+02 1.72175514e-02 7.47131661e-03 1.51338431e-03
-4.44761120e+02 1.71000894e-02 7.47149354e-03 1.51386965e-03
-4.43261083e+02 1.69830950e-02 7.47166983e-03 1.51435315e-03
-4.41761045e+02 1.68660601e-02 7.47184623e-03 1.51483694e-03
-4.40261008e+02 1.67498271e-02 7.47202148e-03 1.51531751e-03
-4.38760970e+02 1.66339031e-02 7.47219632e-03 1.51579691e-03
-4.37260933e+02 1.65183328e-02 7.47237068e-03 1.51627495e-03
-4.35760895e+02 1.64032466e-02 7.47254437e-03 1.51675110e-03
-4.34260858e+02 1.62888026e-02 7.47271714e-03 1.51722469e-03
-4.32760820e+02 1.61745824e-02 7.47288962e-03 1.51769745e-03
-4.31260783e+02 1.60607588e-02 7.47306156e-03 1.51816868e-03
-4.29760745e+02 1.59474528e-02 7.47323277e-03 1.51863786e-03
-4.28260708e+02 1.58345028e-02 7.47340350e-03 1.51910566e-03
-4.26760670e+02 1.57218788e-02 7.47357378e-03 1.51957222e-03
-4.25260633e+02 1.56098357e-02 7.47374324e-03 1.52003646e-03
-4.23760595e+02 1.54980267e-02 7.47391240e-03 1.52049983e-03
-4.22260558e+02 1.53864989e-02 7.47408118e-03 1.52096213e-03
-4.20760520e+02 1.52757158e-02 7.47424888e-03 1.52142143e-03
-4.19260483e+02 1.51652549e-02 7.47441615e-03 1.52187950e-03
-4.17760445e+02 1.50552936e-02 7.47458271e-03 1.52233558e-03
-4.16260408e+02 1.49454982e-02 7.47474907e-03 1.52279106e-03
-4.14760370e+02 1.48362872e-02 7.47491459e-03 1.52324422e-03
-4.13260333e+02 1.47274104e-02 7.47507965e-03 1.52369607e-03
-4.11760295e+02 1.46191063e-02 7.47524389e-03 1.52414564e-03
-4.10260258e+02 1.45109820e-02 7.47540791e-03 1.52459454e-03
-4.08760220e+02 1.44035829e-02 7.47557088e-03 1.52504052e-03
-4.07260183e+02 1.42963320e-02 7.47573367e-03 1.52548597e-03
-4.05760145e+02 1.41897355e-02 7.47589551e-03 1.52592879e-03
-4.04260108e+02 1.40834261e-02 7.47605696e-03 1.52637050e-03
-4.02760070e+02 1.39775248e-02 7.47621784e-03 1.52681059e-03
-4.01260033e+02 1.38719828e-02 7.47637822e-03 1.52724927e-03
-3.99759995e+02 1.37670994e-02 7.47653765e-03 1.52768530e-03
-3.98259957e+02 1.36624031e-02 7.47669683e-03 1.52812062e-03
-3.96759920e+02 1.35583191e-02 7.47685513e-03 1.52855348e-03
-3.95259882e+02 1.34542792e-02 7.47701341e-03 1.52898623e-03
-3.93759845e+02 1.33511086e-02 7.47717040e-03 1.52941544e-03
-3.92259807e+02 1.32480705e-02 7.47732724e-03 1.52984417e-03
-3.90759770e+02 1.31453167e-02 7.47748369e-03 1.53027180e-03
-3.89259732e+02 1.30429416e-02 7.47763961e-03 1.53069792e-03
-3.87759695e+02 1.29411320e-02 7.47779471e-03 1.53112176e-03
-3.86259657e+02 1.28398221e-02 7.47794909e-03 1.53154360e-03
-3.84759620e+02 1.27389905e-02 7.47810278e-03 1.53196351e-03
-3.83259582e+02 1.26383866e-02 7.47825617e-03 1.53238254e-03
-3.81759545e+02 1.25384584e-02 7.47840857e-03 1.53279882e-03
-3.80259507e+02 1.24387197e-02 7.47856072e-03 1.53321439e-03
-3.78759470e+02 1.23395177e-02 7.47871209e-03 1.53362778e-03
-3.77259432e+02 1.22407662e-02 7.47886282e-03 1.53403936e-03
-3.75759395e+02 1.21424767e-02 7.47901287e-03 1.53444908e-03
-3.74259357e+02 1.20445524e-02 7.47916242e-03 1.53485734e-03
-3.72759320e+02 1.19467093e-02 7.47931187e-03 1.53526532e-03
-3.71259282e+02 1.18496320e-02 7.47946020e-03 1.53567017e-03
-3.69759245e+02 1.17528665e-02 7.47960809e-03 1.53607378e-03
-3.68259207e+02 1.16564282e-02 7.47975552e-03 1.53647609e-03
-3.66759170e+02 1.15603912e-02 7.47990237e-03 1.53687678e-03
-3.65259132e+02 1.14648868e-02 7.48004844e-03 1.53727531e-03
-3.63759095e+02 1.13697799e-02 7.48019395e-03 1.53767223e-03
-3.62259057e+02 1.12749742e-02 7.48033903e-03 1.53806795e-03
-3.60759020e+02 1.11806598e-02 7.48048340e-03 1.53846168e-03
-3.59258982e+02 1.10869821e-02 7.48062682e-03 1.53885280e-03
-3.57758945e+02 1.09935341e-02 7.48076993e-03 1.53924302e-03
-3.56258907e+02 1.09003131e-02 7.48091273e-03 1.53963234e-03
-3.54758870e+02 1.08078712e-02 7.48105438e-03 1.54001845e-03
-3.53258832e+02 1.07155950e-02 7.48119580e-03 1.54040393e-03
-3.51758795e+02 1.06235483e-02 7.48133691e-03 1.54078850e-03
-3.50258757e+02 1.05322538e-02 7.48147689e-03 1.54116997e-03
-3.48758720e+02 1.04411492e-02 7.48161663e-03 1.54155069e-03
-3.47258682e+02 1.03503756e-02 7.48175589e-03 1.54193008e-03
-3.45758645e+02 1.02602978e-02 7.48189411e-03 1.54230661e-03
-3.44258607e+02 1.01707061e-02 7.48203162e-03 1.54268115e-03
-3.42758570e+02 1.00813332e-02 7.48216883e-03 1.54305482e-03
-3.41258532e+02 9.99249812e-03 7.48230524e-03 1.54342629e-03
-3.39758495e+02 9.90397084e-03 7.48244122e-03 1.54379651e-03
-3.38258457e+02 9.81568902e-03 7.48257685e-03 1.54416574e-03
-3.36758420e+02 9.72773771e-03 7.48271200e-03 1.54453364e-03
-3.35258382e+02 9.64038610e-03 7.48284627e-03 1.54489907e-03
-3.33758345e+02 9.55344717e-03 7.48297993e-03 1.54526281e-03
-3.32258307e+02 9.46689515e-03 7.48311303e-03 1.54562496e-03
-3.30758270e+02 9.38097533e-03 7.48324518e-03 1.54598452e-03
-3.29258232e+02 9.29541092e-03 7.48337682e-03 1.54634262e-03
-3.27758195e+02 9.21030241e-03 7.48350779e-03 1.54669885e-03
-3.26258157e+02 9.12525738e-03 7.48363869e-03 1.54705485e-03
-3.24758120e+02 9.04073685e-03 7.48376882e-03 1.54740868e-03
-3.23258082e+02 8.95652010e-03 7.48389850e-03 1.54776128e-03
-3.21758045e+02 8.87278163e-03 7.48402748e-03 1.54811192e-03
-3.20258007e+02 8.78953175e-03 7.48415573e-03 1.54846053e-03
-3.18757970e+02 8.70663790e-03 7.48428347e-03 1.54880769e-03
-3.17257932e+02 8.62390545e-03 7.48441098e-03 1.54915421e-03
-3.15757895e+02 8.54200601e-03 7.48453724e-03 1.54949726e-03
-3.14257857e+02 8.46028411e-03 7.48466325e-03 1.54983961e-03
-3.12757820e+02 8.37891961e-03 7.48478874e-03 1.55018048e-03
-3.11257782e+02 8.29823831e-03 7.48491320e-03 1.55051852e-03
-3.09757745e+02 8.21796224e-03 7.48503706e-03 1.55085489e-03
-3.08257707e+02 8.13794796e-03 7.48516055e-03 1.55119019e-03
-3.06757670e+02 8.05815982e-03 7.48528371e-03 1.55152457e-03
-3.05257632e+02 7.97903616e-03 7.48540587e-03 1.55185619e-03
-3.03757595e+02 7.90017782e-03 7.48552765e-03 1.55218673e-03
-3.02257557e+02 7.82186645e-03 7.48564861e-03 1.55251499e-03
-3.00757520e+02 7.74357178e-03 7.48576957e-03 1.55284321e-03
-2.99257482e+02 7.66585309e-03 7.48588967e-03 1.55316904e-03
-2.97757445e+02 7.58862628e-03 7.48600903e-03 1.55349283e-03
-2.96257407e+02 7.51185738e-03 7.48612771e-03 1.55381472e-03
-2.94757370e+02 7.43528034e-03 7.48624611e-03 1.55413583e-03
-2.93257332e+02 7.35901908e-03 7.48636405e-03 1.55445563e-03
-2.91757295e+02 7.28355321e-03 7.48648079e-03 1.55477212e-03
-2.90257257e+02 7.20834240e-03 7.48659715e-03 1.55508756e-03
-2.88757220e+02 7.13357108e-03 7.48671286e-03 1.55540118e-03
-2.87257182e+02 7.05930433e-03 7.48682780e-03 1.55571270e-03
-2.85757145e+02 6.98518185e-03 7.48694255e-03 1.55602363e-03
-2.84257107e+02 6.91151198e-03 7.48705662e-03 1.55633269e-03
-2.82757070e+02 6.83831665e-03 7.48716998e-03 1.55663976e-03
-2.81257032e+02 6.76550746e-03 7.48728276e-03 1.55694524e-03
-2.79756995e+02 6.69299287e-03 7.48739511e-03 1.55724949e-03
-2.78256957e+02 6.62112257e-03 7.48750647e-03 1.55755106e-03
-2.76756920e+02 6.54934542e-03 7.48761772e-03 1.55785225e-03
-2.75256882e+02 6.47756297e-03 7.48772900e-03 1.55815348e-03
-2.73756845e+02 6.40678532e-03 7.48783874e-03 1.55845051e-03
-2.72256807e+02 6.33638356e-03 7.48794792e-03 1.55874597e-03
-2.70756770e+02 6.26617728e-03 7.48805682e-03 1.55904063e-03
-2.69256732e+02 6.19664711e-03 7.48816468e-03 1.55933246e-03
-2.67756695e+02 6.12751075e-03 7.48827196e-03 1.55962265e-03
-2.66256657e+02 6.05858399e-03 7.48837893e-03 1.55991198e-03
-2.64756620e+02 5.98999929e-03 7.48848539e-03 1.56019988e-03
-2.63256582e+02 5.92184758e-03 7.48859119e-03 1.56048597e-03
-2.61756545e+02 5.85418126e-03 7.48869627e-03 1.56077004e-03
-2.60256507e+02 5.78711401e-03 7.48880042e-03 1.56105160e-03
-2.58756470e+02 5.72022523e-03 7.48890433e-03 1.56133243e-03
-2.57256432e+02 5.65364609e-03 7.48900777e-03 1.56161196e-03
-2.55756395e+02 5.58744565e-03 7.48911063e-03 1.56188991e-03
-2.54256357e+02 5.52165420e-03 7.48921289e-03 1.56216616e-03
-2.52756320e+02 5.45633312e-03 7.48931443e-03 1.56244044e-03
-2.51256282e+02 5.39132870e-03 7.48941549e-03 1.56271340e-03
-2.49756245e+02 5.32684898e-03 7.48951575e-03 1.56298416e-03
-2.48256207e+02 5.26273949e-03 7.48961546e-03 1.56325337e-03
-2.46756170e+02 5.19911092e-03 7.48971443e-03 1.56352058e-03
-2.45256132e+02 5.13593135e-03 7.48981273e-03 1.56378590e-03
-2.43756095e+02 5.07288551e-03 7.48991083e-03 1.56405067e-03
-2.42256057e+02 5.01006138e-03 7.49000861e-03 1.56431451e-03
-2.40756020e+02 4.94785207e-03 7.49010544e-03 1.56457578e-03
-2.39255982e+02 4.88618705e-03 7.49020144e-03 1.56483477e-03
-2.37755944e+02 4.82455771e-03 7.49029740e-03 1.56509362e-03
-2.36255907e+02 4.76364924e-03 7.49039226e-03 1.56534944e-03
-2.34755869e+02 4.70286879e-03 7.49048693e-03 1.56560473e-03
-2.33255832e+02 4.64299057e-03 7.49058021e-03 1.56585623e-03
-2.31755794e+02 4.58296710e-03 7.49067373e-03 1.56610835e-03
-2.30255757e+02 4.52344808e-03 7.49076648e-03 1.56635836e-03
-2.28755719e+02 4.46458148e-03 7.49085823e-03 1.56660562e-03
-2.27255682e+02 4.40599226e-03 7.49094956e-03 1.56685173e-03
-2.25755644e+02 4.34756274e-03 7.49104066e-03 1.56709717e-03
-2.24255607e+02 4.28963221e-03 7.49113099e-03 1.56734051e-03
-2.22755569e+02 4.23223850e-03 7.49122050e-03 1.56758161e-03
-2.21255532e+02 4.17528336e-03 7.49130933e-03 1.56782086e-03
-2.19755494e+02 4.11870924e-03 7.49139759e-03 1.56805852e-03
-2.18255457e+02 4.06226777e-03 7.49148565e-03 1.56829562e-03
-2.16755419e+02 4.00624305e-03 7.49157308e-03 1.56853097e-03
-2.15255382e+02 3.95067054e-03 7.49165981e-03 1.56876443e-03
-2.13755344e+02 3.89589894e-03 7.49174531e-03 1.56899452e-03
-2.12255307e+02 3.84134601e-03 7.49183047e-03 1.56922370e-03
-2.10755269e+02 3.78696639e-03 7.49191538e-03 1.56945215e-03
-2.09255232e+02 3.73308704e-03 7.49199952e-03 1.56967849e-03
-2.07755194e+02 3.67935287e-03 7.49208345e-03 1.56990423e-03
-2.06255157e+02 3.62617578e-03 7.49216651e-03 1.57012763e-03
-2.04755119e+02 3.57324329e-03 7.49224921e-03 1.57035001e-03
-2.03255082e+02 3.52091176e-03 7.49233098e-03 1.57056986e-03
-2.01755044e+02 3.46884856e-03 7.49241234e-03 1.57078858e-03
-2.00255007e+02 3.41711599e-03 7.49249320e-03 1.57100591e-03
-1.98754969e+02 3.36599236e-03 7.49257311e-03 1.57122069e-03
-1.97254932e+02 3.31514891e-03 7.49265260e-03 1.57143429e-03
-1.95754894e+02 3.26496148e-03 7.49273107e-03 1.57164513e-03
-1.94254857e+02 3.21480657e-03 7.49280950e-03 1.57185584e-03
-1.92754819e+02 3.16533506e-03 7.49288687e-03 1.57206367e-03
-1.91254782e+02 3.11591681e-03 7.49296418e-03 1.57227128e-03
-1.89754744e+02 3.06694972e-03 7.49304078e-03 1.57247699e-03
-1.88254707e+02 3.01850216e-03 7.49311658e-03 1.57268052e-03
-1.86754669e+02 2.97055194e-03 7.49319161e-03 1.57288196e-03
-1.85254632e+02 2.92279719e-03 7.49326635e-03 1.57308258e-03
-1.83754594e+02 2.87551525e-03 7.49334036e-03 1.57328121e-03
-1.82254557e+02 2.82841914e-03 7.49341408e-03 1.57347906e-03
-1.80754519e+02 2.78188804e-03 7.49348693e-03 1.57367454e-03
-1.79254482e+02 2.73594246e-03 7.49355887e-03 1.57386755e-03
-1.77754444e+02 2.69003080e-03 7.49363077e-03 1.57406042e-03
-1.76254407e+02 2.64472266e-03 7.49370173e-03 1.57425076e-03
-1.74754369e+02 2.59988119e-03 7.49377196e-03 1.57443913e-03
-1.73254332e+02 2.55526824e-03 7.49384185e-03 1.57462654e-03
-1.71754294e+02 2.51114864e-03 7.49391098e-03 1.57481187e-03
-1.70254257e+02 2.46747939e-03 7.49397940e-03 1.57499532e-03
-1.68754219e+02 2.42380704e-03 7.49404784e-03 1.57517877e-03
-1.67254182e+02 2.38076506e-03 7.49411530e-03 1.57535958e-03
-1.65754144e+02 2.33817692e-03 7.49418205e-03 1.57553847e-03
-1.64254107e+02 2.29592247e-03 7.49424829e-03 1.57571596e-03
-1.62754069e+02 2.25392090e-03 7.49431414e-03 1.57589239e-03
-1.61254032e+02 2.21248193e-03 7.49437912e-03 1.57606646e-03
-1.59753994e+02 2.17145774e-03 7.49444345e-03 1.57623877e-03
-1.58253957e+02 2.13091451e-03 7.49450703e-03 1.57640907e-03
-1.56753919e+02 2.09034017e-03 7.49457067e-03 1.57657950e-03
-1.55253882e+02 2.05055607e-03 7.49463308e-03 1.57674660e-03
-1.53753844e+02 2.01102215e-03 7.49469510e-03 1.57691265e-03
-1.52253807e+02 1.97203975e-03 7.49475626e-03 1.57707639e-03
-1.50753769e+02 1.93314672e-03 7.49481729e-03 1.57723974e-03
-1.49253732e+02 1.89482538e-03 7.49487743e-03 1.57740069e-03
-1.47753694e+02 1.85668886e-03 7.49493728e-03 1.57756087e-03
-1.46253657e+02 1.81901320e-03 7.49499642e-03 1.57771910e-03
-1.44753619e+02 1.78166798e-03 7.49505504e-03 1.57787595e-03
-1.43253582e+02 1.74486857e-03 7.49511282e-03 1.57803050e-03
-1.41753544e+02 1.70831544e-03 7.49517021e-03 1.57818401e-03
-1.40253507e+02 1.67236150e-03 7.49522666e-03 1.57833501e-03
-1.38753469e+02 1.63695237e-03 7.49528227e-03 1.57848371e-03
-1.37253432e+02 1.60186965e-03 7.49533736e-03 1.57863105e-03
-1.35753394e+02 1.56702119e-03 7.49539210e-03 1.57877739e-03
-1.34253357e+02 1.53228207e-03 7.49544667e-03 1.57892328e-03
-1.32753319e+02 1.49812849e-03 7.49550032e-03 1.57906670e-03
-1.31253282e+02 1.46442044e-03 7.49555328e-03 1.57920826e-03
-1.29753244e+02 1.43102738e-03 7.49560575e-03 1.57934848e-03
-1.28253207e+02 1.39815789e-03 7.49565740e-03 1.57948651e-03
-1.26753169e+02 1.36545843e-03 7.49570879e-03 1.57962382e-03
-1.25253132e+02 1.33319389e-03 7.49575949e-03 1.57975930e-03
-1.23753094e+02 1.30160085e-03 7.49580915e-03 1.57989196e-03
-1.22253057e+02 1.27005214e-03 7.49585874e-03 1.58002443e-03
-1.20753019e+02 1.23884841e-03 7.49590780e-03 1.58015545e-03
-1.19252982e+02 1.20818656e-03 7.49595600e-03 1.58028419e-03
-1.17752944e+02 1.17791983e-03 7.49600359e-03 1.58041127e-03
-1.16252907e+02 1.14817337e-03 7.49605036e-03 1.58053617e-03
-1.14752869e+02 1.11885882e-03 7.49609646e-03 1.58065925e-03
-1.13252832e+02 1.09007924e-03 7.49614172e-03 1.58078008e-03
-1.11752794e+02 1.06130566e-03 7.49618697e-03 1.58090089e-03
-1.10252757e+02 1.03279150e-03 7.49623182e-03 1.58102060e-03
-1.08752719e+02 1.00490618e-03 7.49627569e-03 1.58113767e-03
-1.07252682e+02 9.77340914e-04 7.49631905e-03 1.58125340e-03
-1.05752644e+02 9.50113259e-04 7.49636188e-03 1.58136771e-03
-1.04252607e+02 9.23050664e-04 7.49640447e-03 1.58148132e-03
-1.02752569e+02 8.96729352e-04 7.49644588e-03 1.58159182e-03
-1.01252532e+02 8.70706600e-04 7.49648683e-03 1.58170106e-03
-9.97524941e+01 8.44938154e-04 7.49652738e-03 1.58180924e-03
-9.82524566e+01 8.19650866e-04 7.49656718e-03 1.58191539e-03
-9.67524191e+01 7.94808436e-04 7.49660628e-03 1.58201967e-03
-9.52523815e+01 7.70430982e-04 7.49664465e-03 1.58212200e-03
-9.37523440e+01 7.46307717e-04 7.49668262e-03 1.58222326e-03
-9.22523065e+01 7.22646378e-04 7.49671986e-03 1.58232259e-03
-9.07522690e+01 6.99344273e-04 7.49675655e-03 1.58242040e-03
-8.92522315e+01 6.76321875e-04 7.49679279e-03 1.58251703e-03
-8.77521940e+01 6.53841062e-04 7.49682819e-03 1.58261140e-03
-8.62521565e+01 6.31592881e-04 7.49686322e-03 1.58270478e-03
-8.47521190e+01 6.09884103e-04 7.49689740e-03 1.58279590e-03
-8.32520815e+01 5.88586462e-04 7.49693094e-03 1.58288529e-03
-8.17520440e+01 5.67389318e-04 7.49696432e-03 1.58297426e-03
-8.02520065e+01 5.46685827e-04 7.49699693e-03 1.58306115e-03
-7.87519690e+01 5.26289829e-04 7.49702906e-03 1.58314675e-03
-7.72519315e+01 5.06424936e-04 7.49706035e-03 1.58323013e-03
-7.57518940e+01 4.87020196e-04 7.49709091e-03 1.58331157e-03
-7.42518565e+01 4.68013862e-04 7.49712085e-03 1.58339134e-03
-7.27518190e+01 4.49337358e-04 7.49715027e-03 1.58346972e-03
-7.12517815e+01 4.30948523e-04 7.49717924e-03 1.58354689e-03
-6.97517440e+01 4.12888705e-04 7.49720769e-03 1.58362268e-03
-6.82517065e+01 3.95586967e-04 7.49723495e-03 1.58369529e-03
-6.67516690e+01 3.78339725e-04 7.49726213e-03 1.58376767e-03
-6.52516315e+01 3.61542885e-04 7.49728859e-03 1.58383816e-03
-6.37515939e+01 3.45108809e-04 7.49731449e-03 1.58390713e-03
-6.22515564e+01 3.28834870e-04 7.49734014e-03 1.58397542e-03
-6.07515189e+01 3.12986342e-04 7.49736511e-03 1.58404193e-03
-5.92514814e+01 2.97764257e-04 7.49738910e-03 1.58410580e-03
-5.77514439e+01 2.82960289e-04 7.49741243e-03 1.58416793e-03
-5.62514064e+01 2.68553242e-04 7.49743514e-03 1.58422838e-03
-5.47513689e+01 2.54481592e-04 7.49745732e-03 1.58428743e-03
-5.32513314e+01 2.40344278e-04 7.49747960e-03 1.58434675e-03
-5.17512939e+01 2.27203790e-04 7.49750031e-03 1.58440189e-03
-5.02512564e+01 2.14304369e-04 7.49752065e-03 1.58445602e-03
-4.87512189e+01 2.01862909e-04 7.49754026e-03 1.58450822e-03
-4.72511814e+01 1.89349601e-04 7.49755999e-03 1.58456073e-03
-4.57511439e+01 1.77527563e-04 7.49757862e-03 1.58461033e-03
-4.42511064e+01 1.65974700e-04 7.49759684e-03 1.58465881e-03
-4.27510689e+01 1.54917926e-04 7.49761427e-03 1.58470520e-03
-4.12510314e+01 1.44379579e-04 7.49763088e-03 1.58474942e-03
-3.97509939e+01 1.34188028e-04 7.49764695e-03 1.58479218e-03
-3.82509564e+01 1.24227883e-04 7.49766265e-03 1.58483397e-03
-3.67509189e+01 1.14733665e-04 7.49767762e-03 1.58487381e-03
-3.52508814e+01 1.05387286e-04 7.49769236e-03 1.58491302e-03
-3.37508439e+01 9.67120014e-05 7.49770604e-03 1.58494942e-03
-3.22508064e+01 8.82714551e-05 7.49771935e-03 1.58498484e-03
-3.07507688e+01 8.02606885e-05 7.49773198e-03 1.58501845e-03
-2.92507313e+01 7.26186272e-05 7.49774403e-03 1.58505051e-03
-2.77506938e+01 6.51794981e-05 7.49775577e-03 1.58508172e-03
-2.62506563e+01 5.84578311e-05 7.49776636e-03 1.58510992e-03
-2.47506188e+01 5.20601480e-05 7.49777645e-03 1.58513676e-03
-2.32505813e+01 4.61236689e-05 7.49778581e-03 1.58516167e-03
-2.17505438e+01 4.01153666e-05 7.49779529e-03 1.58518688e-03
-2.02505063e+01 3.47189663e-05 7.49780380e-03 1.58520952e-03
-1.87504688e+01 2.96526550e-05 7.49781179e-03 1.58523077e-03
-1.72504313e+01 2.50634743e-05 7.49781903e-03 1.58525003e-03
-1.57503938e+01 2.09333356e-05 7.49782554e-03 1.58526735e-03
-1.42503563e+01 1.71023518e-05 7.49783159e-03 1.58528343e-03
-1.27503188e+01 1.37549961e-05 7.49783686e-03 1.58529747e-03
-1.12502813e+01 1.06090475e-05 7.49784183e-03 1.58531067e-03
-9.75024378e+00 7.96357078e-06 7.49784600e-03 1.58532177e-03
-8.25020628e+00 5.79607226e-06 7.49784942e-03 1.58533086e-03
-6.75016877e+00 4.06057463e-06 7.49785215e-03 1.58533814e-03
-5.25013127e+00 2.31021019e-06 7.49785492e-03 1.58534549e-03
-3.75009376e+00 1.29525354e-06 7.49785652e-03 1.58534974e-03
-2.25005626e+00 3.08578822e-07 7.49785807e-03 1.58535388e-03
-7.50018752e-01 0.00000000e+00 7.49785856e-03 1.58535518e-03
7.50018752e-01 1.29129563e-07 7.49785835e-03 1.58535464e-03
2.25005626e+00 5.69398057e-07 7.49785766e-03 1.58535279e-03
3.75009376e+00 1.45414767e-06 7.49785626e-03 1.58534908e-03
5.25013127e+00 2.45237872e-06 7.49785469e-03 1.58534489e-03
6.75016877e+00 3.92942244e-06 7.49785236e-03 1.58533869e-03
8.25020628e+00 5.85507343e-06 7.49784932e-03 1.58533061e-03
9.75024378e+00 8.17070520e-06 7.49784567e-03 1.58532090e-03
1.12502813e+01 1.07553926e-05 7.49784160e-03 1.58531006e-03
1.27503188e+01 1.38172285e-05 7.49783677e-03 1.58529721e-03
1.42503563e+01 1.71972057e-05 7.49783144e-03 1.58528303e-03
1.57503938e+01 2.10347860e-05 7.49782538e-03 1.58526693e-03
1.72504313e+01 2.51616506e-05 7.49781888e-03 1.58524961e-03
1.87504688e+01 2.98369957e-05 7.49781150e-03 1.58523000e-03
2.02505063e+01 3.46734965e-05 7.49780387e-03 1.58520971e-03
2.17505438e+01 4.00761156e-05 7.49779535e-03 1.58518704e-03
2.32505813e+01 4.56699242e-05 7.49778653e-03 1.58516357e-03
2.47506188e+01 5.19198556e-05 7.49777668e-03 1.58513735e-03
2.62506563e+01 5.83389686e-05 7.49776655e-03 1.58511042e-03
2.77506938e+01 6.53274480e-05 7.49775553e-03 1.58508110e-03
2.92507313e+01 7.24745669e-05 7.49774426e-03 1.58505111e-03
3.07507688e+01 8.02269385e-05 7.49773204e-03 1.58501859e-03
3.22508064e+01 8.82693907e-05 7.49771935e-03 1.58498484e-03
3.37508439e+01 9.67050105e-05 7.49770605e-03 1.58494945e-03
3.52508814e+01 1.05574454e-04 7.49769207e-03 1.58491224e-03
3.67509189e+01 1.14641494e-04 7.49767777e-03 1.58487419e-03
3.82509564e+01 1.24222613e-04 7.49766266e-03 1.58483399e-03
3.97509939e+01 1.34080216e-04 7.49764712e-03 1.58479263e-03
4.12510314e+01 1.44526535e-04 7.49763065e-03 1.58474880e-03
4.27510689e+01 1.55002849e-04 7.49761413e-03 1.58470485e-03
4.42511064e+01 1.66177399e-04 7.49759652e-03 1.58465796e-03
4.57511439e+01 1.77743920e-04 7.49757828e-03 1.58460943e-03
4.72511814e+01 1.89450503e-04 7.49755983e-03 1.58456031e-03
4.87512189e+01 2.01461522e-04 7.49754089e-03 1.58450991e-03
5.02512564e+01 2.14111232e-04 7.49752095e-03 1.58445683e-03
5.17512939e+01 2.27204235e-04 7.49750031e-03 1.58440189e-03
5.32513314e+01 2.40506429e-04 7.49747935e-03 1.58434607e-03
5.47513689e+01 2.54568612e-04 7.49745718e-03 1.58428706e-03
5.62514064e+01 2.68541377e-04 7.49743516e-03 1.58422843e-03
5.77514439e+01 2.82938673e-04 7.49741247e-03 1.58416802e-03
5.92514814e+01 2.97810870e-04 7.49738903e-03 1.58410561e-03
6.07515189e+01 3.12948746e-04 7.49736517e-03 1.58404209e-03
6.22515564e+01 3.28863381e-04 7.49734009e-03 1.58397530e-03
6.37515939e+01 3.44826599e-04 7.49731494e-03 1.58390831e-03
6.52516315e+01 3.61186554e-04 7.49728916e-03 1.58383966e-03
6.67516690e+01 3.78074676e-04 7.49726255e-03 1.58376879e-03
6.82517065e+01 3.95370099e-04 7.49723530e-03 1.58369620e-03
6.97517440e+01 4.12993467e-04 7.49720753e-03 1.58362224e-03
7.12517815e+01 4.30993711e-04 7.49717917e-03 1.58354670e-03
7.27518190e+01 4.49468447e-04 7.49715006e-03 1.58346917e-03
7.42518565e+01 4.68052566e-04 7.49712079e-03 1.58339117e-03
7.57518940e+01 4.87222802e-04 7.49709059e-03 1.58331072e-03
7.72519315e+01 5.06764355e-04 7.49705981e-03 1.58322870e-03
7.87519690e+01 5.26438853e-04 7.49702882e-03 1.58314613e-03
8.02520065e+01 5.46874231e-04 7.49699663e-03 1.58306036e-03
8.17520440e+01 5.67285595e-04 7.49696449e-03 1.58297469e-03
8.32520815e+01 5.88414143e-04 7.49693121e-03 1.58288601e-03
8.47521190e+01 6.09760560e-04 7.49689760e-03 1.58279642e-03
8.62521565e+01 6.31564415e-04 7.49686327e-03 1.58270490e-03
8.77521940e+01 6.53795553e-04 7.49682826e-03 1.58261159e-03
8.92522315e+01 6.76494231e-04 7.49679252e-03 1.58251631e-03
9.07522690e+01 6.99349055e-04 7.49675654e-03 1.58242038e-03
9.22523065e+01 7.22728657e-04 7.49671973e-03 1.58232224e-03
9.37523440e+01 7.46457895e-04 7.49668238e-03 1.58222263e-03
9.52523815e+01 7.70614328e-04 7.49664436e-03 1.58212123e-03
9.67524191e+01 7.95093757e-04 7.49660583e-03 1.58201847e-03
9.82524566e+01 8.19750434e-04 7.49656702e-03 1.58191497e-03
9.97524941e+01 8.45027215e-04 7.49652724e-03 1.58180886e-03
1.01252532e+02 8.70565739e-04 7.49648705e-03 1.58170165e-03
1.02752569e+02 8.96644624e-04 7.49644601e-03 1.58159217e-03
1.04252607e+02 9.23030671e-04 7.49640450e-03 1.58148140e-03
1.05752644e+02 9.49940106e-04 7.49636216e-03 1.58136843e-03
1.07252682e+02 9.77118232e-04 7.49631940e-03 1.58125433e-03
1.08752719e+02 1.00461743e-03 7.49627614e-03 1.58113889e-03
1.10252757e+02 1.03258338e-03 7.49623215e-03 1.58102148e-03
1.11752794e+02 1.06084777e-03 7.49618769e-03 1.58090281e-03
1.13252832e+02 1.08960742e-03 7.49614246e-03 1.58078206e-03
1.14752869e+02 1.11887006e-03 7.49609644e-03 1.58065920e-03
1.16252907e+02 1.14860611e-03 7.49604968e-03 1.58053435e-03
1.17752944e+02 1.17845941e-03 7.49600274e-03 1.58040901e-03
1.19252982e+02 1.20842999e-03 7.49595562e-03 1.58028317e-03
1.20753019e+02 1.23914192e-03 7.49590733e-03 1.58015422e-03
1.22253057e+02 1.27012085e-03 7.49585863e-03 1.58002414e-03
1.23753094e+02 1.30144301e-03 7.49580940e-03 1.57989262e-03
1.25253132e+02 1.33328445e-03 7.49575935e-03 1.57975892e-03
1.26753169e+02 1.36548368e-03 7.49570875e-03 1.57962371e-03
1.28253207e+02 1.39793214e-03 7.49565775e-03 1.57948746e-03
1.29753244e+02 1.43083783e-03 7.49560605e-03 1.57934928e-03
1.31253282e+02 1.46429526e-03 7.49555348e-03 1.57920878e-03
1.32753319e+02 1.49808514e-03 7.49550039e-03 1.57906689e-03
1.34253357e+02 1.53230037e-03 7.49544664e-03 1.57892320e-03
1.35753394e+02 1.56690496e-03 7.49539228e-03 1.57877788e-03
1.37253432e+02 1.60172319e-03 7.49533759e-03 1.57863166e-03
1.38753469e+02 1.63687765e-03 7.49528238e-03 1.57848403e-03
1.40253507e+02 1.67240402e-03 7.49522660e-03 1.57833483e-03
1.41753544e+02 1.70867185e-03 7.49516965e-03 1.57818252e-03
1.43253582e+02 1.74490667e-03 7.49511276e-03 1.57803034e-03
1.44753619e+02 1.78185863e-03 7.49505474e-03 1.57787515e-03
1.46253657e+02 1.81907118e-03 7.49499633e-03 1.57771886e-03
1.47753694e+02 1.85680811e-03 7.49493710e-03 1.57756036e-03
1.49253732e+02 1.89485258e-03 7.49487739e-03 1.57740058e-03
1.50753769e+02 1.93320995e-03 7.49481719e-03 1.57723947e-03
1.52253807e+02 1.97185753e-03 7.49475655e-03 1.57707715e-03
1.53753844e+02 2.01112775e-03 7.49469493e-03 1.57691221e-03
1.55253882e+02 2.05046869e-03 7.49463322e-03 1.57674697e-03
1.56753919e+02 2.09044509e-03 7.49457051e-03 1.57657906e-03
1.58253957e+02 2.13084116e-03 7.49450715e-03 1.57640938e-03
1.59753994e+02 2.17149019e-03 7.49444340e-03 1.57623864e-03
1.61254032e+02 2.21252044e-03 7.49437906e-03 1.57606629e-03
1.62754069e+02 2.25389069e-03 7.49431419e-03 1.57589252e-03
1.64254107e+02 2.29567369e-03 7.49424868e-03 1.57571701e-03
1.65754144e+02 2.33819702e-03 7.49418202e-03 1.57553839e-03
1.67254182e+02 2.38076534e-03 7.49411530e-03 1.57535957e-03
1.68754219e+02 2.42376817e-03 7.49404790e-03 1.57517893e-03
1.70254257e+02 2.46722384e-03 7.49397980e-03 1.57499639e-03
1.71754294e+02 2.51105077e-03 7.49391113e-03 1.57481229e-03
1.73254332e+02 2.55522931e-03 7.49384191e-03 1.57462670e-03
1.74754369e+02 2.59988952e-03 7.49377195e-03 1.57443909e-03
1.76254407e+02 2.64481197e-03 7.49370159e-03 1.57425038e-03
1.77754444e+02 2.69001272e-03 7.49363080e-03 1.57406050e-03
1.79254482e+02 2.73567762e-03 7.49355929e-03 1.57386867e-03
1.80754519e+02 2.78210493e-03 7.49348659e-03 1.57367363e-03
1.82254557e+02 2.82868985e-03 7.49341366e-03 1.57347793e-03
1.83754594e+02 2.87550486e-03 7.49334037e-03 1.57328126e-03
1.85254632e+02 2.92267521e-03 7.49326654e-03 1.57308310e-03
1.86754669e+02 2.97063210e-03 7.49319149e-03 1.57288163e-03
1.88254707e+02 3.01867511e-03 7.49311631e-03 1.57267980e-03
1.89754744e+02 3.06707782e-03 7.49304058e-03 1.57247646e-03
1.91254782e+02 3.11584523e-03 7.49296429e-03 1.57227158e-03
1.92754819e+02 3.16519075e-03 7.49288710e-03 1.57206428e-03
1.94254857e+02 3.21476535e-03 7.49280957e-03 1.57185601e-03
1.95754894e+02 3.26494349e-03 7.49273110e-03 1.57164521e-03
1.97254932e+02 3.31522303e-03 7.49265248e-03 1.57143398e-03
1.98754969e+02 3.36622418e-03 7.49257275e-03 1.57121971e-03
2.00255007e+02 3.41746172e-03 7.49249265e-03 1.57100446e-03
2.01755044e+02 3.46890292e-03 7.49241226e-03 1.57078835e-03
2.03255082e+02 3.52087783e-03 7.49233103e-03 1.57057000e-03
2.04755119e+02 3.57328575e-03 7.49224915e-03 1.57034983e-03
2.06255157e+02 3.62601300e-03 7.49216677e-03 1.57012832e-03
2.07755194e+02 3.67913674e-03 7.49208379e-03 1.56990514e-03
2.09255232e+02 3.73274400e-03 7.49200006e-03 1.56967994e-03
2.10755269e+02 3.78679348e-03 7.49191565e-03 1.56945287e-03
2.12255307e+02 3.84107722e-03 7.49183090e-03 1.56922483e-03
2.13755344e+02 3.89571436e-03 7.49174560e-03 1.56899530e-03
2.15255382e+02 3.95094592e-03 7.49165938e-03 1.56876327e-03
2.16755419e+02 4.00647245e-03 7.49157272e-03 1.56853001e-03
2.18255457e+02 4.06240672e-03 7.49148544e-03 1.56829504e-03
2.19755494e+02 4.11861548e-03 7.49139774e-03 1.56805891e-03
2.21255532e+02 4.17515081e-03 7.49130954e-03 1.56782142e-03
2.22755569e+02 4.23224983e-03 7.49122048e-03 1.56758156e-03
2.24255607e+02 4.28984475e-03 7.49113066e-03 1.56733962e-03
2.25755644e+02 4.34768793e-03 7.49104046e-03 1.56709664e-03
2.27255682e+02 4.40601320e-03 7.49094953e-03 1.56685164e-03
2.28755719e+02 4.46463345e-03 7.49085815e-03 1.56660541e-03
2.30255757e+02 4.52359624e-03 7.49076625e-03 1.56635773e-03
2.31755794e+02 4.58298670e-03 7.49067370e-03 1.56610827e-03
2.33255832e+02 4.64297462e-03 7.49058023e-03 1.56585630e-03
2.34755869e+02 4.70319497e-03 7.49048642e-03 1.56560336e-03
2.36255907e+02 4.76361444e-03 7.49039231e-03 1.56534959e-03
2.37755944e+02 4.82451386e-03 7.49029747e-03 1.56509380e-03
2.39255982e+02 4.88600440e-03 7.49020173e-03 1.56483554e-03
2.40756020e+02 4.94793375e-03 7.49010531e-03 1.56457544e-03
2.42256057e+02 5.01014221e-03 7.49000848e-03 1.56431418e-03
2.43756095e+02 5.07267391e-03 7.48991116e-03 1.56405156e-03
2.45256132e+02 5.13567049e-03 7.48981314e-03 1.56378700e-03
2.46756170e+02 5.19911604e-03 7.48971443e-03 1.56352055e-03
2.48256207e+02 5.26265140e-03 7.48961560e-03 1.56325374e-03
2.49756245e+02 5.32674329e-03 7.48951592e-03 1.56298460e-03
2.51256282e+02 5.39137015e-03 7.48941542e-03 1.56271322e-03
2.52756320e+02 5.45619701e-03 7.48931464e-03 1.56244101e-03
2.54256357e+02 5.52158633e-03 7.48921299e-03 1.56216644e-03
2.55756395e+02 5.58737024e-03 7.48911075e-03 1.56189023e-03
2.57256432e+02 5.65354365e-03 7.48900793e-03 1.56161239e-03
2.58756470e+02 5.72001349e-03 7.48890466e-03 1.56133332e-03
2.60256507e+02 5.78708428e-03 7.48880047e-03 1.56105173e-03
2.61756545e+02 5.85435771e-03 7.48869599e-03 1.56076930e-03
2.63256582e+02 5.92214594e-03 7.48859073e-03 1.56048472e-03
2.64756620e+02 5.99035989e-03 7.48848482e-03 1.56019837e-03
2.66256657e+02 6.05876556e-03 7.48837864e-03 1.55991122e-03
2.67756695e+02 6.12755206e-03 7.48827189e-03 1.55962248e-03
2.69256732e+02 6.19654453e-03 7.48816484e-03 1.55933289e-03
2.70756770e+02 6.26624703e-03 7.48805671e-03 1.55904034e-03
2.72256807e+02 6.33647523e-03 7.48794778e-03 1.55874559e-03
2.73756845e+02 6.40699603e-03 7.48783841e-03 1.55844963e-03
2.75256882e+02 6.47781394e-03 7.48772861e-03 1.55815243e-03
2.76756920e+02 6.54905774e-03 7.48761817e-03 1.55785346e-03
2.78256957e+02 6.62082223e-03 7.48750694e-03 1.55755232e-03
2.79756995e+02 6.69295195e-03 7.48739517e-03 1.55724967e-03
2.81257032e+02 6.76549339e-03 7.48728278e-03 1.55694530e-03
2.82757070e+02 6.83817943e-03 7.48717019e-03 1.55664034e-03
2.84257107e+02 6.91128902e-03 7.48705697e-03 1.55633362e-03
2.85757145e+02 6.98521731e-03 7.48694250e-03 1.55602348e-03
2.87257182e+02 7.05918296e-03 7.48682799e-03 1.55571321e-03
2.88757220e+02 7.13358390e-03 7.48671284e-03 1.55540113e-03
2.90257257e+02 7.20850512e-03 7.48659690e-03 1.55508688e-03
2.91757295e+02 7.28371233e-03 7.48648054e-03 1.55477146e-03
2.93257332e+02 7.35929442e-03 7.48636363e-03 1.55445448e-03
2.94757370e+02 7.43523107e-03 7.48624619e-03 1.55413603e-03
2.96257407e+02 7.51172812e-03 7.48612791e-03 1.55381526e-03
2.97757445e+02 7.58849511e-03 7.48600923e-03 1.55349338e-03
2.99257482e+02 7.66564435e-03 7.48588999e-03 1.55316991e-03
3.00757520e+02 7.74352769e-03 7.48576964e-03 1.55284340e-03
3.02257557e+02 7.82154734e-03 7.48564911e-03 1.55251633e-03
3.03757595e+02 7.89999232e-03 7.48552794e-03 1.55218750e-03
3.05257632e+02 7.97897507e-03 7.48540597e-03 1.55185645e-03
3.06757670e+02 8.05815487e-03 7.48528372e-03 1.55152459e-03
3.08257707e+02 8.13807557e-03 7.48516035e-03 1.55118966e-03
3.09757745e+02 8.21804972e-03 7.48503693e-03 1.55085453e-03
3.11257782e+02 8.29849091e-03 7.48491281e-03 1.55051746e-03
3.12757820e+02 8.37937003e-03 7.48478804e-03 1.55017859e-03
3.14257857e+02 8.46040541e-03 7.48466306e-03 1.54983910e-03
3.15757895e+02 8.54203959e-03 7.48453719e-03 1.54949712e-03
3.17257932e+02 8.62421449e-03 7.48441050e-03 1.54915291e-03
3.18757970e+02 8.70670262e-03 7.48428337e-03 1.54880742e-03
3.20258007e+02 8.78950665e-03 7.48415577e-03 1.54846064e-03
3.21758045e+02 8.87285694e-03 7.48402736e-03 1.54811160e-03
3.23258082e+02 8.95648986e-03 7.48389855e-03 1.54776141e-03
3.24758120e+02 9.04069433e-03 7.48376888e-03 1.54740886e-03
3.26258157e+02 9.12508184e-03 7.48363896e-03 1.54705558e-03
3.27758195e+02 9.20991519e-03 7.48350839e-03 1.54670047e-03
3.29258232e+02 9.29516618e-03 7.48337720e-03 1.54634364e-03
3.30758270e+02 9.38090314e-03 7.48324530e-03 1.54598482e-03
3.32258307e+02 9.46693770e-03 7.48311296e-03 1.54562479e-03
3.33758345e+02 9.55337536e-03 7.48298004e-03 1.54526311e-03
3.35258382e+02 9.64049587e-03 7.48284610e-03 1.54489861e-03
3.36758420e+02 9.72802251e-03 7.48271156e-03 1.54453245e-03
3.38258457e+02 9.81569162e-03 7.48257684e-03 1.54416573e-03
3.39758495e+02 9.90380192e-03 7.48244148e-03 1.54379722e-03
3.41258532e+02 9.99217064e-03 7.48230575e-03 1.54342766e-03
3.42758570e+02 1.00812275e-02 7.48216899e-03 1.54305527e-03
3.44258607e+02 1.01708012e-02 7.48203147e-03 1.54268076e-03
3.45758645e+02 1.02606003e-02 7.48189364e-03 1.54230535e-03
3.47258682e+02 1.03508173e-02 7.48175520e-03 1.54192824e-03
3.48758720e+02 1.04412276e-02 7.48161651e-03 1.54155037e-03
3.50258757e+02 1.05321934e-02 7.48147699e-03 1.54117022e-03
3.51758795e+02 1.06236951e-02 7.48133668e-03 1.54078788e-03
3.53258832e+02 1.07155256e-02 7.48119591e-03 1.54040422e-03
3.54758870e+02 1.08076764e-02 7.48105468e-03 1.54001927e-03
3.56258907e+02 1.09002413e-02 7.48091285e-03 1.53963264e-03
3.57758945e+02 1.09933354e-02 7.48077024e-03 1.53924385e-03
3.59258982e+02 1.10866072e-02 7.48062740e-03 1.53885437e-03
3.60759020e+02 1.11805819e-02 7.48048352e-03 1.53846200e-03
3.62259057e+02 1.12749860e-02 7.48033901e-03 1.53806790e-03
3.63759095e+02 1.13696789e-02 7.48019410e-03 1.53767265e-03
3.65259132e+02 1.14650306e-02 7.48004822e-03 1.53727471e-03
3.66759170e+02 1.15606854e-02 7.47990192e-03 1.53687555e-03
3.68259207e+02 1.16566537e-02 7.47975517e-03 1.53647515e-03
3.69759245e+02 1.17529139e-02 7.47960802e-03 1.53607359e-03
3.71259282e+02 1.18497517e-02 7.47946002e-03 1.53566967e-03
3.72759320e+02 1.19469045e-02 7.47931157e-03 1.53526451e-03
3.74259357e+02 1.20445276e-02 7.47916245e-03 1.53485744e-03
3.75759395e+02 1.21423625e-02 7.47901305e-03 1.53444955e-03
3.77259432e+02 1.22406419e-02 7.47886301e-03 1.53403988e-03
3.78759470e+02 1.23394992e-02 7.47871212e-03 1.53362786e-03
3.80259507e+02 1.24387778e-02 7.47856063e-03 1.53321414e-03
3.81759545e+02 1.25384035e-02 7.47840865e-03 1.53279905e-03
3.83259582e+02 1.26385320e-02 7.47825595e-03 1.53238193e-03
3.84759620e+02 1.27388993e-02 7.47810292e-03 1.53196389e-03
3.86259657e+02 1.28398428e-02 7.47794906e-03 1.53154351e-03
3.87759695e+02 1.29411967e-02 7.47779461e-03 1.53112150e-03
3.89259732e+02 1.30428932e-02 7.47763969e-03 1.53069812e-03
3.90759770e+02 1.31451340e-02 7.47748397e-03 1.53027256e-03
3.92259807e+02 1.32479012e-02 7.47732750e-03 1.52984488e-03
3.93759845e+02 1.33509438e-02 7.47717065e-03 1.52941613e-03
3.95259882e+02 1.34543129e-02 7.47701336e-03 1.52898609e-03
3.96759920e+02 1.35581508e-02 7.47685539e-03 1.52855418e-03
3.98259957e+02 1.36623070e-02 7.47669698e-03 1.52812102e-03
3.99759995e+02 1.37671128e-02 7.47653763e-03 1.52768524e-03
4.01260033e+02 1.38719772e-02 7.47637823e-03 1.52724930e-03
4.02760070e+02 1.39774630e-02 7.47621794e-03 1.52681085e-03
4.04260108e+02 1.40832507e-02 7.47605723e-03 1.52637123e-03
4.05760145e+02 1.41896890e-02 7.47589558e-03 1.52592898e-03
4.07260183e+02 1.42965866e-02 7.47573328e-03 1.52548492e-03
4.08760220e+02 1.44035358e-02 7.47557095e-03 1.52504072e-03
4.10260258e+02 1.45111329e-02 7.47540768e-03 1.52459392e-03
4.11760295e+02 1.46192230e-02 7.47524372e-03 1.52414515e-03
4.13260333e+02 1.47276398e-02 7.47507930e-03 1.52369512e-03
4.14760370e+02 1.48363578e-02 7.47491448e-03 1.52324392e-03
4.16260408e+02 1.49456485e-02 7.47474884e-03 1.52279044e-03
4.17760445e+02 1.50553123e-02 7.47458268e-03 1.52233550e-03
4.19260483e+02 1.51653416e-02 7.47441602e-03 1.52187914e-03
4.20760520e+02 1.52758664e-02 7.47424865e-03 1.52142081e-03
4.22260558e+02 1.53868115e-02 7.47408070e-03 1.52096083e-03
4.23760595e+02 1.54980628e-02 7.47391234e-03 1.52049968e-03
4.25260633e+02 1.56095213e-02 7.47374372e-03 1.52003776e-03
4.26760670e+02 1.57217154e-02 7.47357403e-03 1.51957289e-03
4.28260708e+02 1.58344003e-02 7.47340365e-03 1.51910609e-03
4.29760745e+02 1.59473933e-02 7.47323286e-03 1.51863810e-03
4.31260783e+02 1.60606462e-02 7.47306173e-03 1.51816914e-03
4.32760820e+02 1.61744425e-02 7.47288984e-03 1.51769803e-03
4.34260858e+02 1.62887317e-02 7.47271725e-03 1.51722498e-03
4.35760895e+02 1.64032607e-02 7.47254435e-03 1.51675104e-03
4.37260933e+02 1.65184299e-02 7.47237054e-03 1.51627455e-03
4.38760970e+02 1.66339555e-02 7.47219624e-03 1.51579669e-03
4.40261008e+02 1.67497122e-02 7.47202166e-03 1.51531799e-03
4.41761045e+02 1.68659739e-02 7.47184636e-03 1.51483729e-03
4.43261083e+02 1.69826508e-02 7.47167050e-03 1.51435499e-03
4.44761120e+02 1.71000103e-02 7.47149366e-03 1.51386997e-03
4.46261158e+02 1.72176786e-02 7.47131641e-03 1.51338379e-03
4.47761195e+02 1.73358281e-02 7.47113850e-03 1.51289573e-03
4.49261233e+02 1.74540848e-02 7.47096048e-03 1.51240733e-03
4.50761270e+02 1.75727597e-02 7.47078189e-03 1.51191732e-03
4.52261308e+02 1.76919315e-02 7.47060261e-03 1.51142536e-03
4.53761345e+02 1.78114442e-02 7.47042288e-03 1.51093211e-03
4.55261383e+02 1.79314948e-02 7.47024239e-03 1.51043676e-03
4.56761420e+02 1.80517415e-02 7.47006168e-03 1.50994071e-03
4.58261458e+02 1.81725215e-02 7.46988021e-03 1.50944257e-03
4.59761495e+02 1.82937287e-02 7.46969817e-03 1.50894279e-03
4.61261533e+02 1.84154514e-02 7.46951541e-03 1.50844100e-03
4.62761570e+02 1.85377885e-02 7.46933179e-03 1.50793679e-03
4.64261608e+02 1.86601123e-02 7.46914825e-03 1.50743275e-03
4.65761645e+02 1.87830925e-02 7.46896379e-03 1.50692613e-03
4.67261683e+02 1.89064803e-02 7.46877878e-03 1.50641795e-03
4.68761720e+02 1.90302870e-02 7.46859320e-03 1.50590816e-03
4.70261758e+02 1.91544009e-02 7.46840723e-03 1.50539723e-03
4.71761795e+02 1.92791404e-02 7.46822038e-03 1.50488384e-03
4.73261833e+02 1.94042059e-02 7.46803311e-03 1.50436924e-03
4.74761870e+02 1.95295615e-02 7.46784546e-03 1.50385356e-03
4.76261908e+02 1.96553396e-02 7.46765725e-03 1.50333626e-03
4.77761945e+02 1.97815548e-02 7.46746845e-03 1.50281729e-03
4.79261983e+02 1.99081839e-02 7.46727910e-03 1.50229675e-03
4.80762020e+02 2.00352425e-02 7.46708916e-03 1.50177456e-03
4.82262058e+02 2.01627660e-02 7.46689860e-03 1.50125058e-03
4.83762095e+02 2.02905243e-02 7.46670776e-03 1.50072577e-03
4.85262133e+02 2.04187128e-02 7.46651634e-03 1.50019931e-03
4.86762170e+02 2.05475776e-02 7.46632398e-03 1.49967020e-03
4.88262208e+02 2.06767642e-02 7.46613120e-03 1.49913990e-03
4.89762245e+02 2.08063484e-02 7.46593790e-03 1.49860809e-03
4.91262283e+02 2.09364786e-02 7.46574385e-03 1.49807417e-03
4.92762320e+02 2.10670199e-02 7.46554926e-03 1.49753869e-03
4.94262358e+02 2.11977081e-02 7.46535452e-03 1.49700273e-03
4.95762395e+02 2.13288034e-02 7.46515924e-03 1.49646523e-03
4.97262433e+02 2.14604921e-02 7.46496315e-03 1.49592543e-03
4.98762470e+02 2.15924601e-02 7.46476672e-03 1.49538461e-03
5.00262508e+02 2.17250288e-02 7.46456946e-03 1.49484146e-03
5.01762545e+02 2.18578369e-02 7.46437192e-03 1.49429745e-03
5.03262583e+02 2.19911599e-02 7.46417368e-03 1.49375146e-03
5.04762620e+02 2.21249072e-02 7.46397488e-03 1.49320387e-03
5.06262658e+02 2.22587346e-02 7.46377604e-03 1.49265607e-03
5.07762695e+02 2.23935386e-02 7.46357582e-03 1.49210441e-03
5.09262733e+02 2.25285544e-02 7.46337536e-03 1.49155200e-03
5.10762770e+02 2.26641626e-02 7.46317409e-03 1.49099731e-03
5.12262808e+02 2.27999876e-02 7.46297258e-03 1.49044185e-03
5.13762845e+02 2.29363261e-02 7.46277038e-03 1.48988442e-03
5.15262883e+02 2.30729106e-02 7.46256789e-03 1.48932612e-03
5.16762920e+02 2.32101297e-02 7.46236454e-03 1.48876535e-03
5.18262958e+02 2.33474788e-02 7.46216107e-03 1.48820418e-03
5.19762995e+02 2.34854010e-02 7.46195682e-03 1.48764079e-03
5.21263033e+02 2.36235791e-02 7.46175228e-03 1.48707648e-03
5.22763070e+02 2.37623451e-02 7.46154695e-03 1.48650990e-03
5.24263108e+02 2.39014048e-02 7.46134125e-03 1.48594225e-03
5.25763145e+02 2.40410725e-02 7.46113474e-03 1.48537224e-03
5.27263183e+02 2.41810642e-02 7.46092783e-03 1.48480103e-03
5.28763220e+02 2.43216877e-02 7.46072006e-03 1.48422737e-03
5.30263258e+02 2.44623663e-02 7.46051229e-03 1.48365361e-03
5.31763295e+02 2.46037890e-02 7.46030350e-03 1.48307695e-03
5.33263333e+02 2.47454274e-02 7.46009448e-03 1.48249952e-03
5.34763370e+02 2.48873504e-02 7.45988512e-03 1.48192106e-03
5.36263408e+02 2.50299687e-02 7.45967481e-03 1.48133988e-03
5.37763445e+02 2.51729606e-02 7.45946403e-03 1.48075730e-03
5.39263483e+02 2.53162519e-02 7.45925290e-03 1.48017363e-03
5.40763520e+02 2.54602071e-02 7.45904087e-03 1.47958737e-03
5.42263558e+02 2.56042763e-02 7.45882876e-03 1.47900076e-03
5.43763595e+02 2.57488580e-02 7.45861597e-03 1.47841218e-03
5.45263633e+02 2.58940063e-02 7.45840244e-03 1.47782142e-03
5.46763670e+02 2.60394171e-02 7.45818861e-03 1.47722970e-03
5.48263708e+02 2.61853080e-02 7.45797416e-03 1.47663614e-03
5.49763745e+02 2.63315558e-02 7.45775926e-03 1.47604125e-03
5.51263783e+02 2.64780101e-02 7.45754416e-03 1.47544562e-03
5.52763820e+02 2.66249143e-02 7.45732848e-03 1.47484828e-03
5.54263858e+02 2.67725948e-02 7.45711174e-03 1.47424789e-03
5.55763895e+02 2.69206408e-02 7.45689456e-03 1.47364613e-03
5.57263933e+02 2.70687647e-02 7.45667735e-03 1.47304415e-03
5.58763970e+02 2.72174047e-02 7.45645947e-03 1.47244018e-03
5.60264008e+02 2.73667813e-02 7.45624060e-03 1.47183333e-03
5.61764046e+02 2.75165455e-02 7.45602126e-03 1.47122500e-03
5.63264083e+02 2.76664031e-02 7.45580187e-03 1.47061639e-03
5.64764121e+02 2.78167742e-02 7.45558182e-03 1.47000580e-03
5.66264158e+02 2.79675118e-02 7.45536132e-03 1.46939381e-03
5.67764196e+02 2.81187168e-02 7.45514023e-03 1.46878003e-03
5.69264233e+02 2.82703986e-02 7.45491854e-03 1.46816440e-03
5.70764271e+02 2.84222945e-02 7.45469663e-03 1.46754800e-03
5.72264308e+02 2.85748765e-02 7.45447381e-03 1.46692891e-03
5.73764346e+02 2.87276237e-02 7.45425084e-03 1.46630923e-03
5.75264383e+02 2.88808078e-02 7.45402733e-03 1.46568786e-03
5.76764421e+02 2.90344124e-02 7.45380330e-03 1.46506488e-03
5.78264458e+02 2.91884669e-02 7.45357870e-03 1.46444015e-03
5.79764496e+02 2.93428710e-02 7.45335370e-03 1.46381409e-03
5.81264533e+02 2.94975943e-02 7.45312832e-03 1.46318681e-03
5.82764571e+02 2.96527840e-02 7.45290237e-03 1.46255771e-03
5.84264608e+02 2.98084319e-02 7.45267584e-03 1.46192683e-03
5.85764646e+02 2.99646209e-02 7.45244862e-03 1.46129383e-03
5.87264683e+02 3.01208411e-02 7.45222146e-03 1.46066077e-03
5.88764721e+02 3.02777516e-02 7.45199339e-03 1.46002498e-03
5.90264758e+02 3.04350650e-02 7.45176484e-03 1.45938762e-03
5.91764796e+02 3.05927576e-02 7.45153583e-03 1.45874879e-03
5.93264833e+02 3.07505985e-02 7.45130671e-03 1.45810941e-03
5.94764871e+02 3.09092059e-02 7.45107658e-03 1.45746698e-03
5.96264908e+02 3.10680009e-02 7.45084628e-03 1.45682385e-03
5.97764946e+02 3.12271357e-02 7.45061558e-03 1.45617939e-03
5.99264983e+02 3.13868190e-02 7.45038419e-03 1.45553275e-03
6.00765021e+02 3.15466793e-02 7.45015265e-03 1.45488545e-03
6.02265058e+02 3.17071955e-02 7.44992027e-03 1.45423553e-03
6.03765096e+02 3.18678850e-02 7.44968773e-03 1.45358494e-03
6.05265133e+02 3.20291983e-02 7.44945440e-03 1.45293187e-03
6.06765171e+02 3.21906262e-02 7.44922100e-03 1.45227836e-03
6.08265208e+02 3.23527109e-02 7.44898677e-03 1.45162222e-03
6.09765246e+02 3.25151417e-02 7.44875213e-03 1.45096471e-03
6.11265283e+02 3.26778988e-02 7.44851714e-03 1.45030590e-03
6.12765321e+02 3.28410422e-02 7.44828169e-03 1.44964555e-03
6.14265358e+02 3.30044339e-02 7.44804599e-03 1.44898420e-03
6.15765396e+02 3.31683833e-02 7.44780959e-03 1.44832061e-03
6.17265433e+02 3.33325388e-02 7.44757301e-03 1.44765620e-03
6.18765471e+02 3.34973272e-02 7.44733562e-03 1.44698923e-03
6.20265508e+02 3.36625280e-02 7.44709775e-03 1.44632059e-03
6.21765546e+02 3.38278967e-02 7.44685975e-03 1.44565126e-03
6.23265583e+02 3.39939583e-02 7.44662085e-03 1.44497913e-03
6.24765621e+02 3.41602156e-02 7.44638179e-03 1.44430620e-03
6.26265658e+02 3.43268758e-02 7.44614226e-03 1.44363162e-03
6.27765696e+02 3.44940267e-02 7.44590214e-03 1.44295504e-03
6.29265733e+02 3.46611186e-02 7.44566222e-03 1.44227868e-03
6.30765771e+02 3.48288752e-02 7.44542145e-03 1.44159960e-03
6.32265808e+02 3.49970196e-02 7.44518024e-03 1.44091892e-03
6.33765846e+02 3.51655582e-02 7.44493858e-03 1.44023661e-03
6.35265883e+02 3.53345795e-02 7.44469634e-03 1.43955231e-03
6.36765921e+02 3.55039995e-02 7.44445365e-03 1.43886636e-03
6.38265958e+02 3.56737105e-02 7.44421065e-03 1.43817918e-03
6.39765996e+02 3.58437644e-02 7.44396728e-03 1.43749056e-03
6.41266033e+02 3.60142291e-02 7.44372344e-03 1.43680023e-03
6.42766071e+02 3.61850473e-02 7.44347921e-03 1.43610841e-03
6.44266108e+02 3.63564794e-02 7.44323422e-03 1.43541403e-03
6.45766146e+02 3.65283018e-02 7.44298879e-03 1.43471801e-03
6.47266183e+02 3.67003180e-02 7.44274321e-03 1.43402114e-03
6.48766221e+02 3.68726745e-02 7.44249725e-03 1.43332281e-03
6.50266258e+02 3.70454262e-02 7.44225086e-03 1.43262279e-03
6.51766296e+02 3.72184498e-02 7.44200419e-03 1.43192159e-03
6.53266333e+02 3.73919377e-02 7.44175699e-03 1.43121842e-03
6.54766371e+02 3.75657699e-02 7.44150942e-03 1.43051376e-03
6.56266408e+02 3.77402109e-02 7.44126110e-03 1.42980654e-03
6.57766446e+02 3.79149943e-02 7.44101241e-03 1.42909782e-03
6.59266483e+02 3.80900114e-02 7.44076352e-03 1.42838804e-03
6.60766521e+02 3.82653632e-02 7.44051428e-03 1.42767680e-03
6.62266558e+02 3.84411364e-02 7.44026456e-03 1.42696373e-03
6.63766596e+02 3.86174794e-02 7.44001416e-03 1.42624823e-03
6.65266633e+02 3.87940142e-02 7.43976361e-03 1.42553182e-03
6.66766671e+02 3.89707820e-02 7.43951285e-03 1.42481433e-03
6.68266708e+02 3.91481856e-02 7.43926132e-03 1.42409413e-03
6.69766746e+02 3.93259177e-02 7.43900945e-03 1.42337245e-03
6.71266783e+02 3.95040000e-02 7.43875722e-03 1.42264920e-03
6.72766821e+02 3.96823348e-02 7.43850475e-03 1.42192478e-03
6.74266858e+02 3.98609520e-02 7.43825202e-03 1.42119905e-03
6.75766896e+02 4.00400134e-02 7.43799878e-03 1.42047136e-03
6.77266933e+02 4.02193796e-02 7.43774524e-03 1.41974226e-03
6.78766971e+02 4.03991695e-02 7.43749124e-03 1.41901127e-03
6.80267008e+02 4.05791952e-02 7.43723703e-03 1.41827914e-03
6.81767046e+02 4.07596547e-02 7.43698234e-03 1.41754508e-03
6.83267083e+02 4.09404025e-02 7.43672738e-03 1.41680965e-03
6.84767121e+02 4.11215144e-02 7.43647204e-03 1.41607255e-03
6.86267158e+02 4.13031765e-02 7.43621605e-03 1.41533302e-03
6.87767196e+02 4.14848779e-02 7.43596015e-03 1.41459312e-03
6.89267233e+02 4.16672763e-02 7.43570339e-03 1.41385018e-03
6.90767271e+02 4.18495427e-02 7.43544696e-03 1.41310757e-03
6.92267308e+02 4.20324888e-02 7.43518970e-03 1.41236198e-03
6.93767346e+02 4.22154466e-02 7.43493257e-03 1.41161612e-03
6.95267383e+02 4.23987468e-02 7.43467509e-03 1.41086864e-03
6.96767421e+02 4.25825587e-02 7.43441703e-03 1.41011884e-03
6.98267458e+02 4.27663468e-02 7.43415914e-03 1.40936891e-03
6.99767496e+02 4.29505560e-02 7.43390080e-03 1.40861701e-03
7.01267533e+02 4.31351478e-02 7.43364206e-03 1.40786332e-03
7.02767571e+02 4.33200196e-02 7.43338306e-03 1.40710823e-03
7.04267608e+02 4.35052239e-02 7.43312374e-03 1.40635153e-03
7.05767646e+02 4.36904813e-02 7.43286449e-03 1.40559436e-03
7.07267683e+02 4.38763443e-02 7.43260453e-03 1.40483445e-03
7.08767721e+02 4.40618362e-02 7.43234523e-03 1.40407579e-03
7.10267758e+02 4.42482046e-02 7.43208484e-03 1.40331328e-03
7.11767796e+02 4.44343522e-02 7.43182491e-03 1.40255139e-03
7.13267833e+02 4.46210069e-02 7.43156441e-03 1.40178716e-03
7.14767871e+02 4.48078475e-02 7.43130379e-03 1.40102187e-03
7.16267908e+02 4.49947885e-02 7.43104318e-03 1.40025589e-03
7.17767946e+02 4.51819171e-02 7.43078245e-03 1.39948884e-03
7.19267983e+02 4.53692349e-02 7.43052160e-03 1.39872073e-03
7.20768021e+02 4.55569022e-02 7.43026041e-03 1.39795088e-03
7.22268059e+02 4.57448919e-02 7.42999891e-03 1.39717941e-03
7.23768096e+02 4.59325514e-02 7.42973802e-03 1.39640898e-03
7.25268134e+02 4.61206425e-02 7.42947668e-03 1.39563648e-03
7.26768171e+02 4.63086018e-02 7.42921566e-03 1.39486419e-03
7.28268209e+02 4.64969314e-02 7.42895428e-03 1.39409007e-03
7.29768246e+02 4.66857620e-02 7.42869234e-03 1.39331357e-03
7.31268284e+02 4.68742737e-02 7.42843100e-03 1.39253806e-03
7.32768321e+02 4.70631322e-02 7.42816932e-03 1.39176079e-03
7.34268359e+02 4.72518420e-02 7.42790800e-03 1.39098380e-03
7.35768396e+02 4.74408877e-02 7.42764636e-03 1.39020510e-03
7.37268434e+02 4.76298382e-02 7.42738500e-03 1.38942645e-03
7.38768471e+02 4.78189551e-02 7.42712356e-03 1.38864677e-03
7.40268509e+02 4.80080262e-02 7.42686233e-03 1.38786694e-03
7.41768546e+02 4.81969376e-02 7.42660147e-03 1.38708743e-03
7.43268584e+02 4.83860066e-02 7.42634054e-03 1.38630692e-03
7.44768621e+02 4.85754348e-02 7.42607927e-03 1.38552457e-03
7.46268659e+02 4.87647551e-02 7.42581829e-03 1.38474233e-03
7.47768696e+02 4.89539018e-02 7.42555770e-03 1.38396044e-03
7.49268734e+02 4.91430997e-02 7.42529719e-03 1.38317799e-03
7.50768771e+02 4.93324854e-02 7.42503657e-03 1.38239440e-03
7.52268809e+02 4.95218210e-02 7.42477617e-03 1.38161066e-03
7.53768846e+02 4.97110931e-02 7.42451601e-03 1.38082682e-03
7.55268884e+02 4.99003010e-02 7.42425609e-03 1.38004289e-03
7.56768921e+02 5.00895950e-02 7.42399620e-03 1.37925824e-03
7.58268959e+02 5.02789395e-02 7.42373638e-03 1.37847301e-03
7.59768996e+02 5.04681596e-02 7.42347689e-03 1.37768793e-03
7.61269034e+02 5.06573092e-02 7.42321765e-03 1.37690277e-03
7.62769071e+02 5.08464524e-02 7.42295857e-03 1.37611728e-03
7.64269109e+02 5.10354973e-02 7.42269977e-03 1.37533182e-03
7.65769146e+02 5.12244586e-02 7.42244123e-03 1.37454634e-03
7.67269184e+02 5.14135621e-02 7.42218265e-03 1.37375990e-03
7.68769221e+02 5.16026156e-02 7.42192429e-03 1.37297329e-03
7.70269259e+02 5.17915624e-02 7.42166623e-03 1.37218676e-03
7.71769296e+02 5.19807437e-02 7.42140799e-03 1.37139887e-03
7.73269334e+02 5.21696220e-02 7.42115032e-03 1.37061188e-03
7.74769371e+02 5.23586078e-02 7.42089266e-03 1.36982406e-03
7.76269409e+02 5.25477430e-02 7.42063494e-03 1.36903525e-03
7.77769446e+02 5.27366289e-02 7.42037771e-03 1.36824710e-03
7.79269484e+02 5.29256854e-02 7.42012039e-03 1.36745787e-03
7.80769521e+02 5.31148262e-02 7.41986312e-03 1.36666791e-03
7.82269559e+02 5.33040203e-02 7.41960592e-03 1.36587735e-03
7.83769596e+02 5.34932323e-02 7.41934884e-03 1.36508634e-03
7.85269634e+02 5.36826740e-02 7.41909161e-03 1.36429399e-03
7.86769671e+02 5.38722256e-02 7.41883437e-03 1.36350081e-03
7.88269709e+02 5.40619297e-02 7.41857708e-03 1.36270662e-03
7.89769746e+02 5.42517230e-02 7.41831982e-03 1.36191168e-03
7.91269784e+02 5.44416437e-02 7.41806254e-03 1.36111583e-03
7.92769821e+02 5.46317318e-02 7.41780518e-03 1.36031890e-03
7.94269859e+02 5.48222011e-02 7.41754746e-03 1.35951999e-03
7.95769896e+02 5.50129500e-02 7.41728951e-03 1.35871954e-03
7.97269934e+02 5.52038388e-02 7.41703152e-03 1.35791813e-03
7.98769971e+02 5.53953076e-02 7.41677290e-03 1.35711390e-03
8.00270009e+02 5.55871176e-02 7.41651398e-03 1.35630786e-03
8.01770046e+02 5.57793437e-02 7.41625464e-03 1.35549970e-03
8.03270084e+02 5.59717965e-02 7.41599515e-03 1.35469020e-03
8.04770121e+02 5.61645923e-02 7.41573535e-03 1.35387889e-03
8.06270159e+02 5.63580770e-02 7.41547478e-03 1.35306430e-03
8.07770196e+02 5.65518577e-02 7.41521397e-03 1.35224809e-03
8.09270234e+02 5.67462111e-02 7.41495254e-03 1.35142908e-03
8.10770271e+02 5.69408896e-02 7.41469083e-03 1.35060833e-03
8.12270309e+02 5.71364188e-02 7.41442813e-03 1.34978362e-03
8.13770346e+02 5.73323874e-02 7.41416500e-03 1.34895667e-03
8.15270384e+02 5.75291345e-02 7.41390099e-03 1.34812606e-03
8.16770421e+02 5.77263456e-02 7.41363651e-03 1.34729312e-03
8.18270459e+02 5.79246681e-02 7.41337070e-03 1.34645510e-03
8.19770496e+02 5.81232995e-02 7.41310464e-03 1.34561540e-03
8.21270534e+02 5.83231776e-02 7.41283707e-03 1.34477005e-03
8.22770571e+02 5.85234268e-02 7.41256917e-03 1.34392275e-03
8.24270609e+02 5.87244304e-02 7.41230043e-03 1.34307188e-03
8.25770646e+02 5.89263364e-02 7.41203065e-03 1.34221681e-03
8.27270684e+02 5.91287534e-02 7.41176035e-03 1.34135920e-03
8.28770721e+02 5.93323312e-02 7.41148867e-03 1.34049630e-03
8.30270759e+02 5.95364835e-02 7.41121640e-03 1.33963058e-03
8.31770796e+02 5.97413400e-02 7.41094336e-03 1.33876151e-03
8.33270834e+02 5.99472052e-02 7.41066914e-03 1.33788778e-03
8.34770871e+02 6.01540706e-02 7.41039377e-03 1.33700943e-03
8.36270909e+02 6.03616849e-02 7.41011758e-03 1.33612753e-03
8.37770946e+02 6.05703099e-02 7.40984023e-03 1.33524097e-03
8.39270984e+02 6.07794927e-02 7.40956231e-03 1.33435166e-03
8.40771021e+02 6.09898786e-02 7.40928297e-03 1.33345688e-03
8.42271059e+02 6.12010048e-02 7.40900284e-03 1.33255858e-03
8.43771096e+02 6.14131051e-02 7.40872160e-03 1.33165577e-03
8.45271134e+02 6.16258595e-02 7.40843967e-03 1.33074982e-03
8.46771171e+02 6.18397356e-02 7.40815645e-03 1.32983873e-03
8.48271209e+02 6.20542407e-02 7.40787259e-03 1.32892460e-03
8.49771246e+02 6.22696135e-02 7.40758777e-03 1.32800643e-03
8.51271284e+02 6.24857209e-02 7.40730217e-03 1.32708477e-03
8.52771321e+02 6.27027272e-02 7.40701557e-03 1.32615894e-03
8.54271359e+02 6.29203790e-02 7.40672833e-03 1.32523001e-03
8.55771396e+02 6.31392163e-02 7.40643971e-03 1.32429568e-03
8.57271434e+02 6.33586254e-02 7.40615054e-03 1.32335858e-03
8.58771471e+02 6.35787461e-02 7.40586063e-03 1.32241811e-03
8.60271509e+02 6.37996020e-02 7.40556996e-03 1.32147418e-03
8.61771546e+02 6.40209511e-02 7.40527885e-03 1.32052781e-03
8.63271584e+02 6.42431439e-02 7.40498683e-03 1.31957753e-03
8.64771621e+02 6.44659645e-02 7.40469419e-03 1.31862426e-03
8.66271659e+02 6.46892775e-02 7.40440112e-03 1.31766858e-03
8.67771696e+02 6.49133664e-02 7.40410724e-03 1.31670929e-03
8.69271734e+02 6.51376908e-02 7.40381326e-03 1.31574870e-03
8.70771771e+02 6.53629068e-02 7.40351833e-03 1.31478401e-03
8.72271809e+02 6.55881293e-02 7.40322360e-03 1.31381903e-03
8.73771846e+02 6.58138873e-02 7.40292839e-03 1.31285148e-03
8.75271884e+02 6.60399066e-02 7.40263305e-03 1.31188255e-03
8.76771921e+02 6.62662477e-02 7.40233752e-03 1.31091200e-03
8.78271959e+02 6.64929543e-02 7.40204172e-03 1.30993964e-03
8.79771996e+02 6.67196699e-02 7.40174613e-03 1.30896701e-03
8.81272034e+02 6.69465851e-02 7.40145050e-03 1.30799330e-03
8.82772072e+02 6.71735035e-02 7.40115508e-03 1.30701936e-03
8.84272109e+02 6.74006797e-02 7.40085955e-03 1.30604412e-03
8.85772147e+02 6.76280457e-02 7.40056400e-03 1.30506786e-03
8.87272184e+02 6.78552377e-02 7.40026889e-03 1.30409216e-03
8.88772222e+02 6.80821164e-02 7.39997442e-03 1.30311764e-03
8.90272259e+02 6.83088517e-02 7.39968035e-03 1.30214356e-03
8.91772297e+02 6.85352955e-02 7.39938688e-03 1.30117058e-03
8.93272334e+02 6.87615955e-02 7.39909382e-03 1.30019807e-03
8.94772372e+02 6.89873991e-02 7.39880163e-03 1.29922757e-03
8.96272409e+02 6.92131185e-02 7.39850977e-03 1.29825729e-03
8.97772447e+02 6.94382911e-02 7.39821883e-03 1.29728926e-03
8.99272484e+02 6.96630893e-02 7.39792860e-03 1.29632273e-03
9.00772522e+02 6.98873315e-02 7.39763931e-03 1.29535849e-03
9.02272559e+02 7.01112240e-02 7.39735069e-03 1.29439567e-03
9.03772597e+02 7.03340759e-02 7.39706363e-03 1.29343726e-03
9.05272634e+02 7.05564817e-02 7.39677736e-03 1.29248070e-03
9.06772672e+02 7.07780847e-02 7.39649235e-03 1.29152753e-03
9.08272709e+02 7.09987628e-02 7.39620874e-03 1.29057830e-03
9.09772747e+02 7.12187580e-02 7.39592622e-03 1.28963198e-03
9.11272784e+02 7.14381232e-02 7.39564472e-03 1.28868833e-03
9.12772822e+02 7.16563183e-02 7.39536494e-03 1.28774971e-03
9.14272859e+02 7.18736945e-02 7.39508642e-03 1.28681460e-03
9.15772897e+02 7.20902881e-02 7.39480911e-03 1.28588286e-03
9.17272934e+02 7.23059375e-02 7.39453322e-03 1.28495519e-03
9.18772972e+02 7.25202899e-02 7.39425920e-03 1.28403313e-03
9.20273009e+02 7.27335677e-02 7.39398675e-03 1.28311571e-03
9.21773047e+02 7.29459014e-02 7.39371571e-03 1.28220239e-03
9.23273084e+02 7.31571704e-02 7.39344623e-03 1.28129369e-03
9.24773122e+02 7.33671753e-02 7.39317857e-03 1.28039049e-03
9.26273159e+02 7.35762041e-02 7.39291234e-03 1.27949154e-03
9.27773197e+02 7.37840810e-02 7.39264778e-03 1.27859761e-03
9.29273234e+02 7.39905810e-02 7.39238517e-03 1.27770968e-03
9.30773272e+02 7.41962231e-02 7.39212383e-03 1.27682551e-03
9.32273309e+02 7.44006866e-02 7.39186419e-03 1.27594651e-03
9.33773347e+02 7.46036682e-02 7.39160662e-03 1.27507396e-03
9.35273384e+02 7.48056409e-02 7.39135051e-03 1.27420585e-03
9.36773422e+02 7.50062005e-02 7.39109637e-03 1.27334392e-03
9.38273459e+02 7.52056799e-02 7.39084379e-03 1.27248675e-03
9.39773497e+02 7.54040950e-02 7.39059274e-03 1.27163426e-03
9.41273534e+02 7.56012606e-02 7.39034344e-03 1.27078727e-03
9.42773572e+02 7.57975035e-02 7.39009548e-03 1.26994437e-03
9.44273609e+02 7.59922826e-02 7.38984955e-03 1.26910788e-03
9.45773647e+02 7.61862305e-02 7.38960484e-03 1.26827510e-03
9.47273684e+02 7.63787733e-02 7.38936207e-03 1.26744850e-03
9.48773722e+02 7.65705489e-02 7.38912044e-03 1.26662533e-03
9.50273759e+02 7.67610808e-02 7.38888054e-03 1.26580765e-03
9.51773797e+02 7.69506313e-02 7.38864204e-03 1.26499434e-03
9.53273834e+02 7.71394394e-02 7.38840463e-03 1.26418437e-03
9.54773872e+02 7.73271758e-02 7.38816873e-03 1.26337916e-03
9.56273909e+02 7.75138959e-02 7.38793427e-03 1.26257847e-03
9.57773947e+02 7.76999235e-02 7.38770083e-03 1.26178092e-03
9.59273984e+02 7.78851297e-02 7.38746858e-03 1.26098707e-03
9.60774022e+02 7.80695230e-02 7.38723750e-03 1.26019687e-03
9.62274059e+02 7.82533718e-02 7.38700725e-03 1.25940919e-03
9.63774097e+02 7.84363381e-02 7.38677826e-03 1.25862547e-03
9.65274134e+02 7.86188398e-02 7.38654999e-03 1.25784393e-03
9.66774172e+02 7.88005750e-02 7.38632284e-03 1.25706587e-03
9.68274209e+02 7.89819660e-02 7.38609626e-03 1.25628947e-03
9.69774247e+02 7.91627869e-02 7.38587053e-03 1.25551570e-03
9.71274284e+02 7.93434318e-02 7.38564517e-03 1.25474289e-03
9.72774322e+02 7.95236663e-02 7.38542046e-03 1.25397204e-03
9.74274359e+02 7.97035547e-02 7.38519632e-03 1.25320288e-03
9.75774397e+02 7.98830357e-02 7.38497284e-03 1.25243567e-03
9.77274434e+02 8.00624577e-02 7.38474956e-03 1.25166893e-03
9.78774472e+02 8.02416719e-02 7.38452668e-03 1.25090330e-03
9.80274509e+02 8.04210246e-02 7.38430376e-03 1.25013729e-03
9.81774547e+02 8.06003145e-02 7.38408106e-03 1.24937179e-03
9.83274584e+02 8.07797568e-02 7.38385831e-03 1.24860586e-03
9.84774622e+02 8.09591154e-02 7.38363579e-03 1.24784052e-03
9.86274659e+02 8.11385874e-02 7.38341328e-03 1.24707494e-03
9.87774697e+02 8.13184614e-02 7.38319039e-03 1.24630789e-03
9.89274734e+02 8.14986653e-02 7.38296723e-03 1.24553968e-03
9.90774772e+02 8.16786556e-02 7.38274448e-03 1.24477264e-03
9.92274809e+02 8.18593844e-02 7.38252094e-03 1.24400270e-03
9.93774847e+02 8.20405263e-02 7.38229702e-03 1.24323127e-03
9.95274884e+02 8.22218363e-02 7.38207304e-03 1.24245939e-03
9.96774922e+02 8.24039073e-02 7.38184824e-03 1.24168454e-03
9.98274959e+02 8.25861851e-02 7.38162333e-03 1.24090909e-03
9.99774997e+02 8.27693264e-02 7.38139749e-03 1.24013025e-03
1.00127503e+03 8.29526507e-02 7.38117156e-03 1.23935092e-03
1.00277507e+03 8.31367753e-02 7.38094478e-03 1.23856848e-03
1.00427511e+03 8.33214650e-02 7.38071744e-03 1.23778394e-03
1.00577515e+03 8.35070126e-02 7.38048918e-03 1.23699606e-03
1.00727518e+03 8.36929457e-02 7.38026059e-03 1.23620685e-03
1.00877522e+03 8.38796398e-02 7.38003120e-03 1.23541473e-03
1.01027526e+03 8.40668810e-02 7.37980128e-03 1.23462061e-03
1.01177530e+03 8.42549342e-02 7.37957051e-03 1.23382337e-03
1.01327533e+03 8.44435780e-02 7.37933915e-03 1.23302397e-03
1.01477537e+03 8.46333159e-02 7.37910659e-03 1.23222026e-03
1.01627541e+03 8.48232189e-02 7.37887398e-03 1.23141621e-03
1.01777545e+03 8.50142698e-02 7.37864010e-03 1.23060764e-03
1.01927548e+03 8.52056121e-02 7.37840602e-03 1.22979820e-03
1.02077552e+03 8.53979039e-02 7.37817092e-03 1.22898511e-03
1.02227556e+03 8.55905680e-02 7.37793552e-03 1.22817081e-03
1.02377560e+03 8.57841455e-02 7.37769915e-03 1.22735303e-03
1.02527563e+03 8.59783314e-02 7.37746219e-03 1.22653305e-03
1.02677567e+03 8.61731403e-02 7.37722462e-03 1.22571083e-03
1.02827571e+03 8.63684164e-02 7.37698663e-03 1.22488703e-03
1.02977575e+03 8.65646794e-02 7.37674759e-03 1.22405946e-03
1.03127578e+03 8.67612424e-02 7.37650835e-03 1.22323104e-03
1.03277582e+03 8.69583970e-02 7.37626854e-03 1.22240052e-03
1.03427586e+03 8.71561804e-02 7.37602812e-03 1.22156777e-03
1.03577590e+03 8.73544434e-02 7.37578727e-03 1.22073341e-03
1.03727593e+03 8.75532061e-02 7.37554598e-03 1.21989738e-03
1.03877597e+03 8.77525049e-02 7.37530420e-03 1.21905952e-03
1.04027601e+03 8.79524357e-02 7.37506181e-03 1.21821943e-03
1.04177605e+03 8.81527384e-02 7.37481913e-03 1.21737821e-03
1.04327608e+03 8.83537920e-02 7.37457570e-03 1.21653429e-03
1.04477612e+03 8.85551462e-02 7.37433208e-03 1.21568954e-03
1.04627616e+03 8.87572482e-02 7.37408771e-03 1.21484211e-03
1.04777620e+03 8.89598714e-02 7.37384287e-03 1.21399295e-03
1.04927623e+03 8.91631571e-02 7.37359740e-03 1.21314147e-03
1.05077627e+03 8.93670943e-02 7.37335130e-03 1.21228773e-03
1.05227631e+03 8.95717531e-02 7.37310450e-03 1.21143144e-03
1.05377635e+03 8.97769668e-02 7.37285720e-03 1.21057330e-03
1.05527638e+03 8.99831813e-02 7.37260886e-03 1.20971145e-03
1.05677642e+03 9.01900152e-02 7.37235994e-03 1.20884750e-03
1.05827646e+03 9.03979636e-02 7.37210985e-03 1.20797939e-03
1.05977650e+03 9.06070996e-02 7.37185850e-03 1.20710681e-03
1.06127653e+03 9.08170741e-02 7.37160631e-03 1.20623124e-03
1.06277657e+03 9.10282368e-02 7.37135287e-03 1.20535122e-03
1.06427661e+03 9.12408650e-02 7.37109784e-03 1.20446562e-03
1.06577665e+03 9.14547837e-02 7.37084144e-03 1.20357516e-03
1.06727668e+03 9.16701739e-02 7.37058346e-03 1.20267911e-03
1.06877672e+03 9.18872286e-02 7.37032366e-03 1.20177667e-03
1.07027676e+03 9.21060587e-02 7.37006191e-03 1.20086741e-03
1.07177680e+03 9.23265996e-02 7.36979830e-03 1.19995159e-03
1.07327683e+03 9.25491214e-02 7.36953251e-03 1.19902812e-03
1.07477687e+03 9.27737674e-02 7.36926437e-03 1.19809642e-03
1.07627691e+03 9.30004945e-02 7.36899394e-03 1.19715667e-03
1.07777695e+03 9.32298252e-02 7.36872060e-03 1.19620674e-03
1.07927698e+03 9.34614665e-02 7.36844470e-03 1.19524785e-03
1.08077702e+03 9.36957671e-02 7.36816584e-03 1.19427858e-03
1.08227706e+03 9.39323299e-02 7.36788450e-03 1.19330059e-03
1.08377710e+03 9.41717472e-02 7.36759997e-03 1.19231146e-03
1.08527713e+03 9.44142261e-02 7.36731202e-03 1.19131035e-03
1.08677717e+03 9.46595131e-02 7.36702096e-03 1.19029833e-03
1.08827721e+03 9.49076247e-02 7.36672678e-03 1.18927536e-03
1.08977725e+03 9.51591378e-02 7.36642879e-03 1.18823907e-03
1.09127728e+03 9.54137089e-02 7.36612743e-03 1.18719092e-03
1.09277732e+03 9.56719308e-02 7.36582198e-03 1.18612849e-03
1.09427736e+03 9.59334554e-02 7.36551288e-03 1.18505323e-03
1.09577740e+03 9.61984509e-02 7.36519994e-03 1.18396448e-03
1.09727743e+03 9.64669938e-02 7.36488308e-03 1.18286195e-03
1.09877747e+03 9.67391340e-02 7.36456225e-03 1.18174547e-03
1.10027751e+03 9.70148773e-02 7.36423746e-03 1.18061504e-03
1.10177755e+03 9.72946962e-02 7.36390815e-03 1.17946876e-03
1.10327758e+03 9.75783915e-02 7.36357458e-03 1.17830746e-03
1.10477762e+03 9.78659737e-02 7.36323675e-03 1.17713114e-03
1.10627766e+03 9.81577125e-02 7.36289436e-03 1.17593873e-03
1.10777770e+03 9.84540888e-02 7.36254685e-03 1.17472828e-03
1.10927773e+03 9.87543442e-02 7.36219513e-03 1.17350293e-03
1.11077777e+03 9.90590102e-02 7.36183858e-03 1.17226054e-03
1.11227781e+03 9.93687880e-02 7.36147642e-03 1.17099829e-03
1.11377785e+03 9.96829111e-02 7.36110954e-03 1.16971933e-03
1.11527788e+03 1.00001879e-01 7.36073739e-03 1.16842166e-03
1.11677792e+03 1.00325428e-01 7.36036029e-03 1.16710639e-03
1.11827796e+03 1.00653817e-01 7.35997795e-03 1.16577248e-03
1.11977800e+03 1.00987804e-01 7.35958951e-03 1.16441691e-03
1.12127803e+03 1.01326645e-01 7.35919586e-03 1.16304272e-03
1.12277807e+03 1.01670871e-01 7.35879640e-03 1.16164780e-03
1.12427811e+03 1.02020383e-01 7.35839126e-03 1.16023256e-03
1.12577815e+03 1.02375175e-01 7.35798048e-03 1.15879707e-03
1.12727818e+03 1.02735593e-01 7.35756368e-03 1.15733996e-03
1.12877822e+03 1.03101733e-01 7.35714077e-03 1.15586087e-03
1.13027826e+03 1.03473519e-01 7.35671186e-03 1.15436013e-03
1.13177830e+03 1.03851018e-01 7.35627691e-03 1.15283750e-03
1.13327833e+03 1.04234688e-01 7.35583540e-03 1.15129115e-03
1.13477837e+03 1.04623847e-01 7.35538815e-03 1.14972386e-03
1.13627841e+03 1.05019122e-01 7.35493446e-03 1.14813313e-03
1.13777845e+03 1.05420364e-01 7.35447454e-03 1.14651956e-03
1.13927848e+03 1.05827803e-01 7.35400815e-03 1.14488225e-03
1.14077852e+03 1.06241410e-01 7.35353536e-03 1.14322133e-03
1.14227856e+03 1.06661198e-01 7.35305617e-03 1.14153675e-03
1.14377860e+03 1.07087230e-01 7.35257054e-03 1.13982828e-03
1.14527863e+03 1.07519684e-01 7.35207831e-03 1.13809519e-03
1.14677867e+03 1.07958740e-01 7.35157931e-03 1.13633677e-03
1.14827871e+03 1.08404429e-01 7.35107352e-03 1.13455289e-03
1.14977875e+03 1.08856464e-01 7.35056132e-03 1.13274469e-03
1.15127878e+03 1.09315278e-01 7.35004224e-03 1.13091043e-03
1.15277882e+03 1.09781109e-01 7.34951606e-03 1.12904913e-03
1.15427886e+03 1.10253771e-01 7.34898302e-03 1.12716153e-03
1.15577890e+03 1.10733538e-01 7.34844284e-03 1.12524651e-03
1.15727893e+03 1.11220600e-01 7.34789537e-03 1.12330328e-03
1.15877897e+03 1.11714966e-01 7.34734062e-03 1.12133176e-03
1.16027901e+03 1.12216911e-01 7.34677834e-03 1.11933082e-03
1.16177905e+03 1.12726812e-01 7.34620814e-03 1.11729893e-03
1.16327908e+03 1.13244379e-01 7.34563040e-03 1.11523718e-03
1.16477912e+03 1.13770078e-01 7.34504465e-03 1.11314366e-03
1.16627916e+03 1.14303975e-01 7.34445086e-03 1.11101806e-03
1.16777920e+03 1.14846423e-01 7.34384868e-03 1.10885890e-03
1.16927923e+03 1.15397372e-01 7.34323825e-03 1.10666631e-03
1.17077927e+03 1.15957327e-01 7.34261904e-03 1.10443820e-03
1.17227931e+03 1.16526493e-01 7.34199089e-03 1.10217368e-03
1.17377935e+03 1.17104598e-01 7.34135417e-03 1.09987374e-03
1.17527938e+03 1.17692627e-01 7.34070784e-03 1.09753436e-03
1.17677942e+03 1.18290294e-01 7.34005231e-03 1.09515659e-03
1.17827946e+03 1.18897945e-01 7.33938725e-03 1.09273894e-03
1.17977950e+03 1.19515953e-01 7.33871233e-03 1.09027981e-03
1.18127953e+03 1.20144358e-01 7.33802758e-03 1.08777892e-03
1.18277957e+03 1.20783684e-01 7.33733252e-03 1.08523409e-03
1.18427961e+03 1.21434124e-01 7.33662701e-03 1.08264440e-03
1.18577965e+03 1.22095905e-01 7.33591090e-03 1.08000883e-03
1.18727968e+03 1.22769221e-01 7.33518406e-03 1.07732648e-03
1.18877972e+03 1.23454506e-01 7.33444612e-03 1.07459548e-03
1.19027976e+03 1.24152031e-01 7.33369690e-03 1.07181462e-03
1.19177980e+03 1.24862128e-01 7.33293613e-03 1.06898244e-03
1.19327983e+03 1.25584932e-01 7.33216378e-03 1.06609830e-03
1.19477987e+03 1.26320774e-01 7.33137961e-03 1.06316073e-03
1.19627991e+03 1.27070180e-01 7.33058318e-03 1.06016752e-03
1.19777995e+03 1.27833189e-01 7.32977456e-03 1.05711842e-03
1.19927998e+03 1.28610310e-01 7.32895334e-03 1.05401130e-03
1.20078002e+03 1.29401543e-01 7.32811967e-03 1.05084608e-03
1.20228006e+03 1.30207427e-01 7.32727309e-03 1.04762056e-03
1.20378010e+03 1.31028433e-01 7.32641328e-03 1.04433280e-03
1.20528014e+03 1.31864847e-01 7.32554007e-03 1.04098168e-03
1.20678017e+03 1.32716946e-01 7.32465334e-03 1.03756609e-03
1.20828021e+03 1.33584890e-01 7.32375307e-03 1.03408546e-03
1.20978025e+03 1.34469098e-01 7.32283902e-03 1.03053824e-03
1.21128029e+03 1.35370285e-01 7.32191061e-03 1.02692169e-03
1.21278032e+03 1.36288347e-01 7.32096813e-03 1.02323645e-03
1.21428036e+03 1.37223831e-01 7.32001122e-03 1.01948060e-03
1.21578040e+03 1.38177221e-01 7.31903958e-03 1.01565253e-03
1.21728044e+03 1.39148393e-01 7.31805353e-03 1.01175316e-03
1.21878047e+03 1.40138151e-01 7.31705248e-03 1.00777974e-03
1.22028051e+03 1.41146887e-01 7.31603626e-03 1.00373128e-03
1.22178055e+03 1.42174730e-01 7.31500495e-03 9.99607949e-04
1.22328059e+03 1.43222199e-01 7.31395829e-03 9.95408433e-04
1.22478062e+03 1.44289672e-01 7.31289613e-03 9.91132088e-04
1.22628066e+03 1.45377639e-01 7.31181825e-03 9.86777954e-04
1.22778070e+03 1.46486219e-01 7.31072479e-03 9.82346648e-04
1.22928074e+03 1.47616105e-01 7.30961533e-03 9.77836624e-04
1.23078077e+03 1.48767708e-01 7.30848978e-03 9.73247591e-04
1.23228081e+03 1.49941140e-01 7.30734829e-03 9.68580560e-04
1.23378085e+03 1.51137073e-01 7.30619052e-03 9.63834441e-04
1.23528089e+03 1.52355689e-01 7.30501660e-03 9.59010201e-04
1.23678092e+03 1.53597542e-01 7.30382632e-03 9.54107454e-04
1.23828096e+03 1.54862887e-01 7.30261976e-03 9.49127090e-04
1.23978100e+03 1.56152224e-01 7.30139678e-03 9.44069132e-04
1.24128104e+03 1.57466080e-01 7.30015721e-03 9.38933572e-04
1.24278107e+03 1.58804959e-01 7.29890096e-03 9.33720571e-04
1.24428111e+03 1.60169086e-01 7.29762816e-03 9.28431407e-04
1.24578115e+03 1.61558913e-01 7.29633878e-03 9.23066489e-04
1.24728119e+03 1.62975041e-01 7.29503264e-03 9.17625653e-04
1.24878122e+03 1.64417888e-01 7.29370975e-03 9.12109401e-04
1.25028126e+03 1.65887736e-01 7.29237026e-03 9.06518676e-04
1.25178130e+03 1.67385028e-01 7.29101418e-03 9.00853703e-04
1.25328134e+03 1.68910498e-01 7.28964128e-03 8.95113467e-04
1.25478137e+03 1.70464414e-01 7.28825174e-03 8.89298534e-04
1.25628141e+03 1.72047133e-01 7.28684571e-03 8.83408911e-04
1.25778145e+03 1.73659346e-01 7.28542304e-03 8.77443114e-04
1.25928149e+03 1.75301300e-01 7.28398397e-03 8.71401038e-04
1.26078152e+03 1.76973599e-01 7.28252848e-03 8.65280933e-04
1.26228156e+03 1.78676652e-01 7.28105671e-03 8.59081451e-04
1.26378160e+03 1.80410837e-01 7.27956886e-03 8.52801010e-04
1.26528164e+03 1.82176625e-01 7.27806505e-03 8.46437354e-04
1.26678167e+03 1.83974880e-01 7.27654511e-03 8.39986486e-04
1.26828171e+03 1.85805753e-01 7.27500948e-03 8.33446681e-04
1.26978175e+03 1.87669462e-01 7.27345859e-03 8.26815697e-04
1.27128179e+03 1.89567030e-01 7.27189219e-03 8.20088226e-04
1.27278182e+03 1.91498856e-01 7.27031059e-03 8.13261066e-04
1.27428186e+03 1.93464875e-01 7.26871451e-03 8.06332611e-04
1.27578190e+03 1.95466036e-01 7.26710386e-03 7.99297762e-04
1.27728194e+03 1.97502635e-01 7.26547912e-03 7.92153929e-04
1.27878197e+03 1.99575319e-01 7.26384050e-03 7.84897633e-04
1.28028201e+03 2.01684707e-01 7.26218828e-03 7.77525992e-04
1.28178205e+03 2.03830935e-01 7.26052313e-03 7.70038444e-04
1.28328209e+03 2.06014669e-01 7.25884536e-03 7.62433376e-04
1.28478212e+03 2.08236217e-01 7.25715554e-03 7.54711341e-04
1.28628216e+03 2.10496262e-01 7.25545402e-03 7.46872625e-04
1.28778220e+03 2.12795179e-01 7.25374138e-03 7.38919713e-04
1.28928224e+03 2.15133494e-01 7.25201811e-03 7.30855752e-04
1.29078227e+03 2.17511663e-01 7.25028477e-03 7.22685321e-04
1.29228231e+03 2.19930220e-01 7.24854189e-03 7.14413862e-04
1.29378235e+03 2.22389441e-01 7.24679017e-03 7.06048740e-04
1.29528239e+03 2.24890066e-01 7.24503000e-03 6.97596607e-04
1.29678242e+03 2.27432468e-01 7.24326204e-03 6.89066003e-04
1.29828246e+03 2.30017156e-01 7.24148685e-03 6.80465359e-04
1.29978250e+03 2.32644321e-01 7.23970519e-03 6.71804173e-04
1.30128254e+03 2.35314691e-01 7.23791747e-03 6.63089807e-04
1.30278257e+03 2.38028788e-01 7.23612424e-03 6.54329569e-04
1.30428261e+03 2.40787109e-01 7.23432606e-03 6.45529725e-04
1.30578265e+03 2.43589969e-01 7.23252362e-03 6.36695629e-04
1.30728269e+03 2.46437631e-01 7.23071762e-03 6.27830991e-04
1.30878272e+03 2.49330981e-01 7.22890839e-03 6.18935618e-04
1.31028276e+03 2.52270178e-01 7.22709675e-03 6.10009490e-04
1.31178280e+03 2.55255520e-01 7.22528341e-03 6.01050129e-04
1.31328284e+03 2.58287812e-01 7.22346883e-03 5.92051727e-04
1.31478287e+03 2.61367363e-01 7.22165380e-03 5.83008558e-04
1.31628291e+03 2.64494616e-01 7.21983905e-03 5.73913581e-04
1.31778295e+03 2.67669806e-01 7.21802550e-03 5.64760140e-04
1.31928299e+03 2.70893420e-01 7.21621393e-03 5.55541362e-04
1.32078302e+03 2.74165950e-01 7.21440518e-03 5.46251718e-04
1.32228306e+03 2.77487834e-01 7.21260016e-03 5.36887964e-04
1.32378310e+03 2.80859354e-01 7.21079990e-03 5.27450119e-04
1.32528314e+03 2.84280689e-01 7.20900547e-03 5.17941825e-04
1.32678317e+03 2.87752565e-01 7.20721770e-03 5.08368842e-04
1.32828321e+03 2.91275582e-01 7.20543746e-03 4.98740919e-04
1.32978325e+03 2.94849445e-01 7.20366606e-03 4.89073514e-04
1.33128329e+03 2.98474910e-01 7.20190424e-03 4.79381788e-04
1.33278332e+03 3.02152118e-01 7.20015301e-03 4.69684153e-04
1.33428336e+03 3.05881559e-01 7.19841313e-03 4.59998439e-04
1.33578340e+03 3.09663764e-01 7.19668531e-03 4.50341367e-04
1.33728344e+03 3.13498709e-01 7.19497046e-03 4.40728685e-04
1.33878347e+03 3.17387126e-01 7.19326908e-03 4.31170628e-04
1.34028351e+03 3.21328810e-01 7.19158207e-03 4.21675237e-04
1.34178355e+03 3.25324287e-01 7.18990996e-03 4.12243786e-04
1.34328359e+03 3.29373881e-01 7.18825339e-03 4.02873192e-04
1.34478362e+03 3.33477563e-01 7.18661313e-03 3.93557023e-04
1.34628366e+03 3.37636015e-01 7.18498973e-03 3.84284322e-04
1.34778370e+03 3.41849395e-01 7.18338397e-03 3.75044172e-04
1.34928374e+03 3.46117850e-01 7.18179670e-03 3.65826480e-04
1.35078377e+03 3.50441727e-01 7.18022871e-03 3.56623561e-04
1.35228381e+03 3.54821015e-01 7.17868098e-03 3.47433083e-04
1.35378385e+03 3.59256238e-01 7.17715428e-03 3.38257410e-04
1.35528389e+03 3.63747361e-01 7.17564957e-03 3.29106371e-04
1.35678392e+03 3.68294619e-01 7.17416768e-03 3.19995091e-04
1.35828396e+03 3.72898140e-01 7.17270936e-03 3.10943447e-04
1.35978400e+03 3.77558209e-01 7.17127525e-03 3.01973464e-04
1.36128404e+03 3.82274826e-01 7.16986594e-03 2.93107565e-04
1.36278407e+03 3.87048338e-01 7.16848180e-03 2.84364687e-04
1.36428411e+03 3.91878547e-01 7.16712328e-03 2.75759546e-04
1.36578415e+03 3.96765716e-01 7.16579059e-03 2.67299147e-04
1.36728419e+03 4.01710054e-01 7.16448394e-03 2.58983198e-04
1.36878422e+03 4.06711676e-01 7.16320355e-03 2.50804828e-04
1.37028426e+03 4.11770487e-01 7.16194970e-03 2.42752604e-04
1.37178430e+03 4.16886638e-01 7.16072267e-03 2.34812576e-04
1.37328434e+03 4.22060124e-01 7.15952282e-03 2.26972154e-04
1.37478437e+03 4.27291060e-01 7.15835053e-03 2.19222772e-04
1.37628441e+03 4.32579160e-01 7.15720628e-03 2.11562972e-04
1.37778445e+03 4.37924702e-01 7.15609040e-03 2.03998083e-04
1.37928449e+03 4.43327624e-01 7.15500325e-03 1.96541081e-04
1.38078452e+03 4.48787823e-01 7.15394509e-03 1.89210181e-04
1.38228456e+03 4.54305558e-01 7.15291597e-03 1.82025211e-04
1.38378460e+03 4.59880429e-01 7.15191595e-03 1.75005322e-04
1.38528464e+03 4.65512569e-01 7.15094486e-03 1.68164031e-04
1.38678467e+03 4.71201709e-01 7.15000251e-03 1.61508027e-04
1.38828471e+03 4.76947682e-01 7.14908863e-03 1.55035693e-04
1.38978475e+03 4.82750445e-01 7.14820291e-03 1.48738074e-04
1.39128479e+03 4.88610196e-01 7.14734507e-03 1.42601353e-04
1.39278482e+03 4.94526350e-01 7.14651496e-03 1.36611510e-04
1.39428486e+03 5.00498930e-01 7.14571244e-03 1.30756625e-04
1.39578490e+03 5.06527732e-01 7.14493738e-03 1.25030787e-04
1.39728494e+03 5.12612385e-01 7.14418971e-03 1.19435509e-04
1.39878497e+03 5.18753076e-01 7.14346922e-03 1.13978652e-04
1.40028501e+03 5.24948962e-01 7.14277573e-03 1.08673623e-04
1.40178505e+03 5.31200170e-01 7.14210884e-03 1.03534129e-04
1.40328509e+03 5.37506316e-01 7.14146810e-03 9.85717227e-05
1.40478512e+03 5.43867425e-01 7.14085292e-03 9.37919908e-05
1.40628516e+03 5.50282889e-01 7.14026271e-03 8.91938611e-05
1.40778520e+03 5.56752197e-01 7.13969687e-03 8.47694669e-05
1.40928524e+03 5.63275058e-01 7.13915481e-03 8.05063493e-05
1.41078527e+03 5.69851435e-01 7.13863597e-03 7.63908605e-05
1.41228531e+03 5.76480630e-01 7.13813990e-03 7.24122417e-05
1.41378535e+03 5.83161934e-01 7.13766619e-03 6.85647592e-05
1.41528539e+03 5.89895409e-01 7.13721435e-03 6.48481924e-05
1.41678542e+03 5.96680057e-01 7.13678395e-03 6.12678707e-05
1.41828546e+03 6.03515786e-01 7.13637442e-03 5.78310527e-05
1.41978550e+03 6.10401633e-01 7.13598516e-03 5.45446516e-05
1.42128554e+03 6.17337335e-01 7.13561546e-03 5.14115973e-05
1.42278557e+03 6.24321923e-01 7.13526464e-03 4.84299311e-05
1.42428561e+03 6.31355101e-01 7.13493195e-03 4.55923326e-05
1.42578565e+03 6.38436041e-01 7.13461673e-03 4.28883995e-05
1.42728569e+03 6.45563725e-01 7.13431835e-03 4.03071652e-05
1.42878572e+03 6.52737527e-01 7.13403624e-03 3.78395785e-05
1.43028576e+03 6.59956508e-01 7.13376986e-03 3.54805218e-05
1.43178580e+03 6.67219991e-01 7.13351867e-03 3.32288975e-05
1.43328584e+03 6.74526769e-01 7.13328213e-03 3.10866827e-05
1.43478587e+03 6.81875926e-01 7.13305964e-03 2.90565231e-05
1.43628591e+03 6.89266280e-01 7.13285058e-03 2.71396443e-05
1.43778595e+03 6.96697065e-01 7.13265429e-03 2.53341240e-05
1.43928599e+03 7.04167004e-01 7.13247014e-03 2.36348054e-05
1.44078602e+03 7.11674846e-01 7.13229751e-03 2.20340697e-05
1.44228606e+03 7.19219461e-01 7.13213585e-03 2.05235499e-05
1.44378610e+03 7.26799642e-01 7.13198462e-03 1.90960015e-05
1.44528614e+03 7.34414336e-01 7.13184333e-03 1.77464887e-05
1.44678617e+03 7.42062323e-01 7.13171152e-03 1.64726725e-05
1.44828621e+03 7.49742289e-01 7.13158872e-03 1.52740300e-05
1.44978625e+03 7.57453471e-01 7.13147443e-03 1.41504086e-05
1.45128629e+03 7.65194447e-01 7.13136816e-03 1.31008627e-05
1.45278632e+03 7.72964683e-01 7.13126943e-03 1.21226089e-05
1.45428636e+03 7.80763403e-01 7.13117775e-03 1.12111646e-05
1.45578640e+03 7.88589927e-01 7.13109269e-03 1.03609862e-05
1.45728644e+03 7.96443620e-01 7.13101383e-03 9.56652784e-06
1.45878647e+03 8.04324499e-01 7.13094080e-03 8.82314316e-06
1.46028651e+03 8.12232101e-01 7.13087325e-03 8.12769132e-06
1.46178655e+03 8.20166754e-01 7.13081084e-03 7.47830679e-06
1.46328659e+03 8.28128589e-01 7.13075324e-03 6.87389929e-06
1.46478662e+03 8.36117863e-01 7.13070013e-03 6.31335335e-06
1.46628666e+03 8.44135345e-01 7.13065119e-03 5.79489530e-06
1.46778670e+03 8.52181363e-01 7.13060612e-03 5.31593582e-06
1.46928674e+03 8.60256803e-01 7.13056464e-03 4.87320900e-06
1.47078677e+03 8.68362194e-01 7.13052648e-03 4.46331750e-06
1.47228681e+03 8.76498405e-01 7.13049141e-03 4.08322509e-06
1.47378685e+03 8.84665730e-01 7.13045923e-03 3.73064430e-06
1.47528689e+03 8.92864771e-01 7.13042972e-03 3.40402798e-06
1.47678692e+03 9.01095908e-01 7.13040271e-03 3.10234472e-06
1.47828696e+03 9.09359092e-01 7.13037800e-03 2.82469583e-06
1.47978700e+03 9.17654444e-01 7.13035543e-03 2.56995122e-06
1.48128704e+03 9.25981543e-01 7.13033482e-03 2.33661718e-06
1.48278707e+03 9.34339814e-01 7.13031601e-03 2.12289125e-06
1.48428711e+03 9.42728799e-01 7.13029887e-03 1.92688678e-06
1.48578715e+03 9.51147554e-01 7.13028326e-03 1.74691134e-06
1.48728719e+03 9.59595544e-01 7.13026907e-03 1.58161871e-06
1.48878722e+03 9.68071400e-01 7.13025618e-03 1.43004996e-06
1.49028726e+03 9.76574218e-01 7.13024450e-03 1.29148262e-06
1.49178730e+03 9.85103541e-01 7.13023392e-03 1.16524821e-06
1.49328734e+03 9.93658309e-01 7.13022435e-03 1.05059460e-06
1.49478737e+03 1.00223774e+00 7.13021570e-03 9.46614152e-07
1.49628741e+03 1.01084141e+00 7.13020789e-03 8.52293372e-07
1.49778745e+03 1.01946943e+00 7.13020083e-03 7.66625558e-07
1.49928749e+03 1.02812140e+00 7.13019447e-03 6.88734720e-07
1.50078752e+03 1.03679778e+00 7.13018875e-03 6.17920323e-07
1.50228756e+03 1.04549893e+00 7.13018360e-03 5.53652659e-07
1.50378760e+03 1.05422530e+00 7.13017897e-03 4.95502113e-07
1.50528764e+03 1.06297788e+00 7.13017482e-03 4.43054214e-07
1.50678767e+03 1.07175733e+00 7.13017110e-03 3.95860941e-07
1.50828771e+03 1.08056461e+00 7.13016777e-03 3.53428197e-07
1.50978775e+03 1.08940104e+00 7.13016478e-03 3.15249191e-07
1.51128779e+03 1.09826702e+00 7.13016211e-03 2.80858699e-07
1.51278782e+03 1.10716367e+00 7.13015972e-03 2.49863270e-07
1.51428786e+03 1.11609230e+00 7.13015759e-03 2.21952912e-07
1.51578790e+03 1.12505307e+00 7.13015569e-03 1.96884774e-07
1.51728794e+03 1.13404725e+00 7.13015401e-03 1.74441770e-07
1.51878797e+03 1.14307525e+00 7.13015250e-03 1.54408198e-07
1.52028801e+03 1.15213766e+00 7.13015117e-03 1.36554559e-07
1.52178805e+03 1.16123493e+00 7.13014999e-03 1.20645374e-07
1.52328809e+03 1.17036751e+00 7.13014894e-03 1.06457403e-07
1.52478812e+03 1.17953547e+00 7.13014801e-03 9.37976113e-08
1.52628816e+03 1.18873949e+00 7.13014719e-03 8.25086546e-08
1.52778820e+03 1.19797938e+00 7.13014646e-03 7.24651678e-08
1.52928824e+03 1.20725538e+00 7.13014583e-03 6.35587201e-08
1.53078827e+03 1.21656786e+00 7.13014526e-03 5.56852447e-08
1.53228831e+03 1.22591642e+00 7.13014477e-03 4.87393168e-08
1.53378835e+03 1.23530167e+00 7.13014434e-03 4.26143403e-08
1.53528839e+03 1.24472343e+00 7.13014396e-03 3.72106516e-08
1.53678842e+03 1.25418223e+00 7.13014362e-03 3.24411521e-08
1.53828846e+03 1.26367765e+00 7.13014333e-03 2.82348293e-08
1.53978850e+03 1.27321016e+00 7.13014308e-03 2.45334647e-08
1.54128854e+03 1.28277928e+00 7.13014285e-03 2.12871761e-08
1.54278857e+03 1.29238567e+00 7.13014266e-03 1.84486521e-08
1.54428861e+03 1.30202901e+00 7.13014249e-03 1.59715960e-08
1.54578865e+03 1.31170968e+00 7.13014235e-03 1.38109511e-08
1.54728869e+03 1.32142774e+00 7.13014222e-03 1.19255935e-08
1.54878872e+03 1.33118306e+00 7.13014211e-03 1.02803420e-08
1.55028876e+03 1.34097597e+00 7.13014201e-03 8.84625581e-09
1.55178880e+03 1.35080617e+00 7.13014193e-03 7.59950859e-09
1.55328884e+03 1.36067401e+00 7.13014186e-03 6.51914746e-09
1.55478887e+03 1.37057948e+00 7.13014180e-03 5.58562286e-09
1.55628891e+03 1.38052266e+00 7.13014175e-03 4.78021187e-09
1.55778895e+03 1.39050351e+00 7.13014170e-03 4.08550236e-09
1.55928899e+03 1.40052271e+00 7.13014167e-03 3.48611954e-09
1.56078902e+03 1.41057964e+00 7.13014163e-03 2.96927931e-09
1.56228906e+03 1.42067518e+00 7.13014161e-03 2.52442115e-09
1.56378910e+03 1.43080895e+00 7.13014158e-03 2.14269162e-09
1.56528914e+03 1.44098119e+00 7.13014156e-03 1.81616149e-09
1.56678917e+03 1.45119243e+00 7.13014154e-03 1.53746044e-09
1.56828921e+03 1.46144281e+00 7.13014153e-03 1.29979301e-09
1.56978925e+03 1.47173255e+00 7.13014152e-03 1.09712394e-09
1.57128929e+03 1.48206199e+00 7.13014151e-03 9.24348070e-10
1.57278932e+03 1.49243153e+00 7.13014150e-03 7.77270155e-10
1.57428936e+03 1.50284133e+00 7.13014149e-03 6.52410500e-10
1.57578940e+03 1.51329203e+00 7.13014148e-03 5.46748379e-10
1.57728944e+03 1.52378330e+00 7.13014148e-03 4.57567607e-10
1.57878947e+03 1.53431635e+00 7.13014147e-03 3.82389998e-10
1.58028951e+03 1.54489071e+00 7.13014147e-03 3.19043064e-10
1.58178955e+03 1.55550740e+00 7.13014147e-03 2.65681261e-10
1.58328959e+03 1.56616576e+00 7.13014146e-03 2.20796916e-10
1.58478962e+03 1.57686679e+00 7.13014146e-03 1.83139595e-10
1.58628966e+03 1.58760991e+00 7.13014146e-03 1.51648794e-10
1.58778970e+03 1.59839558e+00 7.13014146e-03 1.25384576e-10
1.58928974e+03 1.60922387e+00 7.13014146e-03 1.03512605e-10
1.59078977e+03 1.62009428e+00 7.13014146e-03 8.53096475e-11
1.59228981e+03 1.63100690e+00 7.13014145e-03 7.01690978e-11
1.59378985e+03 1.64196114e+00 7.13014145e-03 5.75959847e-11
1.59528989e+03 1.65295712e+00 7.13014145e-03 4.71829400e-11
1.59678992e+03 1.66399391e+00 7.13014145e-03 3.85865788e-11
1.59828996e+03 1.67507124e+00 7.13014145e-03 3.15081442e-11
1.59979000e+03 1.68618859e+00 7.13014145e-03 2.56880516e-11
1.60129004e+03 1.69734485e+00 7.13014145e-03 2.09060786e-11
1.60279007e+03 1.70853942e+00 7.13014145e-03 1.69805154e-11
1.60429011e+03 1.71977172e+00 7.13014145e-03 1.37640069e-11
1.60579015e+03 1.73104086e+00 7.13014145e-03 1.11359893e-11
1.60729019e+03 1.74234561e+00 7.13014145e-03 8.99526416e-12
1.60879022e+03 1.75368505e+00 7.13014145e-03 7.25532608e-12
1.61029026e+03 1.76505888e+00 7.13014145e-03 5.84272816e-12
1.61179030e+03 1.77646539e+00 7.13014145e-03 4.69680020e-12
1.61329034e+03 1.78790451e+00 7.13014145e-03 3.76826686e-12
1.61479037e+03 1.79937488e+00 7.13014145e-03 3.01757538e-12
1.61629041e+03 1.81087627e+00 7.13014145e-03 2.41234408e-12
1.61779045e+03 1.82240827e+00 7.13014145e-03 1.92562688e-12
1.61929049e+03 1.83397021e+00 7.13014145e-03 1.53486775e-12
1.62079052e+03 1.84556235e+00 7.13014145e-03 1.22140689e-12
1.62229056e+03 1.85718437e+00 7.13014145e-03 9.70177426e-13
1.62379060e+03 1.86883659e+00 7.13014145e-03 7.69145901e-13
1.62529064e+03 1.88051884e+00 7.13014145e-03 6.08677514e-13
1.62679067e+03 1.89223223e+00 7.13014145e-03 4.80911488e-13
1.62829071e+03 1.90397654e+00 7.13014145e-03 3.79392754e-13
1.62979075e+03 1.91575279e+00 7.13014145e-03 2.98821477e-13
1.63129079e+03 1.92756132e+00 7.13014145e-03 2.34933339e-13
1.63279082e+03 1.93940279e+00 7.13014145e-03 1.84342027e-13
1.63429086e+03 1.95127732e+00 7.13014145e-03 1.44367747e-13
1.63579090e+03 1.96318521e+00 7.13014145e-03 1.12864086e-13
1.63729094e+03 1.97512674e+00 7.13014145e-03 8.80927757e-14
1.63879097e+03 1.98710149e+00 7.13014145e-03 6.86464302e-14
1.64029101e+03 1.99910978e+00 7.13014145e-03 5.33968653e-14
1.64179105e+03 2.01115049e+00 7.13014145e-03 4.14551318e-14
1.64329109e+03 2.02322369e+00 7.13014145e-03 3.21220505e-14
1.64479112e+03 2.03532821e+00 7.13014145e-03 2.48463615e-14
1.64629116e+03 2.04746373e+00 7.13014145e-03 1.91877960e-14
1.64779120e+03 2.05962940e+00 7.13014145e-03 1.47947163e-14
1.64929124e+03 2.07182445e+00 7.13014145e-03 1.13883546e-14
1.65079127e+03 2.08404809e+00 7.13014145e-03 8.75050061e-15
1.65229131e+03 2.09630003e+00 7.13014145e-03 6.71140324e-15
1.65379135e+03 2.10857973e+00 7.13014145e-03 5.13873452e-15
1.65529139e+03 2.12088694e+00 7.13014145e-03 3.92848800e-15
1.65679142e+03 2.13322158e+00 7.13014145e-03 2.99874035e-15
1.65829146e+03 2.14558368e+00 7.13014145e-03 2.28536557e-15
1.65979150e+03 2.15797375e+00 7.13014145e-03 1.73866606e-15
1.66129154e+03 2.17039198e+00 7.13014145e-03 1.32039715e-15
1.66279157e+03 2.18283879e+00 7.13014145e-03 1.00105220e-15
1.66429161e+03 2.19531483e+00 7.13014145e-03 7.57741800e-16
1.66579165e+03 2.20782099e+00 7.13014145e-03 5.72673990e-16
1.66729169e+03 2.22035772e+00 7.13014145e-03 4.32094511e-16
1.66879172e+03 2.23292551e+00 7.13014145e-03 3.25450455e-16
1.67029176e+03 2.24552512e+00 7.13014145e-03 2.44685017e-16
1.67179180e+03 2.25815712e+00 7.13014145e-03 1.83643534e-16
1.67329184e+03 2.27082175e+00 7.13014145e-03 1.37605046e-16
1.67479187e+03 2.28352000e+00 7.13014145e-03 1.02940917e-16
1.67629191e+03 2.29625166e+00 7.13014145e-03 7.68797145e-17
1.67779195e+03 2.30901711e+00 7.13014145e-03 5.73147032e-17
1.67929199e+03 2.32181656e+00 7.13014145e-03 4.26525368e-17
1.68079202e+03 2.33465021e+00 7.13014145e-03 3.16868730e-17
1.68229206e+03 2.34751785e+00 7.13014145e-03 2.35023062e-17
1.68379210e+03 2.36041950e+00 7.13014145e-03 1.74038984e-17
1.68529214e+03 2.37335524e+00 7.13014145e-03 1.28665870e-17
1.68679217e+03 2.38632450e+00 7.13014145e-03 9.49603234e-18
1.68829221e+03 2.39932746e+00 7.13014145e-03 6.99658528e-18
1.68979225e+03 2.41236349e+00 7.13014145e-03 5.14676237e-18
1.69129229e+03 2.42543279e+00 7.13014145e-03 3.78019138e-18
1.69279232e+03 2.43853427e+00 7.13014145e-03 2.77228947e-18
1.69429236e+03 2.45166837e+00 7.13014145e-03 2.02994814e-18
1.69579240e+03 2.46483412e+00 7.13014145e-03 1.48405667e-18
1.69729244e+03 2.47803120e+00 7.13014145e-03 1.08330817e-18
1.69879247e+03 2.49125928e+00 7.13014145e-03 7.89628608e-19
1.70029251e+03 2.50451791e+00 7.13014145e-03 5.74761860e-19
1.70179255e+03 2.51780632e+00 7.13014145e-03 4.17784888e-19
1.70329259e+03 2.53112401e+00 7.13014145e-03 3.03256267e-19
1.70479262e+03 2.54447068e+00 7.13014145e-03 2.19817101e-19
1.70629266e+03 2.55784566e+00 7.13014145e-03 1.59123464e-19
1.70779270e+03 2.57124851e+00 7.13014145e-03 1.15042130e-19
1.70929274e+03 2.58467835e+00 7.13014145e-03 8.30711546e-20
1.71079277e+03 2.59813470e+00 7.13014145e-03 5.99122011e-20
1.71229281e+03 2.61161703e+00 7.13014145e-03 4.31571735e-20
1.71379285e+03 2.62512502e+00 7.13014145e-03 3.10509775e-20
1.71529289e+03 2.63865772e+00 7.13014145e-03 2.23157892e-20
1.71679292e+03 2.65221474e+00 7.13014145e-03 1.60208367e-20
1.71829296e+03 2.66579543e+00 7.13014145e-03 1.14896308e-20
1.71979300e+03 2.67939909e+00 7.13014145e-03 8.23152383e-21
1.72129304e+03 2.69302525e+00 7.13014145e-03 5.89136621e-21
1.72279307e+03 2.70667322e+00 7.13014145e-03 4.21243998e-21
1.72429311e+03 2.72034266e+00 7.13014145e-03 3.00921658e-21
1.72579315e+03 2.73403264e+00 7.13014145e-03 2.14780789e-21
1.72729319e+03 2.74774289e+00 7.13014145e-03 1.53166876e-21
1.72879322e+03 2.76147257e+00 7.13014145e-03 1.09137172e-21
1.73029326e+03 2.77522136e+00 7.13014145e-03 7.77016540e-22
1.73179330e+03 2.78898904e+00 7.13014145e-03 5.52780442e-22
1.73329334e+03 2.80277464e+00 7.13014145e-03 3.92971882e-22
1.73479337e+03 2.81657796e+00 7.13014145e-03 2.79167206e-22
1.73629341e+03 2.83039846e+00 7.13014145e-03 1.98184446e-22
1.73779345e+03 2.84423587e+00 7.13014145e-03 1.40599956e-22
1.73929349e+03 2.85808970e+00 7.13014145e-03 9.96839294e-23
1.74079352e+03 2.87195987e+00 7.13014145e-03 7.06317596e-23
1.74229356e+03 2.88584578e+00 7.13014145e-03 5.00175632e-23
1.74379360e+03 2.89974766e+00 7.13014145e-03 3.53992085e-23
1.74529364e+03 2.91366486e+00 7.13014145e-03 2.50393954e-23
1.74679367e+03 2.92759751e+00 7.13014145e-03 1.77018117e-23
1.74829371e+03 2.94154547e+00 7.13014145e-03 1.25078843e-23
1.74979375e+03 2.95550883e+00 7.13014145e-03 8.83337838e-24
1.75129379e+03 2.96948719e+00 7.13014145e-03 6.23526222e-24
1.75279382e+03 2.98348066e+00 7.13014145e-03 4.39915193e-24
1.75429386e+03 2.99748928e+00 7.13014145e-03 3.10222370e-24
1.75579390e+03 3.01151273e+00 7.13014145e-03 2.18662960e-24
1.75729394e+03 3.02555143e+00 7.13014145e-03 1.54054808e-24
1.75879397e+03 3.03960520e+00 7.13014145e-03 1.08487130e-24
1.76029401e+03 3.05367354e+00 7.13014145e-03 7.63645608e-25
1.76179405e+03 3.06775700e+00 7.13014145e-03 5.37294726e-25
1.76329409e+03 3.08185497e+00 7.13014145e-03 3.77876705e-25
1.76479412e+03 3.09596764e+00 7.13014145e-03 2.65647215e-25
1.76629416e+03 3.11009492e+00 7.13014145e-03 1.86672996e-25
1.76779420e+03 3.12423666e+00 7.13014145e-03 1.31123983e-25
1.76929424e+03 3.13839264e+00 7.13014145e-03 9.20684772e-26
1.77079427e+03 3.15256284e+00 7.13014145e-03 6.46204963e-26
1.77229431e+03 3.16674663e+00 7.13014145e-03 4.53386714e-26
1.77379435e+03 3.18094430e+00 7.13014145e-03 3.17983620e-26
1.77529439e+03 3.19515553e+00 7.13014145e-03 2.22937407e-26
1.77679442e+03 3.20937994e+00 7.13014145e-03 1.56245860e-26
1.77829446e+03 3.22361752e+00 7.13014145e-03 1.09466817e-26
1.77979450e+03 3.23786813e+00 7.13014145e-03 7.66668642e-27
1.78129454e+03 3.25213156e+00 7.13014145e-03 5.36768882e-27
1.78279457e+03 3.26640765e+00 7.13014145e-03 3.75684890e-27
1.78429461e+03 3.28069635e+00 7.13014145e-03 2.62856220e-27
1.78579465e+03 3.29499733e+00 7.13014145e-03 1.83854781e-27
1.78729469e+03 3.30931097e+00 7.13014145e-03 1.28555365e-27
1.78879472e+03 3.32363659e+00 7.13014145e-03 8.98611941e-28
1.79029476e+03 3.33797434e+00 7.13014145e-03 6.27941982e-28
1.79179480e+03 3.35232412e+00 7.13014145e-03 4.38665786e-28
1.79329484e+03 3.36668561e+00 7.13014145e-03 3.06350542e-28
1.79479487e+03 3.38105913e+00 7.13014145e-03 2.13880420e-28
1.79629491e+03 3.39544404e+00 7.13014145e-03 1.49278780e-28
1.79779495e+03 3.40984054e+00 7.13014145e-03 1.04159250e-28
1.79929499e+03 3.42424792e+00 7.13014145e-03 7.26571451e-29
1.80079502e+03 3.43866634e+00 7.13014145e-03 5.06684824e-29
1.80229506e+03 3.45309541e+00 7.13014145e-03 3.53249092e-29
1.80379510e+03 3.46753477e+00 7.13014145e-03 2.46213367e-29
1.80529514e+03 3.48198397e+00 7.13014145e-03 1.71567383e-29
1.80679517e+03 3.49644241e+00 7.13014145e-03 1.19524532e-29
1.80829521e+03 3.51090975e+00 7.13014145e-03 8.32496212e-30
1.80979525e+03 3.52538520e+00 7.13014145e-03 5.79720940e-30
1.81129529e+03 3.53986855e+00 7.13014145e-03 4.03617251e-30
1.81279532e+03 3.55435898e+00 7.13014145e-03 2.80959182e-30
1.81429536e+03 3.56885552e+00 7.13014145e-03 1.95546664e-30
1.81579540e+03 3.58335750e+00 7.13014145e-03 1.36081344e-30
1.81729544e+03 3.59786422e+00 7.13014145e-03 9.46881541e-31
1.81879547e+03 3.61237481e+00 7.13014145e-03 6.58797094e-31
1.82029551e+03 3.62688842e+00 7.13014145e-03 4.58328612e-31
1.82179555e+03 3.64140393e+00 7.13014145e-03 3.18849846e-31
1.82329559e+03 3.65592081e+00 7.13014145e-03 2.21814510e-31
1.82479562e+03 3.67043753e+00 7.13014145e-03 1.54317468e-31
1.82629566e+03 3.68495384e+00 7.13014145e-03 1.07370589e-31
1.82779570e+03 3.69946831e+00 7.13014145e-03 7.47239021e-32
1.82929574e+03 3.71398020e+00 7.13014145e-03 5.20277432e-32
1.83079577e+03 3.72848825e+00 7.13014145e-03 3.62584681e-32
1.83229581e+03 3.74299215e+00 7.13014145e-03 2.53141813e-32
1.83379585e+03 3.75749041e+00 7.13014145e-03 1.77371721e-32
1.83529589e+03 3.77198252e+00 7.13014145e-03 1.25178274e-32
1.83679592e+03 3.78646721e+00 7.13014145e-03 8.96114782e-33
1.83829596e+03 3.80094397e+00 7.13014145e-03 6.59346618e-33
1.83979600e+03 3.81541188e+00 7.13014145e-03 5.09959039e-33
1.84129604e+03 3.82987035e+00 7.13014145e-03 4.28051792e-33
1.84279607e+03 3.84431865e+00 7.13014145e-03 4.02682214e-33
1.84429611e+03 3.85875590e+00 7.13014145e-03 4.30382620e-33
1.84579615e+03 3.87318169e+00 7.13014145e-03 5.14668978e-33
1.84729619e+03 3.88759543e+00 7.13014145e-03 6.66464226e-33
1.84879622e+03 3.90199699e+00 7.13014145e-03 9.05491734e-33
1.85029626e+03 3.91638557e+00 7.13014145e-03 1.26278097e-32
1.85179630e+03 3.93076121e+00 7.13014145e-03 1.78467412e-32
1.85329634e+03 3.94512358e+00 7.13014145e-03 2.53873891e-32
1.85479637e+03 3.95947220e+00 7.13014145e-03 3.62240102e-32
1.85629641e+03 3.97380750e+00 7.13014145e-03 5.17548170e-32
1.85779645e+03 3.98812913e+00 7.13014145e-03 7.39790940e-32
1.85929649e+03 4.00243728e+00 7.13014145e-03 1.05753106e-31
1.86079652e+03 4.01673201e+00 7.13014145e-03 1.51152568e-31
1.86229656e+03 4.03101360e+00 7.13014145e-03 2.15991307e-31
1.86379660e+03 4.04528221e+00 7.13014145e-03 3.08557538e-31
1.86529664e+03 4.05953842e+00 7.13014145e-03 4.40667621e-31
1.86679667e+03 4.07378209e+00 7.13014145e-03 6.29150866e-31
1.86829671e+03 4.08801394e+00 7.13014145e-03 8.97991626e-31
1.86979675e+03 4.10223408e+00 7.13014145e-03 1.28133787e-30
1.87129679e+03 4.11644369e+00 7.13014145e-03 1.82785218e-30
1.87279682e+03 4.13064298e+00 7.13014145e-03 2.60679303e-30
1.87429686e+03 4.14483247e+00 7.13014145e-03 3.71676929e-30
1.87579690e+03 4.15901314e+00 7.13014145e-03 5.29820414e-30
1.87729694e+03 4.17318573e+00 7.13014145e-03 7.55098877e-30
1.87879697e+03 4.18735132e+00 7.13014145e-03 1.07597597e-29
1.88029701e+03 4.20151081e+00 7.13014145e-03 1.53297392e-29
1.88179705e+03 4.21566589e+00 7.13014145e-03 2.18382826e-29
1.88329709e+03 4.22981792e+00 7.13014145e-03 3.11077418e-29
1.88479712e+03 4.24396813e+00 7.13014145e-03 4.43096283e-29
1.88629716e+03 4.25811822e+00 7.13014145e-03 6.31139912e-29
1.88779720e+03 4.27227041e+00 7.13014145e-03 8.99031703e-29
1.88929724e+03 4.28642602e+00 7.13014145e-03 1.28073851e-28
1.89079727e+03 4.30058725e+00 7.13014145e-03 1.82475914e-28
1.89229731e+03 4.31475540e+00 7.13014145e-03 2.60030529e-28
1.89379735e+03 4.32893248e+00 7.13014145e-03 3.70628043e-28
1.89529739e+03 4.34311975e+00 7.13014145e-03 5.28397663e-28
1.89679742e+03 4.35731871e+00 7.13014145e-03 7.53543244e-28
1.89829746e+03 4.37153020e+00 7.13014145e-03 1.07495099e-27
1.89979750e+03 4.38575525e+00 7.13014145e-03 1.53395757e-27
1.90129754e+03 4.39999457e+00 7.13014145e-03 2.18972332e-27
1.90279757e+03 4.41424849e+00 7.13014145e-03 3.12694041e-27
1.90429761e+03 4.42851758e+00 7.13014145e-03 4.46693875e-27
1.90579765e+03 4.44280231e+00 7.13014145e-03 6.38358779e-27
1.90729769e+03 4.45710270e+00 7.13014145e-03 9.12605883e-27
1.90879772e+03 4.47141926e+00 7.13014145e-03 1.30517913e-26
1.91029776e+03 4.48575276e+00 7.13014145e-03 1.86738086e-26
1.91179780e+03 4.50010364e+00 7.13014145e-03 2.67285458e-26
1.91329784e+03 4.51447237e+00 7.13014145e-03 3.82737740e-26
1.91479787e+03 4.52886021e+00 7.13014145e-03 5.48305490e-26
1.91629791e+03 4.54326773e+00 7.13014145e-03 7.85858086e-26
1.91779795e+03 4.55769618e+00 7.13014145e-03 1.12688056e-25
1.91929799e+03 4.57214627e+00 7.13014145e-03 1.61670220e-25
1.92079802e+03 4.58661908e+00 7.13014145e-03 2.32065099e-25
1.92229806e+03 4.60111568e+00 7.13014145e-03 3.33293018e-25
1.92379810e+03 4.61563666e+00 7.13014145e-03 4.78941982e-25
1.92529814e+03 4.63018280e+00 7.13014145e-03 6.88630159e-25
1.92679817e+03 4.64475490e+00 7.13014145e-03 9.90699242e-25
1.92829821e+03 4.65935319e+00 7.13014145e-03 1.42609692e-24
1.92979825e+03 4.67397819e+00 7.13014145e-03 2.05403910e-24
1.93129829e+03 4.68863025e+00 7.13014145e-03 2.96019438e-24
1.93279832e+03 4.70330946e+00 7.13014145e-03 4.26855873e-24
1.93429836e+03 4.71801544e+00 7.13014145e-03 6.15862897e-24
1.93579840e+03 4.73274835e+00 7.13014145e-03 8.89047126e-24
1.93729844e+03 4.74750791e+00 7.13014145e-03 1.28408385e-23
1.93879847e+03 4.76229390e+00 7.13014145e-03 1.85558421e-23
1.94029851e+03 4.77710542e+00 7.13014145e-03 2.68269967e-23
1.94179855e+03 4.79194225e+00 7.13014145e-03 3.88026001e-23
1.94329859e+03 4.80680350e+00 7.13014145e-03 5.61473848e-23
1.94479862e+03 4.82168852e+00 7.13014145e-03 8.12756674e-23
1.94629866e+03 4.83659672e+00 7.13014145e-03 1.17689555e-22
1.94779870e+03 4.85152699e+00 7.13014145e-03 1.70468316e-22
1.94929874e+03 4.86647845e+00 7.13014145e-03 2.46980828e-22
1.95079877e+03 4.88145018e+00 7.13014145e-03 3.57912356e-22
1.95229881e+03 4.89644144e+00 7.13014145e-03 5.18753360e-22
1.95379885e+03 4.91145069e+00 7.13014145e-03 7.51945619e-22
1.95529889e+03 4.92647726e+00 7.13014145e-03 1.09003334e-21
1.95679892e+03 4.94151998e+00 7.13014145e-03 1.58016917e-21
1.95829896e+03 4.95657765e+00 7.13014145e-03 2.29061738e-21
1.95979900e+03 4.97164919e+00 7.13014145e-03 3.32012624e-21
1.96129904e+03 4.98673358e+00 7.13014145e-03 4.81152119e-21
1.96279907e+03 5.00182944e+00 7.13014145e-03 6.97133772e-21
1.96429911e+03 5.01693556e+00 7.13014145e-03 1.00981107e-20
1.96579915e+03 5.03205063e+00 7.13014145e-03 1.46226129e-20
1.96729919e+03 5.04717360e+00 7.13014145e-03 2.11657159e-20
1.96879922e+03 5.06230309e+00 7.13014145e-03 3.06217560e-20
1.97029926e+03 5.07743761e+00 7.13014145e-03 4.42791229e-20
1.97179930e+03 5.09257594e+00 7.13014145e-03 6.39922970e-20
1.97329934e+03 5.10771718e+00 7.13014145e-03 9.24246888e-20
1.97479937e+03 5.12285997e+00 7.13014145e-03 1.33392626e-19
1.97629941e+03 5.13800304e+00 7.13014145e-03 1.92364526e-19
1.97779945e+03 5.15314521e+00 7.13014145e-03 2.77178518e-19
1.97929949e+03 5.16828551e+00 7.13014145e-03 3.99054115e-19
1.98079952e+03 5.18342246e+00 7.13014145e-03 5.73989103e-19
1.98229956e+03 5.19855519e+00 7.13014145e-03 8.24753945e-19
1.98379960e+03 5.21368231e+00 7.13014145e-03 1.18374510e-18
1.98529964e+03 5.22880290e+00 7.13014145e-03 1.69710772e-18
1.98679967e+03 5.24391568e+00 7.13014145e-03 2.43040068e-18
1.98829971e+03 5.25901966e+00 7.13014145e-03 3.47637356e-18
1.98979975e+03 5.27411391e+00 7.13014145e-03 4.96586491e-18
1.99129979e+03 5.28919759e+00 7.13014145e-03 7.08359811e-18
1.99279982e+03 5.30426952e+00 7.13014145e-03 1.00906056e-17
1.99429986e+03 5.31932954e+00 7.13014145e-03 1.43550450e-17
1.99579990e+03 5.33437672e+00 7.13014145e-03 2.03926802e-17
1.99729994e+03 5.34941093e+00 7.13014145e-03 2.89244098e-17
1.99879997e+03 5.36443150e+00 7.13014145e-03 4.09589177e-17
2.00030001e+03 5.37943885e+00 7.13014145e-03 5.79121285e-17
2.00180005e+03 5.39443292e+00 7.13014145e-03 8.17633130e-17
2.00330009e+03 5.40941327e+00 7.13014145e-03 1.15258582e-16
2.00480013e+03 5.42438012e+00 7.13014145e-03 1.62197196e-16
2.00630016e+03 5.43933341e+00 7.13014145e-03 2.27849619e-16
2.00780020e+03 5.45427303e+00 7.13014145e-03 3.19550913e-16
2.00930024e+03 5.46919843e+00 7.13014145e-03 4.47462486e-16
2.01080028e+03 5.48410872e+00 7.13014145e-03 6.25528747e-16
2.01230031e+03 5.49900348e+00 7.13014145e-03 8.72814356e-16
2.01380035e+03 5.51388158e+00 7.13014145e-03 1.21547724e-15
2.01530039e+03 5.52874195e+00 7.13014145e-03 1.68958365e-15
2.01680043e+03 5.54358344e+00 7.13014145e-03 2.34459754e-15
2.01830046e+03 5.55840512e+00 7.13014145e-03 3.24758177e-15
2.01980050e+03 5.57320541e+00 7.13014145e-03 4.48889634e-15
2.02130054e+03 5.58798360e+00 7.13014145e-03 6.19114737e-15
2.02280058e+03 5.60273912e+00 7.13014145e-03 8.52178283e-15
2.02430061e+03 5.61747097e+00 7.13014145e-03 1.17080994e-14
2.02580065e+03 5.63217880e+00 7.13014145e-03 1.60544652e-14
2.02730069e+03 5.64686231e+00 7.13014145e-03 2.19654488e-14
2.02880073e+03 5.66152090e+00 7.13014145e-03 2.99827510e-14
2.03030076e+03 5.67615465e+00 7.13014145e-03 4.08394309e-14
2.03180080e+03 5.69076350e+00 7.13014145e-03 5.55220947e-14
2.03330084e+03 5.70534735e+00 7.13014145e-03 7.53358019e-14
2.03480088e+03 5.71990637e+00 7.13014145e-03 1.01990051e-13
2.03630091e+03 5.73443984e+00 7.13014145e-03 1.37740929e-13
2.03780095e+03 5.74894815e+00 7.13014145e-03 1.85613113e-13
2.03930099e+03 5.76343135e+00 7.13014145e-03 2.49645396e-13
2.04080103e+03 5.77788904e+00 7.13014145e-03 3.35120458e-13
2.04230106e+03 5.79232120e+00 7.13014145e-03 4.48850202e-13
2.04380110e+03 5.80672735e+00 7.13014145e-03 5.99684080e-13
2.04530114e+03 5.82110777e+00 7.13014145e-03 7.99355407e-13
2.04680118e+03 5.83546211e+00 7.13014145e-03 1.06342110e-12
2.04830121e+03 5.84978998e+00 7.13014145e-03 1.41205371e-12
2.04980125e+03 5.86409149e+00 7.13014145e-03 1.87086588e-12
2.05130129e+03 5.87836625e+00 7.13014145e-03 2.47251381e-12
2.05280133e+03 5.89261436e+00 7.13014145e-03 3.25971212e-12
2.05430136e+03 5.90683531e+00 7.13014145e-03 4.28876630e-12
2.05580140e+03 5.92102919e+00 7.13014145e-03 5.63233249e-12
2.05730144e+03 5.93519579e+00 7.13014145e-03 7.38131639e-12
2.05880148e+03 5.94933494e+00 7.13014145e-03 9.64921351e-12
2.06030151e+03 5.96344644e+00 7.13014145e-03 1.25818069e-11
2.06180155e+03 5.97752956e+00 7.13014145e-03 1.63700869e-11
2.06330159e+03 5.99158462e+00 7.13014145e-03 2.12602695e-11
2.06480163e+03 6.00561104e+00 7.13014145e-03 2.75571527e-11
2.06630166e+03 6.01960857e+00 7.13014145e-03 3.56326460e-11
2.06780170e+03 6.03357666e+00 7.13014145e-03 4.59527943e-11
2.06930174e+03 6.04751536e+00 7.13014145e-03 5.91232840e-11
2.07080178e+03 6.06142396e+00 7.13014145e-03 7.59251899e-11
2.07230181e+03 6.07530242e+00 7.13014145e-03 9.73244094e-11
2.07380185e+03 6.08915061e+00 7.13014144e-03 1.24474827e-10
2.07530189e+03 6.10296849e+00 7.13014144e-03 1.58778337e-10
2.07680193e+03 6.11675557e+00 7.13014144e-03 2.02021844e-10
2.07830196e+03 6.13051239e+00 7.13014144e-03 2.56524788e-10
2.07980200e+03 6.14423828e+00 7.13014143e-03 3.25171357e-10
2.08130204e+03 6.15793366e+00 7.13014143e-03 4.11371872e-10
2.08280208e+03 6.17159801e+00 7.13014142e-03 5.19116310e-10
2.08430211e+03 6.18523145e+00 7.13014141e-03 6.53335072e-10
2.08580215e+03 6.19883347e+00 7.13014140e-03 8.20397794e-10
2.08730219e+03 6.21240384e+00 7.13014139e-03 1.02837680e-09
2.08880223e+03 6.22594270e+00 7.13014138e-03 1.28685444e-09
2.09030226e+03 6.23944919e+00 7.13014136e-03 1.60669446e-09
2.09180230e+03 6.25292318e+00 7.13014134e-03 2.00066056e-09
2.09330234e+03 6.26636418e+00 7.13014131e-03 2.48489378e-09
2.09480238e+03 6.27977195e+00 7.13014127e-03 3.08024338e-09
2.09630241e+03 6.29314639e+00 7.13014123e-03 3.81209144e-09
2.09780245e+03 6.30648742e+00 7.13014117e-03 4.70902028e-09
2.09930249e+03 6.31979463e+00 7.13014110e-03 5.80269432e-09
2.10080253e+03 6.33306792e+00 7.13014102e-03 7.13104840e-09
2.10230256e+03 6.34630740e+00 7.13014092e-03 8.74319296e-09
2.10380260e+03 6.35951302e+00 7.13014080e-03 1.07014311e-08
2.10530264e+03 6.37268494e+00 7.13014064e-03 1.30779501e-08
2.10680268e+03 6.38582299e+00 7.13014046e-03 1.59501259e-08
2.10830271e+03 6.39892693e+00 7.13014024e-03 1.94029791e-08
2.10980275e+03 6.41199708e+00 7.13013996e-03 2.35416090e-08
2.11130279e+03 6.42503329e+00 7.13013964e-03 2.85037429e-08
2.11280283e+03 6.43803583e+00 7.13013924e-03 3.44594245e-08
2.11430286e+03 6.45100439e+00 7.13013876e-03 4.15950486e-08
2.11580290e+03 6.46393916e+00 7.13013819e-03 5.01020834e-08
2.11730294e+03 6.47684004e+00 7.13013750e-03 6.01913103e-08
2.11880298e+03 6.48970689e+00 7.13013668e-03 7.21316868e-08
2.12030301e+03 6.50253988e+00 7.13013569e-03 8.62789694e-08
2.12180305e+03 6.51533897e+00 7.13013452e-03 1.03057866e-07
2.12330309e+03 6.52810348e+00 7.13013312e-03 1.22908752e-07
2.12480313e+03 6.54083395e+00 7.13013146e-03 1.46265211e-07
2.12630316e+03 6.55352982e+00 7.13012949e-03 1.73605326e-07
2.12780320e+03 6.56619153e+00 7.13012716e-03 2.05563477e-07
2.12930324e+03 6.57881854e+00 7.13012441e-03 2.42982007e-07
2.13080328e+03 6.59141070e+00 7.13012117e-03 2.86838927e-07
2.13230331e+03 6.60396792e+00 7.13011736e-03 3.38096719e-07
2.13380335e+03 6.61649000e+00 7.13011289e-03 3.97648667e-07
2.13530339e+03 6.62897691e+00 7.13010764e-03 4.66482137e-07
2.13680343e+03 6.64142840e+00 7.13010151e-03 5.45952670e-07
2.13830346e+03 6.65384452e+00 7.13009437e-03 6.37901119e-07
2.13980350e+03 6.66622527e+00 7.13008605e-03 7.44426191e-07
2.14130354e+03 6.67857046e+00 7.13007637e-03 8.67487170e-07
2.14280358e+03 6.69088000e+00 7.13006513e-03 1.00877250e-06
2.14430361e+03 6.70315401e+00 7.13005211e-03 1.17009957e-06
2.14580365e+03 6.71539228e+00 7.13003707e-03 1.35407929e-06
2.14730369e+03 6.72759515e+00 7.13001972e-03 1.56440902e-06
2.14880373e+03 6.73976230e+00 7.12999975e-03 1.80531735e-06
2.15030376e+03 6.75189357e+00 7.12997678e-03 2.08060148e-06
2.15180380e+03 6.76398903e+00 7.12995040e-03 2.39321126e-06
2.15330384e+03 6.77604842e+00 7.12992018e-03 2.74604276e-06
2.15480388e+03 6.78807148e+00 7.12988563e-03 3.14349002e-06
2.15630391e+03 6.80005798e+00 7.12984624e-03 3.59226480e-06
2.15780395e+03 6.81200738e+00 7.12980138e-03 4.10039181e-06
2.15930399e+03 6.82391948e+00 7.12975036e-03 4.67501629e-06
2.16080403e+03 6.83579438e+00 7.12969240e-03 5.32104600e-06
2.16230406e+03 6.84763082e+00 7.12962670e-03 6.04226836e-06
2.16380410e+03 6.85942914e+00 7.12955240e-03 6.84476630e-06
2.16530414e+03 6.87118855e+00 7.12946857e-03 7.73918089e-06
2.16680418e+03 6.88290880e+00 7.12937415e-03 8.73969090e-06
2.16830421e+03 6.89458952e+00 7.12926793e-03 9.85955680e-06
2.16980425e+03 6.90623060e+00 7.12914856e-03 1.11072026e-05
2.17130429e+03 6.91783173e+00 7.12901463e-03 1.24868271e-05
2.17280433e+03 6.92939289e+00 7.12886472e-03 1.40042110e-05
2.17430436e+03 6.94091366e+00 7.12869732e-03 1.56729541e-05
2.17580440e+03 6.95239356e+00 7.12851073e-03 1.75152638e-05
2.17730444e+03 6.96383279e+00 7.12830304e-03 1.95552261e-05
2.17880448e+03 6.97523055e+00 7.12807208e-03 2.18090997e-05
2.18030451e+03 6.98658658e+00 7.12781558e-03 2.42820885e-05
2.18180455e+03 6.99790028e+00 7.12753128e-03 2.69752985e-05
2.18330459e+03 7.00917069e+00 7.12721692e-03 2.98988246e-05
2.18480463e+03 7.02039738e+00 7.12687007e-03 3.30799970e-05
2.18630466e+03 7.03157954e+00 7.12648801e-03 3.65574603e-05
2.18780470e+03 7.04271614e+00 7.12606765e-03 4.03643637e-05
2.18930474e+03 7.05380641e+00 7.12560564e-03 4.45138607e-05
2.19080478e+03 7.06484919e+00 7.12509862e-03 4.90000054e-05
2.19230481e+03 7.07584440e+00 7.12454334e-03 5.38170585e-05
2.19380485e+03 7.08679092e+00 7.12393663e-03 5.89813160e-05
2.19530489e+03 7.09768860e+00 7.12327506e-03 6.45392507e-05
2.19680493e+03 7.10853702e+00 7.12255471e-03 7.05498855e-05
2.19830496e+03 7.11933638e+00 7.12177109e-03 7.70546529e-05
2.19980500e+03 7.13008670e+00 7.12091943e-03 8.40567148e-05
2.20130504e+03 7.14078851e+00 7.11999512e-03 9.15301694e-05
2.20280508e+03 7.15144233e+00 7.11899385e-03 9.94543515e-05
2.20430511e+03 7.16204850e+00 7.11791153e-03 1.07849365e-04
2.20580515e+03 7.17260786e+00 7.11674365e-03 1.16784265e-04
2.20730519e+03 7.18312037e+00 7.11548506e-03 1.26345277e-04
2.20880523e+03 7.19358594e+00 7.11412988e-03 1.36586947e-04
2.21030526e+03 7.20400418e+00 7.11267196e-03 1.47500268e-04
2.21180530e+03 7.21437445e+00 7.11110560e-03 1.59025909e-04
2.21330534e+03 7.22469552e+00 7.10942597e-03 1.71107026e-04
2.21480538e+03 7.23496620e+00 7.10762875e-03 1.83746847e-04
2.21630541e+03 7.24518469e+00 7.10570961e-03 1.97025259e-04
2.21780545e+03 7.25534943e+00 7.10366337e-03 2.11059921e-04
2.21930549e+03 7.26545863e+00 7.10148392e-03 2.25932231e-04
2.22080553e+03 7.27551070e+00 7.09916476e-03 2.41631738e-04
2.22230556e+03 7.28550390e+00 7.09670007e-03 2.58059128e-04
2.22380560e+03 7.29543711e+00 7.09408515e-03 2.75093447e-04
2.22530564e+03 7.30530900e+00 7.09131664e-03 2.92677312e-04
2.22680568e+03 7.31511899e+00 7.08839133e-03 3.10867108e-04
2.22830571e+03 7.32486609e+00 7.08530545e-03 3.29804450e-04
2.22980575e+03 7.33455008e+00 7.08205372e-03 3.49630288e-04
2.23130579e+03 7.34417041e+00 7.07863000e-03 3.70388033e-04
2.23280583e+03 7.35372654e+00 7.07502835e-03 3.91985032e-04
2.23430586e+03 7.36321792e+00 7.07124422e-03 4.14237563e-04
2.23580590e+03 7.37264412e+00 7.06727495e-03 4.36976075e-04
2.23730594e+03 7.38200436e+00 7.06311951e-03 4.60145277e-04
2.23880598e+03 7.39129834e+00 7.05877687e-03 4.83840154e-04
2.24030601e+03 7.40052554e+00 7.05424504e-03 5.08247572e-04
2.24180605e+03 7.40968514e+00 7.04952064e-03 5.33529028e-04
2.24330609e+03 7.41877687e+00 7.04459904e-03 5.59714418e-04
2.24480613e+03 7.42780045e+00 7.03947598e-03 5.86664020e-04
2.24630616e+03 7.43675491e+00 7.03414944e-03 6.14124665e-04
2.24780620e+03 7.44564005e+00 7.02861941e-03 6.41856761e-04
2.24930624e+03 7.45445489e+00 7.02288831e-03 6.69748755e-04
2.25080628e+03 7.46319908e+00 7.01695882e-03 6.97871574e-04
2.25230631e+03 7.47187209e+00 7.01083279e-03 7.26428976e-04
2.25380635e+03 7.48047303e+00 7.00451062e-03 7.55637004e-04
2.25530639e+03 7.48900202e+00 6.99799045e-03 7.85599187e-04
2.25680643e+03 7.49745852e+00 6.99127071e-03 8.16228192e-04
2.25830646e+03 7.50584240e+00 6.98435081e-03 8.47270828e-04
2.25980650e+03 7.51415384e+00 6.97723235e-03 8.78410996e-04
2.26130654e+03 7.52239249e+00 6.96991998e-03 9.09401282e-04
2.26280658e+03 7.53055829e+00 6.96241976e-03 9.40167107e-04
2.26430661e+03 7.53865101e+00 6.95473803e-03 9.70825207e-04
2.26580665e+03 7.54667015e+00 6.94688016e-03 1.00161441e-03
2.26730669e+03 7.55461503e+00 6.93884975e-03 1.03277218e-03
2.26880673e+03 7.56248491e+00 6.93064897e-03 1.06441240e-03
2.27030676e+03 7.57027837e+00 6.92228033e-03 1.09645594e-03
2.27180680e+03 7.57799454e+00 6.91374703e-03 1.12865089e-03
2.27330684e+03 7.58563193e+00 6.90505525e-03 1.16065668e-03
2.27480688e+03 7.59318892e+00 6.89621401e-03 1.19216827e-03
2.27630691e+03 7.60066459e+00 6.88723366e-03 1.22302393e-03
2.27780695e+03 7.60805715e+00 6.87812635e-03 1.25324502e-03
2.27930699e+03 7.61536585e+00 6.86890248e-03 1.28301571e-03
2.28080703e+03 7.62258957e+00 6.85957130e-03 1.31259151e-03
2.28230706e+03 7.62972789e+00 6.85013938e-03 1.34219481e-03
2.28380710e+03 7.63678078e+00 6.84061139e-03 1.37192406e-03
2.28530714e+03 7.64374859e+00 6.83099107e-03 1.40171363e-03
2.28680718e+03 7.65063218e+00 6.82128218e-03 1.43135308e-03
2.28830721e+03 7.65743278e+00 6.81148942e-03 1.46055385e-03
2.28980725e+03 7.66415124e+00 6.80161987e-03 1.48903516e-03
2.29130729e+03 7.67078926e+00 6.79168086e-03 1.51661055e-03
2.29280733e+03 7.67734826e+00 6.78168079e-03 1.54323185e-03
2.29430736e+03 7.68382893e+00 6.77162898e-03 1.56899148e-03
2.29580740e+03 7.69023257e+00 6.76153274e-03 1.59408994e-03
2.29730744e+03 7.69655984e+00 6.75139877e-03 1.61876524e-03
2.29880748e+03 7.70281104e+00 6.74123270e-03 1.64322217e-03
2.30030751e+03 7.70898598e+00 6.73103978e-03 1.66757337e-03
2.30180755e+03 7.71508467e+00 6.72082429e-03 1.69181309e-03
2.30330759e+03 7.72110707e+00 6.71059085e-03 1.71582022e-03
2.30480763e+03 7.72705270e+00 6.70034562e-03 1.73939111e-03
2.30630766e+03 7.73292138e+00 6.69009542e-03 1.76229458e-03
2.30780770e+03 7.73871270e+00 6.67984873e-03 1.78432524e-03
2.30930774e+03 7.74442656e+00 6.66961438e-03 1.80535067e-03
2.31080778e+03 7.75006288e+00 6.65940163e-03 1.82533472e-03
2.31230781e+03 7.75562154e+00 6.64921964e-03 1.84433844e-03
2.31380785e+03 7.76110287e+00 6.63907607e-03 1.86250121e-03
2.31530789e+03 7.76650763e+00 6.62897674e-03 1.88000575e-03
2.31680793e+03 7.77183650e+00 6.61892643e-03 1.89703643e-03
2.31830796e+03 7.77709013e+00 6.60892884e-03 1.91374331e-03
2.31980800e+03 7.78226973e+00 6.59898578e-03 1.93021825e-03
2.32130804e+03 7.78737609e+00 6.58909934e-03 1.94648040e-03
2.32280808e+03 7.79241004e+00 6.57927141e-03 1.96248062e-03
2.32430811e+03 7.79737193e+00 6.56950504e-03 1.97811506e-03
2.32580815e+03 7.80226275e+00 6.55980243e-03 1.99325199e-03
2.32730819e+03 7.80708233e+00 6.55016868e-03 2.00775208e-03
2.32880823e+03 7.81183187e+00 6.54060661e-03 2.02150044e-03
2.33030826e+03 7.81651143e+00 6.53112170e-03 2.03441733e-03
2.33180830e+03 7.82112207e+00 6.52171753e-03 2.04647476e-03
2.33330834e+03 7.82566476e+00 6.51239775e-03 2.05769489e-03
2.33480838e+03 7.83014088e+00 6.50316482e-03 2.06814531e-03
2.33630841e+03 7.83455108e+00 6.49402218e-03 2.07792467e-03
2.33780845e+03 7.83889660e+00 6.48497142e-03 2.08715089e-03
2.33930849e+03 7.84317790e+00 6.47601515e-03 2.09594238e-03
2.34080853e+03 7.84739521e+00 6.46715580e-03 2.10440522e-03
2.34230856e+03 7.85154854e+00 6.45839576e-03 2.11262214e-03
2.34380860e+03 7.85563805e+00 6.44973675e-03 2.12064621e-03
2.34530864e+03 7.85966380e+00 6.44118048e-03 2.12849811e-03
2.34680868e+03 7.86362564e+00 6.43272894e-03 2.13616777e-03
2.34830871e+03 7.86752423e+00 6.42438243e-03 2.14362153e-03
2.34980875e+03 7.87136000e+00 6.41614188e-03 2.15080757e-03
2.35130879e+03 7.87513341e+00 6.40800827e-03 2.15766498e-03
2.35280883e+03 7.87884547e+00 6.39998153e-03 2.16413304e-03
2.35430886e+03 7.88249687e+00 6.39206245e-03 2.17015700e-03
2.35580890e+03 7.88608807e+00 6.38425240e-03 2.17569412e-03
2.35730894e+03 7.88962017e+00 6.37655143e-03 2.18071887e-03
2.35880898e+03 7.89309346e+00 6.36896132e-03 2.18522249e-03
2.36030901e+03 7.89650836e+00 6.36148351e-03 2.18921443e-03
2.36180905e+03 7.89986553e+00 6.35411879e-03 2.19272067e-03
2.36330909e+03 7.90316442e+00 6.34687037e-03 2.19577935e-03
2.36480913e+03 7.90640549e+00 6.33973909e-03 2.19843945e-03
2.36630916e+03 7.90958846e+00 6.33272716e-03 2.20075495e-03
2.36780920e+03 7.91271337e+00 6.32583585e-03 2.20278186e-03
2.36930924e+03 7.91577981e+00 6.31906720e-03 2.20457404e-03
2.37080928e+03 7.91878753e+00 6.31242269e-03 2.20618066e-03
2.37230931e+03 7.92173675e+00 6.30590260e-03 2.20764407e-03
2.37380935e+03 7.92462763e+00 6.29950712e-03 2.20899819e-03
2.37530939e+03 7.92746057e+00 6.29323590e-03 2.21026805e-03
2.37680943e+03 7.93023604e+00 6.28708825e-03 2.21146990e-03
2.37830946e+03 7.93295513e+00 6.28106211e-03 2.21261212e-03
2.37980950e+03 7.93561858e+00 6.27515612e-03 2.21369595e-03
2.38130954e+03 7.93822778e+00 6.26936751e-03 2.21471716e-03
2.38280958e+03 7.94078355e+00 6.26369469e-03 2.21566710e-03
2.38430961e+03 7.94328707e+00 6.25813539e-03 2.21653441e-03
2.38580965e+03 7.94573873e+00 6.25268901e-03 2.21730603e-03
2.38730969e+03 7.94813945e+00 6.24735383e-03 2.21796883e-03
2.38880973e+03 7.95048970e+00 6.24212914e-03 2.21851035e-03
2.39030976e+03 7.95278975e+00 6.23701470e-03 2.21891970e-03
2.39180980e+03 7.95504010e+00 6.23200972e-03 2.21918829e-03
2.39330984e+03 7.95724178e+00 6.22711228e-03 2.21931011e-03
2.39480988e+03 7.95939511e+00 6.22232198e-03 2.21928185e-03
2.39630991e+03 7.96150125e+00 6.21763660e-03 2.21910291e-03
2.39780995e+03 7.96356099e+00 6.21305466e-03 2.21877523e-03
2.39930999e+03 7.96557512e+00 6.20857473e-03 2.21830311e-03
2.40081003e+03 7.96754487e+00 6.20419430e-03 2.21769275e-03
2.40231006e+03 7.96947055e+00 6.19991289e-03 2.21695233e-03
2.40381010e+03 7.97135267e+00 6.19572959e-03 2.21609145e-03
2.40531014e+03 7.97319152e+00 6.19164392e-03 2.21512090e-03
2.40681018e+03 7.97498709e+00 6.18765599e-03 2.21405244e-03
2.40831021e+03 7.97673916e+00 6.18376640e-03 2.21289852e-03
2.40981025e+03 7.97844795e+00 6.17997469e-03 2.21167150e-03
2.41131029e+03 7.98011317e+00 6.17628158e-03 2.21038401e-03
2.41281033e+03 7.98173520e+00 6.17268617e-03 2.20904784e-03
2.41431036e+03 7.98331429e+00 6.16918789e-03 2.20767435e-03
2.41581040e+03 7.98485092e+00 6.16578562e-03 2.20627392e-03
2.41731044e+03 7.98634615e+00 6.16247698e-03 2.20485558e-03
2.41881048e+03 7.98780078e+00 6.15926010e-03 2.20342764e-03
2.42031051e+03 7.98921604e+00 6.15613216e-03 2.20199702e-03
2.42181055e+03 7.99059300e+00 6.15309072e-03 2.20056990e-03
2.42331059e+03 7.99193333e+00 6.15013198e-03 2.19915085e-03
2.42481063e+03 7.99323847e+00 6.14725267e-03 2.19774386e-03
2.42631066e+03 7.99450954e+00 6.14445018e-03 2.19635243e-03
2.42781070e+03 7.99574785e+00 6.14172157e-03 2.19497921e-03
2.42931074e+03 7.99695458e+00 6.13906411e-03 2.19362629e-03
2.43081078e+03 7.99813047e+00 6.13647608e-03 2.19229571e-03
2.43231081e+03 7.99927595e+00 6.13395642e-03 2.19098940e-03
2.43381085e+03 8.00039158e+00 6.13150380e-03 2.18970868e-03
2.43531089e+03 8.00147772e+00 6.12911734e-03 2.18845477e-03
2.43681093e+03 8.00253458e+00 6.12679644e-03 2.18722869e-03
2.43831096e+03 8.00356256e+00 6.12454017e-03 2.18603104e-03
2.43981100e+03 8.00456216e+00 6.12234730e-03 2.18486199e-03
2.44131104e+03 8.00553357e+00 6.12021732e-03 2.18372194e-03
2.44281108e+03 8.00647816e+00 6.11814718e-03 2.18260973e-03
2.44431111e+03 8.00739671e+00 6.11613504e-03 2.18152474e-03
2.44581115e+03 8.00829011e+00 6.11417891e-03 2.18046615e-03
2.44731119e+03 8.00916007e+00 6.11227499e-03 2.17943205e-03
2.44881123e+03 8.01000728e+00 6.11042168e-03 2.17842169e-03
2.45031126e+03 8.01083308e+00 6.10861601e-03 2.17743351e-03
2.45181130e+03 8.01163815e+00 6.10685643e-03 2.17646666e-03
2.45331134e+03 8.01242323e+00 6.10514126e-03 2.17552024e-03
2.45481138e+03 8.01318892e+00 6.10346917e-03 2.17459349e-03
2.45631141e+03 8.01393519e+00 6.10184014e-03 2.17368639e-03
2.45781145e+03 8.01466219e+00 6.10025379e-03 2.17279874e-03
2.45931149e+03 8.01537002e+00 6.09870988e-03 2.17193041e-03
2.46081153e+03 8.01605880e+00 6.09720810e-03 2.17108128e-03
2.46231156e+03 8.01672802e+00 6.09574948e-03 2.17025198e-03
2.46381160e+03 8.01737784e+00 6.09433366e-03 2.16944242e-03
2.46531164e+03 8.01800860e+00 6.09295983e-03 2.16865224e-03
2.46681168e+03 8.01862040e+00 6.09162775e-03 2.16788145e-03
2.46831171e+03 8.01921371e+00 6.09033635e-03 2.16712959e-03
2.46981175e+03 8.01978948e+00 6.08908351e-03 2.16639561e-03
2.47131179e+03 8.02034918e+00 6.08786605e-03 2.16567779e-03
2.47281183e+03 8.02089328e+00 6.08668287e-03 2.16497567e-03
2.47431186e+03 8.02142288e+00 6.08553160e-03 2.16428800e-03
2.47581190e+03 8.02193892e+00 6.08441016e-03 2.16361371e-03
2.47731194e+03 8.02244186e+00 6.08331750e-03 2.16295234e-03
2.47881198e+03 8.02293209e+00 6.08225280e-03 2.16230354e-03
2.48031201e+03 8.02340942e+00 6.08121642e-03 2.16166774e-03
2.48181205e+03 8.02387448e+00 6.08020697e-03 2.16104426e-03
2.48331209e+03 8.02432706e+00 6.07922489e-03 2.16043359e-03
2.48481213e+03 8.02476731e+00 6.07826982e-03 2.15983571e-03
2.48631216e+03 8.02519589e+00 6.07734033e-03 2.15924993e-03
2.48781220e+03 8.02561308e+00 6.07643579e-03 2.15867607e-03
2.48931224e+03 8.02601983e+00 6.07555413e-03 2.15811301e-03
2.49081228e+03 8.02641654e+00 6.07469446e-03 2.15756037e-03
2.49231231e+03 8.02680403e+00 6.07385502e-03 2.15701720e-03
2.49381235e+03 8.02718309e+00 6.07303405e-03 2.15648252e-03
2.49531239e+03 8.02755433e+00 6.07223025e-03 2.15595562e-03
2.49681243e+03 8.02791874e+00 6.07144147e-03 2.15543523e-03
2.49831246e+03 8.02827663e+00 6.07066702e-03 2.15492101e-03
2.49981250e+03 8.02862825e+00 6.06990635e-03 2.15441272e-03
2.50131254e+03 8.02897436e+00 6.06915782e-03 2.15390935e-03
2.50281258e+03 8.02931443e+00 6.06842256e-03 2.15341178e-03
2.50431261e+03 8.02964885e+00 6.06769972e-03 2.15291955e-03
2.50581265e+03 8.02997736e+00 6.06698986e-03 2.15243314e-03
2.50731269e+03 8.03030004e+00 6.06629278e-03 2.15195254e-03
2.50881273e+03 8.03061683e+00 6.06560862e-03 2.15147797e-03
2.51031276e+03 8.03092803e+00 6.06493671e-03 2.15100907e-03
2.51181280e+03 8.03123437e+00 6.06427549e-03 2.15054486e-03
2.51331284e+03 8.03153691e+00 6.06362266e-03 2.15008381e-03
2.51481288e+03 8.03183683e+00 6.06297567e-03 2.14962416e-03
2.51631291e+03 8.03213549e+00 6.06233160e-03 2.14916386e-03
2.51781295e+03 8.03243407e+00 6.06168790e-03 2.14870108e-03
2.51931299e+03 8.03273343e+00 6.06104273e-03 2.14823444e-03
2.52081303e+03 8.03303506e+00 6.06039290e-03 2.14776157e-03
2.52231306e+03 8.03333925e+00 6.05973777e-03 2.14728190e-03
2.52381310e+03 8.03364633e+00 6.05907663e-03 2.14679481e-03
2.52531314e+03 8.03395660e+00 6.05840887e-03 2.14629973e-03
2.52681318e+03 8.03426993e+00 6.05773473e-03 2.14579672e-03
2.52831321e+03 8.03458631e+00 6.05705428e-03 2.14528571e-03
2.52981325e+03 8.03490554e+00 6.05636792e-03 2.14476689e-03
2.53131329e+03 8.03522743e+00 6.05567607e-03 2.14424045e-03
2.53281333e+03 8.03555245e+00 6.05497773e-03 2.14370552e-03
2.53431336e+03 8.03588096e+00 6.05427215e-03 2.14316138e-03
2.53581340e+03 8.03621365e+00 6.05355785e-03 2.14260674e-03
2.53731344e+03 8.03655145e+00 6.05283280e-03 2.14203984e-03
2.53881348e+03 8.03689560e+00 6.05209440e-03 2.14145841e-03
2.54031351e+03 8.03724712e+00 6.05134045e-03 2.14086044e-03
2.54181355e+03 8.03760695e+00 6.05056898e-03 2.14024406e-03
2.54331359e+03 8.03797559e+00 6.04977889e-03 2.13960805e-03
2.54481363e+03 8.03835339e+00 6.04896949e-03 2.13895146e-03
2.54631366e+03 8.03874057e+00 6.04814032e-03 2.13827352e-03
2.54781370e+03 8.03913660e+00 6.04729249e-03 2.13757474e-03
2.54931374e+03 8.03954111e+00 6.04642688e-03 2.13685543e-03
2.55081378e+03 8.03995360e+00 6.04554454e-03 2.13611610e-03
2.55231381e+03 8.04037390e+00 6.04464582e-03 2.13535666e-03
2.55381385e+03 8.04080201e+00 6.04373081e-03 2.13457679e-03
2.55531389e+03 8.04123777e+00 6.04279982e-03 2.13377640e-03
2.55681393e+03 8.04168151e+00 6.04185219e-03 2.13295450e-03
2.55831396e+03 8.04213376e+00 6.04088681e-03 2.13210973e-03
2.55981400e+03 8.04259494e+00 6.03990279e-03 2.13124086e-03
2.56131404e+03 8.04306490e+00 6.03890049e-03 2.13034775e-03
2.56281408e+03 8.04354438e+00 6.03787835e-03 2.12942853e-03
2.56431411e+03 8.04403326e+00 6.03683665e-03 2.12848297e-03
2.56581415e+03 8.04453144e+00 6.03577565e-03 2.12751079e-03
2.56731419e+03 8.04503887e+00 6.03469549e-03 2.12651163e-03
2.56881423e+03 8.04555546e+00 6.03359638e-03 2.12548522e-03
2.57031426e+03 8.04608076e+00 6.03247930e-03 2.12443199e-03
2.57181430e+03 8.04661457e+00 6.03134472e-03 2.12335193e-03
2.57331434e+03 8.04715603e+00 6.03019449e-03 2.12224639e-03
2.57481438e+03 8.04770492e+00 6.02902912e-03 2.12111550e-03
2.57631441e+03 8.04826063e+00 6.02784993e-03 2.11996019e-03
2.57781445e+03 8.04882298e+00 6.02665731e-03 2.11878055e-03
2.57931449e+03 8.04939119e+00 6.02545298e-03 2.11757800e-03
2.58081453e+03 8.04996580e+00 6.02423580e-03 2.11635118e-03
2.58231456e+03 8.05054667e+00 6.02300610e-03 2.11510018e-03
2.58381460e+03 8.05113411e+00 6.02176323e-03 2.11382410e-03
2.58531464e+03 8.05172828e+00 6.02050691e-03 2.11252244e-03
2.58681468e+03 8.05232951e+00 6.01923649e-03 2.11119430e-03
2.58831471e+03 8.05293713e+00 6.01795338e-03 2.10984096e-03
2.58981475e+03 8.05355065e+00 6.01665865e-03 2.10846342e-03
2.59131479e+03 8.05416908e+00 6.01535447e-03 2.10706389e-03
2.59281483e+03 8.05479140e+00 6.01404295e-03 2.10564467e-03
2.59431486e+03 8.05541687e+00 6.01272571e-03 2.10420756e-03
2.59581490e+03 8.05604493e+00 6.01140394e-03 2.10275399e-03
2.59731494e+03 8.05667461e+00 6.01007969e-03 2.10128640e-03
2.59881498e+03 8.05730569e+00 6.00875345e-03 2.09980556e-03
2.60031501e+03 8.05793808e+00 6.00742542e-03 2.09831193e-03
2.60181505e+03 8.05857097e+00 6.00609731e-03 2.09680773e-03
2.60331509e+03 8.05920406e+00 6.00476976e-03 2.09529398e-03
2.60481513e+03 8.05983641e+00 6.00344472e-03 2.09377328e-03
2.60631516e+03 8.06046683e+00 6.00212472e-03 2.09224891e-03
2.60781520e+03 8.06109399e+00 6.00081252e-03 2.09072452e-03
2.60931524e+03 8.06171689e+00 5.99951022e-03 2.08920304e-03
2.61081528e+03 8.06233456e+00 5.99821981e-03 2.08768731e-03
2.61231531e+03 8.06294660e+00 5.99694211e-03 2.08617884e-03
2.61381535e+03 8.06355278e+00 5.99567760e-03 2.08467872e-03
2.61531539e+03 8.06415351e+00 5.99442536e-03 2.08318635e-03
2.61681543e+03 8.06474933e+00 5.99318431e-03 2.08170090e-03
2.61831546e+03 8.06534130e+00 5.99195215e-03 2.08022007e-03
2.61981550e+03 8.06593110e+00 5.99072542e-03 2.07874005e-03
2.62131554e+03 8.06652043e+00 5.98950055e-03 2.07725686e-03
2.62281558e+03 8.06711198e+00 5.98827195e-03 2.07576396e-03
2.62431561e+03 8.06770837e+00 5.98703423e-03 2.07425500e-03
2.62581565e+03 8.06831254e+00 5.98578126e-03 2.07272260e-03
2.62731569e+03 8.06892755e+00 5.98450676e-03 2.07115916e-03
2.62881573e+03 8.06955587e+00 5.98320567e-03 2.06955845e-03
2.63031576e+03 8.07019911e+00 5.98187471e-03 2.06791645e-03
2.63181580e+03 8.07085834e+00 5.98051174e-03 2.06623046e-03
2.63331584e+03 8.07153349e+00 5.97911700e-03 2.06450076e-03
2.63481588e+03 8.07222399e+00 5.97769175e-03 2.06272892e-03
2.63631591e+03 8.07292869e+00 5.97623842e-03 2.06091800e-03
2.63781595e+03 8.07364630e+00 5.97475979e-03 2.05907153e-03
2.63931599e+03 8.07437490e+00 5.97325984e-03 2.05719458e-03
2.64081603e+03 8.07511302e+00 5.97174169e-03 2.05529117e-03
2.64231606e+03 8.07585887e+00 5.97020906e-03 2.05336612e-03
2.64381610e+03 8.07661130e+00 5.96866439e-03 2.05142263e-03
2.64531614e+03 8.07736854e+00 5.96711130e-03 2.04946542e-03
2.64681618e+03 8.07812964e+00 5.96555182e-03 2.04749718e-03
2.64831621e+03 8.07889382e+00 5.96398753e-03 2.04552003e-03
2.64981625e+03 8.07966076e+00 5.96241909e-03 2.04353490e-03
2.65131629e+03 8.08043054e+00 5.96084641e-03 2.04154173e-03
2.65281633e+03 8.08120403e+00 5.95926770e-03 2.03953827e-03
2.65431636e+03 8.08198216e+00 5.95768109e-03 2.03752215e-03
2.65581640e+03 8.08276630e+00 5.95608379e-03 2.03548975e-03
2.65731644e+03 8.08355785e+00 5.95447303e-03 2.03343738e-03
2.65881648e+03 8.08435787e+00 5.95284668e-03 2.03136218e-03
2.66031651e+03 8.08516778e+00 5.95120189e-03 2.02926023e-03
2.66181655e+03 8.08598890e+00 5.94953608e-03 2.02712790e-03
2.66331659e+03 8.08682207e+00 5.94784760e-03 2.02496269e-03
2.66481663e+03 8.08766857e+00 5.94613391e-03 2.02276084e-03
2.66631666e+03 8.08852894e+00 5.94439405e-03 2.02052049e-03
2.66781670e+03 8.08940394e+00 5.94262658e-03 2.01823912e-03
2.66931674e+03 8.09029380e+00 5.94083110e-03 2.01591540e-03
2.67081678e+03 8.09119883e+00 5.93900711e-03 2.01354776e-03
2.67231681e+03 8.09211970e+00 5.93715338e-03 2.01113353e-03
2.67381685e+03 8.09305644e+00 5.93526996e-03 2.00867162e-03
2.67531689e+03 8.09400958e+00 5.93335590e-03 2.00615942e-03
2.67681693e+03 8.09497981e+00 5.93140997e-03 2.00359384e-03
2.67831696e+03 8.09596759e+00 5.92943135e-03 2.00097212e-03
2.67981700e+03 8.09697270e+00 5.92742067e-03 1.99829326e-03
2.68131704e+03 8.09799507e+00 5.92537817e-03 1.99555560e-03
2.68281708e+03 8.09903364e+00 5.92330616e-03 1.99276010e-03
2.68431711e+03 8.10008712e+00 5.92120734e-03 1.98990817e-03
2.68581715e+03 8.10115369e+00 5.91908549e-03 1.98700273e-03
2.68731719e+03 8.10223095e+00 5.91694550e-03 1.98404819e-03
2.68881723e+03 8.10331718e+00 5.91479089e-03 1.98104729e-03
2.69031726e+03 8.10441088e+00 5.91262474e-03 1.97800223e-03
2.69181730e+03 8.10551109e+00 5.91044903e-03 1.97491375e-03
2.69331734e+03 8.10661712e+00 5.90826525e-03 1.97178205e-03
2.69481738e+03 8.10772926e+00 5.90607288e-03 1.96860451e-03
2.69631741e+03 8.10884714e+00 5.90387272e-03 1.96538044e-03
2.69781745e+03 8.10997136e+00 5.90166373e-03 1.96210655e-03
2.69931749e+03 8.11110182e+00 5.89944615e-03 1.95878146e-03
2.70081753e+03 8.11223794e+00 5.89722126e-03 1.95540550e-03
2.70231756e+03 8.11337882e+00 5.89499089e-03 1.95198003e-03
2.70381760e+03 8.11452363e+00 5.89275675e-03 1.94850650e-03
2.70531764e+03 8.11567035e+00 5.89052285e-03 1.94499028e-03
2.70681768e+03 8.11681796e+00 5.88829126e-03 1.94143409e-03
2.70831771e+03 8.11796410e+00 5.88606659e-03 1.93784511e-03
2.70981775e+03 8.11910776e+00 5.88385084e-03 1.93422676e-03
2.71131779e+03 8.12024671e+00 5.88164833e-03 1.93058666e-03
2.71281783e+03 8.12138031e+00 5.87946028e-03 1.92692774e-03
2.71431786e+03 8.12250722e+00 5.87728927e-03 1.92325548e-03
2.71581790e+03 8.12362696e+00 5.87513618e-03 1.91957274e-03
2.71731794e+03 8.12473900e+00 5.87300199e-03 1.91588281e-03
2.71881798e+03 8.12584306e+00 5.87088720e-03 1.91218825e-03
2.72031801e+03 8.12693907e+00 5.86879187e-03 1.90849101e-03
2.72181805e+03 8.12802662e+00 5.86671673e-03 1.90479430e-03
2.72331809e+03 8.12910552e+00 5.86466209e-03 1.90110066e-03
2.72481813e+03 8.13017562e+00 5.86262815e-03 1.89741247e-03
2.72631816e+03 8.13123576e+00 5.86061707e-03 1.89373578e-03
2.72781820e+03 8.13228574e+00 5.85862913e-03 1.89007323e-03
2.72931824e+03 8.13332430e+00 5.85666663e-03 1.88643122e-03
2.73081828e+03 8.13435125e+00 5.85472980e-03 1.88281239e-03
2.73231831e+03 8.13536648e+00 5.85281877e-03 1.87921910e-03
2.73381835e+03 8.13637033e+00 5.85093279e-03 1.87565198e-03
2.73531839e+03 8.13736410e+00 5.84906930e-03 1.87210811e-03
2.73681843e+03 8.13834989e+00 5.84722427e-03 1.86858157e-03
2.73831846e+03 8.13932991e+00 5.84539351e-03 1.86506593e-03
2.73981850e+03 8.14030723e+00 5.84357123e-03 1.86155145e-03
2.74131854e+03 8.14128501e+00 5.84175155e-03 1.85802796e-03
2.74281858e+03 8.14226652e+00 5.83992839e-03 1.85448476e-03
2.74431861e+03 8.14325456e+00 5.83809662e-03 1.85091275e-03
2.74581865e+03 8.14425119e+00 5.83625246e-03 1.84730539e-03
2.74731869e+03 8.14525806e+00 5.83439299e-03 1.84365770e-03
2.74881873e+03 8.14627589e+00 5.83251701e-03 1.83996800e-03
2.75031876e+03 8.14730451e+00 5.83062492e-03 1.83623779e-03
2.75181880e+03 8.14834315e+00 5.82871829e-03 1.83247079e-03
2.75331884e+03 8.14939035e+00 5.82679989e-03 1.82867313e-03
2.75481888e+03 8.15044443e+00 5.82487289e-03 1.82485169e-03
2.75631891e+03 8.15150299e+00 5.82294174e-03 1.82101589e-03
2.75781895e+03 8.15256406e+00 5.82101012e-03 1.81717353e-03
2.75931899e+03 8.15362597e+00 5.81908104e-03 1.81333108e-03
2.76081903e+03 8.15468713e+00 5.81715740e-03 1.80949464e-03
2.76231906e+03 8.15574675e+00 5.81524065e-03 1.80566735e-03
2.76381910e+03 8.15680419e+00 5.81333190e-03 1.80185155e-03
2.76531914e+03 8.15785996e+00 5.81143018e-03 1.79804538e-03
2.76681918e+03 8.15891437e+00 5.80953496e-03 1.79424762e-03
2.76831921e+03 8.15996742e+00 5.80764617e-03 1.79045795e-03
2.76981925e+03 8.16101947e+00 5.80576318e-03 1.78667474e-03
2.77131929e+03 8.16207117e+00 5.80388481e-03 1.78289522e-03
2.77281933e+03 8.16312350e+00 5.80200929e-03 1.77911524e-03
2.77431936e+03 8.16417787e+00 5.80013412e-03 1.77532912e-03
2.77581940e+03 8.16523592e+00 5.79825643e-03 1.77153024e-03
2.77731944e+03 8.16630086e+00 5.79637055e-03 1.76770621e-03
2.77881948e+03 8.16737509e+00 5.79447231e-03 1.76384742e-03
2.78031951e+03 8.16846216e+00 5.79255558e-03 1.75994006e-03
2.78181955e+03 8.16956394e+00 5.79061721e-03 1.75597617e-03
2.78331959e+03 8.17068233e+00 5.78865404e-03 1.75194744e-03
2.78481963e+03 8.17181788e+00 5.78666530e-03 1.74785028e-03
2.78631966e+03 8.17297047e+00 5.78465144e-03 1.74368337e-03
2.78781970e+03 8.17413933e+00 5.78261401e-03 1.73944757e-03
2.78931974e+03 8.17532382e+00 5.78055434e-03 1.73514310e-03
2.79081978e+03 8.17652342e+00 5.77847354e-03 1.73076971e-03
2.79231981e+03 8.17773770e+00 5.77637259e-03 1.72632673e-03
2.79381985e+03 8.17896731e+00 5.77425055e-03 1.72180936e-03
2.79531989e+03 8.18021266e+00 5.77210696e-03 1.71721371e-03
2.79681993e+03 8.18147483e+00 5.76994020e-03 1.71253324e-03
2.79831996e+03 8.18275507e+00 5.76774840e-03 1.70776070e-03
2.79982000e+03 8.18405421e+00 5.76553043e-03 1.70289037e-03
2.80132004e+03 8.18537296e+00 5.76328539e-03 1.69791683e-03
2.80282008e+03 8.18671130e+00 5.76101364e-03 1.69283750e-03
2.80432012e+03 8.18806840e+00 5.75871692e-03 1.68765303e-03
2.80582015e+03 8.18944312e+00 5.75639750e-03 1.68236549e-03
2.80732019e+03 8.19083330e+00 5.75405931e-03 1.67698123e-03
2.80882023e+03 8.19223635e+00 5.75170703e-03 1.67150885e-03
2.81032027e+03 8.19364976e+00 5.74934510e-03 1.66595719e-03
2.81182030e+03 8.19507091e+00 5.74697810e-03 1.66033609e-03
2.81332034e+03 8.19649812e+00 5.74460902e-03 1.65465243e-03
2.81482038e+03 8.19792969e+00 5.74224080e-03 1.64891357e-03
2.81632042e+03 8.19936584e+00 5.73987323e-03 1.64311978e-03
2.81782045e+03 8.20080679e+00 5.73750608e-03 1.63727155e-03
2.81932049e+03 8.20225308e+00 5.73513860e-03 1.63136849e-03
2.82082053e+03 8.20370541e+00 5.73276978e-03 1.62540972e-03
2.82232057e+03 8.20516465e+00 5.73039839e-03 1.61939404e-03
2.82382060e+03 8.20663139e+00 5.72802362e-03 1.61332153e-03
2.82532064e+03 8.20810546e+00 5.72564590e-03 1.60719568e-03
2.82682068e+03 8.20958689e+00 5.72326540e-03 1.60101951e-03
2.82832072e+03 8.21107501e+00 5.72088333e-03 1.59479902e-03
2.82982075e+03 8.21256944e+00 5.71850044e-03 1.58853918e-03
2.83132079e+03 8.21406929e+00 5.71611828e-03 1.58224726e-03
2.83282083e+03 8.21557420e+00 5.71373757e-03 1.57592836e-03
2.83432087e+03 8.21708311e+00 5.71136005e-03 1.56959038e-03
2.83582090e+03 8.21859573e+00 5.70898627e-03 1.56323794e-03
2.83732094e+03 8.22011066e+00 5.70661849e-03 1.55688018e-03
2.83882098e+03 8.22162710e+00 5.70425798e-03 1.55052343e-03
2.84032102e+03 8.22314256e+00 5.70190865e-03 1.54418083e-03
2.84182105e+03 8.22465557e+00 5.69957270e-03 1.53786074e-03
2.84332109e+03 8.22616373e+00 5.69725376e-03 1.53157506e-03
2.84482113e+03 8.22766528e+00 5.69495443e-03 1.52533252e-03
2.84632117e+03 8.22915963e+00 5.69267545e-03 1.51913645e-03
2.84782120e+03 8.23064760e+00 5.69041541e-03 1.51298391e-03
2.84932124e+03 8.23213145e+00 5.68817077e-03 1.50686570e-03
2.85082128e+03 8.23361459e+00 5.68593628e-03 1.50076756e-03
2.85232132e+03 8.23510061e+00 5.68370651e-03 1.49467430e-03
2.85382135e+03 8.23659304e+00 5.68147624e-03 1.48857080e-03
2.85532139e+03 8.23809431e+00 5.67924193e-03 1.48244614e-03
2.85682143e+03 8.23960459e+00 5.67700347e-03 1.47629832e-03
2.85832147e+03 8.24112264e+00 5.67476284e-03 1.47013075e-03
2.85982150e+03 8.24264584e+00 5.67252401e-03 1.46395201e-03
2.86132154e+03 8.24417069e+00 5.67029217e-03 1.45777393e-03
2.86282158e+03 8.24569403e+00 5.66807197e-03 1.45160671e-03
2.86432162e+03 8.24721297e+00 5.66586752e-03 1.44545922e-03
2.86582165e+03 8.24872559e+00 5.66368155e-03 1.43933648e-03
2.86732169e+03 8.25023111e+00 5.66151504e-03 1.43323877e-03
2.86882173e+03 8.25172962e+00 5.65936775e-03 1.42716311e-03
2.87032177e+03 8.25322154e+00 5.65723895e-03 1.42110516e-03
2.87182180e+03 8.25470683e+00 5.65512860e-03 1.41506276e-03
2.87332184e+03 8.25618564e+00 5.65303639e-03 1.40903314e-03
2.87482188e+03 8.25765690e+00 5.65096370e-03 1.40301869e-03
2.87632192e+03 8.25911839e+00 5.64891354e-03 1.39702691e-03
2.87782195e+03 8.26056781e+00 5.64688900e-03 1.39106611e-03
2.87932199e+03 8.26200245e+00 5.64489362e-03 1.38514662e-03
2.88082203e+03 8.26341956e+00 5.64293100e-03 1.37927948e-03
2.88232207e+03 8.26481713e+00 5.64100360e-03 1.37347311e-03
2.88382210e+03 8.26619441e+00 5.63911218e-03 1.36773115e-03
2.88532214e+03 8.26755195e+00 5.63725564e-03 1.36205198e-03
2.88682218e+03 8.26889132e+00 5.63543154e-03 1.35643007e-03
2.88832222e+03 8.27021411e+00 5.63363743e-03 1.35085971e-03
2.88982225e+03 8.27152205e+00 5.63187075e-03 1.34533491e-03
2.89132229e+03 8.27281642e+00 5.63012953e-03 1.33985151e-03
2.89282233e+03 8.27409780e+00 5.62841281e-03 1.33440843e-03
2.89432237e+03 8.27536641e+00 5.62672007e-03 1.32900616e-03
2.89582240e+03 8.27662249e+00 5.62505084e-03 1.32364530e-03
2.89732244e+03 8.27786746e+00 5.62340304e-03 1.31832135e-03
2.89882248e+03 8.27910362e+00 5.62177348e-03 1.31302602e-03
2.90032252e+03 8.28033460e+00 5.62015726e-03 1.30774536e-03
2.90182255e+03 8.28156386e+00 5.61854977e-03 1.30246598e-03
2.90332259e+03 8.28279482e+00 5.61694656e-03 1.29717481e-03
2.90482263e+03 8.28402955e+00 5.61534495e-03 1.29186447e-03
2.90632267e+03 8.28526836e+00 5.61374462e-03 1.28653524e-03
2.90782270e+03 8.28650920e+00 5.61214828e-03 1.28119761e-03
2.90932274e+03 8.28774835e+00 5.61056071e-03 1.27586923e-03
2.91082278e+03 8.28898149e+00 5.60898742e-03 1.27057037e-03
2.91232282e+03 8.29020397e+00 5.60743421e-03 1.26532245e-03
2.91382285e+03 8.29141142e+00 5.60590643e-03 1.26014557e-03
2.91532289e+03 8.29260120e+00 5.60440719e-03 1.25505217e-03
2.91682293e+03 8.29377144e+00 5.60293854e-03 1.25005113e-03
2.91832297e+03 8.29492165e+00 5.60150079e-03 1.24514519e-03
2.91982300e+03 8.29605216e+00 5.60009326e-03 1.24033356e-03
2.92132304e+03 8.29716459e+00 5.59871360e-03 1.23560957e-03
2.92282308e+03 8.29826057e+00 5.59735954e-03 1.23096660e-03
2.92432312e+03 8.29934230e+00 5.59602814e-03 1.22639554e-03
2.92582315e+03 8.30041148e+00 5.59471709e-03 1.22188925e-03
2.92732319e+03 8.30147118e+00 5.59342247e-03 1.21743495e-03
2.92882323e+03 8.30252342e+00 5.59214167e-03 1.21302420e-03
2.93032327e+03 8.30357113e+00 5.59087101e-03 1.20864474e-03
2.93182330e+03 8.30461652e+00 5.58960775e-03 1.20428744e-03
2.93332334e+03 8.30566232e+00 5.58834855e-03 1.19994098e-03
2.93482338e+03 8.30670947e+00 5.58709229e-03 1.19560161e-03
2.93632342e+03 8.30775729e+00 5.58583977e-03 1.19127205e-03
2.93782345e+03 8.30880351e+00 5.58459371e-03 1.18696164e-03
2.93932349e+03 8.30984325e+00 5.58335986e-03 1.18269013e-03
2.94082353e+03 8.31087052e+00 5.58214523e-03 1.17848156e-03
2.94232357e+03 8.31187912e+00 5.58095695e-03 1.17436050e-03
2.94382360e+03 8.31286414e+00 5.57980057e-03 1.17034607e-03
2.94532364e+03 8.31382295e+00 5.57867887e-03 1.16644781e-03
2.94682368e+03 8.31475553e+00 5.57759156e-03 1.16266472e-03
2.94832372e+03 8.31566432e+00 5.57653548e-03 1.15898585e-03
2.94982375e+03 8.31655303e+00 5.57550609e-03 1.15539533e-03
2.95132379e+03 8.31742571e+00 5.57449843e-03 1.15187594e-03
2.95282383e+03 8.31828622e+00 5.57350790e-03 1.14841149e-03
2.95432387e+03 8.31913712e+00 5.57253140e-03 1.14499106e-03
2.95582390e+03 8.31998010e+00 5.57156692e-03 1.14160739e-03
2.95732394e+03 8.32081548e+00 5.57061398e-03 1.13825864e-03
2.95882398e+03 8.32164279e+00 5.56967304e-03 1.13494623e-03
2.96032402e+03 8.32246092e+00 5.56874529e-03 1.13167416e-03
2.96182405e+03 8.32326878e+00 5.56783186e-03 1.12844629e-03
2.96332409e+03 8.32406579e+00 5.56693331e-03 1.12526452e-03
2.96482413e+03 8.32485121e+00 5.56605037e-03 1.12213132e-03
2.96632417e+03 8.32562504e+00 5.56518293e-03 1.11904635e-03
2.96782420e+03 8.32638700e+00 5.56433120e-03 1.11601033e-03
2.96932424e+03 8.32713739e+00 5.56349472e-03 1.11302172e-03
2.97082428e+03 8.32787791e+00 5.56267149e-03 1.11007346e-03
2.97232432e+03 8.32861010e+00 5.56185971e-03 1.10715910e-03
2.97382435e+03 8.32933685e+00 5.56105611e-03 1.10426697e-03
2.97532439e+03 8.33006060e+00 5.56025793e-03 1.10138714e-03
2.97682443e+03 8.33078414e+00 5.55946206e-03 1.09850823e-03
2.97832447e+03 8.33150925e+00 5.55866654e-03 1.09562304e-03
2.97982450e+03 8.33223689e+00 5.55787032e-03 1.09272751e-03
2.98132454e+03 8.33296706e+00 5.55707344e-03 1.08982151e-03
2.98282458e+03 8.33369804e+00 5.55627779e-03 1.08691173e-03
2.98432462e+03 8.33442725e+00 5.55548619e-03 1.08400826e-03
2.98582465e+03 8.33515093e+00 5.55470271e-03 1.08112595e-03
2.98732469e+03 8.33586440e+00 5.55393238e-03 1.07828335e-03
2.98882473e+03 8.33656381e+00 5.55317929e-03 1.07549579e-03
2.99032477e+03 8.33724519e+00 5.55244758e-03 1.07277900e-03
2.99182480e+03 8.33790587e+00 5.55174001e-03 1.07014372e-03
2.99332484e+03 8.33854395e+00 5.55105843e-03 1.06759751e-03
2.99482488e+03 8.33915835e+00 5.55040385e-03 1.06514485e-03
2.99632492e+03 8.33974853e+00 5.54977666e-03 1.06278792e-03
2.99782495e+03 8.34031401e+00 5.54917721e-03 1.06052874e-03
2.99932499e+03 8.34085383e+00 5.54860635e-03 1.05837125e-03
3.00082503e+03 8.34136679e+00 5.54806519e-03 1.05632037e-03
3.00232507e+03 8.34185164e+00 5.54755491e-03 1.05438126e-03
3.00382510e+03 8.34230784e+00 5.54707590e-03 1.05255613e-03
3.00532514e+03 8.34273607e+00 5.54662728e-03 1.05084236e-03
3.00682518e+03 8.34313861e+00 5.54620653e-03 1.04923101e-03
3.00832522e+03 8.34351975e+00 5.54580898e-03 1.04770489e-03
3.00982525e+03 8.34388379e+00 5.54543003e-03 1.04624694e-03
3.01132529e+03 8.34423398e+00 5.54506615e-03 1.04484410e-03
3.01282533e+03 8.34457107e+00 5.54471654e-03 1.04349351e-03
3.01432537e+03 8.34489214e+00 5.54438419e-03 1.04220682e-03
3.01582540e+03 8.34519142e+00 5.54407507e-03 1.04100722e-03
3.01732544e+03 8.34546211e+00 5.54379624e-03 1.03992208e-03
3.01882548e+03 8.34569795e+00 5.54355414e-03 1.03897650e-03
3.02032552e+03 8.34589590e+00 5.54335186e-03 1.03818277e-03
3.02182555e+03 8.34605683e+00 5.54318839e-03 1.03753738e-03
3.02332559e+03 8.34618517e+00 5.54305904e-03 1.03702267e-03
3.02482563e+03 8.34628688e+00 5.54295757e-03 1.03661476e-03
3.02632567e+03 8.34636862e+00 5.54287697e-03 1.03628692e-03
3.02782570e+03 8.34643564e+00 5.54281175e-03 1.03601809e-03
3.02932574e+03 8.34649081e+00 5.54275892e-03 1.03579679e-03
3.03082578e+03 8.34653386e+00 5.54271874e-03 1.03562410e-03
3.03232582e+03 8.34656180e+00 5.54269435e-03 1.03551203e-03
3.03382585e+03 8.34656919e+00 5.54269138e-03 1.03548239e-03
3.03532589e+03 8.34654901e+00 5.54271716e-03 1.03556334e-03
3.03682593e+03 8.34649372e+00 5.54277957e-03 1.03578512e-03
3.03832597e+03 8.34639677e+00 5.54288545e-03 1.03617401e-03
3.03982600e+03 8.34625260e+00 5.54304066e-03 1.03675224e-03
3.04132604e+03 8.34605770e+00 5.54324896e-03 1.03753390e-03
3.04282608e+03 8.34580919e+00 5.54351346e-03 1.03853047e-03
3.04432612e+03 8.34550490e+00 5.54383662e-03 1.03975054e-03
3.04582615e+03 8.34514263e+00 5.54422093e-03 1.04120282e-03
3.04732619e+03 8.34472078e+00 5.54466833e-03 1.04289356e-03
3.04882623e+03 8.34423797e+00 5.54518060e-03 1.04482814e-03
3.05032627e+03 8.34369377e+00 5.54575851e-03 1.04700800e-03
3.05182630e+03 8.34308794e+00 5.54640274e-03 1.04943384e-03
3.05332634e+03 8.34242002e+00 5.54711424e-03 1.05210722e-03
3.05482638e+03 8.34168818e+00 5.54789544e-03 1.05503508e-03
3.05632642e+03 8.34088967e+00 5.54874982e-03 1.05822797e-03
3.05782645e+03 8.34002042e+00 5.54968239e-03 1.06170178e-03
3.05932649e+03 8.33907805e+00 5.55069643e-03 1.06546545e-03
3.06082653e+03 8.33806117e+00 5.55179426e-03 1.06952408e-03
3.06232657e+03 8.33697059e+00 5.55297593e-03 1.07387401e-03
3.06382660e+03 8.33580902e+00 5.55423944e-03 1.07850403e-03
3.06532664e+03 8.33458020e+00 5.55558171e-03 1.08339915e-03
3.06682668e+03 8.33328856e+00 5.55699887e-03 1.08854184e-03
3.06832672e+03 8.33193854e+00 5.55848700e-03 1.09391478e-03
3.06982675e+03 8.33053380e+00 5.56004300e-03 1.09950432e-03
3.07132679e+03 8.32907552e+00 5.56166647e-03 1.10530692e-03
3.07282683e+03 8.32756220e+00 5.56336003e-03 1.11133029e-03
3.07432687e+03 8.32598986e+00 5.56512916e-03 1.11759253e-03
3.07582690e+03 8.32435253e+00 5.56698176e-03 1.12412040e-03
3.07732694e+03 8.32264392e+00 5.56892627e-03 1.13094272e-03
3.07882698e+03 8.32085935e+00 5.57096953e-03 1.13808287e-03
3.08032702e+03 8.31899545e+00 5.57311712e-03 1.14556018e-03
3.08182705e+03 8.31704950e+00 5.57537402e-03 1.15339237e-03
3.08332709e+03 8.31501812e+00 5.57774620e-03 1.16160097e-03
3.08482713e+03 8.31289622e+00 5.58024183e-03 1.17021548e-03
3.08632717e+03 8.31067661e+00 5.58287192e-03 1.17927509e-03
3.08782720e+03 8.30835131e+00 5.58564879e-03 1.18882317e-03
3.08932724e+03 8.30591248e+00 5.58858511e-03 1.19890318e-03
3.09082728e+03 8.30335459e+00 5.59169123e-03 1.20954886e-03
3.09232732e+03 8.30067484e+00 5.59497460e-03 1.22078114e-03
3.09382735e+03 8.29787415e+00 5.59843842e-03 1.23260231e-03
3.09532739e+03 8.29495707e+00 5.60208151e-03 1.24499430e-03
3.09682743e+03 8.29193090e+00 5.60589915e-03 1.25792065e-03
3.09832747e+03 8.28880511e+00 5.60988364e-03 1.27132801e-03
3.09982750e+03 8.28558913e+00 5.61402687e-03 1.28515530e-03
3.10132754e+03 8.28229213e+00 5.61832063e-03 1.29933605e-03
3.10282758e+03 8.27891967e+00 5.62276087e-03 1.31381452e-03
3.10432762e+03 8.27547448e+00 5.62734706e-03 1.32854539e-03
3.10582765e+03 8.27195559e+00 5.63208337e-03 1.34349999e-03
3.10732769e+03 8.26835901e+00 5.63697817e-03 1.35866662e-03
3.10882773e+03 8.26467884e+00 5.64204261e-03 1.37404855e-03
3.11032777e+03 8.26090900e+00 5.64728857e-03 1.38966014e-03
3.11182780e+03 8.25704349e+00 5.65272813e-03 1.40552827e-03
3.11332784e+03 8.25308086e+00 5.65836753e-03 1.42167686e-03
3.11482788e+03 8.24902353e+00 5.66420761e-03 1.43813013e-03
3.11632792e+03 8.24488055e+00 5.67023969e-03 1.45489967e-03
3.11782795e+03 8.24066709e+00 5.67644571e-03 1.47198043e-03
3.11932799e+03 8.23640296e+00 5.68279999e-03 1.48934733e-03
3.12082803e+03 8.23210991e+00 5.68927270e-03 1.50695440e-03
3.12232807e+03 8.22781038e+00 5.69583157e-03 1.52473014e-03
3.12382810e+03 8.22352457e+00 5.70244623e-03 1.54258387e-03
3.12532814e+03 8.21927053e+00 5.70908800e-03 1.56040525e-03
3.12682818e+03 8.21506200e+00 5.71573363e-03 1.57807942e-03
3.12832822e+03 8.21090918e+00 5.72236421e-03 1.59549291e-03
3.12982825e+03 8.20681835e+00 5.72896621e-03 1.61254579e-03
3.13132829e+03 8.20279293e+00 5.73553017e-03 1.62915705e-03
3.13282833e+03 8.19883438e+00 5.74204950e-03 1.64526799e-03
3.13432837e+03 8.19494382e+00 5.74851804e-03 1.66084033e-03
3.13582840e+03 8.19112204e+00 5.75493022e-03 1.67585820e-03
3.13732844e+03 8.18737074e+00 5.76127896e-03 1.69032260e-03
3.13882848e+03 8.18369116e+00 5.76755809e-03 1.70425426e-03
3.14032852e+03 8.18008474e+00 5.77376133e-03 1.71768675e-03
3.14182855e+03 8.17655059e+00 5.77988663e-03 1.73067048e-03
3.14332859e+03 8.17308750e+00 5.78593281e-03 1.74325976e-03
3.14482863e+03 8.16969198e+00 5.79190303e-03 1.75551523e-03
3.14632867e+03 8.16636019e+00 5.79780145e-03 1.76749311e-03
3.14782870e+03 8.16308924e+00 5.80363092e-03 1.77923829e-03
3.14932874e+03 8.15987797e+00 5.80939136e-03 1.79077972e-03
3.15082878e+03 8.15672884e+00 5.81507638e-03 1.80212330e-03
3.15232882e+03 8.15364888e+00 5.82067112e-03 1.81324819e-03
3.15382885e+03 8.15064937e+00 5.82615268e-03 1.82410890e-03
3.15532889e+03 8.14774461e+00 5.83149213e-03 1.83464161e-03
3.15682893e+03 8.14494939e+00 5.83665905e-03 1.84477625e-03
3.15832897e+03 8.14227725e+00 5.84162483e-03 1.85444602e-03
3.15982900e+03 8.13974004e+00 5.84636360e-03 1.86359205e-03
3.16132904e+03 8.13734908e+00 5.85085025e-03 1.87216174e-03
3.16282908e+03 8.13511579e+00 5.85505931e-03 1.88010780e-03
3.16432912e+03 8.13305140e+00 5.85896558e-03 1.88738999e-03
3.16582915e+03 8.13116634e+00 5.86254542e-03 1.89397719e-03
3.16732919e+03 8.12946877e+00 5.86577963e-03 1.89985135e-03
3.16882923e+03 8.12796451e+00 5.86865369e-03 1.90500613e-03
3.17032927e+03 8.12665813e+00 5.87115581e-03 1.90944146e-03
3.17182930e+03 8.12555368e+00 5.87327554e-03 1.91315954e-03
3.17332934e+03 8.12465590e+00 5.87500151e-03 1.91615964e-03
3.17482938e+03 8.12396837e+00 5.87632499e-03 1.91844330e-03
3.17632942e+03 8.12349278e+00 5.87724126e-03 1.92001579e-03
3.17782945e+03 8.12322821e+00 5.87775113e-03 1.92088802e-03
3.17932949e+03 8.12317148e+00 5.87786016e-03 1.92107478e-03
3.18082953e+03 8.12331794e+00 5.87757723e-03 1.92059242e-03
3.18232957e+03 8.12366296e+00 5.87691150e-03 1.91945380e-03
3.18382960e+03 8.12420245e+00 5.87587152e-03 1.91766715e-03
3.18532964e+03 8.12493434e+00 5.87446232e-03 1.91523135e-03
3.18682968e+03 8.12585699e+00 5.87268844e-03 1.91214142e-03
3.18832972e+03 8.12696923e+00 5.87055386e-03 1.90838883e-03
3.18982975e+03 8.12827011e+00 5.86806257e-03 1.90396293e-03
3.19132979e+03 8.12975786e+00 5.86522045e-03 1.89885515e-03
3.19282983e+03 8.13143007e+00 5.86203500e-03 1.89305952e-03
3.19432987e+03 8.13328335e+00 5.85851591e-03 1.88657517e-03
3.19582990e+03 8.13531413e+00 5.85467353e-03 1.87940475e-03
3.19732994e+03 8.13751867e+00 5.85051885e-03 1.87155585e-03
3.19882998e+03 8.13989380e+00 5.84606199e-03 1.86303913e-03
3.20033002e+03 8.14243763e+00 5.84131100e-03 1.85386651e-03
3.20183005e+03 8.14515029e+00 5.83627041e-03 1.84404826e-03
3.20333009e+03 8.14803464e+00 5.83094004e-03 1.83358969e-03
3.20483013e+03 8.15109685e+00 5.82531409e-03 1.82248733e-03
3.20633017e+03 8.15434543e+00 5.81938301e-03 1.81072963e-03
3.20783020e+03 8.15778987e+00 5.81313620e-03 1.79829796e-03
3.20933024e+03 8.16143795e+00 5.80656693e-03 1.78517058e-03
3.21083028e+03 8.16529294e+00 5.79967730e-03 1.77132551e-03
3.21233032e+03 8.16935378e+00 5.79247768e-03 1.75673260e-03
3.21383035e+03 8.17361243e+00 5.78499122e-03 1.74135837e-03
3.21533039e+03 8.17805649e+00 5.77724882e-03 1.72515737e-03
3.21683043e+03 8.18267000e+00 5.76928760e-03 1.70807865e-03
3.21833047e+03 8.18743780e+00 5.76114319e-03 1.69006638e-03
3.21983050e+03 8.19234871e+00 5.75284444e-03 1.67106896e-03
3.22133054e+03 8.19739786e+00 5.74440974e-03 1.65104989e-03
3.22283058e+03 8.20258744e+00 5.73584624e-03 1.62999929e-03
3.22433062e+03 8.20792434e+00 5.72715407e-03 1.60794953e-03
3.22583065e+03 8.21341640e+00 5.71833249e-03 1.58498707e-03
3.22733069e+03 8.21907108e+00 5.70938186e-03 1.56124243e-03
3.22883073e+03 8.22489297e+00 5.70030707e-03 1.53687033e-03
3.23033077e+03 8.23088502e+00 5.69111534e-03 1.51200383e-03
3.23183080e+03 8.23704891e+00 5.68181548e-03 1.48670948e-03
3.23333084e+03 8.24338604e+00 5.67241682e-03 1.46095226e-03
3.23483088e+03 8.24989736e+00 5.66293001e-03 1.43459098e-03
3.23633092e+03 8.25658430e+00 5.65336647e-03 1.40740504e-03
3.23783095e+03 8.26344984e+00 5.64373747e-03 1.37915389e-03
3.23933099e+03 8.27049699e+00 5.63405665e-03 1.34966621e-03
3.24083103e+03 8.27773119e+00 5.62433636e-03 1.31890457e-03
3.24233107e+03 8.28516047e+00 5.61458669e-03 1.28699937e-03
3.24383110e+03 8.29279692e+00 5.60481286e-03 1.25421512e-03
3.24533114e+03 8.30065745e+00 5.59501361e-03 1.22085428e-03
3.24683118e+03 8.30876410e+00 5.58518146e-03 1.18712377e-03
3.24833122e+03 8.31714234e+00 5.57530614e-03 1.15301804e-03
3.24983125e+03 8.32581786e+00 5.56538065e-03 1.11827791e-03
3.25133129e+03 8.33481360e+00 5.55540701e-03 1.08246961e-03
3.25283133e+03 8.34414808e+00 5.54539928e-03 1.04518823e-03
3.25433137e+03 8.35383567e+00 5.53538239e-03 1.00630883e-03
3.25583140e+03 8.36388870e+00 5.52538648e-03 9.66130004e-04
3.25733144e+03 8.37431671e+00 5.51544302e-03 9.25279016e-04
3.25883148e+03 8.38512275e+00 5.50558460e-03 8.84369073e-04
3.26033152e+03 8.39629881e+00 5.49584848e-03 8.43613622e-04
3.26183155e+03 8.40782297e+00 5.48628188e-03 8.02735773e-04
3.26333159e+03 8.41966347e+00 5.47694129e-03 7.61335182e-04
3.26483163e+03 8.43178711e+00 5.46788409e-03 7.19450826e-04
3.26633167e+03 8.44416402e+00 5.45915824e-03 6.77767507e-04
3.26783170e+03 8.45677239e+00 5.45079258e-03 6.37168811e-04
3.26933174e+03 8.46960079e+00 5.44279685e-03 5.98042550e-04
3.27083178e+03 8.48264938e+00 5.43517033e-03 5.60048725e-04
3.27233182e+03 8.49593042e+00 5.42791130e-03 5.22610756e-04
3.27383185e+03 8.50946846e+00 5.42101868e-03 4.85617130e-04
3.27533189e+03 8.52329777e+00 5.41448730e-03 4.49577856e-04
3.27683193e+03 8.53745950e+00 5.40830382e-03 4.15054421e-04
3.27833197e+03 8.55199587e+00 5.40245221e-03 3.82023711e-04
3.27983200e+03 8.56694735e+00 5.39692352e-03 3.49953847e-04
3.28133204e+03 8.58234644e+00 5.39172147e-03 3.18567253e-04
3.28283208e+03 8.59821716e+00 5.38685437e-03 2.88297816e-04
3.28433212e+03 8.61457284e+00 5.38232499e-03 2.59766323e-04
3.28583215e+03 8.63141675e+00 5.37813064e-03 2.32984874e-04
3.28733219e+03 8.64874372e+00 5.37427204e-03 2.07532746e-04
3.28883223e+03 8.66654173e+00 5.37075388e-03 1.83433488e-04
3.29033227e+03 8.68479622e+00 5.36757352e-03 1.61208984e-04
3.29183230e+03 8.70349278e+00 5.36471694e-03 1.41015086e-04
3.29333234e+03 8.72262015e+00 5.36216820e-03 1.22470309e-04
3.29483238e+03 8.74217190e+00 5.35991433e-03 1.05449108e-04
3.29633242e+03 8.76214266e+00 5.35793826e-03 9.02313168e-05
3.29783245e+03 8.78252410e+00 5.35621668e-03 7.67971609e-05
3.29933249e+03 8.80330040e+00 5.35472831e-03 6.48090285e-05
3.30083253e+03 8.82445273e+00 5.35345484e-03 5.42119240e-05
3.30233257e+03 8.84596801e+00 5.35237434e-03 4.50932194e-05
3.30383260e+03 8.86784960e+00 5.35146289e-03 3.72469983e-05
3.30533264e+03 8.89011949e+00 5.35070017e-03 3.04489607e-05
3.30683268e+03 8.91281313e+00 5.35006739e-03 2.46881346e-05
3.30833272e+03 8.93596805e+00 5.34954560e-03 1.98697548e-05
3.30983275e+03 8.95961521e+00 5.34911888e-03 1.58040523e-05
3.31133279e+03 8.98377467e+00 5.34877400e-03 1.24323507e-05
3.31283283e+03 9.00845668e+00 5.34849790e-03 9.69628533e-06
3.31433287e+03 9.03366371e+00 5.34827919e-03 7.46534956e-06
3.31583290e+03 9.05939547e+00 5.34810834e-03 5.67656959e-06
3.31733294e+03 9.08564843e+00 5.34797637e-03 4.27493513e-06
3.31883298e+03 9.11241726e+00 5.34787564e-03 3.17369705e-06
3.32033302e+03 9.13969441e+00 5.34779992e-03 2.32649662e-06
3.32183305e+03 9.16747035e+00 5.34774367e-03 1.68673476e-06
3.32333309e+03 9.19573311e+00 5.34770245e-03 1.20392300e-06
3.32483313e+03 9.22446927e+00 5.34767272e-03 8.49234542e-07
3.32633317e+03 9.25366409e+00 5.34765152e-03 5.91035664e-07
3.32783320e+03 9.28330204e+00 5.34763666e-03 4.05061758e-07
3.32933324e+03 9.31336763e+00 5.34762638e-03 2.74434436e-07
3.33083328e+03 9.34384698e+00 5.34761936e-03 1.82948453e-07
3.33233332e+03 9.37472949e+00 5.34761466e-03 1.20380948e-07
3.33383335e+03 9.40600908e+00 5.34761154e-03 7.80790332e-08
3.33533339e+03 9.43768482e+00 5.34760950e-03 4.98403513e-08
3.33683343e+03 9.46976100e+00 5.34760820e-03 3.13964328e-08
3.33833347e+03 9.50224537e+00 5.34760737e-03 1.94296306e-08
3.33983350e+03 9.53514794e+00 5.34760686e-03 1.18559087e-08
3.34133354e+03 9.56847878e+00 5.34760654e-03 7.10456148e-09
3.34283358e+03 9.60224544e+00 5.34760635e-03 4.18937017e-09
3.34433362e+03 9.63645199e+00 5.34760624e-03 2.42676422e-09
3.34583365e+03 9.67110006e+00 5.34760617e-03 1.38061540e-09
3.34733369e+03 9.70619341e+00 5.34760613e-03 7.71707589e-10
3.34883373e+03 9.74174201e+00 5.34760611e-03 4.22947854e-10
3.35033377e+03 9.77776262e+00 5.34760610e-03 2.27610927e-10
3.35183380e+03 9.81427559e+00 5.34760609e-03 1.19945381e-10
3.35333384e+03 9.85129923e+00 5.34760609e-03 6.20759434e-11
3.35483388e+03 9.88884527e+00 5.34760609e-03 3.16201871e-11
3.35633392e+03 9.92691915e+00 5.34760609e-03 1.62401643e-11
3.35783395e+03 9.96552123e+00 5.34760609e-03 9.15199626e-12
3.35933399e+03 1.00046475e+01 5.34760609e-03 7.14545783e-12
3.36083403e+03 1.00442913e+01 5.34760609e-03 9.35427362e-12
3.36233407e+03 1.00844420e+01 5.34760609e-03 1.71907719e-11
3.36383410e+03 1.01250847e+01 5.34760609e-03 3.51649507e-11
3.36533414e+03 1.01662034e+01 5.34760608e-03 7.35875778e-11
3.36683418e+03 1.02077819e+01 5.34760608e-03 1.53663663e-10
3.36833422e+03 1.02498092e+01 5.34760607e-03 3.19240965e-10
3.36983425e+03 1.02922794e+01 5.34760605e-03 6.57489894e-10
3.37133429e+03 1.03351947e+01 5.34760601e-03 1.34248125e-09
3.37283433e+03 1.03785662e+01 5.34760593e-03 2.71766141e-09
3.37433437e+03 1.04224132e+01 5.34760576e-03 5.44134524e-09
3.37583440e+03 1.04667645e+01 5.34760541e-03 1.08080542e-08
3.37733444e+03 1.05116566e+01 5.34760473e-03 2.12159944e-08
3.37883448e+03 1.05571329e+01 5.34760337e-03 4.12678850e-08
3.38033452e+03 1.06032398e+01 5.34760071e-03 7.94663613e-08
3.38183455e+03 1.06500261e+01 5.34759554e-03 1.51172260e-07
3.38333459e+03 1.06975388e+01 5.34758560e-03 2.85059820e-07
3.38483463e+03 1.07458221e+01 5.34756668e-03 5.30695520e-07
3.38633467e+03 1.07949113e+01 5.34753105e-03 9.75601957e-07
3.38783470e+03 1.08448267e+01 5.34746483e-03 1.77376285e-06
3.38933474e+03 1.08955669e+01 5.34734352e-03 3.17353633e-06
3.39083478e+03 1.09471026e+01 5.34712464e-03 5.58583016e-06
3.39233482e+03 1.09993817e+01 5.34673697e-03 9.67950136e-06
3.39383485e+03 1.10523420e+01 5.34606430e-03 1.64321203e-05
3.39533489e+03 1.11059350e+01 5.34492097e-03 2.72759035e-05
3.39683493e+03 1.11601452e+01 5.34301989e-03 4.43603488e-05
3.39833497e+03 1.12149959e+01 5.33993083e-03 7.05546500e-05
3.39983500e+03 1.12705393e+01 5.33502251e-03 1.09380292e-04
3.40133504e+03 1.13268380e+01 5.32739686e-03 1.65427299e-04
3.40283508e+03 1.13839522e+01 5.31583267e-03 2.44385740e-04
3.40433512e+03 1.14419348e+01 5.29873900e-03 3.51789394e-04
3.40583515e+03 1.15008341e+01 5.27412653e-03 4.91876270e-04
3.40733519e+03 1.15606964e+01 5.23964400e-03 6.67539732e-04
3.40883523e+03 1.16215664e+01 5.19272441e-03 8.79468352e-04
3.41033527e+03 1.16834853e+01 5.13084293e-03 1.12330190e-03
3.41183530e+03 1.17464859e+01 5.05187736e-03 1.38703087e-03
3.41333534e+03 1.18105896e+01 4.95456020e-03 1.65106842e-03
3.41483538e+03 1.18758033e+01 4.83897955e-03 1.89065738e-03
3.41633542e+03 1.19421179e+01 4.70700483e-03 2.07919784e-03
3.41783545e+03 1.20095090e+01 4.56247739e-03 2.19212131e-03
3.41933549e+03 1.20779364e+01 4.41103819e-03 2.21145272e-03
3.42083553e+03 1.21473471e+01 4.25954233e-03 2.13030968e-03
3.42233557e+03 1.22176814e+01 4.11513850e-03 1.95563212e-03
3.42383560e+03 1.22888866e+01 3.98420410e-03 1.70763481e-03
3.42533564e+03 1.23609365e+01 3.87141816e-03 1.41575544e-03
3.42683568e+03 1.24338480e+01 3.77922577e-03 1.11239936e-03
3.42833572e+03 1.25076856e+01 3.70780590e-03 8.26608305e-04
3.42983575e+03 1.25825440e+01 3.65546692e-03 5.79489631e-04
3.43133579e+03 1.26585141e+01 3.61927796e-03 3.82230321e-04
3.43283583e+03 1.27356504e+01 3.59574496e-03 2.36565064e-04
3.43433587e+03 1.28139552e+01 3.58140014e-03 1.37034759e-04
3.43583590e+03 1.28933923e+01 3.57322697e-03 7.41338196e-05
3.43733594e+03 1.29739251e+01 3.56888347e-03 3.73782620e-05
3.43883598e+03 1.30555548e+01 3.56673418e-03 1.75245415e-05
3.44033602e+03 1.31383286e+01 3.56574587e-03 7.61864012e-06
3.44183605e+03 1.32223147e+01 3.56532472e-03 3.06097358e-06
3.44333609e+03 1.33075714e+01 3.56515898e-03 1.13243333e-06
3.44483613e+03 1.33941333e+01 3.56509895e-03 3.84404049e-07
3.44633617e+03 1.34820145e+01 3.56507901e-03 1.19366860e-07
3.44783620e+03 1.35712176e+01 3.56507295e-03 3.38343241e-08
3.44933624e+03 1.36617359e+01 3.56507127e-03 8.73774157e-09
3.45083628e+03 1.37535532e+01 3.56507085e-03 2.05068487e-09
3.45233632e+03 1.38466395e+01 3.56507075e-03 4.36148209e-10
3.45383635e+03 1.39409508e+01 3.56507073e-03 8.39729129e-11
3.45533639e+03 1.40364375e+01 3.56507073e-03 1.46452693e-11
3.45683643e+03 1.41330607e+01 3.56507073e-03 2.31284036e-12
3.45833647e+03 1.42308089e+01 3.56507073e-03 3.30383003e-13
3.45983650e+03 1.43296960e+01 3.56507073e-03 4.27299106e-14
3.46133654e+03 1.44297413e+01 3.56507073e-03 5.01142050e-15
3.46283658e+03 1.45309415e+01 3.56507073e-03 5.33963544e-16
3.46433662e+03 1.46332568e+01 3.56507073e-03 5.19694849e-17
3.46583665e+03 1.47366326e+01 3.56507073e-03 4.65415786e-18
3.46733669e+03 1.48410437e+01 3.56507073e-03 3.86487081e-19
3.46883673e+03 1.49465277e+01 3.56507073e-03 3.00066273e-20
3.47033677e+03 1.50531725e+01 3.56507073e-03 2.19384195e-21
3.47183680e+03 1.51610750e+01 3.56507073e-03 1.52070620e-22
3.47333684e+03 1.52703059e+01 3.56507073e-03 1.00558986e-23
3.47483688e+03 1.53809041e+01 3.56507073e-03 6.37540318e-25
3.47633692e+03 1.54928892e+01 3.56507073e-03 3.88879199e-26
3.47783695e+03 1.56062735e+01 3.56507073e-03 2.28652794e-27
3.47933699e+03 1.57210630e+01 3.56507073e-03 1.29716201e-28
3.48083703e+03 1.58372524e+01 3.56507073e-03 7.10426572e-30
3.48233707e+03 1.59548158e+01 3.56507073e-03 3.75933083e-31
3.48383710e+03 1.60737032e+01 3.56507073e-03 1.94547100e-32
3.48533714e+03 1.61938525e+01 3.56507073e-03 5.20116844e-33
3.48683718e+03 1.63152154e+01 3.56507073e-03 8.82980833e-32
3.48833722e+03 1.64377793e+01 3.56507073e-03 1.88991388e-30
3.48983725e+03 1.65615661e+01 3.56507073e-03 4.17272423e-29
3.49133729e+03 1.66866025e+01 3.56507073e-03 9.50372854e-28
3.49283733e+03 1.68128910e+01 3.56507073e-03 2.23203637e-26
3.49433737e+03 1.69404142e+01 3.56507073e-03 5.39613227e-25
3.49583740e+03 1.70691754e+01 3.56507073e-03 1.33852356e-23
3.49733744e+03 1.71992339e+01 3.56507073e-03 3.38791642e-22
3.49883748e+03 1.73306949e+01 3.56507073e-03 8.66561733e-21
3.50033752e+03 1.74636688e+01 3.56507073e-03 2.20566260e-19
3.50183755e+03 1.75982443e+01 3.56507073e-03 5.47335399e-18
3.50333759e+03 1.77344874e+01 3.56507073e-03 1.29409598e-16
3.50483763e+03 1.78724507e+01 3.56507073e-03 2.84945503e-15
3.50633767e+03 1.80121675e+01 3.56507073e-03 5.71932765e-14
3.50783770e+03 1.81536357e+01 3.56507073e-03 1.02607461e-12
3.50933774e+03 1.82968058e+01 3.56507072e-03 1.61608148e-11
3.51083778e+03 1.84415976e+01 3.56507071e-03 2.19902772e-10
3.51233782e+03 1.85879435e+01 3.56507057e-03 2.54995804e-09
3.51383785e+03 1.87358406e+01 3.56506906e-03 2.49201041e-08
3.51533789e+03 1.88853609e+01 3.56505583e-03 2.03384624e-07
3.51683793e+03 1.90366198e+01 3.56495945e-03 1.37472875e-06
3.51833797e+03 1.91897208e+01 3.56437944e-03 7.62934728e-06
3.51983800e+03 1.93447155e+01 3.56152253e-03 3.44365926e-05
3.52133804e+03 1.95015986e+01 3.55011432e-03 1.25149981e-04
3.52283808e+03 1.96603370e+01 3.51353324e-03 3.62489248e-04
3.52433812e+03 1.98208886e+01 3.42020428e-03 8.28674258e-04
3.52583815e+03 1.99831721e+01 3.23246114e-03 1.48205394e-03
3.52733819e+03 2.01470267e+01 2.93728302e-03 2.05759266e-03
3.52883823e+03 2.03122497e+01 2.57735175e-03 2.20076941e-03
3.53033827e+03 2.04787209e+01 2.23902841e-03 1.79870447e-03
3.53183830e+03 2.06465034e+01 1.99508970e-03 1.11521553e-03
3.53333834e+03 2.08158271e+01 1.86086959e-03 5.21863459e-04
3.53483838e+03 2.09869824e+01 1.80490647e-03 1.82996288e-04
3.53633842e+03 2.11602171e+01 1.78739360e-03 4.74394459e-05
3.53783845e+03 2.13356958e+01 1.78332475e-03 8.98937928e-06
3.53933849e+03 2.15135087e+01 1.78262993e-03 1.23751333e-06
3.54083853e+03 2.16936842e+01 1.78254361e-03 1.22129288e-07
3.54233857e+03 2.18761858e+01 1.78253588e-03 8.58936035e-09
3.54383860e+03 2.20609015e+01 1.78253539e-03 4.29302247e-10
3.54533864e+03 2.22476725e+01 1.78253536e-03 1.60281700e-11
3.54683868e+03 2.24363764e+01 1.78253536e-03 3.01042564e-11
3.54833872e+03 2.26270043e+01 1.78253531e-03 8.41252742e-10
3.54983875e+03 2.28196506e+01 1.78253417e-03 1.77578889e-08
3.55133879e+03 2.30144458e+01 1.78251478e-03 2.73461446e-07
3.55283883e+03 2.32115110e+01 1.78227487e-03 3.03191233e-06
3.55433887e+03 2.34109461e+01 1.78015048e-03 2.37614685e-05
3.55583890e+03 2.36128123e+01 1.76688210e-03 1.29231594e-04
3.55733894e+03 2.38170850e+01 1.70931866e-03 4.81550916e-04
3.55883898e+03 2.40235887e+01 1.53859228e-03 1.20761050e-03
3.56033902e+03 2.42319676e+01 1.19737208e-03 2.00249472e-03
3.56183905e+03 2.44417958e+01 7.43088888e-04 2.17226452e-03
3.56333909e+03 2.46528241e+01 3.43385302e-04 1.53158618e-03
3.56483913e+03 2.48651416e+01 1.12253815e-04 6.96724930e-04
3.56633917e+03 2.50790709e+01 2.49848480e-05 2.02395447e-04
3.56783920e+03 2.52949336e+01 3.67490475e-06 3.71090681e-05
3.56933924e+03 2.55129229e+01 3.48919027e-07 4.24664388e-06
3.57083928e+03 2.57331128e+01 2.10075393e-08 3.00406960e-07
3.57233932e+03 2.59555098e+01 7.92172203e-10 1.30423795e-08
3.57383935e+03 2.61800912e+01 1.85923949e-11 3.46429005e-10
3.57533939e+03 2.64068241e+01 2.72138890e-13 5.64913803e-12
3.57683943e+03 2.66356729e+01 2.52112389e-15 5.73848237e-14
3.57833947e+03 2.68666029e+01 1.53105801e-17 3.75380061e-16
3.57983950e+03 2.70995814e+01 6.50294221e-20 1.68176913e-18
3.58133954e+03 2.73345782e+01 2.12613983e-22 5.67084421e-21
3.58283958e+03 2.75715652e+01 5.93674234e-25 1.60367714e-23
3.58433962e+03 2.78105163e+01 1.52213776e-27 4.12632822e-26
3.58583965e+03 2.80514071e+01 3.69109680e-30 1.00158863e-28
3.58733969e+03 2.82942151e+01 8.52493047e-33 2.31458852e-31
3.58883973e+03 2.85389188e+01 1.87771550e-35 5.10080513e-34
3.59033977e+03 2.87854982e+01 3.94649467e-38 1.07259662e-36
3.59183980e+03 2.90339346e+01 7.91847228e-41 2.15314434e-39
3.59333984e+03 2.92842099e+01 1.51744546e-43 4.12803025e-42
3.59483988e+03 2.95363072e+01 2.77851037e-46 7.56190691e-45
3.59633992e+03 2.97902105e+01 4.86307336e-49 1.32407138e-47
3.59783995e+03 3.00459043e+01 8.13911733e-52 2.21692577e-50
3.59933999e+03 3.03033742e+01 1.30307193e-54 3.55064876e-53
3.60084003e+03 3.05626057e+01 1.99636628e-57 5.44173586e-56
3.60234007e+03 3.08235857e+01 2.92775945e-60 7.98331286e-59
3.60384011e+03 3.10863012e+01 4.11144403e-63 1.12146435e-61
3.60534014e+03 3.13507398e+01 5.53034867e-66 1.50896757e-64
3.60684018e+03 3.16168898e+01 7.12748579e-69 1.94532959e-67
3.60834022e+03 3.18847396e+01 8.80382594e-72 2.40353807e-70
3.60984026e+03 3.21542781e+01 1.04250413e-74 2.84690840e-73
3.61134029e+03 3.24254948e+01 1.18377891e-77 3.23352353e-76
3.61284033e+03 3.26983792e+01 1.28932306e-80 3.52265886e-79
3.61434037e+03 3.29729216e+01 1.34728337e-83 3.68184081e-82
3.61584041e+03 3.32491121e+01 1.35103611e-86 3.69287123e-85
3.61734044e+03 3.35269417e+01 1.30042603e-89 3.55523286e-88
3.61884048e+03 3.38064012e+01 1.20174790e-92 3.28605704e-91
3.62034052e+03 3.40874820e+01 1.06645881e-95 2.91661690e-94
3.62184056e+03 3.43701753e+01 9.09016924e-99 2.48642395e-97
3.62334059e+03 3.46544730e+01 7.44365648e-102 2.03634743e-100
3.62484063e+03 3.49403674e+01 5.85694976e-105 1.60248477e-103
3.62634067e+03 3.52278504e+01 4.42907120e-108 1.21195511e-106
3.62784071e+03 3.55169146e+01 3.21952643e-111 8.81073233e-110
3.62934074e+03 3.58075526e+01 2.25003074e-114 6.15813726e-113
3.63084078e+03 3.60997573e+01 1.51210211e-117 4.13883169e-116
3.63234082e+03 3.63935216e+01 9.77337921e-121 2.67529720e-119
3.63384086e+03 3.66888390e+01 6.07647320e-124 1.66342983e-122
3.63534089e+03 3.69857026e+01 3.63475527e-127 9.95058761e-126
3.63684093e+03 3.72841061e+01 2.09211056e-130 5.72761667e-129
3.63834097e+03 3.75840432e+01 1.15890502e-133 3.17283933e-132
3.63984101e+03 3.78855079e+01 6.17917417e-137 1.69175250e-135
3.64134104e+03 3.81884940e+01 3.17175343e-140 8.68374868e-139
3.64284108e+03 3.84929957e+01 1.56753270e-143 4.29161956e-142
3.64434112e+03 3.87990075e+01 7.46009877e-147 2.04240260e-145
3.64584116e+03 3.91065237e+01 3.41933309e-150 9.36107677e-149
3.64734119e+03 3.94155388e+01 1.50962622e-153 4.13272918e-152
3.64884123e+03 3.97260477e+01 6.42072448e-157 1.75764117e-155
3.65034127e+03 4.00380450e+01 2.63112280e-160 7.20214001e-159
3.65184131e+03 4.03515258e+01 1.03895549e-163 2.84372299e-162
3.65334134e+03 4.06664849e+01 3.95372763e-167 1.08208825e-165
3.65484138e+03 4.09829176e+01 1.45017787e-170 3.96861099e-169
3.65634142e+03 4.13008192e+01 5.12732511e-174 1.40302434e-172
3.65784146e+03 4.16201850e+01 1.74770371e-177 4.78184030e-176
3.65934149e+03 4.19410104e+01 5.74383387e-181 1.57136796e-179
3.66084153e+03 4.22632910e+01 1.82028791e-184 4.97921370e-183
3.66234157e+03 4.25870223e+01 5.56328201e-188 1.52157144e-186
3.66384161e+03 4.29122003e+01 1.63990731e-191 4.48453208e-190
3.66534164e+03 4.32388206e+01 4.66286117e-195 1.27491986e-193
3.66684168e+03 4.35668790e+01 1.27901178e-198 3.49650017e-197
3.66834172e+03 4.38963718e+01 3.38475379e-202 9.25147071e-201
3.66984176e+03 4.42272948e+01 8.64281904e-206 2.36189131e-204
3.67134179e+03 4.45596443e+01 2.12961048e-209 5.81864149e-208
3.67284183e+03 4.48934164e+01 5.06410270e-213 1.38336582e-211
3.67434187e+03 4.52286074e+01 1.16225939e-216 3.17429230e-215
3.67584191e+03 4.55652137e+01 2.57478349e-220 7.03056325e-219
3.67734194e+03 4.59032318e+01 5.50622996e-224 1.50316123e-222
3.67884198e+03 4.62426580e+01 1.13679662e-227 3.10264514e-226
3.68034202e+03 4.65834890e+01 2.26601415e-231 6.18310168e-230
3.68184206e+03 4.69257216e+01 4.36143538e-235 1.18977271e-233
3.68334209e+03 4.72693523e+01 8.10622730e-239 2.21075443e-237
3.68484213e+03 4.76143777e+01 1.45502277e-242 3.96711771e-241
3.68634217e+03 4.79607948e+01 2.52239683e-246 6.87541177e-245
3.68784221e+03 4.83086003e+01 4.22364046e-250 1.15092945e-248
3.68934224e+03 4.86577915e+01 6.83154831e-254 1.86103203e-252
3.69084228e+03 4.90083651e+01 1.06744321e-257 2.90702610e-256
3.69234232e+03 4.93603183e+01 1.61137182e-261 4.38698244e-260
3.69384236e+03 4.97136481e+01 2.35019410e-265 6.39641153e-264
3.69534239e+03 5.00683517e+01 3.31206675e-269 9.01137074e-268
3.69684243e+03 5.04244262e+01 4.51038494e-273 1.22676420e-271
3.69834247e+03 5.07818688e+01 5.93577240e-277 1.61390162e-275
3.69984251e+03 5.11406772e+01 7.54945482e-281 2.05193871e-279
3.70134254e+03 5.15008482e+01 9.28031816e-285 2.52149028e-283
3.70284258e+03 5.18623795e+01 1.10266828e-288 2.99489528e-287
3.70434262e+03 5.22252686e+01 1.26644889e-292 3.43845588e-291
3.70584266e+03 5.25895130e+01 1.40610548e-296 3.81618523e-295
3.70734269e+03 5.29551099e+01 1.50927289e-300 4.09460318e-299
3.70884273e+03 5.33220573e+01 1.56623869e-304 4.24747924e-303
3.71034277e+03 5.36903524e+01 1.57151402e-308 4.26007876e-307
3.71184281e+03 5.40599932e+01 1.52442767e-312 4.13075129e-311
3.71334284e+03 5.44309774e+01 1.41953978e-316 3.84493914e-315
3.71484288e+03 5.48033023e+01 1.15759581e-320 3.13736626e-319
3.71634292e+03 5.51769662e+01 0.00000000e+00 1.48219694e-323
3.71784296e+03 5.55519667e+01 0.00000000e+00 0.00000000e+00
3.71934299e+03 5.59283017e+01 0.00000000e+00 0.00000000e+00
3.72084303e+03 5.63059689e+01 0.00000000e+00 0.00000000e+00
3.72234307e+03 5.66849667e+01 0.00000000e+00 0.00000000e+00
3.72384311e+03 5.70652925e+01 0.00000000e+00 0.00000000e+00
3.72534314e+03 5.74469447e+01 0.00000000e+00 0.00000000e+00
3.72684318e+03 5.78299212e+01 0.00000000e+00 0.00000000e+00
3.72834322e+03 5.82142201e+01 0.00000000e+00 0.00000000e+00
3.72984326e+03 5.85998393e+01 0.00000000e+00 0.00000000e+00
3.73134329e+03 5.89867772e+01 0.00000000e+00 0.00000000e+00
3.73284333e+03 5.93750319e+01 0.00000000e+00 0.00000000e+00
3.73434337e+03 5.97646016e+01 0.00000000e+00 0.00000000e+00
3.73584341e+03 6.01554846e+01 0.00000000e+00 0.00000000e+00
3.73734344e+03 6.05476790e+01 0.00000000e+00 0.00000000e+00
3.73884348e+03 6.09411831e+01 0.00000000e+00 0.00000000e+00
3.74034352e+03 6.13359953e+01 0.00000000e+00 0.00000000e+00
3.74184356e+03 6.17321140e+01 0.00000000e+00 0.00000000e+00
3.74334359e+03 6.21295376e+01 0.00000000e+00 0.00000000e+00
3.74484363e+03 6.25282641e+01 0.00000000e+00 0.00000000e+00
3.74634367e+03 6.29282926e+01 0.00000000e+00 0.00000000e+00
3.74784371e+03 6.33296212e+01 0.00000000e+00 0.00000000e+00
3.74934374e+03 6.37322484e+01 0.00000000e+00 0.00000000e+00
3.75084378e+03 6.41361728e+01 0.00000000e+00 0.00000000e+00
3.75234382e+03 6.45413928e+01 0.00000000e+00 0.00000000e+00
3.75384386e+03 6.49479071e+01 0.00000000e+00 0.00000000e+00
3.75534389e+03 6.53557143e+01 0.00000000e+00 0.00000000e+00
3.75684393e+03 6.57648129e+01 0.00000000e+00 0.00000000e+00
3.75834397e+03 6.61752017e+01 0.00000000e+00 0.00000000e+00
3.75984401e+03 6.65868793e+01 0.00000000e+00 0.00000000e+00
3.76134404e+03 6.69998443e+01 0.00000000e+00 0.00000000e+00
3.76284408e+03 6.74140956e+01 0.00000000e+00 0.00000000e+00
3.76434412e+03 6.78296318e+01 0.00000000e+00 0.00000000e+00
3.76584416e+03 6.82464519e+01 0.00000000e+00 0.00000000e+00
3.76734419e+03 6.86645542e+01 0.00000000e+00 0.00000000e+00
3.76884423e+03 6.90839381e+01 0.00000000e+00 0.00000000e+00
3.77034427e+03 6.95046021e+01 0.00000000e+00 0.00000000e+00
3.77184431e+03 6.99265449e+01 0.00000000e+00 0.00000000e+00
3.77334434e+03 7.03497657e+01 0.00000000e+00 0.00000000e+00
3.77484438e+03 7.07742632e+01 0.00000000e+00 0.00000000e+00
3.77634442e+03 7.12000367e+01 0.00000000e+00 0.00000000e+00
3.77784446e+03 7.16270846e+01 0.00000000e+00 0.00000000e+00
3.77934449e+03 7.20554061e+01 0.00000000e+00 0.00000000e+00
3.78084453e+03 7.24850004e+01 0.00000000e+00 0.00000000e+00
3.78234457e+03 7.29158659e+01 0.00000000e+00 0.00000000e+00
3.78384461e+03 7.33480023e+01 0.00000000e+00 0.00000000e+00
3.78534464e+03 7.37814082e+01 0.00000000e+00 0.00000000e+00
3.78684468e+03 7.42160829e+01 0.00000000e+00 0.00000000e+00
3.78834472e+03 7.46520253e+01 0.00000000e+00 0.00000000e+00
3.78984476e+03 7.50892345e+01 0.00000000e+00 0.00000000e+00
3.79134479e+03 7.55277098e+01 0.00000000e+00 0.00000000e+00
3.79284483e+03 7.59674502e+01 0.00000000e+00 0.00000000e+00
3.79434487e+03 7.64084549e+01 0.00000000e+00 0.00000000e+00
3.79584491e+03 7.68507230e+01 0.00000000e+00 0.00000000e+00
3.79734494e+03 7.72942537e+01 0.00000000e+00 0.00000000e+00
3.79884498e+03 7.77390462e+01 0.00000000e+00 0.00000000e+00
3.80034502e+03 7.81850999e+01 0.00000000e+00 0.00000000e+00
3.80184506e+03 7.86324138e+01 0.00000000e+00 0.00000000e+00
3.80334509e+03 7.90809873e+01 0.00000000e+00 0.00000000e+00
3.80484513e+03 7.95308196e+01 0.00000000e+00 0.00000000e+00
3.80634517e+03 7.99819101e+01 0.00000000e+00 0.00000000e+00
3.80784521e+03 8.04342579e+01 0.00000000e+00 0.00000000e+00
3.80934524e+03 8.08878626e+01 0.00000000e+00 0.00000000e+00
3.81084528e+03 8.13427232e+01 0.00000000e+00 0.00000000e+00
3.81234532e+03 8.17988394e+01 0.00000000e+00 0.00000000e+00
3.81384536e+03 8.22562102e+01 0.00000000e+00 0.00000000e+00
3.81534539e+03 8.27148354e+01 0.00000000e+00 0.00000000e+00
3.81684543e+03 8.31747140e+01 0.00000000e+00 0.00000000e+00
3.81834547e+03 8.36358459e+01 0.00000000e+00 0.00000000e+00
3.81984551e+03 8.40982301e+01 0.00000000e+00 0.00000000e+00
3.82134554e+03 8.45618663e+01 0.00000000e+00 0.00000000e+00
3.82284558e+03 8.50267537e+01 0.00000000e+00 0.00000000e+00
3.82434562e+03 8.54928920e+01 0.00000000e+00 0.00000000e+00
3.82584566e+03 8.59602808e+01 0.00000000e+00 0.00000000e+00
3.82734569e+03 8.64289193e+01 0.00000000e+00 0.00000000e+00
3.82884573e+03 8.68988071e+01 0.00000000e+00 0.00000000e+00
3.83034577e+03 8.73699439e+01 0.00000000e+00 0.00000000e+00
3.83184581e+03 8.78423291e+01 0.00000000e+00 0.00000000e+00
3.83334584e+03 8.83159623e+01 0.00000000e+00 0.00000000e+00
3.83484588e+03 8.87908430e+01 0.00000000e+00 0.00000000e+00
3.83634592e+03 8.92669710e+01 0.00000000e+00 0.00000000e+00
3.83784596e+03 8.97443457e+01 0.00000000e+00 0.00000000e+00
3.83934599e+03 9.02229669e+01 0.00000000e+00 0.00000000e+00
3.84084603e+03 9.07028341e+01 0.00000000e+00 0.00000000e+00
3.84234607e+03 9.11839468e+01 0.00000000e+00 0.00000000e+00
3.84384611e+03 9.16663050e+01 0.00000000e+00 0.00000000e+00
3.84534614e+03 9.21499081e+01 0.00000000e+00 0.00000000e+00
3.84684618e+03 9.26347561e+01 0.00000000e+00 0.00000000e+00
3.84834622e+03 9.31208482e+01 0.00000000e+00 0.00000000e+00
3.84984626e+03 9.36081845e+01 0.00000000e+00 0.00000000e+00
3.85134629e+03 9.40967645e+01 0.00000000e+00 0.00000000e+00
3.85284633e+03 9.45865882e+01 0.00000000e+00 0.00000000e+00
3.85434637e+03 9.50776551e+01 0.00000000e+00 0.00000000e+00
3.85584641e+03 9.55699651e+01 0.00000000e+00 0.00000000e+00
3.85734644e+03 9.60635179e+01 0.00000000e+00 0.00000000e+00
3.85884648e+03 9.65583133e+01 0.00000000e+00 0.00000000e+00
3.86034652e+03 9.70543511e+01 0.00000000e+00 0.00000000e+00
3.86184656e+03 9.75516309e+01 0.00000000e+00 0.00000000e+00
3.86334659e+03 9.80501529e+01 0.00000000e+00 0.00000000e+00
3.86484663e+03 9.85499168e+01 0.00000000e+00 0.00000000e+00
3.86634667e+03 9.90509221e+01 0.00000000e+00 0.00000000e+00
3.86784671e+03 9.95531693e+01 0.00000000e+00 0.00000000e+00
3.86934674e+03 1.00056658e+02 0.00000000e+00 0.00000000e+00
3.87084678e+03 1.00561387e+02 0.00000000e+00 0.00000000e+00
3.87234682e+03 1.01067358e+02 0.00000000e+00 0.00000000e+00
3.87384686e+03 1.01574570e+02 0.00000000e+00 0.00000000e+00
3.87534689e+03 1.02083023e+02 0.00000000e+00 0.00000000e+00
3.87684693e+03 1.02592717e+02 0.00000000e+00 0.00000000e+00
3.87834697e+03 1.03103652e+02 0.00000000e+00 0.00000000e+00
3.87984701e+03 1.03615827e+02 0.00000000e+00 0.00000000e+00
3.88134704e+03 1.04129243e+02 0.00000000e+00 0.00000000e+00
3.88284708e+03 1.04643900e+02 0.00000000e+00 0.00000000e+00
3.88434712e+03 1.05159798e+02 0.00000000e+00 0.00000000e+00
3.88584716e+03 1.05676936e+02 0.00000000e+00 0.00000000e+00
3.88734719e+03 1.06195314e+02 0.00000000e+00 0.00000000e+00
3.88884723e+03 1.06714934e+02 0.00000000e+00 0.00000000e+00
3.89034727e+03 1.07235794e+02 0.00000000e+00 0.00000000e+00
3.89184731e+03 1.07757895e+02 0.00000000e+00 0.00000000e+00
3.89334734e+03 1.08281236e+02 0.00000000e+00 0.00000000e+00
3.89484738e+03 1.08805819e+02 0.00000000e+00 0.00000000e+00
3.89634742e+03 1.09331642e+02 0.00000000e+00 0.00000000e+00
3.89784746e+03 1.09858706e+02 0.00000000e+00 0.00000000e+00
3.89934749e+03 1.10387011e+02 0.00000000e+00 0.00000000e+00
3.90084753e+03 1.10916557e+02 0.00000000e+00 0.00000000e+00
3.90234757e+03 1.11447345e+02 0.00000000e+00 0.00000000e+00
3.90384761e+03 1.11979373e+02 0.00000000e+00 0.00000000e+00
3.90534764e+03 1.12512643e+02 0.00000000e+00 0.00000000e+00
3.90684768e+03 1.13047155e+02 0.00000000e+00 0.00000000e+00
3.90834772e+03 1.13582908e+02 0.00000000e+00 0.00000000e+00
3.90984776e+03 1.14119903e+02 0.00000000e+00 0.00000000e+00
3.91134779e+03 1.14658140e+02 0.00000000e+00 0.00000000e+00
3.91284783e+03 1.15197619e+02 0.00000000e+00 0.00000000e+00
3.91434787e+03 1.15738341e+02 0.00000000e+00 0.00000000e+00
3.91584791e+03 1.16280305e+02 0.00000000e+00 0.00000000e+00
3.91734794e+03 1.16823512e+02 0.00000000e+00 0.00000000e+00
3.91884798e+03 1.17367961e+02 0.00000000e+00 0.00000000e+00
3.92034802e+03 1.17913654e+02 0.00000000e+00 0.00000000e+00
3.92184806e+03 1.18460590e+02 0.00000000e+00 0.00000000e+00
3.92334809e+03 1.19008770e+02 0.00000000e+00 0.00000000e+00
3.92484813e+03 1.19558193e+02 0.00000000e+00 0.00000000e+00
3.92634817e+03 1.20108861e+02 0.00000000e+00 0.00000000e+00
3.92784821e+03 1.20660773e+02 0.00000000e+00 0.00000000e+00
3.92934824e+03 1.21213929e+02 0.00000000e+00 0.00000000e+00
3.93084828e+03 1.21768331e+02 0.00000000e+00 0.00000000e+00
3.93234832e+03 1.22323977e+02 0.00000000e+00 0.00000000e+00
3.93384836e+03 1.22880869e+02 0.00000000e+00 0.00000000e+00
3.93534839e+03 1.23439007e+02 0.00000000e+00 0.00000000e+00
3.93684843e+03 1.23998391e+02 0.00000000e+00 0.00000000e+00
3.93834847e+03 1.24559022e+02 0.00000000e+00 0.00000000e+00
3.93984851e+03 1.25120899e+02 0.00000000e+00 0.00000000e+00
3.94134854e+03 1.25684023e+02 0.00000000e+00 0.00000000e+00
3.94284858e+03 1.26248395e+02 0.00000000e+00 0.00000000e+00
3.94434862e+03 1.26814014e+02 0.00000000e+00 0.00000000e+00
3.94584866e+03 1.27380881e+02 0.00000000e+00 0.00000000e+00
3.94734869e+03 1.27948998e+02 0.00000000e+00 0.00000000e+00
3.94884873e+03 1.28518363e+02 0.00000000e+00 0.00000000e+00
3.95034877e+03 1.29088977e+02 0.00000000e+00 0.00000000e+00
3.95184881e+03 1.29660841e+02 0.00000000e+00 0.00000000e+00
3.95334884e+03 1.30233955e+02 0.00000000e+00 0.00000000e+00
3.95484888e+03 1.30808320e+02 0.00000000e+00 0.00000000e+00
3.95634892e+03 1.31383936e+02 0.00000000e+00 0.00000000e+00
3.95784896e+03 1.31960803e+02 0.00000000e+00 0.00000000e+00
3.95934899e+03 1.32538922e+02 0.00000000e+00 0.00000000e+00
3.96084903e+03 1.33118294e+02 0.00000000e+00 0.00000000e+00
3.96234907e+03 1.33698918e+02 0.00000000e+00 0.00000000e+00
3.96384911e+03 1.34280795e+02 0.00000000e+00 0.00000000e+00
3.96534914e+03 1.34863926e+02 0.00000000e+00 0.00000000e+00
3.96684918e+03 1.35448311e+02 0.00000000e+00 0.00000000e+00
3.96834922e+03 1.36033951e+02 0.00000000e+00 0.00000000e+00
3.96984926e+03 1.36620847e+02 0.00000000e+00 0.00000000e+00
3.97134929e+03 1.37208998e+02 0.00000000e+00 0.00000000e+00
3.97284933e+03 1.37798405e+02 0.00000000e+00 0.00000000e+00
3.97434937e+03 1.38389069e+02 0.00000000e+00 0.00000000e+00
3.97584941e+03 1.38980990e+02 0.00000000e+00 0.00000000e+00
3.97734944e+03 1.39574169e+02 0.00000000e+00 0.00000000e+00
3.97884948e+03 1.40168606e+02 0.00000000e+00 0.00000000e+00
3.98034952e+03 1.40764303e+02 0.00000000e+00 0.00000000e+00
3.98184956e+03 1.41361259e+02 0.00000000e+00 0.00000000e+00
3.98334959e+03 1.41959475e+02 0.00000000e+00 0.00000000e+00
3.98484963e+03 1.42558951e+02 0.00000000e+00 0.00000000e+00
3.98634967e+03 1.43159689e+02 0.00000000e+00 0.00000000e+00
3.98784971e+03 1.43761689e+02 0.00000000e+00 0.00000000e+00
3.98934974e+03 1.44364951e+02 0.00000000e+00 0.00000000e+00
3.99084978e+03 1.44969477e+02 0.00000000e+00 0.00000000e+00
3.99234982e+03 1.45575266e+02 0.00000000e+00 0.00000000e+00
3.99384986e+03 1.46182319e+02 0.00000000e+00 0.00000000e+00
3.99534989e+03 1.46790638e+02 0.00000000e+00 0.00000000e+00
3.99684993e+03 1.47400222e+02 0.00000000e+00 0.00000000e+00
3.99834997e+03 1.48011072e+02 0.00000000e+00 0.00000000e+00
3.99985001e+03 1.48623190e+02 0.00000000e+00 0.00000000e+00
4.00135004e+03 1.49236575e+02 0.00000000e+00 0.00000000e+00
4.00285008e+03 1.49851228e+02 0.00000000e+00 0.00000000e+00
4.00435012e+03 1.50467150e+02 0.00000000e+00 0.00000000e+00
4.00585016e+03 1.51084342e+02 0.00000000e+00 0.00000000e+00
4.00735019e+03 1.51702804e+02 0.00000000e+00 0.00000000e+00
4.00885023e+03 1.52322537e+02 0.00000000e+00 0.00000000e+00
4.01035027e+03 1.52943543e+02 0.00000000e+00 0.00000000e+00
4.01185031e+03 1.53565820e+02 0.00000000e+00 0.00000000e+00
4.01335034e+03 1.54189371e+02 0.00000000e+00 0.00000000e+00
4.01485038e+03 1.54814196e+02 0.00000000e+00 0.00000000e+00
4.01635042e+03 1.55440296e+02 0.00000000e+00 0.00000000e+00
4.01785046e+03 1.56067671e+02 0.00000000e+00 0.00000000e+00
4.01935049e+03 1.56696323e+02 0.00000000e+00 0.00000000e+00
4.02085053e+03 1.57326251e+02 0.00000000e+00 0.00000000e+00
4.02235057e+03 1.57957458e+02 0.00000000e+00 0.00000000e+00
4.02385061e+03 1.58589943e+02 0.00000000e+00 0.00000000e+00
4.02535064e+03 1.59223707e+02 0.00000000e+00 0.00000000e+00
4.02685068e+03 1.59858752e+02 0.00000000e+00 0.00000000e+00
4.02835072e+03 1.60495077e+02 0.00000000e+00 0.00000000e+00
4.02985076e+03 1.61132685e+02 0.00000000e+00 0.00000000e+00
4.03135079e+03 1.61771574e+02 0.00000000e+00 0.00000000e+00
4.03285083e+03 1.62411748e+02 0.00000000e+00 0.00000000e+00
4.03435087e+03 1.63053206e+02 0.00000000e+00 0.00000000e+00
4.03585091e+03 1.63695949e+02 0.00000000e+00 0.00000000e+00
4.03735094e+03 1.64339978e+02 0.00000000e+00 0.00000000e+00
4.03885098e+03 1.64985294e+02 0.00000000e+00 0.00000000e+00
4.04035102e+03 1.65631898e+02 0.00000000e+00 0.00000000e+00
4.04185106e+03 1.66279790e+02 0.00000000e+00 0.00000000e+00
4.04335109e+03 1.66928972e+02 0.00000000e+00 0.00000000e+00
4.04485113e+03 1.67579444e+02 0.00000000e+00 0.00000000e+00
4.04635117e+03 1.68231207e+02 0.00000000e+00 0.00000000e+00
4.04785121e+03 1.68884263e+02 0.00000000e+00 0.00000000e+00
4.04935124e+03 1.69538612e+02 0.00000000e+00 0.00000000e+00
4.05085128e+03 1.70194255e+02 0.00000000e+00 0.00000000e+00
4.05235132e+03 1.70851193e+02 0.00000000e+00 0.00000000e+00
4.05385136e+03 1.71509426e+02 0.00000000e+00 0.00000000e+00
4.05535139e+03 1.72168957e+02 0.00000000e+00 0.00000000e+00
4.05685143e+03 1.72829786e+02 0.00000000e+00 0.00000000e+00
4.05835147e+03 1.73491913e+02 0.00000000e+00 0.00000000e+00
4.05985151e+03 1.74155340e+02 0.00000000e+00 0.00000000e+00
4.06135154e+03 1.74820067e+02 0.00000000e+00 0.00000000e+00
4.06285158e+03 1.75486096e+02 0.00000000e+00 0.00000000e+00
4.06435162e+03 1.76153428e+02 0.00000000e+00 0.00000000e+00
4.06585166e+03 1.76822064e+02 0.00000000e+00 0.00000000e+00
4.06735169e+03 1.77492004e+02 0.00000000e+00 0.00000000e+00
4.06885173e+03 1.78163250e+02 0.00000000e+00 0.00000000e+00
4.07035177e+03 1.78835803e+02 0.00000000e+00 0.00000000e+00
4.07185181e+03 1.79509664e+02 0.00000000e+00 0.00000000e+00
4.07335184e+03 1.80184833e+02 0.00000000e+00 0.00000000e+00
4.07485188e+03 1.80861312e+02 0.00000000e+00 0.00000000e+00
4.07635192e+03 1.81539101e+02 0.00000000e+00 0.00000000e+00
4.07785196e+03 1.82218203e+02 0.00000000e+00 0.00000000e+00
4.07935199e+03 1.82898618e+02 0.00000000e+00 0.00000000e+00
4.08085203e+03 1.83580347e+02 0.00000000e+00 0.00000000e+00
4.08235207e+03 1.84263390e+02 0.00000000e+00 0.00000000e+00
4.08385211e+03 1.84947750e+02 0.00000000e+00 0.00000000e+00
4.08535214e+03 1.85633428e+02 0.00000000e+00 0.00000000e+00
4.08685218e+03 1.86320424e+02 0.00000000e+00 0.00000000e+00
4.08835222e+03 1.87008739e+02 0.00000000e+00 0.00000000e+00
4.08985226e+03 1.87698375e+02 0.00000000e+00 0.00000000e+00
4.09135229e+03 1.88389332e+02 0.00000000e+00 0.00000000e+00
4.09285233e+03 1.89081613e+02 0.00000000e+00 0.00000000e+00
4.09435237e+03 1.89775217e+02 0.00000000e+00 0.00000000e+00
4.09585241e+03 1.90470147e+02 0.00000000e+00 0.00000000e+00
4.09735244e+03 1.91166403e+02 0.00000000e+00 0.00000000e+00
4.09885248e+03 1.91863986e+02 0.00000000e+00 0.00000000e+00
4.10035252e+03 1.92562898e+02 0.00000000e+00 0.00000000e+00
4.10185256e+03 1.93263140e+02 0.00000000e+00 0.00000000e+00
4.10335259e+03 1.93964713e+02 0.00000000e+00 0.00000000e+00
4.10485263e+03 1.94667618e+02 0.00000000e+00 0.00000000e+00
4.10635267e+03 1.95371856e+02 0.00000000e+00 0.00000000e+00
4.10785271e+03 1.96077429e+02 0.00000000e+00 0.00000000e+00
4.10935274e+03 1.96784338e+02 0.00000000e+00 0.00000000e+00
4.11085278e+03 1.97492583e+02 0.00000000e+00 0.00000000e+00
4.11235282e+03 1.98202167e+02 0.00000000e+00 0.00000000e+00
4.11385286e+03 1.98913091e+02 0.00000000e+00 0.00000000e+00
4.11535289e+03 1.99625355e+02 0.00000000e+00 0.00000000e+00
4.11685293e+03 2.00338961e+02 0.00000000e+00 0.00000000e+00
4.11835297e+03 2.01053910e+02 0.00000000e+00 0.00000000e+00
4.11985301e+03 2.01770204e+02 0.00000000e+00 0.00000000e+00
4.12135304e+03 2.02487844e+02 0.00000000e+00 0.00000000e+00
4.12285308e+03 2.03206830e+02 0.00000000e+00 0.00000000e+00
4.12435312e+03 2.03927165e+02 0.00000000e+00 0.00000000e+00
4.12585316e+03 2.04648849e+02 0.00000000e+00 0.00000000e+00
4.12735319e+03 2.05371885e+02 0.00000000e+00 0.00000000e+00
4.12885323e+03 2.06096272e+02 0.00000000e+00 0.00000000e+00
4.13035327e+03 2.06822014e+02 0.00000000e+00 0.00000000e+00
4.13185331e+03 2.07549110e+02 0.00000000e+00 0.00000000e+00
4.13335334e+03 2.08277562e+02 0.00000000e+00 0.00000000e+00
4.13485338e+03 2.09007372e+02 0.00000000e+00 0.00000000e+00
4.13635342e+03 2.09738540e+02 0.00000000e+00 0.00000000e+00
4.13785346e+03 2.10471069e+02 0.00000000e+00 0.00000000e+00
4.13935349e+03 2.11204960e+02 0.00000000e+00 0.00000000e+00
4.14085353e+03 2.11940213e+02 0.00000000e+00 0.00000000e+00
4.14235357e+03 2.12676831e+02 0.00000000e+00 0.00000000e+00
4.14385361e+03 2.13414815e+02 0.00000000e+00 0.00000000e+00
4.14535364e+03 2.14154165e+02 0.00000000e+00 0.00000000e+00
4.14685368e+03 2.14894885e+02 0.00000000e+00 0.00000000e+00
4.14835372e+03 2.15636974e+02 0.00000000e+00 0.00000000e+00
4.14985376e+03 2.16380434e+02 0.00000000e+00 0.00000000e+00
4.15135379e+03 2.17125267e+02 0.00000000e+00 0.00000000e+00
4.15285383e+03 2.17871475e+02 0.00000000e+00 0.00000000e+00
4.15435387e+03 2.18619058e+02 0.00000000e+00 0.00000000e+00
4.15585391e+03 2.19368019e+02 0.00000000e+00 0.00000000e+00
4.15735394e+03 2.20118357e+02 0.00000000e+00 0.00000000e+00
4.15885398e+03 2.20870076e+02 0.00000000e+00 0.00000000e+00
4.16035402e+03 2.21623177e+02 0.00000000e+00 0.00000000e+00
4.16185406e+03 2.22377660e+02 0.00000000e+00 0.00000000e+00
4.16335409e+03 2.23133528e+02 0.00000000e+00 0.00000000e+00
4.16485413e+03 2.23890781e+02 0.00000000e+00 0.00000000e+00
4.16635417e+03 2.24649422e+02 0.00000000e+00 0.00000000e+00
4.16785421e+03 2.25409453e+02 0.00000000e+00 0.00000000e+00
4.16935424e+03 2.26170873e+02 0.00000000e+00 0.00000000e+00
4.17085428e+03 2.26933686e+02 0.00000000e+00 0.00000000e+00
4.17235432e+03 2.27697892e+02 0.00000000e+00 0.00000000e+00
4.17385436e+03 2.28463493e+02 0.00000000e+00 0.00000000e+00
4.17535439e+03 2.29230491e+02 0.00000000e+00 0.00000000e+00
4.17685443e+03 2.29998886e+02 0.00000000e+00 0.00000000e+00
4.17835447e+03 2.30768682e+02 0.00000000e+00 0.00000000e+00
4.17985451e+03 2.31539879e+02 0.00000000e+00 0.00000000e+00
4.18135454e+03 2.32312479e+02 0.00000000e+00 0.00000000e+00
4.18285458e+03 2.33086484e+02 0.00000000e+00 0.00000000e+00
4.18435462e+03 2.33861894e+02 0.00000000e+00 0.00000000e+00
4.18585466e+03 2.34638712e+02 0.00000000e+00 0.00000000e+00
4.18735469e+03 2.35416940e+02 0.00000000e+00 0.00000000e+00
4.18885473e+03 2.36196578e+02 0.00000000e+00 0.00000000e+00
4.19035477e+03 2.36977629e+02 0.00000000e+00 0.00000000e+00
4.19185481e+03 2.37760094e+02 0.00000000e+00 0.00000000e+00
4.19335484e+03 2.38543975e+02 0.00000000e+00 0.00000000e+00
4.19485488e+03 2.39329273e+02 0.00000000e+00 0.00000000e+00
4.19635492e+03 2.40115991e+02 0.00000000e+00 0.00000000e+00
4.19785496e+03 2.40904129e+02 0.00000000e+00 0.00000000e+00
4.19935499e+03 2.41693690e+02 0.00000000e+00 0.00000000e+00
4.20085503e+03 2.42484675e+02 0.00000000e+00 0.00000000e+00
4.20235507e+03 2.43277086e+02 0.00000000e+00 0.00000000e+00
4.20385511e+03 2.44070924e+02 0.00000000e+00 0.00000000e+00
4.20535514e+03 2.44866192e+02 0.00000000e+00 0.00000000e+00
4.20685518e+03 2.45662890e+02 0.00000000e+00 0.00000000e+00
4.20835522e+03 2.46461022e+02 0.00000000e+00 0.00000000e+00
4.20985526e+03 2.47260588e+02 0.00000000e+00 0.00000000e+00
4.21135529e+03 2.48061590e+02 0.00000000e+00 0.00000000e+00
4.21285533e+03 2.48864030e+02 0.00000000e+00 0.00000000e+00
4.21435537e+03 2.49667909e+02 0.00000000e+00 0.00000000e+00
4.21585541e+03 2.50473230e+02 0.00000000e+00 0.00000000e+00
4.21735544e+03 2.51279995e+02 0.00000000e+00 0.00000000e+00
4.21885548e+03 2.52088204e+02 0.00000000e+00 0.00000000e+00
4.22035552e+03 2.52897860e+02 0.00000000e+00 0.00000000e+00
4.22185556e+03 2.53708965e+02 0.00000000e+00 0.00000000e+00
4.22335559e+03 2.54521521e+02 0.00000000e+00 0.00000000e+00
4.22485563e+03 2.55335528e+02 0.00000000e+00 0.00000000e+00
4.22635567e+03 2.56150990e+02 0.00000000e+00 0.00000000e+00
4.22785571e+03 2.56967908e+02 0.00000000e+00 0.00000000e+00
4.22935574e+03 2.57786283e+02 0.00000000e+00 0.00000000e+00
4.23085578e+03 2.58606118e+02 0.00000000e+00 0.00000000e+00
4.23235582e+03 2.59427414e+02 0.00000000e+00 0.00000000e+00
4.23385586e+03 2.60250174e+02 0.00000000e+00 0.00000000e+00
4.23535589e+03 2.61074399e+02 0.00000000e+00 0.00000000e+00
4.23685593e+03 2.61900091e+02 0.00000000e+00 0.00000000e+00
4.23835597e+03 2.62727252e+02 0.00000000e+00 0.00000000e+00
4.23985601e+03 2.63555884e+02 0.00000000e+00 0.00000000e+00
4.24135604e+03 2.64385989e+02 0.00000000e+00 0.00000000e+00
4.24285608e+03 2.65217568e+02 0.00000000e+00 0.00000000e+00
4.24435612e+03 2.66050624e+02 0.00000000e+00 0.00000000e+00
4.24585616e+03 2.66885159e+02 0.00000000e+00 0.00000000e+00
4.24735619e+03 2.67721174e+02 0.00000000e+00 0.00000000e+00
4.24885623e+03 2.68558672e+02 0.00000000e+00 0.00000000e+00
4.25035627e+03 2.69397655e+02 0.00000000e+00 0.00000000e+00
4.25185631e+03 2.70238123e+02 0.00000000e+00 0.00000000e+00
4.25335634e+03 2.71080081e+02 0.00000000e+00 0.00000000e+00
4.25485638e+03 2.71923528e+02 0.00000000e+00 0.00000000e+00
4.25635642e+03 2.72768468e+02 0.00000000e+00 0.00000000e+00
4.25785646e+03 2.73614903e+02 0.00000000e+00 0.00000000e+00
4.25935649e+03 2.74462834e+02 0.00000000e+00 0.00000000e+00
4.26085653e+03 2.75312263e+02 0.00000000e+00 0.00000000e+00
4.26235657e+03 2.76163193e+02 0.00000000e+00 0.00000000e+00
4.26385661e+03 2.77015625e+02 0.00000000e+00 0.00000000e+00
4.26535664e+03 2.77869562e+02 0.00000000e+00 0.00000000e+00
4.26685668e+03 2.78725006e+02 0.00000000e+00 0.00000000e+00
4.26835672e+03 2.79581959e+02 0.00000000e+00 0.00000000e+00
4.26985676e+03 2.80440422e+02 0.00000000e+00 0.00000000e+00
4.27135679e+03 2.81300398e+02 0.00000000e+00 0.00000000e+00
4.27285683e+03 2.82161889e+02 0.00000000e+00 0.00000000e+00
4.27435687e+03 2.83024898e+02 0.00000000e+00 0.00000000e+00
4.27585691e+03 2.83889426e+02 0.00000000e+00 0.00000000e+00
4.27735694e+03 2.84755475e+02 0.00000000e+00 0.00000000e+00
4.27885698e+03 2.85623047e+02 0.00000000e+00 0.00000000e+00
4.28035702e+03 2.86492146e+02 0.00000000e+00 0.00000000e+00
4.28185706e+03 2.87362772e+02 0.00000000e+00 0.00000000e+00
4.28335709e+03 2.88234928e+02 0.00000000e+00 0.00000000e+00
4.28485713e+03 2.89108616e+02 0.00000000e+00 0.00000000e+00
4.28635717e+03 2.89983838e+02 0.00000000e+00 0.00000000e+00
4.28785721e+03 2.90860597e+02 0.00000000e+00 0.00000000e+00
4.28935724e+03 2.91738895e+02 0.00000000e+00 0.00000000e+00
4.29085728e+03 2.92618734e+02 0.00000000e+00 0.00000000e+00
4.29235732e+03 2.93500116e+02 0.00000000e+00 0.00000000e+00
4.29385736e+03 2.94383043e+02 0.00000000e+00 0.00000000e+00
4.29535739e+03 2.95267518e+02 0.00000000e+00 0.00000000e+00
4.29685743e+03 2.96153543e+02 0.00000000e+00 0.00000000e+00
4.29835747e+03 2.97041121e+02 0.00000000e+00 0.00000000e+00
4.29985751e+03 2.97930252e+02 0.00000000e+00 0.00000000e+00
4.30135754e+03 2.98820940e+02 0.00000000e+00 0.00000000e+00
4.30285758e+03 2.99713188e+02 0.00000000e+00 0.00000000e+00
4.30435762e+03 3.00606996e+02 0.00000000e+00 0.00000000e+00
4.30585766e+03 3.01502368e+02 0.00000000e+00 0.00000000e+00
4.30735769e+03 3.02399307e+02 0.00000000e+00 0.00000000e+00
4.30885773e+03 3.03297813e+02 0.00000000e+00 0.00000000e+00
4.31035777e+03 3.04197890e+02 0.00000000e+00 0.00000000e+00
4.31185781e+03 3.05099540e+02 0.00000000e+00 0.00000000e+00
4.31335784e+03 3.06002765e+02 0.00000000e+00 0.00000000e+00
4.31485788e+03 3.06907568e+02 0.00000000e+00 0.00000000e+00
4.31635792e+03 3.07813951e+02 0.00000000e+00 0.00000000e+00
4.31785796e+03 3.08721917e+02 0.00000000e+00 0.00000000e+00
4.31935799e+03 3.09631467e+02 0.00000000e+00 0.00000000e+00
4.32085803e+03 3.10542605e+02 0.00000000e+00 0.00000000e+00
4.32235807e+03 3.11455332e+02 0.00000000e+00 0.00000000e+00
4.32385811e+03 3.12369652e+02 0.00000000e+00 0.00000000e+00
4.32535814e+03 3.13285566e+02 0.00000000e+00 0.00000000e+00
4.32685818e+03 3.14203077e+02 0.00000000e+00 0.00000000e+00
4.32835822e+03 3.15122187e+02 0.00000000e+00 0.00000000e+00
4.32985826e+03 3.16042900e+02 0.00000000e+00 0.00000000e+00
4.33135829e+03 3.16965217e+02 0.00000000e+00 0.00000000e+00
4.33285833e+03 3.17889141e+02 0.00000000e+00 0.00000000e+00
4.33435837e+03 3.18814674e+02 0.00000000e+00 0.00000000e+00
4.33585841e+03 3.19741819e+02 0.00000000e+00 0.00000000e+00
4.33735844e+03 3.20670579e+02 0.00000000e+00 0.00000000e+00
4.33885848e+03 3.21600955e+02 0.00000000e+00 0.00000000e+00
4.34035852e+03 3.22532952e+02 0.00000000e+00 0.00000000e+00
4.34185856e+03 3.23466570e+02 0.00000000e+00 0.00000000e+00
4.34335859e+03 3.24401813e+02 0.00000000e+00 0.00000000e+00
4.34485863e+03 3.25338683e+02 0.00000000e+00 0.00000000e+00
4.34635867e+03 3.26277183e+02 0.00000000e+00 0.00000000e+00
4.34785871e+03 3.27217316e+02 0.00000000e+00 0.00000000e+00
4.34935874e+03 3.28159084e+02 0.00000000e+00 0.00000000e+00
4.35085878e+03 3.29102489e+02 0.00000000e+00 0.00000000e+00
4.35235882e+03 3.30047534e+02 0.00000000e+00 0.00000000e+00
4.35385886e+03 3.30994223e+02 0.00000000e+00 0.00000000e+00
4.35535889e+03 3.31942557e+02 0.00000000e+00 0.00000000e+00
4.35685893e+03 3.32892540e+02 0.00000000e+00 0.00000000e+00
4.35835897e+03 3.33844173e+02 0.00000000e+00 0.00000000e+00
4.35985901e+03 3.34797460e+02 0.00000000e+00 0.00000000e+00
4.36135904e+03 3.35752403e+02 0.00000000e+00 0.00000000e+00
4.36285908e+03 3.36709006e+02 0.00000000e+00 0.00000000e+00
4.36435912e+03 3.37667270e+02 0.00000000e+00 0.00000000e+00
4.36585916e+03 3.38627199e+02 0.00000000e+00 0.00000000e+00
4.36735919e+03 3.39588794e+02 0.00000000e+00 0.00000000e+00
4.36885923e+03 3.40552060e+02 0.00000000e+00 0.00000000e+00
4.37035927e+03 3.41516999e+02 0.00000000e+00 0.00000000e+00
4.37185931e+03 3.42483613e+02 0.00000000e+00 0.00000000e+00
4.37335934e+03 3.43451906e+02 0.00000000e+00 0.00000000e+00
4.37485938e+03 3.44421880e+02 0.00000000e+00 0.00000000e+00
4.37635942e+03 3.45393537e+02 0.00000000e+00 0.00000000e+00
4.37785946e+03 3.46366882e+02 0.00000000e+00 0.00000000e+00
4.37935949e+03 3.47341916e+02 0.00000000e+00 0.00000000e+00
4.38085953e+03 3.48318642e+02 0.00000000e+00 0.00000000e+00
4.38235957e+03 3.49297064e+02 0.00000000e+00 0.00000000e+00
4.38385961e+03 3.50277184e+02 0.00000000e+00 0.00000000e+00
4.38535964e+03 3.51259006e+02 0.00000000e+00 0.00000000e+00
4.38685968e+03 3.52242531e+02 0.00000000e+00 0.00000000e+00
4.38835972e+03 3.53227763e+02 0.00000000e+00 0.00000000e+00
4.38985976e+03 3.54214705e+02 0.00000000e+00 0.00000000e+00
4.39135979e+03 3.55203359e+02 0.00000000e+00 0.00000000e+00
4.39285983e+03 3.56193729e+02 0.00000000e+00 0.00000000e+00
4.39435987e+03 3.57185818e+02 0.00000000e+00 0.00000000e+00
4.39585991e+03 3.58179629e+02 0.00000000e+00 0.00000000e+00
4.39735994e+03 3.59175164e+02 0.00000000e+00 0.00000000e+00
4.39885998e+03 3.60172427e+02 0.00000000e+00 0.00000000e+00
4.40036002e+03 3.61171420e+02 0.00000000e+00 0.00000000e+00
4.40186006e+03 3.62172147e+02 0.00000000e+00 0.00000000e+00
4.40336010e+03 3.63174610e+02 0.00000000e+00 0.00000000e+00
4.40486013e+03 3.64178814e+02 0.00000000e+00 0.00000000e+00
4.40636017e+03 3.65184760e+02 0.00000000e+00 0.00000000e+00
4.40786021e+03 3.66192452e+02 0.00000000e+00 0.00000000e+00
4.40936025e+03 3.67201892e+02 0.00000000e+00 0.00000000e+00
4.41086028e+03 3.68213085e+02 0.00000000e+00 0.00000000e+00
4.41236032e+03 3.69226033e+02 0.00000000e+00 0.00000000e+00
4.41386036e+03 3.70240739e+02 0.00000000e+00 0.00000000e+00
4.41536040e+03 3.71257206e+02 0.00000000e+00 0.00000000e+00
4.41686043e+03 3.72275438e+02 0.00000000e+00 0.00000000e+00
4.41836047e+03 3.73295437e+02 0.00000000e+00 0.00000000e+00
4.41986051e+03 3.74317207e+02 0.00000000e+00 0.00000000e+00
4.42136055e+03 3.75340752e+02 0.00000000e+00 0.00000000e+00
4.42286058e+03 3.76366073e+02 0.00000000e+00 0.00000000e+00
4.42436062e+03 3.77393175e+02 0.00000000e+00 0.00000000e+00
4.42586066e+03 3.78422060e+02 0.00000000e+00 0.00000000e+00
4.42736070e+03 3.79452733e+02 0.00000000e+00 0.00000000e+00
4.42886073e+03 3.80485195e+02 0.00000000e+00 0.00000000e+00
4.43036077e+03 3.81519451e+02 0.00000000e+00 0.00000000e+00
4.43186081e+03 3.82555504e+02 0.00000000e+00 0.00000000e+00
4.43336085e+03 3.83593356e+02 0.00000000e+00 0.00000000e+00
4.43486088e+03 3.84633012e+02 0.00000000e+00 0.00000000e+00
4.43636092e+03 3.85674474e+02 0.00000000e+00 0.00000000e+00
4.43786096e+03 3.86717747e+02 0.00000000e+00 0.00000000e+00
4.43936100e+03 3.87762832e+02 0.00000000e+00 0.00000000e+00
4.44086103e+03 3.88809734e+02 0.00000000e+00 0.00000000e+00
4.44236107e+03 3.89858456e+02 0.00000000e+00 0.00000000e+00
4.44386111e+03 3.90909002e+02 0.00000000e+00 0.00000000e+00
4.44536115e+03 3.91961374e+02 0.00000000e+00 0.00000000e+00
4.44686118e+03 3.93015576e+02 0.00000000e+00 0.00000000e+00
4.44836122e+03 3.94071612e+02 0.00000000e+00 0.00000000e+00
4.44986126e+03 3.95129486e+02 0.00000000e+00 0.00000000e+00
4.45136130e+03 3.96189199e+02 0.00000000e+00 0.00000000e+00
4.45286133e+03 3.97250757e+02 0.00000000e+00 0.00000000e+00
4.45436137e+03 3.98314162e+02 0.00000000e+00 0.00000000e+00
4.45586141e+03 3.99379418e+02 0.00000000e+00 0.00000000e+00
4.45736145e+03 4.00446528e+02 0.00000000e+00 0.00000000e+00
4.45886148e+03 4.01515497e+02 0.00000000e+00 0.00000000e+00
4.46036152e+03 4.02586327e+02 0.00000000e+00 0.00000000e+00
4.46186156e+03 4.03659023e+02 0.00000000e+00 0.00000000e+00
4.46336160e+03 4.04733587e+02 0.00000000e+00 0.00000000e+00
4.46486163e+03 4.05810023e+02 0.00000000e+00 0.00000000e+00
4.46636167e+03 4.06888335e+02 0.00000000e+00 0.00000000e+00
4.46786171e+03 4.07968527e+02 0.00000000e+00 0.00000000e+00
4.46936175e+03 4.09050601e+02 0.00000000e+00 0.00000000e+00
4.47086178e+03 4.10134563e+02 0.00000000e+00 0.00000000e+00
4.47236182e+03 4.11220415e+02 0.00000000e+00 0.00000000e+00
4.47386186e+03 4.12308161e+02 0.00000000e+00 0.00000000e+00
4.47536190e+03 4.13397805e+02 0.00000000e+00 0.00000000e+00
4.47686193e+03 4.14489351e+02 0.00000000e+00 0.00000000e+00
4.47836197e+03 4.15582802e+02 0.00000000e+00 0.00000000e+00
4.47986201e+03 4.16678162e+02 0.00000000e+00 0.00000000e+00
4.48136205e+03 4.17775434e+02 0.00000000e+00 0.00000000e+00
4.48286208e+03 4.18874623e+02 0.00000000e+00 0.00000000e+00
4.48436212e+03 4.19975733e+02 0.00000000e+00 0.00000000e+00
4.48586216e+03 4.21078766e+02 0.00000000e+00 0.00000000e+00
4.48736220e+03 4.22183728e+02 0.00000000e+00 0.00000000e+00
4.48886223e+03 4.23290621e+02 0.00000000e+00 0.00000000e+00
4.49036227e+03 4.24399450e+02 0.00000000e+00 0.00000000e+00
4.49186231e+03 4.25510218e+02 0.00000000e+00 0.00000000e+00
4.49336235e+03 4.26622930e+02 0.00000000e+00 0.00000000e+00
4.49486238e+03 4.27737589e+02 0.00000000e+00 0.00000000e+00
4.49636242e+03 4.28854199e+02 0.00000000e+00 0.00000000e+00
4.49786246e+03 4.29972764e+02 0.00000000e+00 0.00000000e+00
4.49936250e+03 4.31093288e+02 0.00000000e+00 0.00000000e+00
4.50086253e+03 4.32215776e+02 0.00000000e+00 0.00000000e+00
4.50236257e+03 4.33340230e+02 0.00000000e+00 0.00000000e+00
4.50386261e+03 4.34466655e+02 0.00000000e+00 0.00000000e+00
4.50536265e+03 4.35595056e+02 0.00000000e+00 0.00000000e+00
4.50686268e+03 4.36725435e+02 0.00000000e+00 0.00000000e+00
4.50836272e+03 4.37857797e+02 0.00000000e+00 0.00000000e+00
4.50986276e+03 4.38992147e+02 0.00000000e+00 0.00000000e+00
4.51136280e+03 4.40128488e+02 0.00000000e+00 0.00000000e+00
4.51286283e+03 4.41266824e+02 0.00000000e+00 0.00000000e+00
4.51436287e+03 4.42407160e+02 0.00000000e+00 0.00000000e+00
4.51586291e+03 4.43549499e+02 0.00000000e+00 0.00000000e+00
4.51736295e+03 4.44693845e+02 0.00000000e+00 0.00000000e+00
4.51886298e+03 4.45840204e+02 0.00000000e+00 0.00000000e+00
4.52036302e+03 4.46988579e+02 0.00000000e+00 0.00000000e+00
4.52186306e+03 4.48138974e+02 0.00000000e+00 0.00000000e+00
4.52336310e+03 4.49291394e+02 0.00000000e+00 0.00000000e+00
4.52486313e+03 4.50445842e+02 0.00000000e+00 0.00000000e+00
4.52636317e+03 4.51602323e+02 0.00000000e+00 0.00000000e+00
4.52786321e+03 4.52760842e+02 0.00000000e+00 0.00000000e+00
4.52936325e+03 4.53921402e+02 0.00000000e+00 0.00000000e+00
4.53086328e+03 4.55084008e+02 0.00000000e+00 0.00000000e+00
4.53236332e+03 4.56248664e+02 0.00000000e+00 0.00000000e+00
4.53386336e+03 4.57415375e+02 0.00000000e+00 0.00000000e+00
4.53536340e+03 4.58584144e+02 0.00000000e+00 0.00000000e+00
4.53686343e+03 4.59754977e+02 0.00000000e+00 0.00000000e+00
4.53836347e+03 4.60927878e+02 0.00000000e+00 0.00000000e+00
4.53986351e+03 4.62102851e+02 0.00000000e+00 0.00000000e+00
4.54136355e+03 4.63279900e+02 0.00000000e+00 0.00000000e+00
4.54286358e+03 4.64459030e+02 0.00000000e+00 0.00000000e+00
4.54436362e+03 4.65640245e+02 0.00000000e+00 0.00000000e+00
4.54586366e+03 4.66823551e+02 0.00000000e+00 0.00000000e+00
4.54736370e+03 4.68008951e+02 0.00000000e+00 0.00000000e+00
4.54886373e+03 4.69196450e+02 0.00000000e+00 0.00000000e+00
4.55036377e+03 4.70386053e+02 0.00000000e+00 0.00000000e+00
4.55186381e+03 4.71577763e+02 0.00000000e+00 0.00000000e+00
4.55336385e+03 4.72771587e+02 0.00000000e+00 0.00000000e+00
4.55486388e+03 4.73967527e+02 0.00000000e+00 0.00000000e+00
4.55636392e+03 4.75165590e+02 0.00000000e+00 0.00000000e+00
4.55786396e+03 4.76365779e+02 0.00000000e+00 0.00000000e+00
4.55936400e+03 4.77568100e+02 0.00000000e+00 0.00000000e+00
4.56086403e+03 4.78772556e+02 0.00000000e+00 0.00000000e+00
4.56236407e+03 4.79979154e+02 0.00000000e+00 0.00000000e+00
4.56386411e+03 4.81187896e+02 0.00000000e+00 0.00000000e+00
4.56536415e+03 4.82398789e+02 0.00000000e+00 0.00000000e+00
4.56686418e+03 4.83611836e+02 0.00000000e+00 0.00000000e+00
4.56836422e+03 4.84827044e+02 0.00000000e+00 0.00000000e+00
4.56986426e+03 4.86044415e+02 0.00000000e+00 0.00000000e+00
4.57136430e+03 4.87263956e+02 0.00000000e+00 0.00000000e+00
4.57286433e+03 4.88485672e+02 0.00000000e+00 0.00000000e+00
4.57436437e+03 4.89709566e+02 0.00000000e+00 0.00000000e+00
4.57586441e+03 4.90935644e+02 0.00000000e+00 0.00000000e+00
4.57736445e+03 4.92163911e+02 0.00000000e+00 0.00000000e+00
4.57886448e+03 4.93394372e+02 0.00000000e+00 0.00000000e+00
4.58036452e+03 4.94627032e+02 0.00000000e+00 0.00000000e+00
4.58186456e+03 4.95861895e+02 0.00000000e+00 0.00000000e+00
4.58336460e+03 4.97098968e+02 0.00000000e+00 0.00000000e+00
4.58486463e+03 4.98338253e+02 0.00000000e+00 0.00000000e+00
4.58636467e+03 4.99579758e+02 0.00000000e+00 0.00000000e+00
4.58786471e+03 5.00823487e+02 0.00000000e+00 0.00000000e+00
4.58936475e+03 5.02069444e+02 0.00000000e+00 0.00000000e+00
4.59086478e+03 5.03317635e+02 0.00000000e+00 0.00000000e+00
4.59236482e+03 5.04568066e+02 0.00000000e+00 0.00000000e+00
4.59386486e+03 5.05820741e+02 0.00000000e+00 0.00000000e+00
4.59536490e+03 5.07075665e+02 0.00000000e+00 0.00000000e+00
4.59686493e+03 5.08332844e+02 0.00000000e+00 0.00000000e+00
4.59836497e+03 5.09592283e+02 0.00000000e+00 0.00000000e+00
4.59986501e+03 5.10853987e+02 0.00000000e+00 0.00000000e+00
4.60136505e+03 5.12117962e+02 0.00000000e+00 0.00000000e+00
4.60286508e+03 5.13384212e+02 0.00000000e+00 0.00000000e+00
4.60436512e+03 5.14652743e+02 0.00000000e+00 0.00000000e+00
4.60586516e+03 5.15923561e+02 0.00000000e+00 0.00000000e+00
4.60736520e+03 5.17196670e+02 0.00000000e+00 0.00000000e+00
4.60886523e+03 5.18472076e+02 0.00000000e+00 0.00000000e+00
4.61036527e+03 5.19749785e+02 0.00000000e+00 0.00000000e+00
4.61186531e+03 5.21029801e+02 0.00000000e+00 0.00000000e+00
4.61336535e+03 5.22312131e+02 0.00000000e+00 0.00000000e+00
4.61486538e+03 5.23596780e+02 0.00000000e+00 0.00000000e+00
4.61636542e+03 5.24883753e+02 0.00000000e+00 0.00000000e+00
4.61786546e+03 5.26173056e+02 0.00000000e+00 0.00000000e+00
4.61936550e+03 5.27464694e+02 0.00000000e+00 0.00000000e+00
4.62086553e+03 5.28758673e+02 0.00000000e+00 0.00000000e+00
4.62236557e+03 5.30054998e+02 0.00000000e+00 0.00000000e+00
4.62386561e+03 5.31353676e+02 0.00000000e+00 0.00000000e+00
4.62536565e+03 5.32654712e+02 0.00000000e+00 0.00000000e+00
4.62686568e+03 5.33958111e+02 0.00000000e+00 0.00000000e+00
4.62836572e+03 5.35263879e+02 0.00000000e+00 0.00000000e+00
4.62986576e+03 5.36572022e+02 0.00000000e+00 0.00000000e+00
4.63136580e+03 5.37882545e+02 0.00000000e+00 0.00000000e+00
4.63286583e+03 5.39195455e+02 0.00000000e+00 0.00000000e+00
4.63436587e+03 5.40510757e+02 0.00000000e+00 0.00000000e+00
4.63586591e+03 5.41828457e+02 0.00000000e+00 0.00000000e+00
4.63736595e+03 5.43148561e+02 0.00000000e+00 0.00000000e+00
4.63886598e+03 5.44471075e+02 0.00000000e+00 0.00000000e+00
4.64036602e+03 5.45796004e+02 0.00000000e+00 0.00000000e+00
4.64186606e+03 5.47123355e+02 0.00000000e+00 0.00000000e+00
4.64336610e+03 5.48453133e+02 0.00000000e+00 0.00000000e+00
4.64486613e+03 5.49785344e+02 0.00000000e+00 0.00000000e+00
4.64636617e+03 5.51119995e+02 0.00000000e+00 0.00000000e+00
4.64786621e+03 5.52457091e+02 0.00000000e+00 0.00000000e+00
4.64936625e+03 5.53796639e+02 0.00000000e+00 0.00000000e+00
4.65086628e+03 5.55138645e+02 0.00000000e+00 0.00000000e+00
4.65236632e+03 5.56483114e+02 0.00000000e+00 0.00000000e+00
4.65386636e+03 5.57830053e+02 0.00000000e+00 0.00000000e+00
4.65536640e+03 5.59179468e+02 0.00000000e+00 0.00000000e+00
4.65686643e+03 5.60531365e+02 0.00000000e+00 0.00000000e+00
4.65836647e+03 5.61885751e+02 0.00000000e+00 0.00000000e+00
4.65986651e+03 5.63242631e+02 0.00000000e+00 0.00000000e+00
4.66136655e+03 5.64602012e+02 0.00000000e+00 0.00000000e+00
4.66286658e+03 5.65963901e+02 0.00000000e+00 0.00000000e+00
4.66436662e+03 5.67328302e+02 0.00000000e+00 0.00000000e+00
4.66586666e+03 5.68695224e+02 0.00000000e+00 0.00000000e+00
4.66736670e+03 5.70064672e+02 0.00000000e+00 0.00000000e+00
4.66886673e+03 5.71436653e+02 0.00000000e+00 0.00000000e+00
4.67036677e+03 5.72811173e+02 0.00000000e+00 0.00000000e+00
4.67186681e+03 5.74188239e+02 0.00000000e+00 0.00000000e+00
4.67336685e+03 5.75567857e+02 0.00000000e+00 0.00000000e+00
4.67486688e+03 5.76950033e+02 0.00000000e+00 0.00000000e+00
4.67636692e+03 5.78334775e+02 0.00000000e+00 0.00000000e+00
4.67786696e+03 5.79722088e+02 0.00000000e+00 0.00000000e+00
4.67936700e+03 5.81111980e+02 0.00000000e+00 0.00000000e+00
4.68086703e+03 5.82504457e+02 0.00000000e+00 0.00000000e+00
4.68236707e+03 5.83899526e+02 0.00000000e+00 0.00000000e+00
4.68386711e+03 5.85297193e+02 0.00000000e+00 0.00000000e+00
4.68536715e+03 5.86697466e+02 0.00000000e+00 0.00000000e+00
4.68686718e+03 5.88100350e+02 0.00000000e+00 0.00000000e+00
4.68836722e+03 5.89505854e+02 0.00000000e+00 0.00000000e+00
4.68986726e+03 5.90913983e+02 0.00000000e+00 0.00000000e+00
4.69136730e+03 5.92324744e+02 0.00000000e+00 0.00000000e+00
4.69286733e+03 5.93738145e+02 0.00000000e+00 0.00000000e+00
4.69436737e+03 5.95154192e+02 0.00000000e+00 0.00000000e+00
4.69586741e+03 5.96572893e+02 0.00000000e+00 0.00000000e+00
4.69736745e+03 5.97994254e+02 0.00000000e+00 0.00000000e+00
4.69886748e+03 5.99418282e+02 0.00000000e+00 0.00000000e+00
4.70036752e+03 6.00844984e+02 0.00000000e+00 0.00000000e+00
4.70186756e+03 6.02274368e+02 0.00000000e+00 0.00000000e+00
4.70336760e+03 6.03706441e+02 0.00000000e+00 0.00000000e+00
4.70486763e+03 6.05141209e+02 0.00000000e+00 0.00000000e+00
4.70636767e+03 6.06578680e+02 0.00000000e+00 0.00000000e+00
4.70786771e+03 6.08018861e+02 0.00000000e+00 0.00000000e+00
4.70936775e+03 6.09461760e+02 0.00000000e+00 0.00000000e+00
4.71086778e+03 6.10907383e+02 0.00000000e+00 0.00000000e+00
4.71236782e+03 6.12355739e+02 0.00000000e+00 0.00000000e+00
4.71386786e+03 6.13806834e+02 0.00000000e+00 0.00000000e+00
4.71536790e+03 6.15260675e+02 0.00000000e+00 0.00000000e+00
4.71686793e+03 6.16717271e+02 0.00000000e+00 0.00000000e+00
4.71836797e+03 6.18176628e+02 0.00000000e+00 0.00000000e+00
4.71986801e+03 6.19638755e+02 0.00000000e+00 0.00000000e+00
4.72136805e+03 6.21103658e+02 0.00000000e+00 0.00000000e+00
4.72286808e+03 6.22571345e+02 0.00000000e+00 0.00000000e+00
4.72436812e+03 6.24041824e+02 0.00000000e+00 0.00000000e+00
4.72586816e+03 6.25515103e+02 0.00000000e+00 0.00000000e+00
4.72736820e+03 6.26991189e+02 0.00000000e+00 0.00000000e+00
4.72886823e+03 6.28470089e+02 0.00000000e+00 0.00000000e+00
4.73036827e+03 6.29951813e+02 0.00000000e+00 0.00000000e+00
4.73186831e+03 6.31436366e+02 0.00000000e+00 0.00000000e+00
4.73336835e+03 6.32923758e+02 0.00000000e+00 0.00000000e+00
4.73486838e+03 6.34413995e+02 0.00000000e+00 0.00000000e+00
4.73636842e+03 6.35907087e+02 0.00000000e+00 0.00000000e+00
4.73786846e+03 6.37403040e+02 0.00000000e+00 0.00000000e+00
4.73936850e+03 6.38901864e+02 0.00000000e+00 0.00000000e+00
4.74086853e+03 6.40403565e+02 0.00000000e+00 0.00000000e+00
4.74236857e+03 6.41908152e+02 0.00000000e+00 0.00000000e+00
4.74386861e+03 6.43415632e+02 0.00000000e+00 0.00000000e+00
4.74536865e+03 6.44926015e+02 0.00000000e+00 0.00000000e+00
4.74686868e+03 6.46439308e+02 0.00000000e+00 0.00000000e+00
4.74836872e+03 6.47955519e+02 0.00000000e+00 0.00000000e+00
4.74986876e+03 6.49474657e+02 0.00000000e+00 0.00000000e+00
4.75136880e+03 6.50996730e+02 0.00000000e+00 0.00000000e+00
4.75286883e+03 6.52521746e+02 0.00000000e+00 0.00000000e+00
4.75436887e+03 6.54049714e+02 0.00000000e+00 0.00000000e+00
4.75586891e+03 6.55580641e+02 0.00000000e+00 0.00000000e+00
4.75736895e+03 6.57114537e+02 0.00000000e+00 0.00000000e+00
4.75886898e+03 6.58651409e+02 0.00000000e+00 0.00000000e+00
4.76036902e+03 6.60191267e+02 0.00000000e+00 0.00000000e+00
4.76186906e+03 6.61734119e+02 0.00000000e+00 0.00000000e+00
4.76336910e+03 6.63279973e+02 0.00000000e+00 0.00000000e+00
4.76486913e+03 6.64828839e+02 0.00000000e+00 0.00000000e+00
4.76636917e+03 6.66380724e+02 0.00000000e+00 0.00000000e+00
4.76786921e+03 6.67935638e+02 0.00000000e+00 0.00000000e+00
4.76936925e+03 6.69493589e+02 0.00000000e+00 0.00000000e+00
4.77086928e+03 6.71054586e+02 0.00000000e+00 0.00000000e+00
4.77236932e+03 6.72618637e+02 0.00000000e+00 0.00000000e+00
4.77386936e+03 6.74185753e+02 0.00000000e+00 0.00000000e+00
4.77536940e+03 6.75755942e+02 0.00000000e+00 0.00000000e+00
4.77686943e+03 6.77329212e+02 0.00000000e+00 0.00000000e+00
4.77836947e+03 6.78905573e+02 0.00000000e+00 0.00000000e+00
4.77986951e+03 6.80485033e+02 0.00000000e+00 0.00000000e+00
4.78136955e+03 6.82067603e+02 0.00000000e+00 0.00000000e+00
4.78286958e+03 6.83653290e+02 0.00000000e+00 0.00000000e+00
4.78436962e+03 6.85242105e+02 0.00000000e+00 0.00000000e+00
4.78586966e+03 6.86834056e+02 0.00000000e+00 0.00000000e+00
4.78736970e+03 6.88429153e+02 0.00000000e+00 0.00000000e+00
4.78886973e+03 6.90027405e+02 0.00000000e+00 0.00000000e+00
4.79036977e+03 6.91628821e+02 0.00000000e+00 0.00000000e+00
4.79186981e+03 6.93233411e+02 0.00000000e+00 0.00000000e+00
4.79336985e+03 6.94841185e+02 0.00000000e+00 0.00000000e+00
4.79486988e+03 6.96452152e+02 0.00000000e+00 0.00000000e+00
4.79636992e+03 6.98066320e+02 0.00000000e+00 0.00000000e+00
4.79786996e+03 6.99683701e+02 0.00000000e+00 0.00000000e+00
4.79937000e+03 7.01304304e+02 0.00000000e+00 0.00000000e+00
4.80087003e+03 7.02928138e+02 0.00000000e+00 0.00000000e+00
4.80237007e+03 7.04555213e+02 0.00000000e+00 0.00000000e+00
4.80387011e+03 7.06185539e+02 0.00000000e+00 0.00000000e+00
4.80537015e+03 7.07819126e+02 0.00000000e+00 0.00000000e+00
4.80687018e+03 7.09455983e+02 0.00000000e+00 0.00000000e+00
4.80837022e+03 7.11096121e+02 0.00000000e+00 0.00000000e+00
4.80987026e+03 7.12739550e+02 0.00000000e+00 0.00000000e+00
4.81137030e+03 7.14386280e+02 0.00000000e+00 0.00000000e+00
4.81287033e+03 7.16036320e+02 0.00000000e+00 0.00000000e+00
4.81437037e+03 7.17689681e+02 0.00000000e+00 0.00000000e+00
4.81587041e+03 7.19346373e+02 0.00000000e+00 0.00000000e+00
4.81737045e+03 7.21006407e+02 0.00000000e+00 0.00000000e+00
4.81887048e+03 7.22669792e+02 0.00000000e+00 0.00000000e+00
4.82037052e+03 7.24336539e+02 0.00000000e+00 0.00000000e+00
4.82187056e+03 7.26006659e+02 0.00000000e+00 0.00000000e+00
4.82337060e+03 7.27680162e+02 0.00000000e+00 0.00000000e+00
4.82487063e+03 7.29357058e+02 0.00000000e+00 0.00000000e+00
4.82637067e+03 7.31037357e+02 0.00000000e+00 0.00000000e+00
4.82787071e+03 7.32721072e+02 0.00000000e+00 0.00000000e+00
4.82937075e+03 7.34408212e+02 0.00000000e+00 0.00000000e+00
4.83087078e+03 7.36098787e+02 0.00000000e+00 0.00000000e+00
4.83237082e+03 7.37792810e+02 0.00000000e+00 0.00000000e+00
4.83387086e+03 7.39490290e+02 0.00000000e+00 0.00000000e+00
4.83537090e+03 7.41191238e+02 0.00000000e+00 0.00000000e+00
4.83687093e+03 7.42895666e+02 0.00000000e+00 0.00000000e+00
4.83837097e+03 7.44603585e+02 0.00000000e+00 0.00000000e+00
4.83987101e+03 7.46315005e+02 0.00000000e+00 0.00000000e+00
4.84137105e+03 7.48029937e+02 0.00000000e+00 0.00000000e+00
4.84287108e+03 7.49748393e+02 0.00000000e+00 0.00000000e+00
4.84437112e+03 7.51470384e+02 0.00000000e+00 0.00000000e+00
4.84587116e+03 7.53195921e+02 0.00000000e+00 0.00000000e+00
4.84737120e+03 7.54925016e+02 0.00000000e+00 0.00000000e+00
4.84887123e+03 7.56657680e+02 0.00000000e+00 0.00000000e+00
4.85037127e+03 7.58393925e+02 0.00000000e+00 0.00000000e+00
4.85187131e+03 7.60133761e+02 0.00000000e+00 0.00000000e+00
4.85337135e+03 7.61877202e+02 0.00000000e+00 0.00000000e+00
4.85487138e+03 7.63624257e+02 0.00000000e+00 0.00000000e+00
4.85637142e+03 7.65374939e+02 0.00000000e+00 0.00000000e+00
4.85787146e+03 7.67129260e+02 0.00000000e+00 0.00000000e+00
4.85937150e+03 7.68887231e+02 0.00000000e+00 0.00000000e+00
4.86087153e+03 7.70648865e+02 0.00000000e+00 0.00000000e+00
4.86237157e+03 7.72414173e+02 0.00000000e+00 0.00000000e+00
4.86387161e+03 7.74183168e+02 0.00000000e+00 0.00000000e+00
4.86537165e+03 7.75955860e+02 0.00000000e+00 0.00000000e+00
4.86687168e+03 7.77732264e+02 0.00000000e+00 0.00000000e+00
4.86837172e+03 7.79512390e+02 0.00000000e+00 0.00000000e+00
4.86987176e+03 7.81296251e+02 0.00000000e+00 0.00000000e+00
4.87137180e+03 7.83083859e+02 0.00000000e+00 0.00000000e+00
4.87287183e+03 7.84875227e+02 0.00000000e+00 0.00000000e+00
4.87437187e+03 7.86670368e+02 0.00000000e+00 0.00000000e+00
4.87587191e+03 7.88469293e+02 0.00000000e+00 0.00000000e+00
4.87737195e+03 7.90272015e+02 0.00000000e+00 0.00000000e+00
4.87887198e+03 7.92078547e+02 0.00000000e+00 0.00000000e+00
4.88037202e+03 7.93888902e+02 0.00000000e+00 0.00000000e+00
4.88187206e+03 7.95703092e+02 0.00000000e+00 0.00000000e+00
4.88337210e+03 7.97521131e+02 0.00000000e+00 0.00000000e+00
4.88487213e+03 7.99343031e+02 0.00000000e+00 0.00000000e+00
4.88637217e+03 8.01168805e+02 0.00000000e+00 0.00000000e+00
4.88787221e+03 8.02998466e+02 0.00000000e+00 0.00000000e+00
4.88937225e+03 8.04832028e+02 0.00000000e+00 0.00000000e+00
4.89087228e+03 8.06669504e+02 0.00000000e+00 0.00000000e+00
4.89237232e+03 8.08510906e+02 0.00000000e+00 0.00000000e+00
4.89387236e+03 8.10356249e+02 0.00000000e+00 0.00000000e+00
4.89537240e+03 8.12205545e+02 0.00000000e+00 0.00000000e+00
4.89687243e+03 8.14058808e+02 0.00000000e+00 0.00000000e+00
4.89837247e+03 8.15916052e+02 0.00000000e+00 0.00000000e+00
4.89987251e+03 8.17777291e+02 0.00000000e+00 0.00000000e+00
4.90137255e+03 8.19642537e+02 0.00000000e+00 0.00000000e+00
4.90287258e+03 8.21511806e+02 0.00000000e+00 0.00000000e+00
4.90437262e+03 8.23385110e+02 0.00000000e+00 0.00000000e+00
4.90587266e+03 8.25262464e+02 0.00000000e+00 0.00000000e+00
4.90737270e+03 8.27143881e+02 0.00000000e+00 0.00000000e+00
4.90887273e+03 8.29029376e+02 0.00000000e+00 0.00000000e+00
4.91037277e+03 8.30918963e+02 0.00000000e+00 0.00000000e+00
4.91187281e+03 8.32812657e+02 0.00000000e+00 0.00000000e+00
4.91337285e+03 8.34710470e+02 0.00000000e+00 0.00000000e+00
4.91487288e+03 8.36612419e+02 0.00000000e+00 0.00000000e+00
4.91637292e+03 8.38518516e+02 0.00000000e+00 0.00000000e+00
4.91787296e+03 8.40428778e+02 0.00000000e+00 0.00000000e+00
4.91937300e+03 8.42343218e+02 0.00000000e+00 0.00000000e+00
4.92087303e+03 8.44261852e+02 0.00000000e+00 0.00000000e+00
4.92237307e+03 8.46184693e+02 0.00000000e+00 0.00000000e+00
4.92387311e+03 8.48111758e+02 0.00000000e+00 0.00000000e+00
4.92537315e+03 8.50043060e+02 0.00000000e+00 0.00000000e+00
4.92687318e+03 8.51978615e+02 0.00000000e+00 0.00000000e+00
4.92837322e+03 8.53918438e+02 0.00000000e+00 0.00000000e+00
4.92987326e+03 8.55862545e+02 0.00000000e+00 0.00000000e+00
4.93137330e+03 8.57810950e+02 0.00000000e+00 0.00000000e+00
4.93287333e+03 8.59763669e+02 0.00000000e+00 0.00000000e+00
4.93437337e+03 8.61720717e+02 0.00000000e+00 0.00000000e+00
4.93587341e+03 8.63682110e+02 0.00000000e+00 0.00000000e+00
4.93737345e+03 8.65647864e+02 0.00000000e+00 0.00000000e+00
4.93887348e+03 8.67617994e+02 0.00000000e+00 0.00000000e+00
4.94037352e+03 8.69592517e+02 0.00000000e+00 0.00000000e+00
4.94187356e+03 8.71571447e+02 0.00000000e+00 0.00000000e+00
4.94337360e+03 8.73554801e+02 0.00000000e+00 0.00000000e+00
4.94487363e+03 8.75542596e+02 0.00000000e+00 0.00000000e+00
4.94637367e+03 8.77534846e+02 0.00000000e+00 0.00000000e+00
4.94787371e+03 8.79531569e+02 0.00000000e+00 0.00000000e+00
4.94937375e+03 8.81532782e+02 0.00000000e+00 0.00000000e+00
4.95087378e+03 8.83538499e+02 0.00000000e+00 0.00000000e+00
4.95237382e+03 8.85548738e+02 0.00000000e+00 0.00000000e+00
4.95387386e+03 8.87563516e+02 0.00000000e+00 0.00000000e+00
4.95537390e+03 8.89582849e+02 0.00000000e+00 0.00000000e+00
4.95687393e+03 8.91606755e+02 0.00000000e+00 0.00000000e+00
4.95837397e+03 8.93635249e+02 0.00000000e+00 0.00000000e+00
4.95987401e+03 8.95668349e+02 0.00000000e+00 0.00000000e+00
4.96137405e+03 8.97706073e+02 0.00000000e+00 0.00000000e+00
4.96287408e+03 8.99748437e+02 0.00000000e+00 0.00000000e+00
4.96437412e+03 9.01795458e+02 0.00000000e+00 0.00000000e+00
4.96587416e+03 9.03847155e+02 0.00000000e+00 0.00000000e+00
4.96737420e+03 9.05903544e+02 0.00000000e+00 0.00000000e+00
4.96887423e+03 9.07964644e+02 0.00000000e+00 0.00000000e+00
4.97037427e+03 9.10030471e+02 0.00000000e+00 0.00000000e+00
4.97187431e+03 9.12101044e+02 0.00000000e+00 0.00000000e+00
4.97337435e+03 9.14176381e+02 0.00000000e+00 0.00000000e+00
4.97487438e+03 9.16256500e+02 0.00000000e+00 0.00000000e+00
4.97637442e+03 9.18341419e+02 0.00000000e+00 0.00000000e+00
4.97787446e+03 9.20431155e+02 0.00000000e+00 0.00000000e+00
4.97937450e+03 9.22525729e+02 0.00000000e+00 0.00000000e+00
4.98087453e+03 9.24625157e+02 0.00000000e+00 0.00000000e+00
4.98237457e+03 9.26729458e+02 0.00000000e+00 0.00000000e+00
4.98387461e+03 9.28838652e+02 0.00000000e+00 0.00000000e+00
4.98537465e+03 9.30952756e+02 0.00000000e+00 0.00000000e+00
4.98687468e+03 9.33071791e+02 0.00000000e+00 0.00000000e+00
4.98837472e+03 9.35195774e+02 0.00000000e+00 0.00000000e+00
4.98987476e+03 9.37324725e+02 0.00000000e+00 0.00000000e+00
4.99137480e+03 9.39458664e+02 0.00000000e+00 0.00000000e+00
4.99287483e+03 9.41597608e+02 0.00000000e+00 0.00000000e+00
4.99437487e+03 9.43741579e+02 0.00000000e+00 0.00000000e+00
4.99587491e+03 9.45890595e+02 0.00000000e+00 0.00000000e+00
4.99737495e+03 9.48044677e+02 0.00000000e+00 0.00000000e+00
4.99887498e+03 9.50203844e+02 0.00000000e+00 0.00000000e+00
5.00037502e+03 9.52368115e+02 0.00000000e+00 0.00000000e+00
5.00187506e+03 9.54537511e+02 0.00000000e+00 0.00000000e+00
5.00337510e+03 9.56712053e+02 0.00000000e+00 0.00000000e+00
5.00487513e+03 9.58891760e+02 0.00000000e+00 0.00000000e+00
5.00637517e+03 9.61076653e+02 0.00000000e+00 0.00000000e+00
5.00787521e+03 9.63266752e+02 0.00000000e+00 0.00000000e+00
5.00937525e+03 9.65462078e+02 0.00000000e+00 0.00000000e+00
5.01087528e+03 9.67662652e+02 0.00000000e+00 0.00000000e+00
5.01237532e+03 9.69868495e+02 0.00000000e+00 0.00000000e+00
5.01387536e+03 9.72079627e+02 0.00000000e+00 0.00000000e+00
5.01537540e+03 9.74296070e+02 0.00000000e+00 0.00000000e+00
5.01687543e+03 9.76517846e+02 0.00000000e+00 0.00000000e+00
5.01837547e+03 9.78744974e+02 0.00000000e+00 0.00000000e+00
5.01987551e+03 9.80977479e+02 0.00000000e+00 0.00000000e+00
5.02137555e+03 9.83215379e+02 0.00000000e+00 0.00000000e+00
5.02287558e+03 9.85458699e+02 0.00000000e+00 0.00000000e+00
5.02437562e+03 9.87707459e+02 0.00000000e+00 0.00000000e+00
5.02587566e+03 9.89961681e+02 0.00000000e+00 0.00000000e+00
5.02737570e+03 9.92221388e+02 0.00000000e+00 0.00000000e+00
5.02887573e+03 9.94486603e+02 0.00000000e+00 0.00000000e+00
5.03037577e+03 9.96757347e+02 0.00000000e+00 0.00000000e+00
5.03187581e+03 9.99033643e+02 0.00000000e+00 0.00000000e+00
5.03337585e+03 1.00131551e+03 0.00000000e+00 0.00000000e+00
5.03487588e+03 1.00360298e+03 0.00000000e+00 0.00000000e+00
5.03637592e+03 1.00589607e+03 0.00000000e+00 0.00000000e+00
5.03787596e+03 1.00819481e+03 0.00000000e+00 0.00000000e+00
5.03937600e+03 1.01049921e+03 0.00000000e+00 0.00000000e+00
5.04087603e+03 1.01280930e+03 0.00000000e+00 0.00000000e+00
5.04237607e+03 1.01512511e+03 0.00000000e+00 0.00000000e+00
5.04387611e+03 1.01744666e+03 0.00000000e+00 0.00000000e+00
5.04537615e+03 1.01977397e+03 0.00000000e+00 0.00000000e+00
5.04687618e+03 1.02210706e+03 0.00000000e+00 0.00000000e+00
5.04837622e+03 1.02444597e+03 0.00000000e+00 0.00000000e+00
5.04987626e+03 1.02679071e+03 0.00000000e+00 0.00000000e+00
5.05137630e+03 1.02914131e+03 0.00000000e+00 0.00000000e+00
5.05287633e+03 1.03149779e+03 0.00000000e+00 0.00000000e+00
5.05437637e+03 1.03386018e+03 0.00000000e+00 0.00000000e+00
5.05587641e+03 1.03622851e+03 0.00000000e+00 0.00000000e+00
5.05737645e+03 1.03860280e+03 0.00000000e+00 0.00000000e+00
5.05887648e+03 1.04098307e+03 0.00000000e+00 0.00000000e+00
5.06037652e+03 1.04336935e+03 0.00000000e+00 0.00000000e+00
5.06187656e+03 1.04576166e+03 0.00000000e+00 0.00000000e+00
5.06337660e+03 1.04816004e+03 0.00000000e+00 0.00000000e+00
5.06487663e+03 1.05056451e+03 0.00000000e+00 0.00000000e+00
5.06637667e+03 1.05297509e+03 0.00000000e+00 0.00000000e+00
5.06787671e+03 1.05539181e+03 0.00000000e+00 0.00000000e+00
5.06937675e+03 1.05781469e+03 0.00000000e+00 0.00000000e+00
5.07087678e+03 1.06024377e+03 0.00000000e+00 0.00000000e+00
5.07237682e+03 1.06267907e+03 0.00000000e+00 0.00000000e+00
5.07387686e+03 1.06512061e+03 0.00000000e+00 0.00000000e+00
5.07537690e+03 1.06756843e+03 0.00000000e+00 0.00000000e+00
5.07687693e+03 1.07002255e+03 0.00000000e+00 0.00000000e+00
5.07837697e+03 1.07248300e+03 0.00000000e+00 0.00000000e+00
5.07987701e+03 1.07494981e+03 0.00000000e+00 0.00000000e+00
5.08137705e+03 1.07742300e+03 0.00000000e+00 0.00000000e+00
5.08287708e+03 1.07990260e+03 0.00000000e+00 0.00000000e+00
5.08437712e+03 1.08238864e+03 0.00000000e+00 0.00000000e+00
5.08587716e+03 1.08488115e+03 0.00000000e+00 0.00000000e+00
5.08737720e+03 1.08738016e+03 0.00000000e+00 0.00000000e+00
5.08887723e+03 1.08988570e+03 0.00000000e+00 0.00000000e+00
5.09037727e+03 1.09239779e+03 0.00000000e+00 0.00000000e+00
5.09187731e+03 1.09491647e+03 0.00000000e+00 0.00000000e+00
5.09337735e+03 1.09744176e+03 0.00000000e+00 0.00000000e+00
5.09487738e+03 1.09997370e+03 0.00000000e+00 0.00000000e+00
5.09637742e+03 1.10251230e+03 0.00000000e+00 0.00000000e+00
5.09787746e+03 1.10505762e+03 0.00000000e+00 0.00000000e+00
5.09937750e+03 1.10760966e+03 0.00000000e+00 0.00000000e+00
5.10087753e+03 1.11016847e+03 0.00000000e+00 0.00000000e+00
5.10237757e+03 1.11273408e+03 0.00000000e+00 0.00000000e+00
5.10387761e+03 1.11530651e+03 0.00000000e+00 0.00000000e+00
5.10537765e+03 1.11788579e+03 0.00000000e+00 0.00000000e+00
5.10687768e+03 1.12047197e+03 0.00000000e+00 0.00000000e+00
5.10837772e+03 1.12306506e+03 0.00000000e+00 0.00000000e+00
5.10987776e+03 1.12566510e+03 0.00000000e+00 0.00000000e+00
5.11137780e+03 1.12827213e+03 0.00000000e+00 0.00000000e+00
5.11287783e+03 1.13088617e+03 0.00000000e+00 0.00000000e+00
5.11437787e+03 1.13350726e+03 0.00000000e+00 0.00000000e+00
5.11587791e+03 1.13613543e+03 0.00000000e+00 0.00000000e+00
5.11737795e+03 1.13877070e+03 0.00000000e+00 0.00000000e+00
5.11887798e+03 1.14141313e+03 0.00000000e+00 0.00000000e+00
5.12037802e+03 1.14406273e+03 0.00000000e+00 0.00000000e+00
5.12187806e+03 1.14671954e+03 0.00000000e+00 0.00000000e+00
5.12337810e+03 1.14938360e+03 0.00000000e+00 0.00000000e+00
5.12487813e+03 1.15205494e+03 0.00000000e+00 0.00000000e+00
5.12637817e+03 1.15473359e+03 0.00000000e+00 0.00000000e+00
5.12787821e+03 1.15741959e+03 0.00000000e+00 0.00000000e+00
5.12937825e+03 1.16011297e+03 0.00000000e+00 0.00000000e+00
5.13087828e+03 1.16281377e+03 0.00000000e+00 0.00000000e+00
5.13237832e+03 1.16552201e+03 0.00000000e+00 0.00000000e+00
5.13387836e+03 1.16823775e+03 0.00000000e+00 0.00000000e+00
5.13537840e+03 1.17096101e+03 0.00000000e+00 0.00000000e+00
5.13687843e+03 1.17369182e+03 0.00000000e+00 0.00000000e+00
5.13837847e+03 1.17643023e+03 0.00000000e+00 0.00000000e+00
5.13987851e+03 1.17917628e+03 0.00000000e+00 0.00000000e+00
5.14137855e+03 1.18192998e+03 0.00000000e+00 0.00000000e+00
5.14287858e+03 1.18469140e+03 0.00000000e+00 0.00000000e+00
5.14437862e+03 1.18746055e+03 0.00000000e+00 0.00000000e+00
5.14587866e+03 1.19023748e+03 0.00000000e+00 0.00000000e+00
5.14737870e+03 1.19302223e+03 0.00000000e+00 0.00000000e+00
5.14887873e+03 1.19581483e+03 0.00000000e+00 0.00000000e+00
5.15037877e+03 1.19861532e+03 0.00000000e+00 0.00000000e+00
5.15187881e+03 1.20142375e+03 0.00000000e+00 0.00000000e+00
5.15337885e+03 1.20424014e+03 0.00000000e+00 0.00000000e+00
5.15487888e+03 1.20706454e+03 0.00000000e+00 0.00000000e+00
5.15637892e+03 1.20989699e+03 0.00000000e+00 0.00000000e+00
5.15787896e+03 1.21273752e+03 0.00000000e+00 0.00000000e+00
5.15937900e+03 1.21558618e+03 0.00000000e+00 0.00000000e+00
5.16087903e+03 1.21844301e+03 0.00000000e+00 0.00000000e+00
5.16237907e+03 1.22130804e+03 0.00000000e+00 0.00000000e+00
5.16387911e+03 1.22418132e+03 0.00000000e+00 0.00000000e+00
5.16537915e+03 1.22706289e+03 0.00000000e+00 0.00000000e+00
5.16687918e+03 1.22995279e+03 0.00000000e+00 0.00000000e+00
5.16837922e+03 1.23285105e+03 0.00000000e+00 0.00000000e+00
5.16987926e+03 1.23575774e+03 0.00000000e+00 0.00000000e+00
5.17137930e+03 1.23867287e+03 0.00000000e+00 0.00000000e+00
5.17287933e+03 1.24159651e+03 0.00000000e+00 0.00000000e+00
5.17437937e+03 1.24452868e+03 0.00000000e+00 0.00000000e+00
5.17587941e+03 1.24746944e+03 0.00000000e+00 0.00000000e+00
5.17737945e+03 1.25041882e+03 0.00000000e+00 0.00000000e+00
5.17887948e+03 1.25337688e+03 0.00000000e+00 0.00000000e+00
5.18037952e+03 1.25634365e+03 0.00000000e+00 0.00000000e+00
5.18187956e+03 1.25931917e+03 0.00000000e+00 0.00000000e+00
5.18337960e+03 1.26230350e+03 0.00000000e+00 0.00000000e+00
5.18487963e+03 1.26529668e+03 0.00000000e+00 0.00000000e+00
5.18637967e+03 1.26829876e+03 0.00000000e+00 0.00000000e+00
5.18787971e+03 1.27130977e+03 0.00000000e+00 0.00000000e+00
5.18937975e+03 1.27432977e+03 0.00000000e+00 0.00000000e+00
5.19087978e+03 1.27735880e+03 0.00000000e+00 0.00000000e+00
5.19237982e+03 1.28039691e+03 0.00000000e+00 0.00000000e+00
5.19387986e+03 1.28344414e+03 0.00000000e+00 0.00000000e+00
5.19537990e+03 1.28650055e+03 0.00000000e+00 0.00000000e+00
5.19687993e+03 1.28956618e+03 0.00000000e+00 0.00000000e+00
5.19837997e+03 1.29264108e+03 0.00000000e+00 0.00000000e+00
5.19988001e+03 1.29572529e+03 0.00000000e+00 0.00000000e+00
5.20138005e+03 1.29881887e+03 0.00000000e+00 0.00000000e+00
5.20288009e+03 1.30192187e+03 0.00000000e+00 0.00000000e+00
5.20438012e+03 1.30503433e+03 0.00000000e+00 0.00000000e+00
5.20588016e+03 1.30815631e+03 0.00000000e+00 0.00000000e+00
5.20738020e+03 1.31128786e+03 0.00000000e+00 0.00000000e+00
5.20888024e+03 1.31442902e+03 0.00000000e+00 0.00000000e+00
5.21038027e+03 1.31757985e+03 0.00000000e+00 0.00000000e+00
5.21188031e+03 1.32074039e+03 0.00000000e+00 0.00000000e+00
5.21338035e+03 1.32391071e+03 0.00000000e+00 0.00000000e+00
5.21488039e+03 1.32709086e+03 0.00000000e+00 0.00000000e+00
5.21638042e+03 1.33028088e+03 0.00000000e+00 0.00000000e+00
5.21788046e+03 1.33348082e+03 0.00000000e+00 0.00000000e+00
5.21938050e+03 1.33669076e+03 0.00000000e+00 0.00000000e+00
5.22088054e+03 1.33991073e+03 0.00000000e+00 0.00000000e+00
5.22238057e+03 1.34314079e+03 0.00000000e+00 0.00000000e+00
5.22388061e+03 1.34638100e+03 0.00000000e+00 0.00000000e+00
5.22538065e+03 1.34963141e+03 0.00000000e+00 0.00000000e+00
5.22688069e+03 1.35289207e+03 0.00000000e+00 0.00000000e+00
5.22838072e+03 1.35616305e+03 0.00000000e+00 0.00000000e+00
5.22988076e+03 1.35944440e+03 0.00000000e+00 0.00000000e+00
5.23138080e+03 1.36273618e+03 0.00000000e+00 0.00000000e+00
5.23288084e+03 1.36603845e+03 0.00000000e+00 0.00000000e+00
5.23438087e+03 1.36935125e+03 0.00000000e+00 0.00000000e+00
5.23588091e+03 1.37267466e+03 0.00000000e+00 0.00000000e+00
5.23738095e+03 1.37600873e+03 0.00000000e+00 0.00000000e+00
5.23888099e+03 1.37935352e+03 0.00000000e+00 0.00000000e+00
5.24038102e+03 1.38270909e+03 0.00000000e+00 0.00000000e+00
5.24188106e+03 1.38607549e+03 0.00000000e+00 0.00000000e+00
5.24338110e+03 1.38945280e+03 0.00000000e+00 0.00000000e+00
5.24488114e+03 1.39284107e+03 0.00000000e+00 0.00000000e+00
5.24638117e+03 1.39624036e+03 0.00000000e+00 0.00000000e+00
5.24788121e+03 1.39965074e+03 0.00000000e+00 0.00000000e+00
5.24938125e+03 1.40307227e+03 0.00000000e+00 0.00000000e+00
5.25088129e+03 1.40650501e+03 0.00000000e+00 0.00000000e+00
5.25238132e+03 1.40994903e+03 0.00000000e+00 0.00000000e+00
5.25388136e+03 1.41340439e+03 0.00000000e+00 0.00000000e+00
5.25538140e+03 1.41687115e+03 0.00000000e+00 0.00000000e+00
5.25688144e+03 1.42034938e+03 0.00000000e+00 0.00000000e+00
5.25838147e+03 1.42383915e+03 0.00000000e+00 0.00000000e+00
5.25988151e+03 1.42734053e+03 0.00000000e+00 0.00000000e+00
5.26138155e+03 1.43085357e+03 0.00000000e+00 0.00000000e+00
5.26288159e+03 1.43437835e+03 0.00000000e+00 0.00000000e+00
5.26438162e+03 1.43791494e+03 0.00000000e+00 0.00000000e+00
5.26588166e+03 1.44146340e+03 0.00000000e+00 0.00000000e+00
5.26738170e+03 1.44502381e+03 0.00000000e+00 0.00000000e+00
5.26888174e+03 1.44859623e+03 0.00000000e+00 0.00000000e+00
5.27038177e+03 1.45218074e+03 0.00000000e+00 0.00000000e+00
5.27188181e+03 1.45577740e+03 0.00000000e+00 0.00000000e+00
5.27338185e+03 1.45938629e+03 0.00000000e+00 0.00000000e+00
5.27488189e+03 1.46300747e+03 0.00000000e+00 0.00000000e+00
5.27638192e+03 1.46664103e+03 0.00000000e+00 0.00000000e+00
5.27788196e+03 1.47028704e+03 0.00000000e+00 0.00000000e+00
5.27938200e+03 1.47394557e+03 0.00000000e+00 0.00000000e+00
5.28088204e+03 1.47761669e+03 0.00000000e+00 0.00000000e+00
5.28238207e+03 1.48130048e+03 0.00000000e+00 0.00000000e+00
5.28388211e+03 1.48499702e+03 0.00000000e+00 0.00000000e+00
5.28538215e+03 1.48870638e+03 0.00000000e+00 0.00000000e+00
5.28688219e+03 1.49242864e+03 0.00000000e+00 0.00000000e+00
5.28838222e+03 1.49616388e+03 0.00000000e+00 0.00000000e+00
5.28988226e+03 1.49991218e+03 0.00000000e+00 0.00000000e+00
5.29138230e+03 1.50367361e+03 0.00000000e+00 0.00000000e+00
5.29288234e+03 1.50744826e+03 0.00000000e+00 0.00000000e+00
5.29438237e+03 1.51123621e+03 0.00000000e+00 0.00000000e+00
5.29588241e+03 1.51503753e+03 0.00000000e+00 0.00000000e+00
5.29738245e+03 1.51885232e+03 0.00000000e+00 0.00000000e+00
5.29888249e+03 1.52268065e+03 0.00000000e+00 0.00000000e+00
5.30038252e+03 1.52652261e+03 0.00000000e+00 0.00000000e+00
5.30188256e+03 1.53037828e+03 0.00000000e+00 0.00000000e+00
5.30338260e+03 1.53424775e+03 0.00000000e+00 0.00000000e+00
5.30488264e+03 1.53813110e+03 0.00000000e+00 0.00000000e+00
5.30638267e+03 1.54202842e+03 0.00000000e+00 0.00000000e+00
5.30788271e+03 1.54593980e+03 0.00000000e+00 0.00000000e+00
5.30938275e+03 1.54986532e+03 0.00000000e+00 0.00000000e+00
5.31088279e+03 1.55380507e+03 0.00000000e+00 0.00000000e+00
5.31238282e+03 1.55775915e+03 0.00000000e+00 0.00000000e+00
5.31388286e+03 1.56172765e+03 0.00000000e+00 0.00000000e+00
5.31538290e+03 1.56571065e+03 0.00000000e+00 0.00000000e+00
5.31688294e+03 1.56970825e+03 0.00000000e+00 0.00000000e+00
5.31838297e+03 1.57372053e+03 0.00000000e+00 0.00000000e+00
5.31988301e+03 1.57774761e+03 0.00000000e+00 0.00000000e+00
5.32138305e+03 1.58178956e+03 0.00000000e+00 0.00000000e+00
5.32288309e+03 1.58584649e+03 0.00000000e+00 0.00000000e+00
5.32438312e+03 1.58991849e+03 0.00000000e+00 0.00000000e+00
5.32588316e+03 1.59400566e+03 0.00000000e+00 0.00000000e+00
5.32738320e+03 1.59810809e+03 0.00000000e+00 0.00000000e+00
5.32888324e+03 1.60222589e+03 0.00000000e+00 0.00000000e+00
5.33038327e+03 1.60635916e+03 0.00000000e+00 0.00000000e+00
5.33188331e+03 1.61050800e+03 0.00000000e+00 0.00000000e+00
5.33338335e+03 1.61467250e+03 0.00000000e+00 0.00000000e+00
5.33488339e+03 1.61885278e+03 0.00000000e+00 0.00000000e+00
5.33638342e+03 1.62304893e+03 0.00000000e+00 0.00000000e+00
5.33788346e+03 1.62726106e+03 0.00000000e+00 0.00000000e+00
5.33938350e+03 1.63148928e+03 0.00000000e+00 0.00000000e+00
5.34088354e+03 1.63573369e+03 0.00000000e+00 0.00000000e+00
5.34238357e+03 1.63999441e+03 0.00000000e+00 0.00000000e+00
5.34388361e+03 1.64427153e+03 0.00000000e+00 0.00000000e+00
5.34538365e+03 1.64856517e+03 0.00000000e+00 0.00000000e+00
5.34688369e+03 1.65287544e+03 0.00000000e+00 0.00000000e+00
5.34838372e+03 1.65720245e+03 0.00000000e+00 0.00000000e+00
5.34988376e+03 1.66154632e+03 0.00000000e+00 0.00000000e+00
5.35138380e+03 1.66590716e+03 0.00000000e+00 0.00000000e+00
5.35288384e+03 1.67028508e+03 0.00000000e+00 0.00000000e+00
5.35438387e+03 1.67468020e+03 0.00000000e+00 0.00000000e+00
5.35588391e+03 1.67909264e+03 0.00000000e+00 0.00000000e+00
5.35738395e+03 1.68352252e+03 0.00000000e+00 0.00000000e+00
5.35888399e+03 1.68796995e+03 0.00000000e+00 0.00000000e+00
5.36038402e+03 1.69243506e+03 0.00000000e+00 0.00000000e+00
5.36188406e+03 1.69691796e+03 0.00000000e+00 0.00000000e+00
5.36338410e+03 1.70141879e+03 0.00000000e+00 0.00000000e+00
5.36488414e+03 1.70593766e+03 0.00000000e+00 0.00000000e+00
5.36638417e+03 1.71047471e+03 0.00000000e+00 0.00000000e+00
5.36788421e+03 1.71503005e+03 0.00000000e+00 0.00000000e+00
5.36938425e+03 1.71960382e+03 0.00000000e+00 0.00000000e+00
5.37088429e+03 1.72419614e+03 0.00000000e+00 0.00000000e+00
5.37238432e+03 1.72880715e+03 0.00000000e+00 0.00000000e+00
5.37388436e+03 1.73343698e+03 0.00000000e+00 0.00000000e+00
5.37538440e+03 1.73808576e+03 0.00000000e+00 0.00000000e+00
5.37688444e+03 1.74275362e+03 0.00000000e+00 0.00000000e+00
5.37838447e+03 1.74744071e+03 0.00000000e+00 0.00000000e+00
5.37988451e+03 1.75214715e+03 0.00000000e+00 0.00000000e+00
5.38138455e+03 1.75687309e+03 0.00000000e+00 0.00000000e+00
5.38288459e+03 1.76161867e+03 0.00000000e+00 0.00000000e+00
5.38438462e+03 1.76638402e+03 0.00000000e+00 0.00000000e+00
5.38588466e+03 1.77116930e+03 0.00000000e+00 0.00000000e+00
5.38738470e+03 1.77597464e+03 0.00000000e+00 0.00000000e+00
5.38888474e+03 1.78080019e+03 0.00000000e+00 0.00000000e+00
5.39038477e+03 1.78564610e+03 0.00000000e+00 0.00000000e+00
5.39188481e+03 1.79051252e+03 0.00000000e+00 0.00000000e+00
5.39338485e+03 1.79539959e+03 0.00000000e+00 0.00000000e+00
5.39488489e+03 1.80030748e+03 0.00000000e+00 0.00000000e+00
5.39638492e+03 1.80523632e+03 0.00000000e+00 0.00000000e+00
5.39788496e+03 1.81018628e+03 0.00000000e+00 0.00000000e+00
5.39938500e+03 1.81515752e+03 0.00000000e+00 0.00000000e+00
5.40088504e+03 1.82015019e+03 0.00000000e+00 0.00000000e+00
5.40238507e+03 1.82516445e+03 0.00000000e+00 0.00000000e+00
5.40388511e+03 1.83020046e+03 0.00000000e+00 0.00000000e+00
5.40538515e+03 1.83525839e+03 0.00000000e+00 0.00000000e+00
5.40688519e+03 1.84033840e+03 0.00000000e+00 0.00000000e+00
5.40838522e+03 1.84544066e+03 0.00000000e+00 0.00000000e+00
5.40988526e+03 1.85056534e+03 0.00000000e+00 0.00000000e+00
5.41138530e+03 1.85571260e+03 0.00000000e+00 0.00000000e+00
5.41288534e+03 1.86088262e+03 0.00000000e+00 0.00000000e+00
5.41438537e+03 1.86607557e+03 0.00000000e+00 0.00000000e+00
5.41588541e+03 1.87129164e+03 0.00000000e+00 0.00000000e+00
5.41738545e+03 1.87653098e+03 0.00000000e+00 0.00000000e+00
5.41888549e+03 1.88179380e+03 0.00000000e+00 0.00000000e+00
5.42038552e+03 1.88708025e+03 0.00000000e+00 0.00000000e+00
5.42188556e+03 1.89239054e+03 0.00000000e+00 0.00000000e+00
5.42338560e+03 1.89772485e+03 0.00000000e+00 0.00000000e+00
5.42488564e+03 1.90308336e+03 0.00000000e+00 0.00000000e+00
5.42638567e+03 1.90846625e+03 0.00000000e+00 0.00000000e+00
5.42788571e+03 1.91387374e+03 0.00000000e+00 0.00000000e+00
5.42938575e+03 1.91930600e+03 0.00000000e+00 0.00000000e+00
5.43088579e+03 1.92476323e+03 0.00000000e+00 0.00000000e+00
5.43238582e+03 1.93024564e+03 0.00000000e+00 0.00000000e+00
5.43388586e+03 1.93575341e+03 0.00000000e+00 0.00000000e+00
5.43538590e+03 1.94128676e+03 0.00000000e+00 0.00000000e+00
5.43688594e+03 1.94684589e+03 0.00000000e+00 0.00000000e+00
5.43838597e+03 1.95243100e+03 0.00000000e+00 0.00000000e+00
5.43988601e+03 1.95804231e+03 0.00000000e+00 0.00000000e+00
5.44138605e+03 1.96368002e+03 0.00000000e+00 0.00000000e+00
5.44288609e+03 1.96934436e+03 0.00000000e+00 0.00000000e+00
5.44438612e+03 1.97503553e+03 0.00000000e+00 0.00000000e+00
5.44588616e+03 1.98075375e+03 0.00000000e+00 0.00000000e+00
5.44738620e+03 1.98649925e+03 0.00000000e+00 0.00000000e+00
5.44888624e+03 1.99227225e+03 0.00000000e+00 0.00000000e+00
5.45038627e+03 1.99807297e+03 0.00000000e+00 0.00000000e+00
5.45188631e+03 2.00390165e+03 0.00000000e+00 0.00000000e+00
5.45338635e+03 2.00975852e+03 0.00000000e+00 0.00000000e+00
5.45488639e+03 2.01564381e+03 0.00000000e+00 0.00000000e+00
5.45638642e+03 2.02155776e+03 0.00000000e+00 0.00000000e+00
5.45788646e+03 2.02750060e+03 0.00000000e+00 0.00000000e+00
5.45938650e+03 2.03347259e+03 0.00000000e+00 0.00000000e+00
5.46088654e+03 2.03947396e+03 0.00000000e+00 0.00000000e+00
5.46238657e+03 2.04550496e+03 0.00000000e+00 0.00000000e+00
5.46388661e+03 2.05156585e+03 0.00000000e+00 0.00000000e+00
5.46538665e+03 2.05765688e+03 0.00000000e+00 0.00000000e+00
5.46688669e+03 2.06377831e+03 0.00000000e+00 0.00000000e+00
5.46838672e+03 2.06993039e+03 0.00000000e+00 0.00000000e+00
5.46988676e+03 2.07611339e+03 0.00000000e+00 0.00000000e+00
5.47138680e+03 2.08232758e+03 0.00000000e+00 0.00000000e+00
5.47288684e+03 2.08857322e+03 0.00000000e+00 0.00000000e+00
5.47438687e+03 2.09485060e+03 0.00000000e+00 0.00000000e+00
5.47588691e+03 2.10115998e+03 0.00000000e+00 0.00000000e+00
5.47738695e+03 2.10750164e+03 0.00000000e+00 0.00000000e+00
5.47888699e+03 2.11387587e+03 0.00000000e+00 0.00000000e+00
5.48038702e+03 2.12028295e+03 0.00000000e+00 0.00000000e+00
5.48188706e+03 2.12672318e+03 0.00000000e+00 0.00000000e+00
5.48338710e+03 2.13319685e+03 0.00000000e+00 0.00000000e+00
5.48488714e+03 2.13970424e+03 0.00000000e+00 0.00000000e+00
5.48638717e+03 2.14624568e+03 0.00000000e+00 0.00000000e+00
5.48788721e+03 2.15282145e+03 0.00000000e+00 0.00000000e+00
5.48938725e+03 2.15943187e+03 0.00000000e+00 0.00000000e+00
5.49088729e+03 2.16607725e+03 0.00000000e+00 0.00000000e+00
5.49238732e+03 2.17275790e+03 0.00000000e+00 0.00000000e+00
5.49388736e+03 2.17947415e+03 0.00000000e+00 0.00000000e+00
5.49538740e+03 2.18622632e+03 0.00000000e+00 0.00000000e+00
5.49688744e+03 2.19301474e+03 0.00000000e+00 0.00000000e+00
5.49838747e+03 2.19983973e+03 0.00000000e+00 0.00000000e+00
5.49988751e+03 2.20670164e+03 0.00000000e+00 0.00000000e+00
5.50138755e+03 2.21360080e+03 0.00000000e+00 0.00000000e+00
5.50288759e+03 2.22053757e+03 0.00000000e+00 0.00000000e+00
5.50438762e+03 2.22751228e+03 0.00000000e+00 0.00000000e+00
5.50588766e+03 2.23452530e+03 0.00000000e+00 0.00000000e+00
5.50738770e+03 2.24157699e+03 0.00000000e+00 0.00000000e+00
5.50888774e+03 2.24866770e+03 0.00000000e+00 0.00000000e+00
5.51038777e+03 2.25579780e+03 0.00000000e+00 0.00000000e+00
5.51188781e+03 2.26296767e+03 0.00000000e+00 0.00000000e+00
5.51338785e+03 2.27017768e+03 0.00000000e+00 0.00000000e+00
5.51488789e+03 2.27742822e+03 0.00000000e+00 0.00000000e+00
5.51638792e+03 2.28471967e+03 0.00000000e+00 0.00000000e+00
5.51788796e+03 2.29205243e+03 0.00000000e+00 0.00000000e+00
5.51938800e+03 2.29942689e+03 0.00000000e+00 0.00000000e+00
5.52088804e+03 2.30684347e+03 0.00000000e+00 0.00000000e+00
5.52238807e+03 2.31430255e+03 0.00000000e+00 0.00000000e+00
5.52388811e+03 2.32180457e+03 0.00000000e+00 0.00000000e+00
5.52538815e+03 2.32934994e+03 0.00000000e+00 0.00000000e+00
5.52688819e+03 2.33693908e+03 0.00000000e+00 0.00000000e+00
5.52838822e+03 2.34457243e+03 0.00000000e+00 0.00000000e+00
5.52988826e+03 2.35225043e+03 0.00000000e+00 0.00000000e+00
5.53138830e+03 2.35997351e+03 0.00000000e+00 0.00000000e+00
5.53288834e+03 2.36774212e+03 0.00000000e+00 0.00000000e+00
5.53438837e+03 2.37555673e+03 0.00000000e+00 0.00000000e+00
5.53588841e+03 2.38341779e+03 0.00000000e+00 0.00000000e+00
5.53738845e+03 2.39132576e+03 0.00000000e+00 0.00000000e+00
5.53888849e+03 2.39928113e+03 0.00000000e+00 0.00000000e+00
5.54038852e+03 2.40728438e+03 0.00000000e+00 0.00000000e+00
5.54188856e+03 2.41533599e+03 0.00000000e+00 0.00000000e+00
5.54338860e+03 2.42343646e+03 0.00000000e+00 0.00000000e+00
5.54488864e+03 2.43158628e+03 0.00000000e+00 0.00000000e+00
5.54638867e+03 2.43978598e+03 0.00000000e+00 0.00000000e+00
5.54788871e+03 2.44803605e+03 0.00000000e+00 0.00000000e+00
5.54938875e+03 2.45633704e+03 0.00000000e+00 0.00000000e+00
5.55088879e+03 2.46468946e+03 0.00000000e+00 0.00000000e+00
5.55238882e+03 2.47309386e+03 0.00000000e+00 0.00000000e+00
5.55388886e+03 2.48155078e+03 0.00000000e+00 0.00000000e+00
5.55538890e+03 2.49006078e+03 0.00000000e+00 0.00000000e+00
5.55688894e+03 2.49862441e+03 0.00000000e+00 0.00000000e+00
5.55838897e+03 2.50724226e+03 0.00000000e+00 0.00000000e+00
5.55988901e+03 2.51591489e+03 0.00000000e+00 0.00000000e+00
5.56138905e+03 2.52464290e+03 0.00000000e+00 0.00000000e+00
5.56288909e+03 2.53342688e+03 0.00000000e+00 0.00000000e+00
5.56438912e+03 2.54226743e+03 0.00000000e+00 0.00000000e+00
5.56588916e+03 2.55116517e+03 0.00000000e+00 0.00000000e+00
5.56738920e+03 2.56012073e+03 0.00000000e+00 0.00000000e+00
5.56888924e+03 2.56913473e+03 0.00000000e+00 0.00000000e+00
5.57038927e+03 2.57820782e+03 0.00000000e+00 0.00000000e+00
5.57188931e+03 2.58734064e+03 0.00000000e+00 0.00000000e+00
5.57338935e+03 2.59653387e+03 0.00000000e+00 0.00000000e+00
5.57488939e+03 2.60578816e+03 0.00000000e+00 0.00000000e+00
5.57638942e+03 2.61510421e+03 0.00000000e+00 0.00000000e+00
5.57788946e+03 2.62448270e+03 0.00000000e+00 0.00000000e+00
5.57938950e+03 2.63392435e+03 0.00000000e+00 0.00000000e+00
5.58088954e+03 2.64342985e+03 0.00000000e+00 0.00000000e+00
5.58238957e+03 2.65299994e+03 0.00000000e+00 0.00000000e+00
5.58388961e+03 2.66263535e+03 0.00000000e+00 0.00000000e+00
5.58538965e+03 2.67233683e+03 0.00000000e+00 0.00000000e+00
5.58688969e+03 2.68210515e+03 0.00000000e+00 0.00000000e+00
5.58838972e+03 2.69194106e+03 0.00000000e+00 0.00000000e+00
5.58988976e+03 2.70184536e+03 0.00000000e+00 0.00000000e+00
5.59138980e+03 2.71181884e+03 0.00000000e+00 0.00000000e+00
5.59288984e+03 2.72186232e+03 0.00000000e+00 0.00000000e+00
5.59438987e+03 2.73197660e+03 0.00000000e+00 0.00000000e+00
5.59588991e+03 2.74216254e+03 0.00000000e+00 0.00000000e+00
5.59738995e+03 2.75242097e+03 0.00000000e+00 0.00000000e+00
5.59888999e+03 2.76275277e+03 0.00000000e+00 0.00000000e+00
5.60039002e+03 2.77315880e+03 0.00000000e+00 0.00000000e+00
5.60189006e+03 2.78363995e+03 0.00000000e+00 0.00000000e+00
5.60339010e+03 2.79419715e+03 0.00000000e+00 0.00000000e+00
5.60489014e+03 2.80483129e+03 0.00000000e+00 0.00000000e+00
5.60639017e+03 2.81554333e+03 0.00000000e+00 0.00000000e+00
5.60789021e+03 2.82633421e+03 0.00000000e+00 0.00000000e+00
5.60939025e+03 2.83720491e+03 0.00000000e+00 0.00000000e+00
5.61089029e+03 2.84815639e+03 0.00000000e+00 0.00000000e+00
5.61239032e+03 2.85918968e+03 0.00000000e+00 0.00000000e+00
5.61389036e+03 2.87030578e+03 0.00000000e+00 0.00000000e+00
5.61539040e+03 2.88150573e+03 0.00000000e+00 0.00000000e+00
5.61689044e+03 2.89279058e+03 0.00000000e+00 0.00000000e+00
5.61839047e+03 2.90416140e+03 0.00000000e+00 0.00000000e+00
5.61989051e+03 2.91561929e+03 0.00000000e+00 0.00000000e+00
5.62139055e+03 2.92716535e+03 0.00000000e+00 0.00000000e+00
5.62289059e+03 2.93880070e+03 0.00000000e+00 0.00000000e+00
5.62439062e+03 2.95052651e+03 0.00000000e+00 0.00000000e+00
5.62589066e+03 2.96234394e+03 0.00000000e+00 0.00000000e+00
5.62739070e+03 2.97425416e+03 0.00000000e+00 0.00000000e+00
5.62889074e+03 2.98625841e+03 0.00000000e+00 0.00000000e+00
5.63039077e+03 2.99835790e+03 0.00000000e+00 0.00000000e+00
5.63189081e+03 3.01055389e+03 0.00000000e+00 0.00000000e+00
5.63339085e+03 3.02284765e+03 0.00000000e+00 0.00000000e+00
5.63489089e+03 3.03524050e+03 0.00000000e+00 0.00000000e+00
5.63639092e+03 3.04773374e+03 0.00000000e+00 0.00000000e+00
5.63789096e+03 3.06032873e+03 0.00000000e+00 0.00000000e+00
5.63939100e+03 3.07302683e+03 0.00000000e+00 0.00000000e+00
5.64089104e+03 3.08582946e+03 0.00000000e+00 0.00000000e+00
5.64239107e+03 3.09873802e+03 0.00000000e+00 0.00000000e+00
5.64389111e+03 3.11175397e+03 0.00000000e+00 0.00000000e+00
5.64539115e+03 3.12487880e+03 0.00000000e+00 0.00000000e+00
5.64689119e+03 3.13811399e+03 0.00000000e+00 0.00000000e+00
5.64839122e+03 3.15146109e+03 0.00000000e+00 0.00000000e+00
5.64989126e+03 3.16492166e+03 0.00000000e+00 0.00000000e+00
5.65139130e+03 3.17849729e+03 0.00000000e+00 0.00000000e+00
5.65289134e+03 3.19218961e+03 0.00000000e+00 0.00000000e+00
5.65439137e+03 3.20600027e+03 0.00000000e+00 0.00000000e+00
5.65589141e+03 3.21993095e+03 0.00000000e+00 0.00000000e+00
5.65739145e+03 3.23398338e+03 0.00000000e+00 0.00000000e+00
5.65889149e+03 3.24815931e+03 0.00000000e+00 0.00000000e+00
5.66039152e+03 3.26246053e+03 0.00000000e+00 0.00000000e+00
5.66189156e+03 3.27688887e+03 0.00000000e+00 0.00000000e+00
5.66339160e+03 3.29144617e+03 0.00000000e+00 0.00000000e+00
5.66489164e+03 3.30613435e+03 0.00000000e+00 0.00000000e+00
5.66639167e+03 3.32095533e+03 0.00000000e+00 0.00000000e+00
5.66789171e+03 3.33591109e+03 0.00000000e+00 0.00000000e+00
5.66939175e+03 3.35100364e+03 0.00000000e+00 0.00000000e+00
5.67089179e+03 3.36623505e+03 0.00000000e+00 0.00000000e+00
5.67239182e+03 3.38160741e+03 0.00000000e+00 0.00000000e+00
5.67389186e+03 3.39712286e+03 0.00000000e+00 0.00000000e+00
5.67539190e+03 3.41278358e+03 0.00000000e+00 0.00000000e+00
5.67689194e+03 3.42859182e+03 0.00000000e+00 0.00000000e+00
5.67839197e+03 3.44454984e+03 0.00000000e+00 0.00000000e+00
5.67989201e+03 3.46065998e+03 0.00000000e+00 0.00000000e+00
5.68139205e+03 3.47692462e+03 0.00000000e+00 0.00000000e+00
5.68289209e+03 3.49334617e+03 0.00000000e+00 0.00000000e+00
5.68439212e+03 3.50992713e+03 0.00000000e+00 0.00000000e+00
5.68589216e+03 3.52667002e+03 0.00000000e+00 0.00000000e+00
5.68739220e+03 3.54357743e+03 0.00000000e+00 0.00000000e+00
5.68889224e+03 3.56065201e+03 0.00000000e+00 0.00000000e+00
5.69039227e+03 3.57789646e+03 0.00000000e+00 0.00000000e+00
5.69189231e+03 3.59531354e+03 0.00000000e+00 0.00000000e+00
5.69339235e+03 3.61290608e+03 0.00000000e+00 0.00000000e+00
5.69489239e+03 3.63067697e+03 0.00000000e+00 0.00000000e+00
5.69639242e+03 3.64862916e+03 0.00000000e+00 0.00000000e+00
5.69789246e+03 3.66676566e+03 0.00000000e+00 0.00000000e+00
5.69939250e+03 3.68508958e+03 0.00000000e+00 0.00000000e+00
5.70089254e+03 3.70360406e+03 0.00000000e+00 0.00000000e+00
5.70239257e+03 3.72231234e+03 0.00000000e+00 0.00000000e+00
5.70389261e+03 3.74121772e+03 0.00000000e+00 0.00000000e+00
5.70539265e+03 3.76032360e+03 0.00000000e+00 0.00000000e+00
5.70689269e+03 3.77963343e+03 0.00000000e+00 0.00000000e+00
5.70839272e+03 3.79915076e+03 0.00000000e+00 0.00000000e+00
5.70989276e+03 3.81887922e+03 0.00000000e+00 0.00000000e+00
5.71139280e+03 3.83882253e+03 0.00000000e+00 0.00000000e+00
5.71289284e+03 3.85898449e+03 0.00000000e+00 0.00000000e+00
5.71439287e+03 3.87936901e+03 0.00000000e+00 0.00000000e+00
5.71589291e+03 3.89998007e+03 0.00000000e+00 0.00000000e+00
5.71739295e+03 3.92082177e+03 0.00000000e+00 0.00000000e+00
5.71889299e+03 3.94189830e+03 0.00000000e+00 0.00000000e+00
5.72039302e+03 3.96321396e+03 0.00000000e+00 0.00000000e+00
5.72189306e+03 3.98477315e+03 0.00000000e+00 0.00000000e+00
5.72339310e+03 4.00658039e+03 0.00000000e+00 0.00000000e+00
5.72489314e+03 4.02864031e+03 0.00000000e+00 0.00000000e+00
5.72639317e+03 4.05095766e+03 0.00000000e+00 0.00000000e+00
5.72789321e+03 4.07353731e+03 0.00000000e+00 0.00000000e+00
5.72939325e+03 4.09638425e+03 0.00000000e+00 0.00000000e+00
5.73089329e+03 4.11950362e+03 0.00000000e+00 0.00000000e+00
5.73239332e+03 4.14290067e+03 0.00000000e+00 0.00000000e+00
5.73389336e+03 4.16658080e+03 0.00000000e+00 0.00000000e+00
5.73539340e+03 4.19054956e+03 0.00000000e+00 0.00000000e+00
5.73689344e+03 4.21481265e+03 0.00000000e+00 0.00000000e+00
5.73839347e+03 4.23937590e+03 0.00000000e+00 0.00000000e+00
5.73989351e+03 4.26424533e+03 0.00000000e+00 0.00000000e+00
5.74139355e+03 4.28942710e+03 0.00000000e+00 0.00000000e+00
5.74289359e+03 4.31492755e+03 0.00000000e+00 0.00000000e+00
5.74439362e+03 4.34075320e+03 0.00000000e+00 0.00000000e+00
5.74589366e+03 4.36691075e+03 0.00000000e+00 0.00000000e+00
5.74739370e+03 4.39340709e+03 0.00000000e+00 0.00000000e+00
5.74889374e+03 4.42024930e+03 0.00000000e+00 0.00000000e+00
5.75039377e+03 4.44744465e+03 0.00000000e+00 0.00000000e+00
5.75189381e+03 4.47500066e+03 0.00000000e+00 0.00000000e+00
5.75339385e+03 4.50292504e+03 0.00000000e+00 0.00000000e+00
5.75489389e+03 4.53122571e+03 0.00000000e+00 0.00000000e+00
5.75639392e+03 4.55991086e+03 0.00000000e+00 0.00000000e+00
5.75789396e+03 4.58898891e+03 0.00000000e+00 0.00000000e+00
5.75939400e+03 4.61846852e+03 0.00000000e+00 0.00000000e+00
5.76089404e+03 4.64835863e+03 0.00000000e+00 0.00000000e+00
5.76239407e+03 4.67866843e+03 0.00000000e+00 0.00000000e+00
5.76389411e+03 4.70940742e+03 0.00000000e+00 0.00000000e+00
5.76539415e+03 4.74058537e+03 0.00000000e+00 0.00000000e+00
5.76689419e+03 4.77221237e+03 0.00000000e+00 0.00000000e+00
5.76839422e+03 4.80429882e+03 0.00000000e+00 0.00000000e+00
5.76989426e+03 4.83685546e+03 0.00000000e+00 0.00000000e+00
5.77139430e+03 4.86989336e+03 0.00000000e+00 0.00000000e+00
5.77289434e+03 4.90342396e+03 0.00000000e+00 0.00000000e+00
5.77439437e+03 4.93745906e+03 0.00000000e+00 0.00000000e+00
5.77589441e+03 4.97201086e+03 0.00000000e+00 0.00000000e+00
5.77739445e+03 5.00709195e+03 0.00000000e+00 0.00000000e+00
5.77889449e+03 5.04271537e+03 0.00000000e+00 0.00000000e+00
5.78039452e+03 5.07889456e+03 0.00000000e+00 0.00000000e+00
5.78189456e+03 5.11564346e+03 0.00000000e+00 0.00000000e+00
5.78339460e+03 5.15297644e+03 0.00000000e+00 0.00000000e+00
5.78489464e+03 5.19090841e+03 0.00000000e+00 0.00000000e+00
5.78639467e+03 5.22945480e+03 0.00000000e+00 0.00000000e+00
5.78789471e+03 5.26863155e+03 0.00000000e+00 0.00000000e+00
5.78939475e+03 5.30845520e+03 0.00000000e+00 0.00000000e+00
5.79089479e+03 5.34894288e+03 0.00000000e+00 0.00000000e+00
5.79239482e+03 5.39011234e+03 0.00000000e+00 0.00000000e+00
5.79389486e+03 5.43198198e+03 0.00000000e+00 0.00000000e+00
5.79539490e+03 5.47457088e+03 0.00000000e+00 0.00000000e+00
5.79689494e+03 5.51789885e+03 0.00000000e+00 0.00000000e+00
5.79839497e+03 5.56198644e+03 0.00000000e+00 0.00000000e+00
5.79989501e+03 5.60685497e+03 0.00000000e+00 0.00000000e+00
5.80139505e+03 5.65252661e+03 0.00000000e+00 0.00000000e+00
5.80289509e+03 5.69902438e+03 0.00000000e+00 0.00000000e+00
5.80439512e+03 5.74637222e+03 0.00000000e+00 0.00000000e+00
5.80589516e+03 5.79459500e+03 0.00000000e+00 0.00000000e+00
5.80739520e+03 5.84371863e+03 0.00000000e+00 0.00000000e+00
5.80889524e+03 5.89377004e+03 0.00000000e+00 0.00000000e+00
5.81039527e+03 5.94477730e+03 0.00000000e+00 0.00000000e+00
5.81189531e+03 5.99676962e+03 0.00000000e+00 0.00000000e+00
5.81339535e+03 6.04977746e+03 0.00000000e+00 0.00000000e+00
5.81489539e+03 6.10383258e+03 0.00000000e+00 0.00000000e+00
5.81639542e+03 6.15896810e+03 0.00000000e+00 0.00000000e+00
5.81789546e+03 6.21521859e+03 0.00000000e+00 0.00000000e+00
5.81939550e+03 6.27262014e+03 0.00000000e+00 0.00000000e+00
5.82089554e+03 6.33121047e+03 0.00000000e+00 0.00000000e+00
5.82239557e+03 6.39102899e+03 0.00000000e+00 0.00000000e+00
5.82389561e+03 6.45211693e+03 0.00000000e+00 0.00000000e+00
5.82539565e+03 6.51451741e+03 0.00000000e+00 0.00000000e+00
5.82689569e+03 6.57827560e+03 0.00000000e+00 0.00000000e+00
5.82839572e+03 6.64343881e+03 0.00000000e+00 0.00000000e+00
5.82989576e+03 6.71005663e+03 0.00000000e+00 0.00000000e+00
5.83139580e+03 6.77818107e+03 0.00000000e+00 0.00000000e+00
5.83289584e+03 6.84786673e+03 0.00000000e+00 0.00000000e+00
5.83439587e+03 6.91917093e+03 0.00000000e+00 0.00000000e+00
5.83589591e+03 6.99215393e+03 0.00000000e+00 0.00000000e+00
5.83739595e+03 7.06687909e+03 0.00000000e+00 0.00000000e+00
5.83889599e+03 7.14341310e+03 0.00000000e+00 0.00000000e+00
5.84039602e+03 7.22182617e+03 0.00000000e+00 0.00000000e+00
5.84189606e+03 7.30219233e+03 0.00000000e+00 0.00000000e+00
5.84339610e+03 7.38458965e+03 0.00000000e+00 0.00000000e+00
5.84489614e+03 7.46910053e+03 0.00000000e+00 0.00000000e+00
5.84639617e+03 7.55581205e+03 0.00000000e+00 0.00000000e+00
5.84789621e+03 7.64481625e+03 0.00000000e+00 0.00000000e+00
5.84939625e+03 7.73621058e+03 0.00000000e+00 0.00000000e+00
5.85089629e+03 7.83009820e+03 0.00000000e+00 0.00000000e+00
5.85239632e+03 7.92658853e+03 0.00000000e+00 0.00000000e+00
5.85389636e+03 8.02579763e+03 0.00000000e+00 0.00000000e+00
5.85539640e+03 8.12784878e+03 0.00000000e+00 0.00000000e+00
5.85689644e+03 8.23287303e+03 0.00000000e+00 0.00000000e+00
5.85839647e+03 8.34100981e+03 0.00000000e+00 0.00000000e+00
5.85989651e+03 8.45240764e+03 0.00000000e+00 0.00000000e+00
5.86139655e+03 8.56722486e+03 0.00000000e+00 0.00000000e+00
5.86289659e+03 8.68563047e+03 0.00000000e+00 0.00000000e+00
5.86439662e+03 8.80780510e+03 0.00000000e+00 0.00000000e+00
5.86589666e+03 8.93394206e+03 0.00000000e+00 0.00000000e+00
5.86739670e+03 9.06424857e+03 0.00000000e+00 0.00000000e+00
5.86889674e+03 9.19894721e+03 0.00000000e+00 0.00000000e+00
5.87039677e+03 9.33827761e+03 0.00000000e+00 0.00000000e+00
5.87189681e+03 9.48249845e+03 0.00000000e+00 0.00000000e+00
5.87339685e+03 9.63188988e+03 0.00000000e+00 0.00000000e+00
5.87489689e+03 9.78675636e+03 0.00000000e+00 0.00000000e+00
5.87639692e+03 9.94743008e+03 0.00000000e+00 0.00000000e+00
5.87789696e+03 1.01142749e+04 0.00000000e+00 0.00000000e+00
5.87939700e+03 1.02876908e+04 0.00000000e+00 0.00000000e+00
5.88089704e+03 1.04681191e+04 0.00000000e+00 0.00000000e+00
5.88239707e+03 1.06560474e+04 0.00000000e+00 0.00000000e+00
5.88389711e+03 1.08520147e+04 0.00000000e+00 0.00000000e+00
5.88539715e+03 1.10566154e+04 0.00000000e+00 0.00000000e+00
5.88689719e+03 1.12705019e+04 0.00000000e+00 0.00000000e+00
5.88839722e+03 1.14943830e+04 0.00000000e+00 0.00000000e+00
5.88989726e+03 1.17290183e+04 0.00000000e+00 0.00000000e+00
5.89139730e+03 1.19752046e+04 0.00000000e+00 0.00000000e+00
5.89289734e+03 1.22337541e+04 0.00000000e+00 0.00000000e+00
5.89439737e+03 1.25054612e+04 0.00000000e+00 0.00000000e+00
5.89589741e+03 1.27910580e+04 0.00000000e+00 0.00000000e+00
5.89739745e+03 1.30911606e+04 0.00000000e+00 0.00000000e+00
5.89889749e+03 1.34062112e+04 0.00000000e+00 0.00000000e+00
5.90039752e+03 1.37364290e+04 0.00000000e+00 0.00000000e+00
5.90189756e+03 1.40817909e+04 0.00000000e+00 0.00000000e+00
5.90339760e+03 1.44420751e+04 0.00000000e+00 0.00000000e+00
5.90489764e+03 1.48170199e+04 0.00000000e+00 0.00000000e+00
5.90639767e+03 1.52066647e+04 0.00000000e+00 0.00000000e+00
5.90789771e+03 1.56119674e+04 0.00000000e+00 0.00000000e+00
5.90939775e+03 1.60358068e+04 0.00000000e+00 0.00000000e+00
5.91089779e+03 1.64844959e+04 0.00000000e+00 0.00000000e+00
5.91239782e+03 1.69699272e+04 0.00000000e+00 0.00000000e+00
5.91389786e+03 1.75124402e+04 0.00000000e+00 0.00000000e+00
5.91539790e+03 1.81444238e+04 0.00000000e+00 0.00000000e+00
5.91689794e+03 1.89145167e+04 0.00000000e+00 0.00000000e+00
5.91839797e+03 1.98920220e+04 0.00000000e+00 0.00000000e+00
5.91989801e+03 2.11707773e+04 0.00000000e+00 0.00000000e+00
5.92139805e+03 2.28711849e+04 0.00000000e+00 0.00000000e+00
5.92289809e+03 2.51383970e+04 0.00000000e+00 0.00000000e+00
5.92439812e+03 2.81337683e+04 0.00000000e+00 0.00000000e+00
5.92589816e+03 3.20156765e+04 0.00000000e+00 0.00000000e+00
5.92739820e+03 3.69048012e+04 0.00000000e+00 0.00000000e+00
5.92889824e+03 4.28281553e+04 0.00000000e+00 0.00000000e+00
5.93039827e+03 4.96360437e+04 0.00000000e+00 0.00000000e+00
5.93189831e+03 5.68877353e+04 0.00000000e+00 0.00000000e+00
5.93339835e+03 6.37087396e+04 0.00000000e+00 0.00000000e+00
5.93489839e+03 6.86517656e+04 0.00000000e+00 0.00000000e+00
5.93639842e+03 6.97176725e+04 0.00000000e+00 0.00000000e+00
5.93789846e+03 6.51553868e+04 0.00000000e+00 0.00000000e+00
5.93939850e+03 5.63600185e+04 0.00000000e+00 0.00000000e+00
5.94089854e+03 4.95912445e+04 0.00000000e+00 0.00000000e+00
5.94239857e+03 4.80495490e+04 0.00000000e+00 0.00000000e+00
5.94389861e+03 5.01902681e+04 0.00000000e+00 0.00000000e+00
5.94539865e+03 5.41342523e+04 0.00000000e+00 0.00000000e+00
5.94689869e+03 5.87916847e+04 0.00000000e+00 0.00000000e+00
5.94839872e+03 6.36421694e+04 0.00000000e+00 0.00000000e+00
5.94989876e+03 6.84630496e+04 0.00000000e+00 0.00000000e+00
5.95139880e+03 7.31714438e+04 0.00000000e+00 0.00000000e+00
5.95289884e+03 7.77460517e+04 0.00000000e+00 0.00000000e+00
5.95439887e+03 8.21909402e+04 0.00000000e+00 0.00000000e+00
5.95589891e+03 8.65194668e+04 0.00000000e+00 0.00000000e+00
5.95739895e+03 9.07474502e+04 0.00000000e+00 0.00000000e+00
5.95889899e+03 9.48904679e+04 0.00000000e+00 0.00000000e+00
5.96039902e+03 9.89629443e+04 0.00000000e+00 0.00000000e+00
5.96189906e+03 1.02977984e+05 0.00000000e+00 0.00000000e+00
5.96339910e+03 1.06947492e+05 0.00000000e+00 0.00000000e+00
5.96489914e+03 1.10882388e+05 0.00000000e+00 0.00000000e+00
5.96639917e+03 1.14792839e+05 0.00000000e+00 0.00000000e+00
5.96789921e+03 1.18688477e+05 0.00000000e+00 0.00000000e+00
5.96939925e+03 1.22578613e+05 0.00000000e+00 0.00000000e+00
5.97089929e+03 1.26472423e+05 0.00000000e+00 0.00000000e+00
5.97239932e+03 1.30379146e+05 0.00000000e+00 0.00000000e+00
5.97389936e+03 1.34308281e+05 0.00000000e+00 0.00000000e+00
5.97539940e+03 1.38269796e+05 0.00000000e+00 0.00000000e+00
5.97689944e+03 1.42274374e+05 0.00000000e+00 0.00000000e+00
5.97839947e+03 1.46333705e+05 0.00000000e+00 0.00000000e+00
5.97989951e+03 1.50460843e+05 0.00000000e+00 0.00000000e+00
5.98139955e+03 1.54670675e+05 0.00000000e+00 0.00000000e+00
5.98289959e+03 1.58980547e+05 0.00000000e+00 0.00000000e+00
5.98439962e+03 1.63411120e+05 0.00000000e+00 0.00000000e+00
5.98589966e+03 1.67987610e+05 0.00000000e+00 0.00000000e+00
5.98739970e+03 1.72741614e+05 0.00000000e+00 0.00000000e+00
5.98889974e+03 1.77713940e+05 0.00000000e+00 0.00000000e+00
5.99039977e+03 1.82959227e+05 0.00000000e+00 0.00000000e+00
5.99189981e+03 1.88553953e+05 0.00000000e+00 0.00000000e+00
5.99339985e+03 1.94611550e+05 0.00000000e+00 0.00000000e+00
5.99489989e+03 2.01314386e+05 0.00000000e+00 0.00000000e+00
5.99639992e+03 2.08993808e+05 0.00000000e+00 0.00000000e+00
5.99789996e+03 2.18395116e+05 0.00000000e+00 0.00000000e+00
5.99940000e+03 2.32338079e+05 0.00000000e+00 0.00000000e+00
