# Data file for U(x)
# mu = 30.47707150373364
# omB = 12.32
# Columns:
# 1) x
# 2) U(x)
# 3) local density n_e(x)
# 4) compressibility dn_e(x)
# 
-5.99940000e+03 2.14570839e+05 0.00000000e+00 0.00000000e+00
-5.99789996e+03 2.02593970e+05 0.00000000e+00 0.00000000e+00
-5.99639992e+03 1.94518828e+05 0.00000000e+00 0.00000000e+00
-5.99489989e+03 1.87923533e+05 0.00000000e+00 0.00000000e+00
-5.99339985e+03 1.82168421e+05 0.00000000e+00 0.00000000e+00
-5.99189981e+03 1.76969080e+05 0.00000000e+00 0.00000000e+00
-5.99039977e+03 1.72168899e+05 0.00000000e+00 0.00000000e+00
-5.98889974e+03 1.67670418e+05 0.00000000e+00 0.00000000e+00
-5.98739970e+03 1.63407903e+05 0.00000000e+00 0.00000000e+00
-5.98589966e+03 1.59334386e+05 0.00000000e+00 0.00000000e+00
-5.98439962e+03 1.55414786e+05 0.00000000e+00 0.00000000e+00
-5.98289959e+03 1.51621949e+05 0.00000000e+00 0.00000000e+00
-5.98139955e+03 1.47934215e+05 0.00000000e+00 0.00000000e+00
-5.97989951e+03 1.44333843e+05 0.00000000e+00 0.00000000e+00
-5.97839947e+03 1.40805958e+05 0.00000000e+00 0.00000000e+00
-5.97689944e+03 1.37337802e+05 0.00000000e+00 0.00000000e+00
-5.97539940e+03 1.33918202e+05 0.00000000e+00 0.00000000e+00
-5.97389936e+03 1.30537170e+05 0.00000000e+00 0.00000000e+00
-5.97239932e+03 1.27185591e+05 0.00000000e+00 0.00000000e+00
-5.97089929e+03 1.23854977e+05 0.00000000e+00 0.00000000e+00
-5.96939925e+03 1.20537256e+05 0.00000000e+00 0.00000000e+00
-5.96789921e+03 1.17224593e+05 0.00000000e+00 0.00000000e+00
-5.96639917e+03 1.13909222e+05 0.00000000e+00 0.00000000e+00
-5.96489914e+03 1.10583284e+05 0.00000000e+00 0.00000000e+00
-5.96339910e+03 1.07238663e+05 0.00000000e+00 0.00000000e+00
-5.96189906e+03 1.03866809e+05 0.00000000e+00 0.00000000e+00
-5.96039902e+03 1.00458559e+05 0.00000000e+00 0.00000000e+00
-5.95889899e+03 9.70039362e+04 0.00000000e+00 0.00000000e+00
-5.95739895e+03 9.34919773e+04 0.00000000e+00 0.00000000e+00
-5.95589891e+03 8.99106265e+04 0.00000000e+00 0.00000000e+00
-5.95439887e+03 8.62468757e+04 0.00000000e+00 0.00000000e+00
-5.95289884e+03 8.24875215e+04 0.00000000e+00 0.00000000e+00
-5.95139880e+03 7.86214106e+04 0.00000000e+00 0.00000000e+00
-5.94989876e+03 7.46451147e+04 0.00000000e+00 0.00000000e+00
-5.94839872e+03 7.05762921e+04 0.00000000e+00 0.00000000e+00
-5.94689869e+03 6.64837846e+04 0.00000000e+00 0.00000000e+00
-5.94539865e+03 6.25526046e+04 0.00000000e+00 0.00000000e+00
-5.94389861e+03 5.92152187e+04 0.00000000e+00 0.00000000e+00
-5.94239857e+03 5.73773431e+04 0.00000000e+00 0.00000000e+00
-5.94089854e+03 5.86007127e+04 0.00000000e+00 0.00000000e+00
-5.93939850e+03 6.41690726e+04 0.00000000e+00 0.00000000e+00
-5.93789846e+03 7.14224643e+04 0.00000000e+00 0.00000000e+00
-5.93639842e+03 7.51584281e+04 0.00000000e+00 0.00000000e+00
-5.93489839e+03 7.42174599e+04 0.00000000e+00 0.00000000e+00
-5.93339835e+03 7.00548588e+04 0.00000000e+00 0.00000000e+00
-5.93189831e+03 6.43320943e+04 0.00000000e+00 0.00000000e+00
-5.93039827e+03 5.82519933e+04 0.00000000e+00 0.00000000e+00
-5.92889824e+03 5.25413277e+04 0.00000000e+00 0.00000000e+00
-5.92739820e+03 4.75663720e+04 0.00000000e+00 0.00000000e+00
-5.92589816e+03 4.34515209e+04 0.00000000e+00 0.00000000e+00
-5.92439812e+03 4.01743072e+04 0.00000000e+00 0.00000000e+00
-5.92289809e+03 3.76344182e+04 0.00000000e+00 0.00000000e+00
-5.92139805e+03 3.57002105e+04 0.00000000e+00 0.00000000e+00
-5.91989801e+03 3.42375680e+04 0.00000000e+00 0.00000000e+00
-5.91839797e+03 3.31258404e+04 0.00000000e+00 0.00000000e+00
-5.91689794e+03 3.22649482e+04 0.00000000e+00 0.00000000e+00
-5.91539790e+03 3.15768902e+04 0.00000000e+00 0.00000000e+00
-5.91389786e+03 3.10040567e+04 0.00000000e+00 0.00000000e+00
-5.91239782e+03 3.05060126e+04 0.00000000e+00 0.00000000e+00
-5.91089779e+03 3.00558285e+04 0.00000000e+00 0.00000000e+00
-5.90939775e+03 2.96365899e+04 0.00000000e+00 0.00000000e+00
-5.90789771e+03 2.92384028e+04 0.00000000e+00 0.00000000e+00
-5.90639767e+03 2.88560110e+04 0.00000000e+00 0.00000000e+00
-5.90489764e+03 2.84870126e+04 0.00000000e+00 0.00000000e+00
-5.90339760e+03 2.81306029e+04 0.00000000e+00 0.00000000e+00
-5.90189756e+03 2.77867404e+04 0.00000000e+00 0.00000000e+00
-5.90039752e+03 2.74556346e+04 0.00000000e+00 0.00000000e+00
-5.89889749e+03 2.71374620e+04 0.00000000e+00 0.00000000e+00
-5.89739745e+03 2.68322341e+04 0.00000000e+00 0.00000000e+00
-5.89589741e+03 2.65397616e+04 0.00000000e+00 0.00000000e+00
-5.89439737e+03 2.62596699e+04 0.00000000e+00 0.00000000e+00
-5.89289734e+03 2.59914400e+04 0.00000000e+00 0.00000000e+00
-5.89139730e+03 2.57344571e+04 0.00000000e+00 0.00000000e+00
-5.88989726e+03 2.54880546e+04 0.00000000e+00 0.00000000e+00
-5.88839722e+03 2.52515515e+04 0.00000000e+00 0.00000000e+00
-5.88689719e+03 2.50242794e+04 0.00000000e+00 0.00000000e+00
-5.88539715e+03 2.48056015e+04 0.00000000e+00 0.00000000e+00
-5.88389711e+03 2.45949230e+04 0.00000000e+00 0.00000000e+00
-5.88239707e+03 2.43916966e+04 0.00000000e+00 0.00000000e+00
-5.88089704e+03 2.41954229e+04 0.00000000e+00 0.00000000e+00
-5.87939700e+03 2.40056490e+04 0.00000000e+00 0.00000000e+00
-5.87789696e+03 2.38219648e+04 0.00000000e+00 0.00000000e+00
-5.87639692e+03 2.36439988e+04 0.00000000e+00 0.00000000e+00
-5.87489689e+03 2.34714141e+04 0.00000000e+00 0.00000000e+00
-5.87339685e+03 2.33039036e+04 0.00000000e+00 0.00000000e+00
-5.87189681e+03 2.31411872e+04 0.00000000e+00 0.00000000e+00
-5.87039677e+03 2.29830075e+04 0.00000000e+00 0.00000000e+00
-5.86889674e+03 2.28291277e+04 0.00000000e+00 0.00000000e+00
-5.86739670e+03 2.26793288e+04 0.00000000e+00 0.00000000e+00
-5.86589666e+03 2.25334079e+04 0.00000000e+00 0.00000000e+00
-5.86439662e+03 2.23911762e+04 0.00000000e+00 0.00000000e+00
-5.86289659e+03 2.22524579e+04 0.00000000e+00 0.00000000e+00
-5.86139655e+03 2.21170888e+04 0.00000000e+00 0.00000000e+00
-5.85989651e+03 2.19849154e+04 0.00000000e+00 0.00000000e+00
-5.85839647e+03 2.18557938e+04 0.00000000e+00 0.00000000e+00
-5.85689644e+03 2.17295892e+04 0.00000000e+00 0.00000000e+00
-5.85539640e+03 2.16061751e+04 0.00000000e+00 0.00000000e+00
-5.85389636e+03 2.14854324e+04 0.00000000e+00 0.00000000e+00
-5.85239632e+03 2.13672492e+04 0.00000000e+00 0.00000000e+00
-5.85089629e+03 2.12515202e+04 0.00000000e+00 0.00000000e+00
-5.84939625e+03 2.11381460e+04 0.00000000e+00 0.00000000e+00
-5.84789621e+03 2.10270329e+04 0.00000000e+00 0.00000000e+00
-5.84639617e+03 2.09180924e+04 0.00000000e+00 0.00000000e+00
-5.84489614e+03 2.08112410e+04 0.00000000e+00 0.00000000e+00
-5.84339610e+03 2.07063994e+04 0.00000000e+00 0.00000000e+00
-5.84189606e+03 2.06034929e+04 0.00000000e+00 0.00000000e+00
-5.84039602e+03 2.05024504e+04 0.00000000e+00 0.00000000e+00
-5.83889599e+03 2.04032047e+04 0.00000000e+00 0.00000000e+00
-5.83739595e+03 2.03056920e+04 0.00000000e+00 0.00000000e+00
-5.83589591e+03 2.02098514e+04 0.00000000e+00 0.00000000e+00
-5.83439587e+03 2.01156254e+04 0.00000000e+00 0.00000000e+00
-5.83289584e+03 2.00229592e+04 0.00000000e+00 0.00000000e+00
-5.83139580e+03 1.99318004e+04 0.00000000e+00 0.00000000e+00
-5.82989576e+03 1.98420994e+04 0.00000000e+00 0.00000000e+00
-5.82839572e+03 1.97538086e+04 0.00000000e+00 0.00000000e+00
-5.82689569e+03 1.96668830e+04 0.00000000e+00 0.00000000e+00
-5.82539565e+03 1.95812793e+04 0.00000000e+00 0.00000000e+00
-5.82389561e+03 1.94969562e+04 0.00000000e+00 0.00000000e+00
-5.82239557e+03 1.94138743e+04 0.00000000e+00 0.00000000e+00
-5.82089554e+03 1.93319959e+04 0.00000000e+00 0.00000000e+00
-5.81939550e+03 1.92512851e+04 0.00000000e+00 0.00000000e+00
-5.81789546e+03 1.91717072e+04 0.00000000e+00 0.00000000e+00
-5.81639542e+03 1.90932291e+04 0.00000000e+00 0.00000000e+00
-5.81489539e+03 1.90158193e+04 0.00000000e+00 0.00000000e+00
-5.81339535e+03 1.89394472e+04 0.00000000e+00 0.00000000e+00
-5.81189531e+03 1.88640837e+04 0.00000000e+00 0.00000000e+00
-5.81039527e+03 1.87897009e+04 0.00000000e+00 0.00000000e+00
-5.80889524e+03 1.87162718e+04 0.00000000e+00 0.00000000e+00
-5.80739520e+03 1.86437706e+04 0.00000000e+00 0.00000000e+00
-5.80589516e+03 1.85721726e+04 0.00000000e+00 0.00000000e+00
-5.80439512e+03 1.85014537e+04 0.00000000e+00 0.00000000e+00
-5.80289509e+03 1.84315912e+04 0.00000000e+00 0.00000000e+00
-5.80139505e+03 1.83625628e+04 0.00000000e+00 0.00000000e+00
-5.79989501e+03 1.82943473e+04 0.00000000e+00 0.00000000e+00
-5.79839497e+03 1.82269241e+04 0.00000000e+00 0.00000000e+00
-5.79689494e+03 1.81602736e+04 0.00000000e+00 0.00000000e+00
-5.79539490e+03 1.80943766e+04 0.00000000e+00 0.00000000e+00
-5.79389486e+03 1.80292148e+04 0.00000000e+00 0.00000000e+00
-5.79239482e+03 1.79647705e+04 0.00000000e+00 0.00000000e+00
-5.79089479e+03 1.79010265e+04 0.00000000e+00 0.00000000e+00
-5.78939475e+03 1.78379664e+04 0.00000000e+00 0.00000000e+00
-5.78789471e+03 1.77755741e+04 0.00000000e+00 0.00000000e+00
-5.78639467e+03 1.77138342e+04 0.00000000e+00 0.00000000e+00
-5.78489464e+03 1.76527320e+04 0.00000000e+00 0.00000000e+00
-5.78339460e+03 1.75922528e+04 0.00000000e+00 0.00000000e+00
-5.78189456e+03 1.75323829e+04 0.00000000e+00 0.00000000e+00
-5.78039452e+03 1.74731086e+04 0.00000000e+00 0.00000000e+00
-5.77889449e+03 1.74144171e+04 0.00000000e+00 0.00000000e+00
-5.77739445e+03 1.73562955e+04 0.00000000e+00 0.00000000e+00
-5.77589441e+03 1.72987318e+04 0.00000000e+00 0.00000000e+00
-5.77439437e+03 1.72417140e+04 0.00000000e+00 0.00000000e+00
-5.77289434e+03 1.71852307e+04 0.00000000e+00 0.00000000e+00
-5.77139430e+03 1.71292706e+04 0.00000000e+00 0.00000000e+00
-5.76989426e+03 1.70738231e+04 0.00000000e+00 0.00000000e+00
-5.76839422e+03 1.70188777e+04 0.00000000e+00 0.00000000e+00
-5.76689419e+03 1.69644242e+04 0.00000000e+00 0.00000000e+00
-5.76539415e+03 1.69104527e+04 0.00000000e+00 0.00000000e+00
-5.76389411e+03 1.68569537e+04 0.00000000e+00 0.00000000e+00
-5.76239407e+03 1.68039178e+04 0.00000000e+00 0.00000000e+00
-5.76089404e+03 1.67513362e+04 0.00000000e+00 0.00000000e+00
-5.75939400e+03 1.66991999e+04 0.00000000e+00 0.00000000e+00
-5.75789396e+03 1.66475006e+04 0.00000000e+00 0.00000000e+00
-5.75639392e+03 1.65962299e+04 0.00000000e+00 0.00000000e+00
-5.75489389e+03 1.65453797e+04 0.00000000e+00 0.00000000e+00
-5.75339385e+03 1.64949423e+04 0.00000000e+00 0.00000000e+00
-5.75189381e+03 1.64449100e+04 0.00000000e+00 0.00000000e+00
-5.75039377e+03 1.63952755e+04 0.00000000e+00 0.00000000e+00
-5.74889374e+03 1.63460316e+04 0.00000000e+00 0.00000000e+00
-5.74739370e+03 1.62971712e+04 0.00000000e+00 0.00000000e+00
-5.74589366e+03 1.62486875e+04 0.00000000e+00 0.00000000e+00
-5.74439362e+03 1.62005739e+04 0.00000000e+00 0.00000000e+00
-5.74289359e+03 1.61528239e+04 0.00000000e+00 0.00000000e+00
-5.74139355e+03 1.61054312e+04 0.00000000e+00 0.00000000e+00
-5.73989351e+03 1.60583897e+04 0.00000000e+00 0.00000000e+00
-5.73839347e+03 1.60116934e+04 0.00000000e+00 0.00000000e+00
-5.73689344e+03 1.59653365e+04 0.00000000e+00 0.00000000e+00
-5.73539340e+03 1.59193132e+04 0.00000000e+00 0.00000000e+00
-5.73389336e+03 1.58736181e+04 0.00000000e+00 0.00000000e+00
-5.73239332e+03 1.58282457e+04 0.00000000e+00 0.00000000e+00
-5.73089329e+03 1.57831908e+04 0.00000000e+00 0.00000000e+00
-5.72939325e+03 1.57384482e+04 0.00000000e+00 0.00000000e+00
-5.72789321e+03 1.56940129e+04 0.00000000e+00 0.00000000e+00
-5.72639317e+03 1.56498800e+04 0.00000000e+00 0.00000000e+00
-5.72489314e+03 1.56060448e+04 0.00000000e+00 0.00000000e+00
-5.72339310e+03 1.55625025e+04 0.00000000e+00 0.00000000e+00
-5.72189306e+03 1.55192486e+04 0.00000000e+00 0.00000000e+00
-5.72039302e+03 1.54762787e+04 0.00000000e+00 0.00000000e+00
-5.71889299e+03 1.54335884e+04 0.00000000e+00 0.00000000e+00
-5.71739295e+03 1.53911734e+04 0.00000000e+00 0.00000000e+00
-5.71589291e+03 1.53490296e+04 0.00000000e+00 0.00000000e+00
-5.71439287e+03 1.53071530e+04 0.00000000e+00 0.00000000e+00
-5.71289284e+03 1.52655396e+04 0.00000000e+00 0.00000000e+00
-5.71139280e+03 1.52241855e+04 0.00000000e+00 0.00000000e+00
-5.70989276e+03 1.51830869e+04 0.00000000e+00 0.00000000e+00
-5.70839272e+03 1.51422401e+04 0.00000000e+00 0.00000000e+00
-5.70689269e+03 1.51016415e+04 0.00000000e+00 0.00000000e+00
-5.70539265e+03 1.50612876e+04 0.00000000e+00 0.00000000e+00
-5.70389261e+03 1.50211748e+04 0.00000000e+00 0.00000000e+00
-5.70239257e+03 1.49812998e+04 0.00000000e+00 0.00000000e+00
-5.70089254e+03 1.49416593e+04 0.00000000e+00 0.00000000e+00
-5.69939250e+03 1.49022500e+04 0.00000000e+00 0.00000000e+00
-5.69789246e+03 1.48630687e+04 0.00000000e+00 0.00000000e+00
-5.69639242e+03 1.48241123e+04 0.00000000e+00 0.00000000e+00
-5.69489239e+03 1.47853778e+04 0.00000000e+00 0.00000000e+00
-5.69339235e+03 1.47468622e+04 0.00000000e+00 0.00000000e+00
-5.69189231e+03 1.47085625e+04 0.00000000e+00 0.00000000e+00
-5.69039227e+03 1.46704758e+04 0.00000000e+00 0.00000000e+00
-5.68889224e+03 1.46325995e+04 0.00000000e+00 0.00000000e+00
-5.68739220e+03 1.45949306e+04 0.00000000e+00 0.00000000e+00
-5.68589216e+03 1.45574666e+04 0.00000000e+00 0.00000000e+00
-5.68439212e+03 1.45202047e+04 0.00000000e+00 0.00000000e+00
-5.68289209e+03 1.44831425e+04 0.00000000e+00 0.00000000e+00
-5.68139205e+03 1.44462773e+04 0.00000000e+00 0.00000000e+00
-5.67989201e+03 1.44096066e+04 0.00000000e+00 0.00000000e+00
-5.67839197e+03 1.43731280e+04 0.00000000e+00 0.00000000e+00
-5.67689194e+03 1.43368392e+04 0.00000000e+00 0.00000000e+00
-5.67539190e+03 1.43007377e+04 0.00000000e+00 0.00000000e+00
-5.67389186e+03 1.42648213e+04 0.00000000e+00 0.00000000e+00
-5.67239182e+03 1.42290877e+04 0.00000000e+00 0.00000000e+00
-5.67089179e+03 1.41935347e+04 0.00000000e+00 0.00000000e+00
-5.66939175e+03 1.41581601e+04 0.00000000e+00 0.00000000e+00
-5.66789171e+03 1.41229617e+04 0.00000000e+00 0.00000000e+00
-5.66639167e+03 1.40879376e+04 0.00000000e+00 0.00000000e+00
-5.66489164e+03 1.40530855e+04 0.00000000e+00 0.00000000e+00
-5.66339160e+03 1.40184036e+04 0.00000000e+00 0.00000000e+00
-5.66189156e+03 1.39838898e+04 0.00000000e+00 0.00000000e+00
-5.66039152e+03 1.39495421e+04 0.00000000e+00 0.00000000e+00
-5.65889149e+03 1.39153587e+04 0.00000000e+00 0.00000000e+00
-5.65739145e+03 1.38813377e+04 0.00000000e+00 0.00000000e+00
-5.65589141e+03 1.38474772e+04 0.00000000e+00 0.00000000e+00
-5.65439137e+03 1.38137755e+04 0.00000000e+00 0.00000000e+00
-5.65289134e+03 1.37802307e+04 0.00000000e+00 0.00000000e+00
-5.65139130e+03 1.37468410e+04 0.00000000e+00 0.00000000e+00
-5.64989126e+03 1.37136049e+04 0.00000000e+00 0.00000000e+00
-5.64839122e+03 1.36805205e+04 0.00000000e+00 0.00000000e+00
-5.64689119e+03 1.36475863e+04 0.00000000e+00 0.00000000e+00
-5.64539115e+03 1.36148006e+04 0.00000000e+00 0.00000000e+00
-5.64389111e+03 1.35821617e+04 0.00000000e+00 0.00000000e+00
-5.64239107e+03 1.35496682e+04 0.00000000e+00 0.00000000e+00
-5.64089104e+03 1.35173184e+04 0.00000000e+00 0.00000000e+00
-5.63939100e+03 1.34851109e+04 0.00000000e+00 0.00000000e+00
-5.63789096e+03 1.34530441e+04 0.00000000e+00 0.00000000e+00
-5.63639092e+03 1.34211166e+04 0.00000000e+00 0.00000000e+00
-5.63489089e+03 1.33893268e+04 0.00000000e+00 0.00000000e+00
-5.63339085e+03 1.33576735e+04 0.00000000e+00 0.00000000e+00
-5.63189081e+03 1.33261552e+04 0.00000000e+00 0.00000000e+00
-5.63039077e+03 1.32947705e+04 0.00000000e+00 0.00000000e+00
-5.62889074e+03 1.32635180e+04 0.00000000e+00 0.00000000e+00
-5.62739070e+03 1.32323965e+04 0.00000000e+00 0.00000000e+00
-5.62589066e+03 1.32014046e+04 0.00000000e+00 0.00000000e+00
-5.62439062e+03 1.31705409e+04 0.00000000e+00 0.00000000e+00
-5.62289059e+03 1.31398043e+04 0.00000000e+00 0.00000000e+00
-5.62139055e+03 1.31091935e+04 0.00000000e+00 0.00000000e+00
-5.61989051e+03 1.30787072e+04 0.00000000e+00 0.00000000e+00
-5.61839047e+03 1.30483443e+04 0.00000000e+00 0.00000000e+00
-5.61689044e+03 1.30181035e+04 0.00000000e+00 0.00000000e+00
-5.61539040e+03 1.29879837e+04 0.00000000e+00 0.00000000e+00
-5.61389036e+03 1.29579837e+04 0.00000000e+00 0.00000000e+00
-5.61239032e+03 1.29281023e+04 0.00000000e+00 0.00000000e+00
-5.61089029e+03 1.28983385e+04 0.00000000e+00 0.00000000e+00
-5.60939025e+03 1.28686911e+04 0.00000000e+00 0.00000000e+00
-5.60789021e+03 1.28391590e+04 0.00000000e+00 0.00000000e+00
-5.60639017e+03 1.28097412e+04 0.00000000e+00 0.00000000e+00
-5.60489014e+03 1.27804366e+04 0.00000000e+00 0.00000000e+00
-5.60339010e+03 1.27512442e+04 0.00000000e+00 0.00000000e+00
-5.60189006e+03 1.27221629e+04 0.00000000e+00 0.00000000e+00
-5.60039002e+03 1.26931918e+04 0.00000000e+00 0.00000000e+00
-5.59888999e+03 1.26643298e+04 0.00000000e+00 0.00000000e+00
-5.59738995e+03 1.26355759e+04 0.00000000e+00 0.00000000e+00
-5.59588991e+03 1.26069292e+04 0.00000000e+00 0.00000000e+00
-5.59438987e+03 1.25783887e+04 0.00000000e+00 0.00000000e+00
-5.59288984e+03 1.25499535e+04 0.00000000e+00 0.00000000e+00
-5.59138980e+03 1.25216226e+04 0.00000000e+00 0.00000000e+00
-5.58988976e+03 1.24933952e+04 0.00000000e+00 0.00000000e+00
-5.58838972e+03 1.24652704e+04 0.00000000e+00 0.00000000e+00
-5.58688969e+03 1.24372471e+04 0.00000000e+00 0.00000000e+00
-5.58538965e+03 1.24093247e+04 0.00000000e+00 0.00000000e+00
-5.58388961e+03 1.23815021e+04 0.00000000e+00 0.00000000e+00
-5.58238957e+03 1.23537786e+04 0.00000000e+00 0.00000000e+00
-5.58088954e+03 1.23261534e+04 0.00000000e+00 0.00000000e+00
-5.57938950e+03 1.22986255e+04 0.00000000e+00 0.00000000e+00
-5.57788946e+03 1.22711942e+04 0.00000000e+00 0.00000000e+00
-5.57638942e+03 1.22438586e+04 0.00000000e+00 0.00000000e+00
-5.57488939e+03 1.22166180e+04 0.00000000e+00 0.00000000e+00
-5.57338935e+03 1.21894716e+04 0.00000000e+00 0.00000000e+00
-5.57188931e+03 1.21624186e+04 0.00000000e+00 0.00000000e+00
-5.57038927e+03 1.21354583e+04 0.00000000e+00 0.00000000e+00
-5.56888924e+03 1.21085898e+04 0.00000000e+00 0.00000000e+00
-5.56738920e+03 1.20818125e+04 0.00000000e+00 0.00000000e+00
-5.56588916e+03 1.20551256e+04 0.00000000e+00 0.00000000e+00
-5.56438912e+03 1.20285284e+04 0.00000000e+00 0.00000000e+00
-5.56288909e+03 1.20020201e+04 0.00000000e+00 0.00000000e+00
-5.56138905e+03 1.19756002e+04 0.00000000e+00 0.00000000e+00
-5.55988901e+03 1.19492678e+04 0.00000000e+00 0.00000000e+00
-5.55838897e+03 1.19230222e+04 0.00000000e+00 0.00000000e+00
-5.55688894e+03 1.18968629e+04 0.00000000e+00 0.00000000e+00
-5.55538890e+03 1.18707891e+04 0.00000000e+00 0.00000000e+00
-5.55388886e+03 1.18448002e+04 0.00000000e+00 0.00000000e+00
-5.55238882e+03 1.18188955e+04 0.00000000e+00 0.00000000e+00
-5.55088879e+03 1.17930744e+04 0.00000000e+00 0.00000000e+00
-5.54938875e+03 1.17673363e+04 0.00000000e+00 0.00000000e+00
-5.54788871e+03 1.17416804e+04 0.00000000e+00 0.00000000e+00
-5.54638867e+03 1.17161062e+04 0.00000000e+00 0.00000000e+00
-5.54488864e+03 1.16906131e+04 0.00000000e+00 0.00000000e+00
-5.54338860e+03 1.16652005e+04 0.00000000e+00 0.00000000e+00
-5.54188856e+03 1.16398677e+04 0.00000000e+00 0.00000000e+00
-5.54038852e+03 1.16146143e+04 0.00000000e+00 0.00000000e+00
-5.53888849e+03 1.15894395e+04 0.00000000e+00 0.00000000e+00
-5.53738845e+03 1.15643428e+04 0.00000000e+00 0.00000000e+00
-5.53588841e+03 1.15393237e+04 0.00000000e+00 0.00000000e+00
-5.53438837e+03 1.15143816e+04 0.00000000e+00 0.00000000e+00
-5.53288834e+03 1.14895159e+04 0.00000000e+00 0.00000000e+00
-5.53138830e+03 1.14647262e+04 0.00000000e+00 0.00000000e+00
-5.52988826e+03 1.14400117e+04 0.00000000e+00 0.00000000e+00
-5.52838822e+03 1.14153721e+04 0.00000000e+00 0.00000000e+00
-5.52688819e+03 1.13908067e+04 0.00000000e+00 0.00000000e+00
-5.52538815e+03 1.13663151e+04 0.00000000e+00 0.00000000e+00
-5.52388811e+03 1.13418967e+04 0.00000000e+00 0.00000000e+00
-5.52238807e+03 1.13175510e+04 0.00000000e+00 0.00000000e+00
-5.52088804e+03 1.12932776e+04 0.00000000e+00 0.00000000e+00
-5.51938800e+03 1.12690759e+04 0.00000000e+00 0.00000000e+00
-5.51788796e+03 1.12449454e+04 0.00000000e+00 0.00000000e+00
-5.51638792e+03 1.12208856e+04 0.00000000e+00 0.00000000e+00
-5.51488789e+03 1.11968961e+04 0.00000000e+00 0.00000000e+00
-5.51338785e+03 1.11729764e+04 0.00000000e+00 0.00000000e+00
-5.51188781e+03 1.11491259e+04 0.00000000e+00 0.00000000e+00
-5.51038777e+03 1.11253443e+04 0.00000000e+00 0.00000000e+00
-5.50888774e+03 1.11016311e+04 0.00000000e+00 0.00000000e+00
-5.50738770e+03 1.10779858e+04 0.00000000e+00 0.00000000e+00
-5.50588766e+03 1.10544080e+04 0.00000000e+00 0.00000000e+00
-5.50438762e+03 1.10308972e+04 0.00000000e+00 0.00000000e+00
-5.50288759e+03 1.10074530e+04 0.00000000e+00 0.00000000e+00
-5.50138755e+03 1.09840749e+04 0.00000000e+00 0.00000000e+00
-5.49988751e+03 1.09607626e+04 0.00000000e+00 0.00000000e+00
-5.49838747e+03 1.09375155e+04 0.00000000e+00 0.00000000e+00
-5.49688744e+03 1.09143333e+04 0.00000000e+00 0.00000000e+00
-5.49538740e+03 1.08912156e+04 0.00000000e+00 0.00000000e+00
-5.49388736e+03 1.08681619e+04 0.00000000e+00 0.00000000e+00
-5.49238732e+03 1.08451718e+04 0.00000000e+00 0.00000000e+00
-5.49088729e+03 1.08222449e+04 0.00000000e+00 0.00000000e+00
-5.48938725e+03 1.07993809e+04 0.00000000e+00 0.00000000e+00
-5.48788721e+03 1.07765793e+04 0.00000000e+00 0.00000000e+00
-5.48638717e+03 1.07538397e+04 0.00000000e+00 0.00000000e+00
-5.48488714e+03 1.07311618e+04 0.00000000e+00 0.00000000e+00
-5.48338710e+03 1.07085452e+04 0.00000000e+00 0.00000000e+00
-5.48188706e+03 1.06859895e+04 0.00000000e+00 0.00000000e+00
-5.48038702e+03 1.06634943e+04 0.00000000e+00 0.00000000e+00
-5.47888699e+03 1.06410592e+04 0.00000000e+00 0.00000000e+00
-5.47738695e+03 1.06186839e+04 0.00000000e+00 0.00000000e+00
-5.47588691e+03 1.05963680e+04 0.00000000e+00 0.00000000e+00
-5.47438687e+03 1.05741112e+04 0.00000000e+00 0.00000000e+00
-5.47288684e+03 1.05519130e+04 0.00000000e+00 0.00000000e+00
-5.47138680e+03 1.05297733e+04 0.00000000e+00 0.00000000e+00
-5.46988676e+03 1.05076915e+04 0.00000000e+00 0.00000000e+00
-5.46838672e+03 1.04856674e+04 0.00000000e+00 0.00000000e+00
-5.46688669e+03 1.04637005e+04 0.00000000e+00 0.00000000e+00
-5.46538665e+03 1.04417907e+04 0.00000000e+00 0.00000000e+00
-5.46388661e+03 1.04199375e+04 0.00000000e+00 0.00000000e+00
-5.46238657e+03 1.03981406e+04 0.00000000e+00 0.00000000e+00
-5.46088654e+03 1.03763997e+04 0.00000000e+00 0.00000000e+00
-5.45938650e+03 1.03547145e+04 0.00000000e+00 0.00000000e+00
-5.45788646e+03 1.03330846e+04 0.00000000e+00 0.00000000e+00
-5.45638642e+03 1.03115097e+04 0.00000000e+00 0.00000000e+00
-5.45488639e+03 1.02899895e+04 0.00000000e+00 0.00000000e+00
-5.45338635e+03 1.02685237e+04 0.00000000e+00 0.00000000e+00
-5.45188631e+03 1.02471120e+04 0.00000000e+00 0.00000000e+00
-5.45038627e+03 1.02257540e+04 0.00000000e+00 0.00000000e+00
-5.44888624e+03 1.02044495e+04 0.00000000e+00 0.00000000e+00
-5.44738620e+03 1.01831982e+04 0.00000000e+00 0.00000000e+00
-5.44588616e+03 1.01619998e+04 0.00000000e+00 0.00000000e+00
-5.44438612e+03 1.01408540e+04 0.00000000e+00 0.00000000e+00
-5.44288609e+03 1.01197604e+04 0.00000000e+00 0.00000000e+00
-5.44138605e+03 1.00987189e+04 0.00000000e+00 0.00000000e+00
-5.43988601e+03 1.00777290e+04 0.00000000e+00 0.00000000e+00
-5.43838597e+03 1.00567906e+04 0.00000000e+00 0.00000000e+00
-5.43688594e+03 1.00359034e+04 0.00000000e+00 0.00000000e+00
-5.43538590e+03 1.00150670e+04 0.00000000e+00 0.00000000e+00
-5.43388586e+03 9.99428124e+03 0.00000000e+00 0.00000000e+00
-5.43238582e+03 9.97354579e+03 0.00000000e+00 0.00000000e+00
-5.43088579e+03 9.95286039e+03 0.00000000e+00 0.00000000e+00
-5.42938575e+03 9.93222479e+03 0.00000000e+00 0.00000000e+00
-5.42788571e+03 9.91163871e+03 0.00000000e+00 0.00000000e+00
-5.42638567e+03 9.89110189e+03 0.00000000e+00 0.00000000e+00
-5.42488564e+03 9.87061407e+03 0.00000000e+00 0.00000000e+00
-5.42338560e+03 9.85017500e+03 0.00000000e+00 0.00000000e+00
-5.42188556e+03 9.82978441e+03 0.00000000e+00 0.00000000e+00
-5.42038552e+03 9.80944206e+03 0.00000000e+00 0.00000000e+00
-5.41888549e+03 9.78914769e+03 0.00000000e+00 0.00000000e+00
-5.41738545e+03 9.76890106e+03 0.00000000e+00 0.00000000e+00
-5.41588541e+03 9.74870192e+03 0.00000000e+00 0.00000000e+00
-5.41438537e+03 9.72855002e+03 0.00000000e+00 0.00000000e+00
-5.41288534e+03 9.70844512e+03 0.00000000e+00 0.00000000e+00
-5.41138530e+03 9.68838700e+03 0.00000000e+00 0.00000000e+00
-5.40988526e+03 9.66837539e+03 0.00000000e+00 0.00000000e+00
-5.40838522e+03 9.64841008e+03 0.00000000e+00 0.00000000e+00
-5.40688519e+03 9.62849083e+03 0.00000000e+00 0.00000000e+00
-5.40538515e+03 9.60861740e+03 0.00000000e+00 0.00000000e+00
-5.40388511e+03 9.58878957e+03 0.00000000e+00 0.00000000e+00
-5.40238507e+03 9.56900711e+03 0.00000000e+00 0.00000000e+00
-5.40088504e+03 9.54926979e+03 0.00000000e+00 0.00000000e+00
-5.39938500e+03 9.52957740e+03 0.00000000e+00 0.00000000e+00
-5.39788496e+03 9.50992971e+03 0.00000000e+00 0.00000000e+00
-5.39638492e+03 9.49032650e+03 0.00000000e+00 0.00000000e+00
-5.39488489e+03 9.47076755e+03 0.00000000e+00 0.00000000e+00
-5.39338485e+03 9.45125265e+03 0.00000000e+00 0.00000000e+00
-5.39188481e+03 9.43178159e+03 0.00000000e+00 0.00000000e+00
-5.39038477e+03 9.41235414e+03 0.00000000e+00 0.00000000e+00
-5.38888474e+03 9.39297011e+03 0.00000000e+00 0.00000000e+00
-5.38738470e+03 9.37362929e+03 0.00000000e+00 0.00000000e+00
-5.38588466e+03 9.35433146e+03 0.00000000e+00 0.00000000e+00
-5.38438462e+03 9.33507643e+03 0.00000000e+00 0.00000000e+00
-5.38288459e+03 9.31586398e+03 0.00000000e+00 0.00000000e+00
-5.38138455e+03 9.29669393e+03 0.00000000e+00 0.00000000e+00
-5.37988451e+03 9.27756606e+03 0.00000000e+00 0.00000000e+00
-5.37838447e+03 9.25848018e+03 0.00000000e+00 0.00000000e+00
-5.37688444e+03 9.23943610e+03 0.00000000e+00 0.00000000e+00
-5.37538440e+03 9.22043362e+03 0.00000000e+00 0.00000000e+00
-5.37388436e+03 9.20147255e+03 0.00000000e+00 0.00000000e+00
-5.37238432e+03 9.18255269e+03 0.00000000e+00 0.00000000e+00
-5.37088429e+03 9.16367386e+03 0.00000000e+00 0.00000000e+00
-5.36938425e+03 9.14483587e+03 0.00000000e+00 0.00000000e+00
-5.36788421e+03 9.12603852e+03 0.00000000e+00 0.00000000e+00
-5.36638417e+03 9.10728164e+03 0.00000000e+00 0.00000000e+00
-5.36488414e+03 9.08856505e+03 0.00000000e+00 0.00000000e+00
-5.36338410e+03 9.06988855e+03 0.00000000e+00 0.00000000e+00
-5.36188406e+03 9.05125197e+03 0.00000000e+00 0.00000000e+00
-5.36038402e+03 9.03265514e+03 0.00000000e+00 0.00000000e+00
-5.35888399e+03 9.01409786e+03 0.00000000e+00 0.00000000e+00
-5.35738395e+03 8.99557997e+03 0.00000000e+00 0.00000000e+00
-5.35588391e+03 8.97710129e+03 0.00000000e+00 0.00000000e+00
-5.35438387e+03 8.95866164e+03 0.00000000e+00 0.00000000e+00
-5.35288384e+03 8.94026087e+03 0.00000000e+00 0.00000000e+00
-5.35138380e+03 8.92189878e+03 0.00000000e+00 0.00000000e+00
-5.34988376e+03 8.90357522e+03 0.00000000e+00 0.00000000e+00
-5.34838372e+03 8.88529001e+03 0.00000000e+00 0.00000000e+00
-5.34688369e+03 8.86704300e+03 0.00000000e+00 0.00000000e+00
-5.34538365e+03 8.84883400e+03 0.00000000e+00 0.00000000e+00
-5.34388361e+03 8.83066287e+03 0.00000000e+00 0.00000000e+00
-5.34238357e+03 8.81252944e+03 0.00000000e+00 0.00000000e+00
-5.34088354e+03 8.79443353e+03 0.00000000e+00 0.00000000e+00
-5.33938350e+03 8.77637501e+03 0.00000000e+00 0.00000000e+00
-5.33788346e+03 8.75835370e+03 0.00000000e+00 0.00000000e+00
-5.33638342e+03 8.74036944e+03 0.00000000e+00 0.00000000e+00
-5.33488339e+03 8.72242209e+03 0.00000000e+00 0.00000000e+00
-5.33338335e+03 8.70451148e+03 0.00000000e+00 0.00000000e+00
-5.33188331e+03 8.68663746e+03 0.00000000e+00 0.00000000e+00
-5.33038327e+03 8.66879988e+03 0.00000000e+00 0.00000000e+00
-5.32888324e+03 8.65099859e+03 0.00000000e+00 0.00000000e+00
-5.32738320e+03 8.63323343e+03 0.00000000e+00 0.00000000e+00
-5.32588316e+03 8.61550426e+03 0.00000000e+00 0.00000000e+00
-5.32438312e+03 8.59781092e+03 0.00000000e+00 0.00000000e+00
-5.32288309e+03 8.58015327e+03 0.00000000e+00 0.00000000e+00
-5.32138305e+03 8.56253117e+03 0.00000000e+00 0.00000000e+00
-5.31988301e+03 8.54494446e+03 0.00000000e+00 0.00000000e+00
-5.31838297e+03 8.52739301e+03 0.00000000e+00 0.00000000e+00
-5.31688294e+03 8.50987667e+03 0.00000000e+00 0.00000000e+00
-5.31538290e+03 8.49239529e+03 0.00000000e+00 0.00000000e+00
-5.31388286e+03 8.47494875e+03 0.00000000e+00 0.00000000e+00
-5.31238282e+03 8.45753689e+03 0.00000000e+00 0.00000000e+00
-5.31088279e+03 8.44015958e+03 0.00000000e+00 0.00000000e+00
-5.30938275e+03 8.42281668e+03 0.00000000e+00 0.00000000e+00
-5.30788271e+03 8.40550805e+03 0.00000000e+00 0.00000000e+00
-5.30638267e+03 8.38823357e+03 0.00000000e+00 0.00000000e+00
-5.30488264e+03 8.37099308e+03 0.00000000e+00 0.00000000e+00
-5.30338260e+03 8.35378647e+03 0.00000000e+00 0.00000000e+00
-5.30188256e+03 8.33661359e+03 0.00000000e+00 0.00000000e+00
-5.30038252e+03 8.31947432e+03 0.00000000e+00 0.00000000e+00
-5.29888249e+03 8.30236852e+03 0.00000000e+00 0.00000000e+00
-5.29738245e+03 8.28529607e+03 0.00000000e+00 0.00000000e+00
-5.29588241e+03 8.26825683e+03 0.00000000e+00 0.00000000e+00
-5.29438237e+03 8.25125068e+03 0.00000000e+00 0.00000000e+00
-5.29288234e+03 8.23427748e+03 0.00000000e+00 0.00000000e+00
-5.29138230e+03 8.21733712e+03 0.00000000e+00 0.00000000e+00
-5.28988226e+03 8.20042947e+03 0.00000000e+00 0.00000000e+00
-5.28838222e+03 8.18355440e+03 0.00000000e+00 0.00000000e+00
-5.28688219e+03 8.16671179e+03 0.00000000e+00 0.00000000e+00
-5.28538215e+03 8.14990152e+03 0.00000000e+00 0.00000000e+00
-5.28388211e+03 8.13312346e+03 0.00000000e+00 0.00000000e+00
-5.28238207e+03 8.11637749e+03 0.00000000e+00 0.00000000e+00
-5.28088204e+03 8.09966350e+03 0.00000000e+00 0.00000000e+00
-5.27938200e+03 8.08298136e+03 0.00000000e+00 0.00000000e+00
-5.27788196e+03 8.06633095e+03 0.00000000e+00 0.00000000e+00
-5.27638192e+03 8.04971217e+03 0.00000000e+00 0.00000000e+00
-5.27488189e+03 8.03312488e+03 0.00000000e+00 0.00000000e+00
-5.27338185e+03 8.01656898e+03 0.00000000e+00 0.00000000e+00
-5.27188181e+03 8.00004435e+03 0.00000000e+00 0.00000000e+00
-5.27038177e+03 7.98355088e+03 0.00000000e+00 0.00000000e+00
-5.26888174e+03 7.96708844e+03 0.00000000e+00 0.00000000e+00
-5.26738170e+03 7.95065693e+03 0.00000000e+00 0.00000000e+00
-5.26588166e+03 7.93425624e+03 0.00000000e+00 0.00000000e+00
-5.26438162e+03 7.91788626e+03 0.00000000e+00 0.00000000e+00
-5.26288159e+03 7.90154686e+03 0.00000000e+00 0.00000000e+00
-5.26138155e+03 7.88523795e+03 0.00000000e+00 0.00000000e+00
-5.25988151e+03 7.86895942e+03 0.00000000e+00 0.00000000e+00
-5.25838147e+03 7.85271115e+03 0.00000000e+00 0.00000000e+00
-5.25688144e+03 7.83649304e+03 0.00000000e+00 0.00000000e+00
-5.25538140e+03 7.82030499e+03 0.00000000e+00 0.00000000e+00
-5.25388136e+03 7.80414688e+03 0.00000000e+00 0.00000000e+00
-5.25238132e+03 7.78801860e+03 0.00000000e+00 0.00000000e+00
-5.25088129e+03 7.77192007e+03 0.00000000e+00 0.00000000e+00
-5.24938125e+03 7.75585116e+03 0.00000000e+00 0.00000000e+00
-5.24788121e+03 7.73981179e+03 0.00000000e+00 0.00000000e+00
-5.24638117e+03 7.72380183e+03 0.00000000e+00 0.00000000e+00
-5.24488114e+03 7.70782120e+03 0.00000000e+00 0.00000000e+00
-5.24338110e+03 7.69186979e+03 0.00000000e+00 0.00000000e+00
-5.24188106e+03 7.67594751e+03 0.00000000e+00 0.00000000e+00
-5.24038102e+03 7.66005424e+03 0.00000000e+00 0.00000000e+00
-5.23888099e+03 7.64418989e+03 0.00000000e+00 0.00000000e+00
-5.23738095e+03 7.62835437e+03 0.00000000e+00 0.00000000e+00
-5.23588091e+03 7.61254757e+03 0.00000000e+00 0.00000000e+00
-5.23438087e+03 7.59676940e+03 0.00000000e+00 0.00000000e+00
-5.23288084e+03 7.58101976e+03 0.00000000e+00 0.00000000e+00
-5.23138080e+03 7.56529855e+03 0.00000000e+00 0.00000000e+00
-5.22988076e+03 7.54960568e+03 0.00000000e+00 0.00000000e+00
-5.22838072e+03 7.53394105e+03 0.00000000e+00 0.00000000e+00
-5.22688069e+03 7.51830457e+03 0.00000000e+00 0.00000000e+00
-5.22538065e+03 7.50269615e+03 0.00000000e+00 0.00000000e+00
-5.22388061e+03 7.48711568e+03 0.00000000e+00 0.00000000e+00
-5.22238057e+03 7.47156309e+03 0.00000000e+00 0.00000000e+00
-5.22088054e+03 7.45603827e+03 0.00000000e+00 0.00000000e+00
-5.21938050e+03 7.44054114e+03 0.00000000e+00 0.00000000e+00
-5.21788046e+03 7.42507161e+03 0.00000000e+00 0.00000000e+00
-5.21638042e+03 7.40962958e+03 0.00000000e+00 0.00000000e+00
-5.21488039e+03 7.39421497e+03 0.00000000e+00 0.00000000e+00
-5.21338035e+03 7.37882768e+03 0.00000000e+00 0.00000000e+00
-5.21188031e+03 7.36346762e+03 0.00000000e+00 0.00000000e+00
-5.21038027e+03 7.34813472e+03 0.00000000e+00 0.00000000e+00
-5.20888024e+03 7.33282888e+03 0.00000000e+00 0.00000000e+00
-5.20738020e+03 7.31755002e+03 0.00000000e+00 0.00000000e+00
-5.20588016e+03 7.30229804e+03 0.00000000e+00 0.00000000e+00
-5.20438012e+03 7.28707287e+03 0.00000000e+00 0.00000000e+00
-5.20288009e+03 7.27187441e+03 0.00000000e+00 0.00000000e+00
-5.20138005e+03 7.25670259e+03 0.00000000e+00 0.00000000e+00
-5.19988001e+03 7.24155731e+03 0.00000000e+00 0.00000000e+00
-5.19837997e+03 7.22643850e+03 0.00000000e+00 0.00000000e+00
-5.19687993e+03 7.21134608e+03 0.00000000e+00 0.00000000e+00
-5.19537990e+03 7.19627995e+03 0.00000000e+00 0.00000000e+00
-5.19387986e+03 7.18124003e+03 0.00000000e+00 0.00000000e+00
-5.19237982e+03 7.16622626e+03 0.00000000e+00 0.00000000e+00
-5.19087978e+03 7.15123853e+03 0.00000000e+00 0.00000000e+00
-5.18937975e+03 7.13627678e+03 0.00000000e+00 0.00000000e+00
-5.18787971e+03 7.12134093e+03 0.00000000e+00 0.00000000e+00
-5.18637967e+03 7.10643088e+03 0.00000000e+00 0.00000000e+00
-5.18487963e+03 7.09154657e+03 0.00000000e+00 0.00000000e+00
-5.18337960e+03 7.07668792e+03 0.00000000e+00 0.00000000e+00
-5.18187956e+03 7.06185484e+03 0.00000000e+00 0.00000000e+00
-5.18037952e+03 7.04704726e+03 0.00000000e+00 0.00000000e+00
-5.17887948e+03 7.03226511e+03 0.00000000e+00 0.00000000e+00
-5.17737945e+03 7.01750830e+03 0.00000000e+00 0.00000000e+00
-5.17587941e+03 7.00277676e+03 0.00000000e+00 0.00000000e+00
-5.17437937e+03 6.98807041e+03 0.00000000e+00 0.00000000e+00
-5.17287933e+03 6.97338917e+03 0.00000000e+00 0.00000000e+00
-5.17137930e+03 6.95873298e+03 0.00000000e+00 0.00000000e+00
-5.16987926e+03 6.94410176e+03 0.00000000e+00 0.00000000e+00
-5.16837922e+03 6.92949543e+03 0.00000000e+00 0.00000000e+00
-5.16687918e+03 6.91491392e+03 0.00000000e+00 0.00000000e+00
-5.16537915e+03 6.90035716e+03 0.00000000e+00 0.00000000e+00
-5.16387911e+03 6.88582506e+03 0.00000000e+00 0.00000000e+00
-5.16237907e+03 6.87131757e+03 0.00000000e+00 0.00000000e+00
-5.16087903e+03 6.85683461e+03 0.00000000e+00 0.00000000e+00
-5.15937900e+03 6.84237611e+03 0.00000000e+00 0.00000000e+00
-5.15787896e+03 6.82794199e+03 0.00000000e+00 0.00000000e+00
-5.15637892e+03 6.81353219e+03 0.00000000e+00 0.00000000e+00
-5.15487888e+03 6.79914663e+03 0.00000000e+00 0.00000000e+00
-5.15337885e+03 6.78478525e+03 0.00000000e+00 0.00000000e+00
-5.15187881e+03 6.77044797e+03 0.00000000e+00 0.00000000e+00
-5.15037877e+03 6.75613473e+03 0.00000000e+00 0.00000000e+00
-5.14887873e+03 6.74184546e+03 0.00000000e+00 0.00000000e+00
-5.14737870e+03 6.72758008e+03 0.00000000e+00 0.00000000e+00
-5.14587866e+03 6.71333854e+03 0.00000000e+00 0.00000000e+00
-5.14437862e+03 6.69912076e+03 0.00000000e+00 0.00000000e+00
-5.14287858e+03 6.68492668e+03 0.00000000e+00 0.00000000e+00
-5.14137855e+03 6.67075622e+03 0.00000000e+00 0.00000000e+00
-5.13987851e+03 6.65660933e+03 0.00000000e+00 0.00000000e+00
-5.13837847e+03 6.64248594e+03 0.00000000e+00 0.00000000e+00
-5.13687843e+03 6.62838598e+03 0.00000000e+00 0.00000000e+00
-5.13537840e+03 6.61430938e+03 0.00000000e+00 0.00000000e+00
-5.13387836e+03 6.60025609e+03 0.00000000e+00 0.00000000e+00
-5.13237832e+03 6.58622603e+03 0.00000000e+00 0.00000000e+00
-5.13087828e+03 6.57221914e+03 0.00000000e+00 0.00000000e+00
-5.12937825e+03 6.55823537e+03 0.00000000e+00 0.00000000e+00
-5.12787821e+03 6.54427464e+03 0.00000000e+00 0.00000000e+00
-5.12637817e+03 6.53033689e+03 0.00000000e+00 0.00000000e+00
-5.12487813e+03 6.51642206e+03 0.00000000e+00 0.00000000e+00
-5.12337810e+03 6.50253008e+03 0.00000000e+00 0.00000000e+00
-5.12187806e+03 6.48866090e+03 0.00000000e+00 0.00000000e+00
-5.12037802e+03 6.47481446e+03 0.00000000e+00 0.00000000e+00
-5.11887798e+03 6.46099069e+03 0.00000000e+00 0.00000000e+00
-5.11737795e+03 6.44718952e+03 0.00000000e+00 0.00000000e+00
-5.11587791e+03 6.43341091e+03 0.00000000e+00 0.00000000e+00
-5.11437787e+03 6.41965478e+03 0.00000000e+00 0.00000000e+00
-5.11287783e+03 6.40592109e+03 0.00000000e+00 0.00000000e+00
-5.11137780e+03 6.39220976e+03 0.00000000e+00 0.00000000e+00
-5.10987776e+03 6.37852075e+03 0.00000000e+00 0.00000000e+00
-5.10837772e+03 6.36485399e+03 0.00000000e+00 0.00000000e+00
-5.10687768e+03 6.35120942e+03 0.00000000e+00 0.00000000e+00
-5.10537765e+03 6.33758698e+03 0.00000000e+00 0.00000000e+00
-5.10387761e+03 6.32398662e+03 0.00000000e+00 0.00000000e+00
-5.10237757e+03 6.31040828e+03 0.00000000e+00 0.00000000e+00
-5.10087753e+03 6.29685189e+03 0.00000000e+00 0.00000000e+00
-5.09937750e+03 6.28331742e+03 0.00000000e+00 0.00000000e+00
-5.09787746e+03 6.26980478e+03 0.00000000e+00 0.00000000e+00
-5.09637742e+03 6.25631394e+03 0.00000000e+00 0.00000000e+00
-5.09487738e+03 6.24284484e+03 0.00000000e+00 0.00000000e+00
-5.09337735e+03 6.22939741e+03 0.00000000e+00 0.00000000e+00
-5.09187731e+03 6.21597160e+03 0.00000000e+00 0.00000000e+00
-5.09037727e+03 6.20256736e+03 0.00000000e+00 0.00000000e+00
-5.08887723e+03 6.18918463e+03 0.00000000e+00 0.00000000e+00
-5.08737720e+03 6.17582336e+03 0.00000000e+00 0.00000000e+00
-5.08587716e+03 6.16248349e+03 0.00000000e+00 0.00000000e+00
-5.08437712e+03 6.14916497e+03 0.00000000e+00 0.00000000e+00
-5.08287708e+03 6.13586775e+03 0.00000000e+00 0.00000000e+00
-5.08137705e+03 6.12259177e+03 0.00000000e+00 0.00000000e+00
-5.07987701e+03 6.10933697e+03 0.00000000e+00 0.00000000e+00
-5.07837697e+03 6.09610331e+03 0.00000000e+00 0.00000000e+00
-5.07687693e+03 6.08289073e+03 0.00000000e+00 0.00000000e+00
-5.07537690e+03 6.06969918e+03 0.00000000e+00 0.00000000e+00
-5.07387686e+03 6.05652861e+03 0.00000000e+00 0.00000000e+00
-5.07237682e+03 6.04337897e+03 0.00000000e+00 0.00000000e+00
-5.07087678e+03 6.03025019e+03 0.00000000e+00 0.00000000e+00
-5.06937675e+03 6.01714224e+03 0.00000000e+00 0.00000000e+00
-5.06787671e+03 6.00405507e+03 0.00000000e+00 0.00000000e+00
-5.06637667e+03 5.99098861e+03 0.00000000e+00 0.00000000e+00
-5.06487663e+03 5.97794282e+03 0.00000000e+00 0.00000000e+00
-5.06337660e+03 5.96491765e+03 0.00000000e+00 0.00000000e+00
-5.06187656e+03 5.95191305e+03 0.00000000e+00 0.00000000e+00
-5.06037652e+03 5.93892898e+03 0.00000000e+00 0.00000000e+00
-5.05887648e+03 5.92596537e+03 0.00000000e+00 0.00000000e+00
-5.05737645e+03 5.91302218e+03 0.00000000e+00 0.00000000e+00
-5.05587641e+03 5.90009936e+03 0.00000000e+00 0.00000000e+00
-5.05437637e+03 5.88719687e+03 0.00000000e+00 0.00000000e+00
-5.05287633e+03 5.87431466e+03 0.00000000e+00 0.00000000e+00
-5.05137630e+03 5.86145266e+03 0.00000000e+00 0.00000000e+00
-5.04987626e+03 5.84861085e+03 0.00000000e+00 0.00000000e+00
-5.04837622e+03 5.83578917e+03 0.00000000e+00 0.00000000e+00
-5.04687618e+03 5.82298757e+03 0.00000000e+00 0.00000000e+00
-5.04537615e+03 5.81020601e+03 0.00000000e+00 0.00000000e+00
-5.04387611e+03 5.79744443e+03 0.00000000e+00 0.00000000e+00
-5.04237607e+03 5.78470280e+03 0.00000000e+00 0.00000000e+00
-5.04087603e+03 5.77198107e+03 0.00000000e+00 0.00000000e+00
-5.03937600e+03 5.75927918e+03 0.00000000e+00 0.00000000e+00
-5.03787596e+03 5.74659709e+03 0.00000000e+00 0.00000000e+00
-5.03637592e+03 5.73393477e+03 0.00000000e+00 0.00000000e+00
-5.03487588e+03 5.72129215e+03 0.00000000e+00 0.00000000e+00
-5.03337585e+03 5.70866920e+03 0.00000000e+00 0.00000000e+00
-5.03187581e+03 5.69606587e+03 0.00000000e+00 0.00000000e+00
-5.03037577e+03 5.68348212e+03 0.00000000e+00 0.00000000e+00
-5.02887573e+03 5.67091790e+03 0.00000000e+00 0.00000000e+00
-5.02737570e+03 5.65837316e+03 0.00000000e+00 0.00000000e+00
-5.02587566e+03 5.64584787e+03 0.00000000e+00 0.00000000e+00
-5.02437562e+03 5.63334197e+03 0.00000000e+00 0.00000000e+00
-5.02287558e+03 5.62085543e+03 0.00000000e+00 0.00000000e+00
-5.02137555e+03 5.60838821e+03 0.00000000e+00 0.00000000e+00
-5.01987551e+03 5.59594024e+03 0.00000000e+00 0.00000000e+00
-5.01837547e+03 5.58351151e+03 0.00000000e+00 0.00000000e+00
-5.01687543e+03 5.57110195e+03 0.00000000e+00 0.00000000e+00
-5.01537540e+03 5.55871154e+03 0.00000000e+00 0.00000000e+00
-5.01387536e+03 5.54634021e+03 0.00000000e+00 0.00000000e+00
-5.01237532e+03 5.53398795e+03 0.00000000e+00 0.00000000e+00
-5.01087528e+03 5.52165469e+03 0.00000000e+00 0.00000000e+00
-5.00937525e+03 5.50934041e+03 0.00000000e+00 0.00000000e+00
-5.00787521e+03 5.49704505e+03 0.00000000e+00 0.00000000e+00
-5.00637517e+03 5.48476858e+03 0.00000000e+00 0.00000000e+00
-5.00487513e+03 5.47251096e+03 0.00000000e+00 0.00000000e+00
-5.00337510e+03 5.46027213e+03 0.00000000e+00 0.00000000e+00
-5.00187506e+03 5.44805208e+03 0.00000000e+00 0.00000000e+00
-5.00037502e+03 5.43585074e+03 0.00000000e+00 0.00000000e+00
-4.99887498e+03 5.42366809e+03 0.00000000e+00 0.00000000e+00
-4.99737495e+03 5.41150408e+03 0.00000000e+00 0.00000000e+00
-4.99587491e+03 5.39935867e+03 0.00000000e+00 0.00000000e+00
-4.99437487e+03 5.38723182e+03 0.00000000e+00 0.00000000e+00
-4.99287483e+03 5.37512349e+03 0.00000000e+00 0.00000000e+00
-4.99137480e+03 5.36303365e+03 0.00000000e+00 0.00000000e+00
-4.98987476e+03 5.35096225e+03 0.00000000e+00 0.00000000e+00
-4.98837472e+03 5.33890925e+03 0.00000000e+00 0.00000000e+00
-4.98687468e+03 5.32687462e+03 0.00000000e+00 0.00000000e+00
-4.98537465e+03 5.31485832e+03 0.00000000e+00 0.00000000e+00
-4.98387461e+03 5.30286030e+03 0.00000000e+00 0.00000000e+00
-4.98237457e+03 5.29088053e+03 0.00000000e+00 0.00000000e+00
-4.98087453e+03 5.27891898e+03 0.00000000e+00 0.00000000e+00
-4.97937450e+03 5.26697559e+03 0.00000000e+00 0.00000000e+00
-4.97787446e+03 5.25505035e+03 0.00000000e+00 0.00000000e+00
-4.97637442e+03 5.24314320e+03 0.00000000e+00 0.00000000e+00
-4.97487438e+03 5.23125411e+03 0.00000000e+00 0.00000000e+00
-4.97337435e+03 5.21938304e+03 0.00000000e+00 0.00000000e+00
-4.97187431e+03 5.20752996e+03 0.00000000e+00 0.00000000e+00
-4.97037427e+03 5.19569483e+03 0.00000000e+00 0.00000000e+00
-4.96887423e+03 5.18387761e+03 0.00000000e+00 0.00000000e+00
-4.96737420e+03 5.17207826e+03 0.00000000e+00 0.00000000e+00
-4.96587416e+03 5.16029676e+03 0.00000000e+00 0.00000000e+00
-4.96437412e+03 5.14853305e+03 0.00000000e+00 0.00000000e+00
-4.96287408e+03 5.13678712e+03 0.00000000e+00 0.00000000e+00
-4.96137405e+03 5.12505891e+03 0.00000000e+00 0.00000000e+00
-4.95987401e+03 5.11334840e+03 0.00000000e+00 0.00000000e+00
-4.95837397e+03 5.10165555e+03 0.00000000e+00 0.00000000e+00
-4.95687393e+03 5.08998033e+03 0.00000000e+00 0.00000000e+00
-4.95537390e+03 5.07832269e+03 0.00000000e+00 0.00000000e+00
-4.95387386e+03 5.06668261e+03 0.00000000e+00 0.00000000e+00
-4.95237382e+03 5.05506004e+03 0.00000000e+00 0.00000000e+00
-4.95087378e+03 5.04345496e+03 0.00000000e+00 0.00000000e+00
-4.94937375e+03 5.03186733e+03 0.00000000e+00 0.00000000e+00
-4.94787371e+03 5.02029712e+03 0.00000000e+00 0.00000000e+00
-4.94637367e+03 5.00874428e+03 0.00000000e+00 0.00000000e+00
-4.94487363e+03 4.99720880e+03 0.00000000e+00 0.00000000e+00
-4.94337360e+03 4.98569062e+03 0.00000000e+00 0.00000000e+00
-4.94187356e+03 4.97418973e+03 0.00000000e+00 0.00000000e+00
-4.94037352e+03 4.96270608e+03 0.00000000e+00 0.00000000e+00
-4.93887348e+03 4.95123964e+03 0.00000000e+00 0.00000000e+00
-4.93737345e+03 4.93979038e+03 0.00000000e+00 0.00000000e+00
-4.93587341e+03 4.92835827e+03 0.00000000e+00 0.00000000e+00
-4.93437337e+03 4.91694327e+03 0.00000000e+00 0.00000000e+00
-4.93287333e+03 4.90554535e+03 0.00000000e+00 0.00000000e+00
-4.93137330e+03 4.89416448e+03 0.00000000e+00 0.00000000e+00
-4.92987326e+03 4.88280062e+03 0.00000000e+00 0.00000000e+00
-4.92837322e+03 4.87145374e+03 0.00000000e+00 0.00000000e+00
-4.92687318e+03 4.86012382e+03 0.00000000e+00 0.00000000e+00
-4.92537315e+03 4.84881081e+03 0.00000000e+00 0.00000000e+00
-4.92387311e+03 4.83751469e+03 0.00000000e+00 0.00000000e+00
-4.92237307e+03 4.82623542e+03 0.00000000e+00 0.00000000e+00
-4.92087303e+03 4.81497298e+03 0.00000000e+00 0.00000000e+00
-4.91937300e+03 4.80372732e+03 0.00000000e+00 0.00000000e+00
-4.91787296e+03 4.79249843e+03 0.00000000e+00 0.00000000e+00
-4.91637292e+03 4.78128626e+03 0.00000000e+00 0.00000000e+00
-4.91487288e+03 4.77009080e+03 0.00000000e+00 0.00000000e+00
-4.91337285e+03 4.75891200e+03 0.00000000e+00 0.00000000e+00
-4.91187281e+03 4.74774983e+03 0.00000000e+00 0.00000000e+00
-4.91037277e+03 4.73660427e+03 0.00000000e+00 0.00000000e+00
-4.90887273e+03 4.72547528e+03 0.00000000e+00 0.00000000e+00
-4.90737270e+03 4.71436284e+03 0.00000000e+00 0.00000000e+00
-4.90587266e+03 4.70326692e+03 0.00000000e+00 0.00000000e+00
-4.90437262e+03 4.69218747e+03 0.00000000e+00 0.00000000e+00
-4.90287258e+03 4.68112448e+03 0.00000000e+00 0.00000000e+00
-4.90137255e+03 4.67007792e+03 0.00000000e+00 0.00000000e+00
-4.89987251e+03 4.65904775e+03 0.00000000e+00 0.00000000e+00
-4.89837247e+03 4.64803394e+03 0.00000000e+00 0.00000000e+00
-4.89687243e+03 4.63703647e+03 0.00000000e+00 0.00000000e+00
-4.89537240e+03 4.62605531e+03 0.00000000e+00 0.00000000e+00
-4.89387236e+03 4.61509042e+03 0.00000000e+00 0.00000000e+00
-4.89237232e+03 4.60414178e+03 0.00000000e+00 0.00000000e+00
-4.89087228e+03 4.59320936e+03 0.00000000e+00 0.00000000e+00
-4.88937225e+03 4.58229313e+03 0.00000000e+00 0.00000000e+00
-4.88787221e+03 4.57139306e+03 0.00000000e+00 0.00000000e+00
-4.88637217e+03 4.56050913e+03 0.00000000e+00 0.00000000e+00
-4.88487213e+03 4.54964130e+03 0.00000000e+00 0.00000000e+00
-4.88337210e+03 4.53878955e+03 0.00000000e+00 0.00000000e+00
-4.88187206e+03 4.52795385e+03 0.00000000e+00 0.00000000e+00
-4.88037202e+03 4.51713416e+03 0.00000000e+00 0.00000000e+00
-4.87887198e+03 4.50633047e+03 0.00000000e+00 0.00000000e+00
-4.87737195e+03 4.49554275e+03 0.00000000e+00 0.00000000e+00
-4.87587191e+03 4.48477096e+03 0.00000000e+00 0.00000000e+00
-4.87437187e+03 4.47401508e+03 0.00000000e+00 0.00000000e+00
-4.87287183e+03 4.46327509e+03 0.00000000e+00 0.00000000e+00
-4.87137180e+03 4.45255095e+03 0.00000000e+00 0.00000000e+00
-4.86987176e+03 4.44184264e+03 0.00000000e+00 0.00000000e+00
-4.86837172e+03 4.43115013e+03 0.00000000e+00 0.00000000e+00
-4.86687168e+03 4.42047340e+03 0.00000000e+00 0.00000000e+00
-4.86537165e+03 4.40981241e+03 0.00000000e+00 0.00000000e+00
-4.86387161e+03 4.39916714e+03 0.00000000e+00 0.00000000e+00
-4.86237157e+03 4.38853757e+03 0.00000000e+00 0.00000000e+00
-4.86087153e+03 4.37792367e+03 0.00000000e+00 0.00000000e+00
-4.85937150e+03 4.36732541e+03 0.00000000e+00 0.00000000e+00
-4.85787146e+03 4.35674276e+03 0.00000000e+00 0.00000000e+00
-4.85637142e+03 4.34617570e+03 0.00000000e+00 0.00000000e+00
-4.85487138e+03 4.33562421e+03 0.00000000e+00 0.00000000e+00
-4.85337135e+03 4.32508826e+03 0.00000000e+00 0.00000000e+00
-4.85187131e+03 4.31456781e+03 0.00000000e+00 0.00000000e+00
-4.85037127e+03 4.30406286e+03 0.00000000e+00 0.00000000e+00
-4.84887123e+03 4.29357336e+03 0.00000000e+00 0.00000000e+00
-4.84737120e+03 4.28309931e+03 0.00000000e+00 0.00000000e+00
-4.84587116e+03 4.27264066e+03 0.00000000e+00 0.00000000e+00
-4.84437112e+03 4.26219739e+03 0.00000000e+00 0.00000000e+00
-4.84287108e+03 4.25176949e+03 0.00000000e+00 0.00000000e+00
-4.84137105e+03 4.24135693e+03 0.00000000e+00 0.00000000e+00
-4.83987101e+03 4.23095967e+03 0.00000000e+00 0.00000000e+00
-4.83837097e+03 4.22057770e+03 0.00000000e+00 0.00000000e+00
-4.83687093e+03 4.21021099e+03 0.00000000e+00 0.00000000e+00
-4.83537090e+03 4.19985952e+03 0.00000000e+00 0.00000000e+00
-4.83387086e+03 4.18952326e+03 0.00000000e+00 0.00000000e+00
-4.83237082e+03 4.17920219e+03 0.00000000e+00 0.00000000e+00
-4.83087078e+03 4.16889628e+03 0.00000000e+00 0.00000000e+00
-4.82937075e+03 4.15860552e+03 0.00000000e+00 0.00000000e+00
-4.82787071e+03 4.14832987e+03 0.00000000e+00 0.00000000e+00
-4.82637067e+03 4.13806931e+03 0.00000000e+00 0.00000000e+00
-4.82487063e+03 4.12782382e+03 0.00000000e+00 0.00000000e+00
-4.82337060e+03 4.11759338e+03 0.00000000e+00 0.00000000e+00
-4.82187056e+03 4.10737795e+03 0.00000000e+00 0.00000000e+00
-4.82037052e+03 4.09717753e+03 0.00000000e+00 0.00000000e+00
-4.81887048e+03 4.08699208e+03 0.00000000e+00 0.00000000e+00
-4.81737045e+03 4.07682158e+03 0.00000000e+00 0.00000000e+00
-4.81587041e+03 4.06666601e+03 0.00000000e+00 0.00000000e+00
-4.81437037e+03 4.05652535e+03 0.00000000e+00 0.00000000e+00
-4.81287033e+03 4.04639957e+03 0.00000000e+00 0.00000000e+00
-4.81137030e+03 4.03628865e+03 0.00000000e+00 0.00000000e+00
-4.80987026e+03 4.02619256e+03 0.00000000e+00 0.00000000e+00
-4.80837022e+03 4.01611129e+03 0.00000000e+00 0.00000000e+00
-4.80687018e+03 4.00604481e+03 0.00000000e+00 0.00000000e+00
-4.80537015e+03 3.99599311e+03 0.00000000e+00 0.00000000e+00
-4.80387011e+03 3.98595614e+03 0.00000000e+00 0.00000000e+00
-4.80237007e+03 3.97593391e+03 0.00000000e+00 0.00000000e+00
-4.80087003e+03 3.96592638e+03 0.00000000e+00 0.00000000e+00
-4.79937000e+03 3.95593352e+03 0.00000000e+00 0.00000000e+00
-4.79786996e+03 3.94595533e+03 0.00000000e+00 0.00000000e+00
-4.79636992e+03 3.93599177e+03 0.00000000e+00 0.00000000e+00
-4.79486988e+03 3.92604283e+03 0.00000000e+00 0.00000000e+00
-4.79336985e+03 3.91610849e+03 0.00000000e+00 0.00000000e+00
-4.79186981e+03 3.90618871e+03 0.00000000e+00 0.00000000e+00
-4.79036977e+03 3.89628349e+03 0.00000000e+00 0.00000000e+00
-4.78886973e+03 3.88639279e+03 0.00000000e+00 0.00000000e+00
-4.78736970e+03 3.87651661e+03 0.00000000e+00 0.00000000e+00
-4.78586966e+03 3.86665491e+03 0.00000000e+00 0.00000000e+00
-4.78436962e+03 3.85680768e+03 0.00000000e+00 0.00000000e+00
-4.78286958e+03 3.84697489e+03 0.00000000e+00 0.00000000e+00
-4.78136955e+03 3.83715652e+03 0.00000000e+00 0.00000000e+00
-4.77986951e+03 3.82735256e+03 0.00000000e+00 0.00000000e+00
-4.77836947e+03 3.81756299e+03 0.00000000e+00 0.00000000e+00
-4.77686943e+03 3.80778777e+03 0.00000000e+00 0.00000000e+00
-4.77536940e+03 3.79802690e+03 0.00000000e+00 0.00000000e+00
-4.77386936e+03 3.78828034e+03 0.00000000e+00 0.00000000e+00
-4.77236932e+03 3.77854809e+03 0.00000000e+00 0.00000000e+00
-4.77086928e+03 3.76883012e+03 0.00000000e+00 0.00000000e+00
-4.76936925e+03 3.75912641e+03 0.00000000e+00 0.00000000e+00
-4.76786921e+03 3.74943694e+03 0.00000000e+00 0.00000000e+00
-4.76636917e+03 3.73976169e+03 0.00000000e+00 0.00000000e+00
-4.76486913e+03 3.73010064e+03 0.00000000e+00 0.00000000e+00
-4.76336910e+03 3.72045377e+03 0.00000000e+00 0.00000000e+00
-4.76186906e+03 3.71082106e+03 0.00000000e+00 0.00000000e+00
-4.76036902e+03 3.70120249e+03 0.00000000e+00 0.00000000e+00
-4.75886898e+03 3.69159805e+03 0.00000000e+00 0.00000000e+00
-4.75736895e+03 3.68200770e+03 0.00000000e+00 0.00000000e+00
-4.75586891e+03 3.67243144e+03 0.00000000e+00 0.00000000e+00
-4.75436887e+03 3.66286924e+03 0.00000000e+00 0.00000000e+00
-4.75286883e+03 3.65332109e+03 0.00000000e+00 0.00000000e+00
-4.75136880e+03 3.64378696e+03 0.00000000e+00 0.00000000e+00
-4.74986876e+03 3.63426684e+03 0.00000000e+00 0.00000000e+00
-4.74836872e+03 3.62476071e+03 0.00000000e+00 0.00000000e+00
-4.74686868e+03 3.61526854e+03 0.00000000e+00 0.00000000e+00
-4.74536865e+03 3.60579033e+03 0.00000000e+00 0.00000000e+00
-4.74386861e+03 3.59632604e+03 0.00000000e+00 0.00000000e+00
-4.74236857e+03 3.58687567e+03 0.00000000e+00 0.00000000e+00
-4.74086853e+03 3.57743919e+03 0.00000000e+00 0.00000000e+00
-4.73936850e+03 3.56801658e+03 0.00000000e+00 0.00000000e+00
-4.73786846e+03 3.55860784e+03 0.00000000e+00 0.00000000e+00
-4.73636842e+03 3.54921293e+03 0.00000000e+00 0.00000000e+00
-4.73486838e+03 3.53983184e+03 0.00000000e+00 0.00000000e+00
-4.73336835e+03 3.53046455e+03 0.00000000e+00 0.00000000e+00
-4.73186831e+03 3.52111105e+03 0.00000000e+00 0.00000000e+00
-4.73036827e+03 3.51177131e+03 0.00000000e+00 0.00000000e+00
-4.72886823e+03 3.50244533e+03 0.00000000e+00 0.00000000e+00
-4.72736820e+03 3.49313307e+03 0.00000000e+00 0.00000000e+00
-4.72586816e+03 3.48383452e+03 0.00000000e+00 0.00000000e+00
-4.72436812e+03 3.47454967e+03 0.00000000e+00 0.00000000e+00
-4.72286808e+03 3.46527850e+03 0.00000000e+00 0.00000000e+00
-4.72136805e+03 3.45602099e+03 0.00000000e+00 0.00000000e+00
-4.71986801e+03 3.44677712e+03 0.00000000e+00 0.00000000e+00
-4.71836797e+03 3.43754687e+03 0.00000000e+00 0.00000000e+00
-4.71686793e+03 3.42833024e+03 0.00000000e+00 0.00000000e+00
-4.71536790e+03 3.41912719e+03 0.00000000e+00 0.00000000e+00
-4.71386786e+03 3.40993772e+03 0.00000000e+00 0.00000000e+00
-4.71236782e+03 3.40076180e+03 0.00000000e+00 0.00000000e+00
-4.71086778e+03 3.39159943e+03 0.00000000e+00 0.00000000e+00
-4.70936775e+03 3.38245057e+03 0.00000000e+00 0.00000000e+00
-4.70786771e+03 3.37331522e+03 0.00000000e+00 0.00000000e+00
-4.70636767e+03 3.36419336e+03 0.00000000e+00 0.00000000e+00
-4.70486763e+03 3.35508498e+03 0.00000000e+00 0.00000000e+00
-4.70336760e+03 3.34599005e+03 0.00000000e+00 0.00000000e+00
-4.70186756e+03 3.33690856e+03 0.00000000e+00 0.00000000e+00
-4.70036752e+03 3.32784049e+03 0.00000000e+00 0.00000000e+00
-4.69886748e+03 3.31878582e+03 0.00000000e+00 0.00000000e+00
-4.69736745e+03 3.30974455e+03 0.00000000e+00 0.00000000e+00
-4.69586741e+03 3.30071665e+03 0.00000000e+00 0.00000000e+00
-4.69436737e+03 3.29170211e+03 0.00000000e+00 0.00000000e+00
-4.69286733e+03 3.28270091e+03 0.00000000e+00 0.00000000e+00
-4.69136730e+03 3.27371304e+03 0.00000000e+00 0.00000000e+00
-4.68986726e+03 3.26473848e+03 0.00000000e+00 0.00000000e+00
-4.68836722e+03 3.25577721e+03 0.00000000e+00 0.00000000e+00
-4.68686718e+03 3.24682922e+03 0.00000000e+00 0.00000000e+00
-4.68536715e+03 3.23789449e+03 0.00000000e+00 0.00000000e+00
-4.68386711e+03 3.22897301e+03 0.00000000e+00 0.00000000e+00
-4.68236707e+03 3.22006476e+03 0.00000000e+00 0.00000000e+00
-4.68086703e+03 3.21116972e+03 0.00000000e+00 0.00000000e+00
-4.67936700e+03 3.20228788e+03 0.00000000e+00 0.00000000e+00
-4.67786696e+03 3.19341923e+03 0.00000000e+00 0.00000000e+00
-4.67636692e+03 3.18456375e+03 0.00000000e+00 0.00000000e+00
-4.67486688e+03 3.17572143e+03 0.00000000e+00 0.00000000e+00
-4.67336685e+03 3.16689224e+03 0.00000000e+00 0.00000000e+00
-4.67186681e+03 3.15807618e+03 0.00000000e+00 0.00000000e+00
-4.67036677e+03 3.14927322e+03 0.00000000e+00 0.00000000e+00
-4.66886673e+03 3.14048336e+03 0.00000000e+00 0.00000000e+00
-4.66736670e+03 3.13170658e+03 0.00000000e+00 0.00000000e+00
-4.66586666e+03 3.12294286e+03 0.00000000e+00 0.00000000e+00
-4.66436662e+03 3.11419219e+03 0.00000000e+00 0.00000000e+00
-4.66286658e+03 3.10545456e+03 0.00000000e+00 0.00000000e+00
-4.66136655e+03 3.09672995e+03 0.00000000e+00 0.00000000e+00
-4.65986651e+03 3.08801834e+03 0.00000000e+00 0.00000000e+00
-4.65836647e+03 3.07931973e+03 0.00000000e+00 0.00000000e+00
-4.65686643e+03 3.07063409e+03 0.00000000e+00 0.00000000e+00
-4.65536640e+03 3.06196141e+03 0.00000000e+00 0.00000000e+00
-4.65386636e+03 3.05330169e+03 0.00000000e+00 0.00000000e+00
-4.65236632e+03 3.04465489e+03 0.00000000e+00 0.00000000e+00
-4.65086628e+03 3.03602102e+03 0.00000000e+00 0.00000000e+00
-4.64936625e+03 3.02740005e+03 0.00000000e+00 0.00000000e+00
-4.64786621e+03 3.01879197e+03 0.00000000e+00 0.00000000e+00
-4.64636617e+03 3.01019678e+03 0.00000000e+00 0.00000000e+00
-4.64486613e+03 3.00161444e+03 0.00000000e+00 0.00000000e+00
-4.64336610e+03 2.99304496e+03 0.00000000e+00 0.00000000e+00
-4.64186606e+03 2.98448831e+03 0.00000000e+00 0.00000000e+00
-4.64036602e+03 2.97594448e+03 0.00000000e+00 0.00000000e+00
-4.63886598e+03 2.96741347e+03 0.00000000e+00 0.00000000e+00
-4.63736595e+03 2.95889525e+03 0.00000000e+00 0.00000000e+00
-4.63586591e+03 2.95038981e+03 0.00000000e+00 0.00000000e+00
-4.63436587e+03 2.94189714e+03 0.00000000e+00 0.00000000e+00
-4.63286583e+03 2.93341722e+03 0.00000000e+00 0.00000000e+00
-4.63136580e+03 2.92495005e+03 0.00000000e+00 0.00000000e+00
-4.62986576e+03 2.91649560e+03 0.00000000e+00 0.00000000e+00
-4.62836572e+03 2.90805387e+03 0.00000000e+00 0.00000000e+00
-4.62686568e+03 2.89962484e+03 0.00000000e+00 0.00000000e+00
-4.62536565e+03 2.89120850e+03 0.00000000e+00 0.00000000e+00
-4.62386561e+03 2.88280484e+03 0.00000000e+00 0.00000000e+00
-4.62236557e+03 2.87441384e+03 0.00000000e+00 0.00000000e+00
-4.62086553e+03 2.86603549e+03 0.00000000e+00 0.00000000e+00
-4.61936550e+03 2.85766978e+03 0.00000000e+00 0.00000000e+00
-4.61786546e+03 2.84931670e+03 0.00000000e+00 0.00000000e+00
-4.61636542e+03 2.84097622e+03 0.00000000e+00 0.00000000e+00
-4.61486538e+03 2.83264835e+03 0.00000000e+00 0.00000000e+00
-4.61336535e+03 2.82433306e+03 0.00000000e+00 0.00000000e+00
-4.61186531e+03 2.81603035e+03 0.00000000e+00 0.00000000e+00
-4.61036527e+03 2.80774020e+03 0.00000000e+00 0.00000000e+00
-4.60886523e+03 2.79946259e+03 0.00000000e+00 0.00000000e+00
-4.60736520e+03 2.79119753e+03 0.00000000e+00 0.00000000e+00
-4.60586516e+03 2.78294499e+03 0.00000000e+00 0.00000000e+00
-4.60436512e+03 2.77470496e+03 0.00000000e+00 0.00000000e+00
-4.60286508e+03 2.76647744e+03 0.00000000e+00 0.00000000e+00
-4.60136505e+03 2.75826240e+03 0.00000000e+00 0.00000000e+00
-4.59986501e+03 2.75005984e+03 0.00000000e+00 0.00000000e+00
-4.59836497e+03 2.74186974e+03 0.00000000e+00 0.00000000e+00
-4.59686493e+03 2.73369210e+03 0.00000000e+00 0.00000000e+00
-4.59536490e+03 2.72552690e+03 0.00000000e+00 0.00000000e+00
-4.59386486e+03 2.71737412e+03 0.00000000e+00 0.00000000e+00
-4.59236482e+03 2.70923377e+03 0.00000000e+00 0.00000000e+00
-4.59086478e+03 2.70110582e+03 0.00000000e+00 0.00000000e+00
-4.58936475e+03 2.69299026e+03 0.00000000e+00 0.00000000e+00
-4.58786471e+03 2.68488709e+03 0.00000000e+00 0.00000000e+00
-4.58636467e+03 2.67679628e+03 0.00000000e+00 0.00000000e+00
-4.58486463e+03 2.66871784e+03 0.00000000e+00 0.00000000e+00
-4.58336460e+03 2.66065175e+03 0.00000000e+00 0.00000000e+00
-4.58186456e+03 2.65259799e+03 0.00000000e+00 0.00000000e+00
-4.58036452e+03 2.64455656e+03 0.00000000e+00 0.00000000e+00
-4.57886448e+03 2.63652744e+03 0.00000000e+00 0.00000000e+00
-4.57736445e+03 2.62851062e+03 0.00000000e+00 0.00000000e+00
-4.57586441e+03 2.62050610e+03 0.00000000e+00 0.00000000e+00
-4.57436437e+03 2.61251386e+03 0.00000000e+00 0.00000000e+00
-4.57286433e+03 2.60453389e+03 0.00000000e+00 0.00000000e+00
-4.57136430e+03 2.59656618e+03 0.00000000e+00 0.00000000e+00
-4.56986426e+03 2.58861072e+03 0.00000000e+00 0.00000000e+00
-4.56836422e+03 2.58066749e+03 0.00000000e+00 0.00000000e+00
-4.56686418e+03 2.57273649e+03 0.00000000e+00 0.00000000e+00
-4.56536415e+03 2.56481771e+03 0.00000000e+00 0.00000000e+00
-4.56386411e+03 2.55691113e+03 0.00000000e+00 0.00000000e+00
-4.56236407e+03 2.54901675e+03 0.00000000e+00 0.00000000e+00
-4.56086403e+03 2.54113456e+03 0.00000000e+00 0.00000000e+00
-4.55936400e+03 2.53326453e+03 0.00000000e+00 0.00000000e+00
-4.55786396e+03 2.52540667e+03 0.00000000e+00 0.00000000e+00
-4.55636392e+03 2.51756097e+03 0.00000000e+00 0.00000000e+00
-4.55486388e+03 2.50972740e+03 0.00000000e+00 0.00000000e+00
-4.55336385e+03 2.50190597e+03 0.00000000e+00 0.00000000e+00
-4.55186381e+03 2.49409667e+03 0.00000000e+00 0.00000000e+00
-4.55036377e+03 2.48629947e+03 0.00000000e+00 0.00000000e+00
-4.54886373e+03 2.47851438e+03 0.00000000e+00 0.00000000e+00
-4.54736370e+03 2.47074138e+03 0.00000000e+00 0.00000000e+00
-4.54586366e+03 2.46298046e+03 0.00000000e+00 0.00000000e+00
-4.54436362e+03 2.45523161e+03 0.00000000e+00 0.00000000e+00
-4.54286358e+03 2.44749483e+03 0.00000000e+00 0.00000000e+00
-4.54136355e+03 2.43977010e+03 0.00000000e+00 0.00000000e+00
-4.53986351e+03 2.43205741e+03 0.00000000e+00 0.00000000e+00
-4.53836347e+03 2.42435676e+03 0.00000000e+00 0.00000000e+00
-4.53686343e+03 2.41666813e+03 0.00000000e+00 0.00000000e+00
-4.53536340e+03 2.40899152e+03 0.00000000e+00 0.00000000e+00
-4.53386336e+03 2.40132691e+03 0.00000000e+00 0.00000000e+00
-4.53236332e+03 2.39367429e+03 0.00000000e+00 0.00000000e+00
-4.53086328e+03 2.38603366e+03 0.00000000e+00 0.00000000e+00
-4.52936325e+03 2.37840501e+03 0.00000000e+00 0.00000000e+00
-4.52786321e+03 2.37078832e+03 0.00000000e+00 0.00000000e+00
-4.52636317e+03 2.36318359e+03 0.00000000e+00 0.00000000e+00
-4.52486313e+03 2.35559081e+03 0.00000000e+00 0.00000000e+00
-4.52336310e+03 2.34800997e+03 0.00000000e+00 0.00000000e+00
-4.52186306e+03 2.34044106e+03 0.00000000e+00 0.00000000e+00
-4.52036302e+03 2.33288408e+03 0.00000000e+00 0.00000000e+00
-4.51886298e+03 2.32533900e+03 0.00000000e+00 0.00000000e+00
-4.51736295e+03 2.31780583e+03 0.00000000e+00 0.00000000e+00
-4.51586291e+03 2.31028455e+03 0.00000000e+00 0.00000000e+00
-4.51436287e+03 2.30277516e+03 0.00000000e+00 0.00000000e+00
-4.51286283e+03 2.29527764e+03 0.00000000e+00 0.00000000e+00
-4.51136280e+03 2.28779200e+03 0.00000000e+00 0.00000000e+00
-4.50986276e+03 2.28031821e+03 0.00000000e+00 0.00000000e+00
-4.50836272e+03 2.27285627e+03 0.00000000e+00 0.00000000e+00
-4.50686268e+03 2.26540618e+03 0.00000000e+00 0.00000000e+00
-4.50536265e+03 2.25796792e+03 0.00000000e+00 0.00000000e+00
-4.50386261e+03 2.25054149e+03 0.00000000e+00 0.00000000e+00
-4.50236257e+03 2.24312687e+03 0.00000000e+00 0.00000000e+00
-4.50086253e+03 2.23572406e+03 0.00000000e+00 0.00000000e+00
-4.49936250e+03 2.22833305e+03 0.00000000e+00 0.00000000e+00
-4.49786246e+03 2.22095384e+03 0.00000000e+00 0.00000000e+00
-4.49636242e+03 2.21358640e+03 0.00000000e+00 0.00000000e+00
-4.49486238e+03 2.20623075e+03 0.00000000e+00 0.00000000e+00
-4.49336235e+03 2.19888686e+03 0.00000000e+00 0.00000000e+00
-4.49186231e+03 2.19155473e+03 0.00000000e+00 0.00000000e+00
-4.49036227e+03 2.18423435e+03 0.00000000e+00 0.00000000e+00
-4.48886223e+03 2.17692572e+03 0.00000000e+00 0.00000000e+00
-4.48736220e+03 2.16962882e+03 0.00000000e+00 0.00000000e+00
-4.48586216e+03 2.16234366e+03 0.00000000e+00 0.00000000e+00
-4.48436212e+03 2.15507021e+03 0.00000000e+00 0.00000000e+00
-4.48286208e+03 2.14780847e+03 0.00000000e+00 0.00000000e+00
-4.48136205e+03 2.14055844e+03 0.00000000e+00 0.00000000e+00
-4.47986201e+03 2.13332011e+03 0.00000000e+00 0.00000000e+00
-4.47836197e+03 2.12609346e+03 0.00000000e+00 0.00000000e+00
-4.47686193e+03 2.11887850e+03 0.00000000e+00 0.00000000e+00
-4.47536190e+03 2.11167521e+03 0.00000000e+00 0.00000000e+00
-4.47386186e+03 2.10448359e+03 0.00000000e+00 0.00000000e+00
-4.47236182e+03 2.09730363e+03 0.00000000e+00 0.00000000e+00
-4.47086178e+03 2.09013533e+03 0.00000000e+00 0.00000000e+00
-4.46936175e+03 2.08297867e+03 0.00000000e+00 0.00000000e+00
-4.46786171e+03 2.07583364e+03 0.00000000e+00 0.00000000e+00
-4.46636167e+03 2.06870025e+03 0.00000000e+00 0.00000000e+00
-4.46486163e+03 2.06157848e+03 0.00000000e+00 0.00000000e+00
-4.46336160e+03 2.05446833e+03 0.00000000e+00 0.00000000e+00
-4.46186156e+03 2.04736979e+03 0.00000000e+00 0.00000000e+00
-4.46036152e+03 2.04028285e+03 0.00000000e+00 0.00000000e+00
-4.45886148e+03 2.03320751e+03 0.00000000e+00 0.00000000e+00
-4.45736145e+03 2.02614376e+03 0.00000000e+00 0.00000000e+00
-4.45586141e+03 2.01909158e+03 0.00000000e+00 0.00000000e+00
-4.45436137e+03 2.01205099e+03 0.00000000e+00 0.00000000e+00
-4.45286133e+03 2.00502196e+03 0.00000000e+00 0.00000000e+00
-4.45136130e+03 1.99800450e+03 0.00000000e+00 0.00000000e+00
-4.44986126e+03 1.99099859e+03 0.00000000e+00 0.00000000e+00
-4.44836122e+03 1.98400423e+03 0.00000000e+00 0.00000000e+00
-4.44686118e+03 1.97702142e+03 0.00000000e+00 0.00000000e+00
-4.44536115e+03 1.97005014e+03 0.00000000e+00 0.00000000e+00
-4.44386111e+03 1.96309039e+03 0.00000000e+00 0.00000000e+00
-4.44236107e+03 1.95614216e+03 0.00000000e+00 0.00000000e+00
-4.44086103e+03 1.94920545e+03 0.00000000e+00 0.00000000e+00
-4.43936100e+03 1.94228025e+03 0.00000000e+00 0.00000000e+00
-4.43786096e+03 1.93536656e+03 0.00000000e+00 0.00000000e+00
-4.43636092e+03 1.92846437e+03 0.00000000e+00 0.00000000e+00
-4.43486088e+03 1.92157366e+03 0.00000000e+00 0.00000000e+00
-4.43336085e+03 1.91469445e+03 0.00000000e+00 0.00000000e+00
-4.43186081e+03 1.90782672e+03 0.00000000e+00 0.00000000e+00
-4.43036077e+03 1.90097046e+03 0.00000000e+00 0.00000000e+00
-4.42886073e+03 1.89412567e+03 0.00000000e+00 0.00000000e+00
-4.42736070e+03 1.88729234e+03 0.00000000e+00 0.00000000e+00
-4.42586066e+03 1.88047047e+03 0.00000000e+00 0.00000000e+00
-4.42436062e+03 1.87366005e+03 0.00000000e+00 0.00000000e+00
-4.42286058e+03 1.86686108e+03 0.00000000e+00 0.00000000e+00
-4.42136055e+03 1.86007354e+03 0.00000000e+00 0.00000000e+00
-4.41986051e+03 1.85329745e+03 0.00000000e+00 0.00000000e+00
-4.41836047e+03 1.84653278e+03 0.00000000e+00 0.00000000e+00
-4.41686043e+03 1.83977953e+03 0.00000000e+00 0.00000000e+00
-4.41536040e+03 1.83303771e+03 0.00000000e+00 0.00000000e+00
-4.41386036e+03 1.82630729e+03 0.00000000e+00 0.00000000e+00
-4.41236032e+03 1.81958829e+03 0.00000000e+00 0.00000000e+00
-4.41086028e+03 1.81288068e+03 0.00000000e+00 0.00000000e+00
-4.40936025e+03 1.80618448e+03 0.00000000e+00 0.00000000e+00
-4.40786021e+03 1.79949966e+03 0.00000000e+00 0.00000000e+00
-4.40636017e+03 1.79282623e+03 0.00000000e+00 0.00000000e+00
-4.40486013e+03 1.78616419e+03 0.00000000e+00 0.00000000e+00
-4.40336010e+03 1.77951352e+03 0.00000000e+00 0.00000000e+00
-4.40186006e+03 1.77287422e+03 0.00000000e+00 0.00000000e+00
-4.40036002e+03 1.76624629e+03 0.00000000e+00 0.00000000e+00
-4.39885998e+03 1.75962973e+03 0.00000000e+00 0.00000000e+00
-4.39735994e+03 1.75302452e+03 0.00000000e+00 0.00000000e+00
-4.39585991e+03 1.74643066e+03 0.00000000e+00 0.00000000e+00
-4.39435987e+03 1.73984815e+03 0.00000000e+00 0.00000000e+00
-4.39285983e+03 1.73327698e+03 0.00000000e+00 0.00000000e+00
-4.39135979e+03 1.72671715e+03 0.00000000e+00 0.00000000e+00
-4.38985976e+03 1.72016866e+03 0.00000000e+00 0.00000000e+00
-4.38835972e+03 1.71363150e+03 0.00000000e+00 0.00000000e+00
-4.38685968e+03 1.70710566e+03 0.00000000e+00 0.00000000e+00
-4.38535964e+03 1.70059114e+03 0.00000000e+00 0.00000000e+00
-4.38385961e+03 1.69408794e+03 0.00000000e+00 0.00000000e+00
-4.38235957e+03 1.68759605e+03 0.00000000e+00 0.00000000e+00
-4.38085953e+03 1.68111547e+03 0.00000000e+00 0.00000000e+00
-4.37935949e+03 1.67464619e+03 0.00000000e+00 0.00000000e+00
-4.37785946e+03 1.66818822e+03 0.00000000e+00 0.00000000e+00
-4.37635942e+03 1.66174154e+03 0.00000000e+00 0.00000000e+00
-4.37485938e+03 1.65530615e+03 0.00000000e+00 0.00000000e+00
-4.37335934e+03 1.64888204e+03 0.00000000e+00 0.00000000e+00
-4.37185931e+03 1.64246923e+03 0.00000000e+00 0.00000000e+00
-4.37035927e+03 1.63606769e+03 0.00000000e+00 0.00000000e+00
-4.36885923e+03 1.62967743e+03 0.00000000e+00 0.00000000e+00
-4.36735919e+03 1.62329844e+03 0.00000000e+00 0.00000000e+00
-4.36585916e+03 1.61693072e+03 0.00000000e+00 0.00000000e+00
-4.36435912e+03 1.61057426e+03 0.00000000e+00 0.00000000e+00
-4.36285908e+03 1.60422907e+03 0.00000000e+00 0.00000000e+00
-4.36135904e+03 1.59789513e+03 0.00000000e+00 0.00000000e+00
-4.35985901e+03 1.59157245e+03 0.00000000e+00 0.00000000e+00
-4.35835897e+03 1.58526102e+03 0.00000000e+00 0.00000000e+00
-4.35685893e+03 1.57896083e+03 0.00000000e+00 0.00000000e+00
-4.35535889e+03 1.57267189e+03 0.00000000e+00 0.00000000e+00
-4.35385886e+03 1.56639419e+03 0.00000000e+00 0.00000000e+00
-4.35235882e+03 1.56012773e+03 0.00000000e+00 0.00000000e+00
-4.35085878e+03 1.55387251e+03 0.00000000e+00 0.00000000e+00
-4.34935874e+03 1.54762851e+03 0.00000000e+00 0.00000000e+00
-4.34785871e+03 1.54139575e+03 0.00000000e+00 0.00000000e+00
-4.34635867e+03 1.53517421e+03 0.00000000e+00 0.00000000e+00
-4.34485863e+03 1.52896389e+03 0.00000000e+00 0.00000000e+00
-4.34335859e+03 1.52276479e+03 0.00000000e+00 0.00000000e+00
-4.34185856e+03 1.51657691e+03 0.00000000e+00 0.00000000e+00
-4.34035852e+03 1.51040024e+03 0.00000000e+00 0.00000000e+00
-4.33885848e+03 1.50423478e+03 0.00000000e+00 0.00000000e+00
-4.33735844e+03 1.49808054e+03 0.00000000e+00 0.00000000e+00
-4.33585841e+03 1.49193749e+03 0.00000000e+00 0.00000000e+00
-4.33435837e+03 1.48580565e+03 0.00000000e+00 0.00000000e+00
-4.33285833e+03 1.47968502e+03 0.00000000e+00 0.00000000e+00
-4.33135829e+03 1.47357558e+03 0.00000000e+00 0.00000000e+00
-4.32985826e+03 1.46747733e+03 0.00000000e+00 0.00000000e+00
-4.32835822e+03 1.46139028e+03 0.00000000e+00 0.00000000e+00
-4.32685818e+03 1.45531442e+03 0.00000000e+00 0.00000000e+00
-4.32535814e+03 1.44924975e+03 0.00000000e+00 0.00000000e+00
-4.32385811e+03 1.44319627e+03 0.00000000e+00 0.00000000e+00
-4.32235807e+03 1.43715397e+03 0.00000000e+00 0.00000000e+00
-4.32085803e+03 1.43112286e+03 0.00000000e+00 0.00000000e+00
-4.31935799e+03 1.42510292e+03 0.00000000e+00 0.00000000e+00
-4.31785796e+03 1.41909417e+03 0.00000000e+00 0.00000000e+00
-4.31635792e+03 1.41309659e+03 0.00000000e+00 0.00000000e+00
-4.31485788e+03 1.40711018e+03 0.00000000e+00 0.00000000e+00
-4.31335784e+03 1.40113495e+03 0.00000000e+00 0.00000000e+00
-4.31185781e+03 1.39517089e+03 0.00000000e+00 0.00000000e+00
-4.31035777e+03 1.38921800e+03 0.00000000e+00 0.00000000e+00
-4.30885773e+03 1.38327628e+03 0.00000000e+00 0.00000000e+00
-4.30735769e+03 1.37734572e+03 0.00000000e+00 0.00000000e+00
-4.30585766e+03 1.37142633e+03 0.00000000e+00 0.00000000e+00
-4.30435762e+03 1.36551810e+03 0.00000000e+00 0.00000000e+00
-4.30285758e+03 1.35962104e+03 0.00000000e+00 0.00000000e+00
-4.30135754e+03 1.35373514e+03 0.00000000e+00 0.00000000e+00
-4.29985751e+03 1.34786039e+03 0.00000000e+00 0.00000000e+00
-4.29835747e+03 1.34199681e+03 0.00000000e+00 0.00000000e+00
-4.29685743e+03 1.33614438e+03 0.00000000e+00 0.00000000e+00
-4.29535739e+03 1.33030310e+03 0.00000000e+00 0.00000000e+00
-4.29385736e+03 1.32447299e+03 0.00000000e+00 0.00000000e+00
-4.29235732e+03 1.31865402e+03 0.00000000e+00 0.00000000e+00
-4.29085728e+03 1.31284621e+03 0.00000000e+00 0.00000000e+00
-4.28935724e+03 1.30704956e+03 0.00000000e+00 0.00000000e+00
-4.28785721e+03 1.30126405e+03 0.00000000e+00 0.00000000e+00
-4.28635717e+03 1.29548969e+03 0.00000000e+00 0.00000000e+00
-4.28485713e+03 1.28972649e+03 0.00000000e+00 0.00000000e+00
-4.28335709e+03 1.28397443e+03 0.00000000e+00 0.00000000e+00
-4.28185706e+03 1.27823353e+03 0.00000000e+00 0.00000000e+00
-4.28035702e+03 1.27250377e+03 0.00000000e+00 0.00000000e+00
-4.27885698e+03 1.26678516e+03 0.00000000e+00 0.00000000e+00
-4.27735694e+03 1.26107769e+03 0.00000000e+00 0.00000000e+00
-4.27585691e+03 1.25538138e+03 0.00000000e+00 0.00000000e+00
-4.27435687e+03 1.24969621e+03 0.00000000e+00 0.00000000e+00
-4.27285683e+03 1.24402219e+03 0.00000000e+00 0.00000000e+00
-4.27135679e+03 1.23835931e+03 0.00000000e+00 0.00000000e+00
-4.26985676e+03 1.23270758e+03 0.00000000e+00 0.00000000e+00
-4.26835672e+03 1.22706700e+03 0.00000000e+00 0.00000000e+00
-4.26685668e+03 1.22143756e+03 0.00000000e+00 0.00000000e+00
-4.26535664e+03 1.21581928e+03 0.00000000e+00 0.00000000e+00
-4.26385661e+03 1.21021213e+03 0.00000000e+00 0.00000000e+00
-4.26235657e+03 1.20461614e+03 0.00000000e+00 0.00000000e+00
-4.26085653e+03 1.19903129e+03 0.00000000e+00 0.00000000e+00
-4.25935649e+03 1.19345759e+03 0.00000000e+00 0.00000000e+00
-4.25785646e+03 1.18789504e+03 0.00000000e+00 0.00000000e+00
-4.25635642e+03 1.18234364e+03 0.00000000e+00 0.00000000e+00
-4.25485638e+03 1.17680339e+03 0.00000000e+00 0.00000000e+00
-4.25335634e+03 1.17127429e+03 0.00000000e+00 0.00000000e+00
-4.25185631e+03 1.16575633e+03 0.00000000e+00 0.00000000e+00
-4.25035627e+03 1.16024953e+03 0.00000000e+00 0.00000000e+00
-4.24885623e+03 1.15475389e+03 0.00000000e+00 0.00000000e+00
-4.24735619e+03 1.14926939e+03 0.00000000e+00 0.00000000e+00
-4.24585616e+03 1.14379605e+03 0.00000000e+00 0.00000000e+00
-4.24435612e+03 1.13833387e+03 0.00000000e+00 0.00000000e+00
-4.24285608e+03 1.13288284e+03 0.00000000e+00 0.00000000e+00
-4.24135604e+03 1.12744297e+03 0.00000000e+00 0.00000000e+00
-4.23985601e+03 1.12201425e+03 0.00000000e+00 0.00000000e+00
-4.23835597e+03 1.11659670e+03 0.00000000e+00 0.00000000e+00
-4.23685593e+03 1.11119031e+03 0.00000000e+00 0.00000000e+00
-4.23535589e+03 1.10579508e+03 0.00000000e+00 0.00000000e+00
-4.23385586e+03 1.10041101e+03 0.00000000e+00 0.00000000e+00
-4.23235582e+03 1.09503812e+03 0.00000000e+00 0.00000000e+00
-4.23085578e+03 1.08967639e+03 0.00000000e+00 0.00000000e+00
-4.22935574e+03 1.08432582e+03 0.00000000e+00 0.00000000e+00
-4.22785571e+03 1.07898643e+03 0.00000000e+00 0.00000000e+00
-4.22635567e+03 1.07365821e+03 0.00000000e+00 0.00000000e+00
-4.22485563e+03 1.06834117e+03 0.00000000e+00 0.00000000e+00
-4.22335559e+03 1.06303530e+03 0.00000000e+00 0.00000000e+00
-4.22185556e+03 1.05774062e+03 0.00000000e+00 0.00000000e+00
-4.22035552e+03 1.05245711e+03 0.00000000e+00 0.00000000e+00
-4.21885548e+03 1.04718479e+03 0.00000000e+00 0.00000000e+00
-4.21735544e+03 1.04192365e+03 0.00000000e+00 0.00000000e+00
-4.21585541e+03 1.03667370e+03 0.00000000e+00 0.00000000e+00
-4.21435537e+03 1.03143494e+03 0.00000000e+00 0.00000000e+00
-4.21285533e+03 1.02620737e+03 0.00000000e+00 0.00000000e+00
-4.21135529e+03 1.02099100e+03 0.00000000e+00 0.00000000e+00
-4.20985526e+03 1.01578583e+03 0.00000000e+00 0.00000000e+00
-4.20835522e+03 1.01059186e+03 0.00000000e+00 0.00000000e+00
-4.20685518e+03 1.00540909e+03 0.00000000e+00 0.00000000e+00
-4.20535514e+03 1.00023752e+03 0.00000000e+00 0.00000000e+00
-4.20385511e+03 9.95077171e+02 0.00000000e+00 0.00000000e+00
-4.20235507e+03 9.89928031e+02 0.00000000e+00 0.00000000e+00
-4.20085503e+03 9.84790106e+02 0.00000000e+00 0.00000000e+00
-4.19935499e+03 9.79663399e+02 0.00000000e+00 0.00000000e+00
-4.19785496e+03 9.74547915e+02 0.00000000e+00 0.00000000e+00
-4.19635492e+03 9.69443657e+02 0.00000000e+00 0.00000000e+00
-4.19485488e+03 9.64350627e+02 0.00000000e+00 0.00000000e+00
-4.19335484e+03 9.59268829e+02 0.00000000e+00 0.00000000e+00
-4.19185481e+03 9.54198268e+02 0.00000000e+00 0.00000000e+00
-4.19035477e+03 9.49138946e+02 0.00000000e+00 0.00000000e+00
-4.18885473e+03 9.44090868e+02 0.00000000e+00 0.00000000e+00
-4.18735469e+03 9.39054037e+02 0.00000000e+00 0.00000000e+00
-4.18585466e+03 9.34028457e+02 0.00000000e+00 0.00000000e+00
-4.18435462e+03 9.29014132e+02 0.00000000e+00 0.00000000e+00
-4.18285458e+03 9.24011067e+02 0.00000000e+00 0.00000000e+00
-4.18135454e+03 9.19019265e+02 0.00000000e+00 0.00000000e+00
-4.17985451e+03 9.14038730e+02 0.00000000e+00 0.00000000e+00
-4.17835447e+03 9.09069468e+02 0.00000000e+00 0.00000000e+00
-4.17685443e+03 9.04111482e+02 0.00000000e+00 0.00000000e+00
-4.17535439e+03 8.99164777e+02 0.00000000e+00 0.00000000e+00
-4.17385436e+03 8.94229358e+02 0.00000000e+00 0.00000000e+00
-4.17235432e+03 8.89305229e+02 0.00000000e+00 0.00000000e+00
-4.17085428e+03 8.84392395e+02 0.00000000e+00 0.00000000e+00
-4.16935424e+03 8.79490861e+02 0.00000000e+00 0.00000000e+00
-4.16785421e+03 8.74600632e+02 0.00000000e+00 0.00000000e+00
-4.16635417e+03 8.69721713e+02 0.00000000e+00 0.00000000e+00
-4.16485413e+03 8.64854108e+02 0.00000000e+00 0.00000000e+00
-4.16335409e+03 8.59997825e+02 0.00000000e+00 0.00000000e+00
-4.16185406e+03 8.55152866e+02 0.00000000e+00 0.00000000e+00
-4.16035402e+03 8.50319239e+02 0.00000000e+00 0.00000000e+00
-4.15885398e+03 8.45496948e+02 0.00000000e+00 0.00000000e+00
-4.15735394e+03 8.40686000e+02 0.00000000e+00 0.00000000e+00
-4.15585391e+03 8.35886399e+02 0.00000000e+00 0.00000000e+00
-4.15435387e+03 8.31098152e+02 0.00000000e+00 0.00000000e+00
-4.15285383e+03 8.26321264e+02 0.00000000e+00 0.00000000e+00
-4.15135379e+03 8.21555742e+02 0.00000000e+00 0.00000000e+00
-4.14985376e+03 8.16801591e+02 0.00000000e+00 0.00000000e+00
-4.14835372e+03 8.12058819e+02 0.00000000e+00 0.00000000e+00
-4.14685368e+03 8.07327430e+02 0.00000000e+00 0.00000000e+00
-4.14535364e+03 8.02607431e+02 0.00000000e+00 0.00000000e+00
-4.14385361e+03 7.97898830e+02 0.00000000e+00 0.00000000e+00
-4.14235357e+03 7.93201632e+02 0.00000000e+00 0.00000000e+00
-4.14085353e+03 7.88515844e+02 0.00000000e+00 0.00000000e+00
-4.13935349e+03 7.83841472e+02 0.00000000e+00 0.00000000e+00
-4.13785346e+03 7.79178525e+02 0.00000000e+00 0.00000000e+00
-4.13635342e+03 7.74527008e+02 0.00000000e+00 0.00000000e+00
-4.13485338e+03 7.69886930e+02 0.00000000e+00 0.00000000e+00
-4.13335334e+03 7.65258296e+02 0.00000000e+00 0.00000000e+00
-4.13185331e+03 7.60641115e+02 0.00000000e+00 0.00000000e+00
-4.13035327e+03 7.56035394e+02 0.00000000e+00 0.00000000e+00
-4.12885323e+03 7.51441140e+02 0.00000000e+00 0.00000000e+00
-4.12735319e+03 7.46858361e+02 0.00000000e+00 0.00000000e+00
-4.12585316e+03 7.42287065e+02 0.00000000e+00 0.00000000e+00
-4.12435312e+03 7.37727259e+02 0.00000000e+00 0.00000000e+00
-4.12285308e+03 7.33178952e+02 0.00000000e+00 0.00000000e+00
-4.12135304e+03 7.28642151e+02 0.00000000e+00 0.00000000e+00
-4.11985301e+03 7.24116866e+02 0.00000000e+00 0.00000000e+00
-4.11835297e+03 7.19603103e+02 0.00000000e+00 0.00000000e+00
-4.11685293e+03 7.15100873e+02 0.00000000e+00 0.00000000e+00
-4.11535289e+03 7.10610182e+02 0.00000000e+00 0.00000000e+00
-4.11385286e+03 7.06131040e+02 0.00000000e+00 0.00000000e+00
-4.11235282e+03 7.01663456e+02 0.00000000e+00 0.00000000e+00
-4.11085278e+03 6.97207438e+02 0.00000000e+00 0.00000000e+00
-4.10935274e+03 6.92762996e+02 0.00000000e+00 0.00000000e+00
-4.10785271e+03 6.88330138e+02 0.00000000e+00 0.00000000e+00
-4.10635267e+03 6.83908875e+02 0.00000000e+00 0.00000000e+00
-4.10485263e+03 6.79499215e+02 0.00000000e+00 0.00000000e+00
-4.10335259e+03 6.75101168e+02 0.00000000e+00 0.00000000e+00
-4.10185256e+03 6.70714743e+02 0.00000000e+00 0.00000000e+00
-4.10035252e+03 6.66339951e+02 0.00000000e+00 0.00000000e+00
-4.09885248e+03 6.61976801e+02 0.00000000e+00 0.00000000e+00
-4.09735244e+03 6.57625303e+02 0.00000000e+00 0.00000000e+00
-4.09585241e+03 6.53285468e+02 0.00000000e+00 0.00000000e+00
-4.09435237e+03 6.48957305e+02 0.00000000e+00 0.00000000e+00
-4.09285233e+03 6.44640826e+02 0.00000000e+00 0.00000000e+00
-4.09135229e+03 6.40336041e+02 0.00000000e+00 0.00000000e+00
-4.08985226e+03 6.36042960e+02 0.00000000e+00 0.00000000e+00
-4.08835222e+03 6.31761595e+02 0.00000000e+00 0.00000000e+00
-4.08685218e+03 6.27491956e+02 0.00000000e+00 0.00000000e+00
-4.08535214e+03 6.23234055e+02 0.00000000e+00 0.00000000e+00
-4.08385211e+03 6.18987902e+02 0.00000000e+00 0.00000000e+00
-4.08235207e+03 6.14753510e+02 0.00000000e+00 0.00000000e+00
-4.08085203e+03 6.10530890e+02 0.00000000e+00 0.00000000e+00
-4.07935199e+03 6.06320053e+02 0.00000000e+00 0.00000000e+00
-4.07785196e+03 6.02121012e+02 0.00000000e+00 0.00000000e+00
-4.07635192e+03 5.97933778e+02 0.00000000e+00 0.00000000e+00
-4.07485188e+03 5.93758364e+02 0.00000000e+00 0.00000000e+00
-4.07335184e+03 5.89594782e+02 0.00000000e+00 0.00000000e+00
-4.07185181e+03 5.85443044e+02 0.00000000e+00 0.00000000e+00
-4.07035177e+03 5.81303164e+02 0.00000000e+00 0.00000000e+00
-4.06885173e+03 5.77175153e+02 0.00000000e+00 0.00000000e+00
-4.06735169e+03 5.73059025e+02 0.00000000e+00 0.00000000e+00
-4.06585166e+03 5.68954793e+02 0.00000000e+00 0.00000000e+00
-4.06435162e+03 5.64862471e+02 0.00000000e+00 0.00000000e+00
-4.06285158e+03 5.60782072e+02 0.00000000e+00 0.00000000e+00
-4.06135154e+03 5.56713608e+02 0.00000000e+00 0.00000000e+00
-4.05985151e+03 5.52657095e+02 0.00000000e+00 0.00000000e+00
-4.05835147e+03 5.48612546e+02 0.00000000e+00 0.00000000e+00
-4.05685143e+03 5.44579975e+02 0.00000000e+00 0.00000000e+00
-4.05535139e+03 5.40559397e+02 0.00000000e+00 0.00000000e+00
-4.05385136e+03 5.36550826e+02 0.00000000e+00 0.00000000e+00
-4.05235132e+03 5.32554277e+02 0.00000000e+00 0.00000000e+00
-4.05085128e+03 5.28569765e+02 0.00000000e+00 0.00000000e+00
-4.04935124e+03 5.24597304e+02 0.00000000e+00 0.00000000e+00
-4.04785121e+03 5.20636910e+02 0.00000000e+00 0.00000000e+00
-4.04635117e+03 5.16688598e+02 0.00000000e+00 0.00000000e+00
-4.04485113e+03 5.12752384e+02 0.00000000e+00 0.00000000e+00
-4.04335109e+03 5.08828284e+02 0.00000000e+00 0.00000000e+00
-4.04185106e+03 5.04916313e+02 0.00000000e+00 0.00000000e+00
-4.04035102e+03 5.01016488e+02 0.00000000e+00 0.00000000e+00
-4.03885098e+03 4.97128825e+02 0.00000000e+00 0.00000000e+00
-4.03735094e+03 4.93253342e+02 0.00000000e+00 0.00000000e+00
-4.03585091e+03 4.89390053e+02 0.00000000e+00 0.00000000e+00
-4.03435087e+03 4.85538978e+02 0.00000000e+00 0.00000000e+00
-4.03285083e+03 4.81700132e+02 0.00000000e+00 0.00000000e+00
-4.03135079e+03 4.77873534e+02 0.00000000e+00 0.00000000e+00
-4.02985076e+03 4.74059200e+02 0.00000000e+00 0.00000000e+00
-4.02835072e+03 4.70257149e+02 0.00000000e+00 0.00000000e+00
-4.02685068e+03 4.66467399e+02 0.00000000e+00 0.00000000e+00
-4.02535064e+03 4.62689968e+02 0.00000000e+00 0.00000000e+00
-4.02385061e+03 4.58924874e+02 0.00000000e+00 0.00000000e+00
-4.02235057e+03 4.55172137e+02 0.00000000e+00 0.00000000e+00
-4.02085053e+03 4.51431776e+02 0.00000000e+00 0.00000000e+00
-4.01935049e+03 4.47703808e+02 0.00000000e+00 0.00000000e+00
-4.01785046e+03 4.43988255e+02 0.00000000e+00 0.00000000e+00
-4.01635042e+03 4.40285136e+02 0.00000000e+00 0.00000000e+00
-4.01485038e+03 4.36594470e+02 0.00000000e+00 0.00000000e+00
-4.01335034e+03 4.32916278e+02 0.00000000e+00 0.00000000e+00
-4.01185031e+03 4.29250581e+02 0.00000000e+00 0.00000000e+00
-4.01035027e+03 4.25597398e+02 0.00000000e+00 0.00000000e+00
-4.00885023e+03 4.21956751e+02 0.00000000e+00 0.00000000e+00
-4.00735019e+03 4.18328662e+02 0.00000000e+00 0.00000000e+00
-4.00585016e+03 4.14713151e+02 0.00000000e+00 0.00000000e+00
-4.00435012e+03 4.11110241e+02 0.00000000e+00 0.00000000e+00
-4.00285008e+03 4.07519953e+02 0.00000000e+00 0.00000000e+00
-4.00135004e+03 4.03942310e+02 0.00000000e+00 0.00000000e+00
-3.99985001e+03 4.00377335e+02 0.00000000e+00 0.00000000e+00
-3.99834997e+03 3.96825050e+02 0.00000000e+00 0.00000000e+00
-3.99684993e+03 3.93285477e+02 0.00000000e+00 0.00000000e+00
-3.99534989e+03 3.89758643e+02 0.00000000e+00 0.00000000e+00
-3.99384986e+03 3.86244568e+02 0.00000000e+00 0.00000000e+00
-3.99234982e+03 3.82743279e+02 0.00000000e+00 0.00000000e+00
-3.99084978e+03 3.79254798e+02 0.00000000e+00 0.00000000e+00
-3.98934974e+03 3.75779151e+02 0.00000000e+00 0.00000000e+00
-3.98784971e+03 3.72316363e+02 0.00000000e+00 0.00000000e+00
-3.98634967e+03 3.68866459e+02 0.00000000e+00 0.00000000e+00
-3.98484963e+03 3.65429465e+02 0.00000000e+00 0.00000000e+00
-3.98334959e+03 3.62005407e+02 0.00000000e+00 0.00000000e+00
-3.98184956e+03 3.58594310e+02 0.00000000e+00 0.00000000e+00
-3.98034952e+03 3.55196202e+02 0.00000000e+00 0.00000000e+00
-3.97884948e+03 3.51811110e+02 0.00000000e+00 0.00000000e+00
-3.97734944e+03 3.48439061e+02 0.00000000e+00 0.00000000e+00
-3.97584941e+03 3.45080083e+02 0.00000000e+00 0.00000000e+00
-3.97434937e+03 3.41734204e+02 0.00000000e+00 0.00000000e+00
-3.97284933e+03 3.38401452e+02 0.00000000e+00 0.00000000e+00
-3.97134929e+03 3.35081856e+02 0.00000000e+00 0.00000000e+00
-3.96984926e+03 3.31775446e+02 0.00000000e+00 0.00000000e+00
-3.96834922e+03 3.28482251e+02 0.00000000e+00 0.00000000e+00
-3.96684918e+03 3.25202301e+02 0.00000000e+00 0.00000000e+00
-3.96534914e+03 3.21935626e+02 0.00000000e+00 0.00000000e+00
-3.96384911e+03 3.18682257e+02 0.00000000e+00 0.00000000e+00
-3.96234907e+03 3.15442226e+02 0.00000000e+00 0.00000000e+00
-3.96084903e+03 3.12215564e+02 0.00000000e+00 0.00000000e+00
-3.95934899e+03 3.09002304e+02 0.00000000e+00 0.00000000e+00
-3.95784896e+03 3.05802477e+02 0.00000000e+00 0.00000000e+00
-3.95634892e+03 3.02616117e+02 0.00000000e+00 0.00000000e+00
-3.95484888e+03 2.99443257e+02 0.00000000e+00 0.00000000e+00
-3.95334884e+03 2.96283931e+02 0.00000000e+00 0.00000000e+00
-3.95184881e+03 2.93138174e+02 0.00000000e+00 0.00000000e+00
-3.95034877e+03 2.90006021e+02 0.00000000e+00 0.00000000e+00
-3.94884873e+03 2.86887506e+02 0.00000000e+00 0.00000000e+00
-3.94734869e+03 2.83782665e+02 0.00000000e+00 0.00000000e+00
-3.94584866e+03 2.80691535e+02 0.00000000e+00 0.00000000e+00
-3.94434862e+03 2.77614153e+02 0.00000000e+00 0.00000000e+00
-3.94284858e+03 2.74550557e+02 0.00000000e+00 0.00000000e+00
-3.94134854e+03 2.71500783e+02 0.00000000e+00 0.00000000e+00
-3.93984851e+03 2.68464871e+02 0.00000000e+00 0.00000000e+00
-3.93834847e+03 2.65442860e+02 0.00000000e+00 0.00000000e+00
-3.93684843e+03 2.62434789e+02 0.00000000e+00 0.00000000e+00
-3.93534839e+03 2.59440698e+02 0.00000000e+00 0.00000000e+00
-3.93384836e+03 2.56460629e+02 0.00000000e+00 0.00000000e+00
-3.93234832e+03 2.53494623e+02 0.00000000e+00 0.00000000e+00
-3.93084828e+03 2.50542721e+02 0.00000000e+00 0.00000000e+00
-3.92934824e+03 2.47604966e+02 0.00000000e+00 0.00000000e+00
-3.92784821e+03 2.44681403e+02 0.00000000e+00 0.00000000e+00
-3.92634817e+03 2.41772073e+02 0.00000000e+00 0.00000000e+00
-3.92484813e+03 2.38877023e+02 0.00000000e+00 0.00000000e+00
-3.92334809e+03 2.35996297e+02 0.00000000e+00 0.00000000e+00
-3.92184806e+03 2.33129942e+02 0.00000000e+00 0.00000000e+00
-3.92034802e+03 2.30278004e+02 0.00000000e+00 0.00000000e+00
-3.91884798e+03 2.27440531e+02 0.00000000e+00 0.00000000e+00
-3.91734794e+03 2.24617571e+02 0.00000000e+00 0.00000000e+00
-3.91584791e+03 2.21809172e+02 0.00000000e+00 0.00000000e+00
-3.91434787e+03 2.19015385e+02 0.00000000e+00 0.00000000e+00
-3.91284783e+03 2.16236261e+02 0.00000000e+00 0.00000000e+00
-3.91134779e+03 2.13471849e+02 0.00000000e+00 0.00000000e+00
-3.90984776e+03 2.10722204e+02 0.00000000e+00 0.00000000e+00
-3.90834772e+03 2.07987377e+02 0.00000000e+00 0.00000000e+00
-3.90684768e+03 2.05267422e+02 0.00000000e+00 0.00000000e+00
-3.90534764e+03 2.02562396e+02 0.00000000e+00 0.00000000e+00
-3.90384761e+03 1.99872352e+02 0.00000000e+00 0.00000000e+00
-3.90234757e+03 1.97197348e+02 0.00000000e+00 0.00000000e+00
-3.90084753e+03 1.94537442e+02 0.00000000e+00 0.00000000e+00
-3.89934749e+03 1.91892692e+02 0.00000000e+00 0.00000000e+00
-3.89784746e+03 1.89263158e+02 0.00000000e+00 0.00000000e+00
-3.89634742e+03 1.86648900e+02 0.00000000e+00 0.00000000e+00
-3.89484738e+03 1.84049980e+02 0.00000000e+00 0.00000000e+00
-3.89334734e+03 1.81466462e+02 0.00000000e+00 0.00000000e+00
-3.89184731e+03 1.78898408e+02 0.00000000e+00 0.00000000e+00
-3.89034727e+03 1.76345885e+02 0.00000000e+00 0.00000000e+00
-3.88884723e+03 1.73808958e+02 0.00000000e+00 0.00000000e+00
-3.88734719e+03 1.71287695e+02 0.00000000e+00 0.00000000e+00
-3.88584716e+03 1.68782164e+02 0.00000000e+00 0.00000000e+00
-3.88434712e+03 1.66292436e+02 0.00000000e+00 0.00000000e+00
-3.88284708e+03 1.63818582e+02 0.00000000e+00 0.00000000e+00
-3.88134704e+03 1.61360674e+02 0.00000000e+00 0.00000000e+00
-3.87984701e+03 1.58918787e+02 0.00000000e+00 0.00000000e+00
-3.87834697e+03 1.56492996e+02 0.00000000e+00 0.00000000e+00
-3.87684693e+03 1.54083378e+02 0.00000000e+00 0.00000000e+00
-3.87534689e+03 1.51690012e+02 0.00000000e+00 0.00000000e+00
-3.87384686e+03 1.49312977e+02 0.00000000e+00 0.00000000e+00
-3.87234682e+03 1.46952355e+02 0.00000000e+00 0.00000000e+00
-3.87084678e+03 1.44608230e+02 0.00000000e+00 0.00000000e+00
-3.86934674e+03 1.42280686e+02 0.00000000e+00 0.00000000e+00
-3.86784671e+03 1.39969810e+02 0.00000000e+00 0.00000000e+00
-3.86634667e+03 1.37675692e+02 0.00000000e+00 0.00000000e+00
-3.86484663e+03 1.35398420e+02 0.00000000e+00 0.00000000e+00
-3.86334659e+03 1.33138088e+02 0.00000000e+00 0.00000000e+00
-3.86184656e+03 1.30894789e+02 0.00000000e+00 0.00000000e+00
-3.86034652e+03 1.28668621e+02 0.00000000e+00 0.00000000e+00
-3.85884648e+03 1.26459681e+02 0.00000000e+00 0.00000000e+00
-3.85734644e+03 1.24268071e+02 0.00000000e+00 0.00000000e+00
-3.85584641e+03 1.22093893e+02 0.00000000e+00 0.00000000e+00
-3.85434637e+03 1.19937253e+02 0.00000000e+00 0.00000000e+00
-3.85284633e+03 1.17798259e+02 0.00000000e+00 0.00000000e+00
-3.85134629e+03 1.15677021e+02 0.00000000e+00 0.00000000e+00
-3.84984626e+03 1.13573652e+02 0.00000000e+00 0.00000000e+00
-3.84834622e+03 1.11488266e+02 0.00000000e+00 0.00000000e+00
-3.84684618e+03 1.09420985e+02 0.00000000e+00 0.00000000e+00
-3.84534614e+03 1.07371927e+02 0.00000000e+00 0.00000000e+00
-3.84384611e+03 1.05341219e+02 0.00000000e+00 0.00000000e+00
-3.84234607e+03 1.03328987e+02 0.00000000e+00 0.00000000e+00
-3.84084603e+03 1.01335362e+02 0.00000000e+00 0.00000000e+00
-3.83934599e+03 9.93604794e+01 0.00000000e+00 0.00000000e+00
-3.83784596e+03 9.74044760e+01 0.00000000e+00 0.00000000e+00
-3.83634592e+03 9.54674937e+01 0.00000000e+00 0.00000000e+00
-3.83484588e+03 9.35496780e+01 0.00000000e+00 0.00000000e+00
-3.83334584e+03 9.16511782e+01 0.00000000e+00 0.00000000e+00
-3.83184581e+03 8.97721482e+01 0.00000000e+00 0.00000000e+00
-3.83034577e+03 8.79127460e+01 0.00000000e+00 0.00000000e+00
-3.82884573e+03 8.60731342e+01 0.00000000e+00 0.00000000e+00
-3.82734569e+03 8.42534805e+01 0.00000000e+00 0.00000000e+00
-3.82584566e+03 8.24539573e+01 0.00000000e+00 0.00000000e+00
-3.82434562e+03 8.06747422e+01 0.00000000e+00 0.00000000e+00
-3.82284558e+03 7.89160189e+01 0.00000000e+00 0.00000000e+00
-3.82134554e+03 7.71779762e+01 0.00000000e+00 0.00000000e+00
-3.81984551e+03 7.54608099e+01 0.00000000e+00 0.00000000e+00
-3.81834547e+03 7.37647214e+01 0.00000000e+00 0.00000000e+00
-3.81684543e+03 7.20899192e+01 0.00000000e+00 0.00000000e+00
-3.81534539e+03 7.04366192e+01 0.00000000e+00 0.00000000e+00
-3.81384536e+03 6.88050445e+01 0.00000000e+00 0.00000000e+00
-3.81234532e+03 6.71954265e+01 0.00000000e+00 0.00000000e+00
-3.81084528e+03 6.56080043e+01 0.00000000e+00 0.00000000e+00
-3.80934524e+03 6.40430268e+01 0.00000000e+00 0.00000000e+00
-3.80784521e+03 6.25007523e+01 0.00000000e+00 0.00000000e+00
-3.80634517e+03 6.09814484e+01 0.00000000e+00 0.00000000e+00
-3.80484513e+03 5.94853945e+01 0.00000000e+00 0.00000000e+00
-3.80334509e+03 5.80128806e+01 0.00000000e+00 0.00000000e+00
-3.80184506e+03 5.65642093e+01 0.00000000e+00 0.00000000e+00
-3.80034502e+03 5.51396959e+01 0.00000000e+00 0.00000000e+00
-3.79884498e+03 5.37396702e+01 1.95162078e-309 2.75218417e-308
-3.79734494e+03 5.23644768e+01 1.66058217e-294 2.34774719e-293
-3.79584491e+03 5.10144763e+01 7.52706744e-280 1.06683254e-278
-3.79434487e+03 4.96900464e+01 1.80048876e-265 2.55805749e-264
-3.79284483e+03 4.83915842e+01 2.25033124e-251 3.20468285e-250
-3.79134479e+03 4.71195070e+01 1.45432587e-237 2.07581011e-236
-3.78984476e+03 4.58742539e+01 4.80696436e-224 6.87625363e-223
-3.78834472e+03 4.46562882e+01 8.03235080e-211 1.15145172e-209
-3.78684468e+03 4.34660999e+01 6.70286004e-198 9.62833988e-197
-3.78534464e+03 4.23042074e+01 2.75736723e-185 3.96861751e-184
-3.78384461e+03 4.11711607e+01 5.51537857e-173 7.95311941e-172
-3.78234457e+03 4.00675447e+01 5.28631272e-161 7.63652259e-160
-3.78084453e+03 3.89939838e+01 2.39028632e-149 3.45887778e-148
-3.77934449e+03 3.79511449e+01 5.01448229e-138 7.26799285e-137
-3.77784446e+03 3.69397433e+01 4.79420847e-127 6.95933255e-126
-3.77634442e+03 3.59605490e+01 2.04910688e-116 2.97875791e-115
-3.77484438e+03 3.50143928e+01 3.83485300e-106 5.58206863e-105
-3.77334434e+03 3.41021760e+01 3.07246390e-96 4.47778389e-95
-3.77184431e+03 3.32248789e+01 1.02834183e-86 1.50036063e-85
-3.77034427e+03 3.23835748e+01 1.39974535e-77 2.04427147e-76
-3.76884423e+03 3.15794422e+01 7.52367155e-69 1.09975927e-67
-3.76734419e+03 3.08137826e+01 1.54579088e-60 2.26120890e-59
-3.76584416e+03 3.00880386e+01 1.17099088e-52 1.71398116e-51
-3.76434412e+03 2.94038120e+01 3.14232261e-45 4.60153203e-44
-3.76284408e+03 2.87628764e+01 2.85752123e-38 4.18574256e-37
-3.76134404e+03 2.81671693e+01 8.38947560e-32 1.22906893e-30
-3.75984401e+03 2.76187296e+01 7.52411972e-26 1.10163243e-24
-3.75834397e+03 2.71195038e+01 1.70445799e-20 2.46244325e-19
-3.75684393e+03 2.66708386e+01 5.46516946e-16 7.51237725e-15
-3.75534389e+03 2.62722560e+01 1.80780850e-12 2.28587104e-11
-3.75384386e+03 2.59185628e+01 8.06931021e-10 9.14400048e-09
-3.75234382e+03 2.55931393e+01 8.37900492e-08 8.26018250e-07
-3.75084378e+03 2.52545544e+01 3.84141846e-06 3.10036183e-05
-3.74934374e+03 2.48246620e+01 1.15351525e-04 6.32535573e-04
-3.74784371e+03 2.42379538e+01 1.11002135e-03 2.15120784e-03
-3.74634367e+03 2.35915892e+01 1.76473216e-03 1.71691398e-04
-3.74484363e+03 2.30093526e+01 1.78250368e-03 5.56467582e-07
-3.74334359e+03 2.25212796e+01 1.78253535e-03 3.90402665e-10
-3.74184356e+03 2.21244986e+01 1.78253537e-03 4.87434156e-11
-3.74034352e+03 2.18093081e+01 1.78253620e-03 9.50596333e-09
-3.73884348e+03 2.15623095e+01 1.78256608e-03 3.15836306e-07
-3.73734344e+03 2.13675499e+01 1.78289448e-03 3.34088172e-06
-3.73584341e+03 2.12118032e+01 1.78454494e-03 1.69956604e-05
-3.73434337e+03 2.10857990e+01 1.78944727e-03 5.35611612e-05
-3.73284333e+03 2.09889737e+01 1.79876850e-03 1.16350200e-04
-3.73134329e+03 2.09162491e+01 1.81175033e-03 1.96565968e-04
-3.72984326e+03 2.08838667e+01 1.81993873e-03 2.44322989e-04
-3.72834322e+03 2.08953111e+01 1.81684959e-03 2.26365378e-04
-3.72684318e+03 2.09338798e+01 1.80799019e-03 1.74135812e-04
-3.72534314e+03 2.10130289e+01 1.79577688e-03 9.68766923e-05
-3.72384311e+03 2.11385565e+01 1.78673128e-03 3.37166995e-05
-3.72234307e+03 2.12775087e+01 1.78353481e-03 8.79879609e-06
-3.72084303e+03 2.14094436e+01 1.78275362e-03 2.07391046e-06
-3.71934299e+03 2.15482524e+01 1.78257257e-03 3.79236382e-07
-3.71784296e+03 2.16918697e+01 1.78254034e-03 5.40096959e-08
-3.71634292e+03 2.18052521e+01 1.78253626e-03 1.01142321e-08
-3.71484288e+03 2.18661202e+01 1.78253570e-03 3.92266858e-09
-3.71334284e+03 2.18694586e+01 1.78253568e-03 3.72000268e-09
-3.71184281e+03 2.17541320e+01 1.78253733e-03 2.18510675e-08
-3.71034277e+03 2.13833924e+01 1.78283390e-03 2.79734598e-06
-3.70884273e+03 2.07003564e+01 1.91062467e-03 6.89935847e-04
-3.70734269e+03 2.01129257e+01 2.93048256e-03 2.12031186e-03
-3.70584266e+03 1.98740046e+01 3.32851488e-03 1.27902004e-03
-3.70434262e+03 1.98475153e+01 3.35856336e-03 1.16743173e-03
-3.70284258e+03 1.98858454e+01 3.31397784e-03 1.32971054e-03
-3.70134254e+03 1.98942649e+01 3.30334781e-03 1.36512049e-03
-3.69984251e+03 1.98623531e+01 3.34195792e-03 1.22916960e-03
-3.69834247e+03 1.98779111e+01 3.32370167e-03 1.29580701e-03
-3.69684243e+03 2.00891622e+01 2.97865735e-03 2.06381119e-03
-3.69534239e+03 2.06811606e+01 1.92571833e-03 7.53716160e-04
-3.69384236e+03 2.16238599e+01 1.78254852e-03 1.39221012e-07
-3.69234232e+03 2.24460582e+01 1.78253536e-03 1.05260655e-10
-3.69084228e+03 2.30182314e+01 1.78249971e-03 6.21993829e-07
-3.68934224e+03 2.33728452e+01 1.78018605e-03 2.91664926e-05
-3.68784221e+03 2.35609027e+01 1.76878654e-03 1.37516161e-04
-3.68634217e+03 2.36073485e+01 1.76225527e-03 1.91416041e-04
-3.68484213e+03 2.35035180e+01 1.77424158e-03 8.89088770e-05
-3.68334209e+03 2.32181564e+01 1.78210047e-03 6.31246928e-06
-3.68184206e+03 2.27138602e+01 1.78253496e-03 8.89835740e-09
-3.68034202e+03 2.19534379e+01 1.78253544e-03 9.49964817e-10
-3.67884198e+03 2.09320319e+01 1.80823929e-03 1.76393291e-04
-3.67734194e+03 2.00341573e+01 3.08376820e-03 1.90877006e-03
-3.67584191e+03 1.95923172e+01 3.52348457e-03 3.46180930e-04
-3.67434187e+03 1.93854217e+01 3.55752810e-03 8.11103898e-05
-3.67284183e+03 1.92901620e+01 3.56204096e-03 3.62455636e-05
-3.67134179e+03 1.92899962e+01 3.56204511e-03 3.61919390e-05
-3.66984176e+03 1.94498271e+01 3.55170357e-03 1.33258933e-04
-3.66834172e+03 1.99293189e+01 3.25503477e-03 1.50843641e-03
-3.66684168e+03 2.09508037e+01 1.80459770e-03 1.54369474e-04
-3.66534164e+03 2.18653141e+01 1.78253570e-03 3.97319190e-09
-3.66384161e+03 2.23463637e+01 1.78253536e-03 1.78314918e-11
-3.66234157e+03 2.25331111e+01 1.78253534e-03 4.77765235e-10
-3.66084153e+03 2.25382669e+01 1.78253534e-03 5.21449692e-10
-3.65934149e+03 2.24209779e+01 1.78253536e-03 6.72882956e-11
-3.65784146e+03 2.21993967e+01 1.78253536e-03 1.31837556e-11
-3.65634142e+03 2.18591602e+01 1.78253573e-03 4.38021675e-09
-3.65484138e+03 2.13558413e+01 1.78294172e-03 3.80429446e-06
-3.65334134e+03 2.06590452e+01 1.94383772e-03 8.32935528e-04
-3.65184131e+03 2.00282286e+01 3.09308272e-03 1.88841998e-03
-3.65034127e+03 1.97403310e+01 3.45179990e-03 7.57603469e-04
-3.64884123e+03 1.97301932e+01 3.45859782e-03 7.22662997e-04
-3.64734119e+03 1.99134494e+01 3.27610567e-03 1.44356580e-03
-3.64584116e+03 2.02275797e+01 2.67844232e-03 2.21278498e-03
-3.64434112e+03 2.05826603e+01 2.02422815e-03 1.13020629e-03
-3.64284108e+03 2.08699738e+01 1.82352179e-03 2.67557954e-04
-3.64134104e+03 2.10523749e+01 1.79177345e-03 7.06401165e-05
-3.63984101e+03 2.11497743e+01 1.78623585e-03 3.04836369e-05
-3.63834097e+03 2.11897531e+01 1.78501558e-03 2.10070711e-05
-3.63684093e+03 2.11883684e+01 1.78504999e-03 2.12867151e-05
-3.63534089e+03 2.11463619e+01 1.78635824e-03 3.14364450e-05
-3.63384086e+03 2.10499276e+01 1.79196540e-03 7.20672053e-05
-3.63234082e+03 2.08761029e+01 1.82164252e-03 2.57130594e-04
-3.63084078e+03 2.06116483e+01 1.99058907e-03 1.01242531e-03
-3.62934074e+03 2.02916085e+01 2.53664304e-03 2.14694777e-03
-3.62784071e+03 2.00018936e+01 3.13867788e-03 1.79324643e-03
-3.62634067e+03 1.97991361e+01 3.40461264e-03 9.74061304e-04
-3.62484063e+03 1.96874103e+01 3.48369689e-03 5.85964697e-04
-3.62334059e+03 1.96517841e+01 3.50094683e-03 4.86178438e-04
-3.62184056e+03 1.96776545e+01 3.48872579e-03 5.57782995e-04
-3.62034052e+03 1.97559037e+01 3.44007143e-03 8.11960584e-04
-3.61884048e+03 1.98818301e+01 3.31633703e-03 1.31260049e-03
-3.61734044e+03 2.00493130e+01 3.05234631e-03 1.95662764e-03
-3.61584041e+03 2.02409282e+01 2.64741631e-03 2.20719162e-03
-3.61434037e+03 2.04229569e+01 2.26870375e-03 1.78192167e-03
-3.61284033e+03 2.05597066e+01 2.05223735e-03 1.22601004e-03
-3.61134029e+03 2.06344593e+01 1.96636249e-03 9.25376253e-04
-3.60984026e+03 2.06527037e+01 1.94878118e-03 8.56590457e-04
-3.60834022e+03 2.06331061e+01 1.96763255e-03 9.30489649e-04
-3.60684018e+03 2.05977882e+01 2.00544300e-03 1.06757029e-03
-3.60534014e+03 2.05648926e+01 2.04529038e-03 1.20457795e-03
-3.60384011e+03 2.05445266e+01 2.07216518e-03 1.28803558e-03
-3.60234007e+03 2.05385709e+01 2.08032254e-03 1.31238267e-03
-3.60084003e+03 2.05431775e+01 2.07393650e-03 1.29353836e-03
-3.59933999e+03 2.05520031e+01 2.06199074e-03 1.25756531e-03
-3.59783995e+03 2.05588033e+01 2.05301033e-03 1.22972605e-03
-3.59633992e+03 2.05588910e+01 2.05288884e-03 1.22936545e-03
-3.59483988e+03 2.05495950e+01 2.06518876e-03 1.26738403e-03
-3.59333984e+03 2.05301078e+01 2.09215439e-03 1.34738471e-03
-3.59183980e+03 2.05010963e+01 2.13529645e-03 1.47120504e-03
-3.59033977e+03 2.04642862e+01 2.19490844e-03 1.61985438e-03
-3.58883973e+03 2.04220394e+01 2.26982138e-03 1.78538107e-03
-3.58733969e+03 2.03768898e+01 2.35660938e-03 1.93624169e-03
-3.58583965e+03 2.03310718e+01 2.45072570e-03 2.06810318e-03
-3.58433962e+03 2.02861751e+01 2.54714719e-03 2.15686159e-03
-3.58283958e+03 2.02430459e+01 2.64212462e-03 2.20614425e-03
-3.58133954e+03 2.02019257e+01 2.73326763e-03 2.21899396e-03
-3.57983950e+03 2.01626945e+01 2.81928820e-03 2.19227277e-03
-3.57833947e+03 2.01250434e+01 2.89992178e-03 2.14267071e-03
-3.57683943e+03 2.00884814e+01 2.97529356e-03 2.06204856e-03
-3.57533939e+03 2.00522613e+01 3.04641005e-03 1.96521913e-03
-3.57383935e+03 2.00153856e+01 3.11435759e-03 1.84237221e-03
-3.57233932e+03 1.99767489e+01 3.18021606e-03 1.70165849e-03
-3.57083928e+03 1.99353196e+01 3.24416912e-03 1.53342758e-03
-3.56933924e+03 1.98902506e+01 3.30569591e-03 1.34832452e-03
-3.56783920e+03 1.98408872e+01 3.36331201e-03 1.14061798e-03
-3.56633917e+03 1.97867262e+01 3.41532573e-03 9.25266375e-04
-3.56483913e+03 1.97273838e+01 3.45998985e-03 7.13071266e-04
-3.56333909e+03 1.96625781e+01 3.49603576e-03 5.15535570e-04
-3.56183905e+03 1.95921028e+01 3.52307364e-03 3.45736066e-04
-3.56033902e+03 1.95158178e+01 3.54169407e-03 2.12509820e-04
-3.55883898e+03 1.94336813e+01 3.55331211e-03 1.18144884e-04
-3.55733894e+03 1.93457741e+01 3.55979150e-03 5.86041889e-05
-3.55583890e+03 1.92522950e+01 3.56298038e-03 2.56302748e-05
-3.55433887e+03 1.91535376e+01 3.56434901e-03 9.78679603e-06
-3.55283883e+03 1.90498530e+01 3.56485555e-03 3.21735825e-06
-3.55133879e+03 1.89416167e+01 3.56501582e-03 9.02795954e-07
-3.54983875e+03 1.88292145e+01 3.56505883e-03 2.14889646e-07
-3.54833872e+03 1.87130384e+01 3.56506855e-03 4.29805729e-08
-3.54683868e+03 1.85934737e+01 3.56507039e-03 7.20309403e-09
-3.54533864e+03 1.84708793e+01 3.56507068e-03 1.00782297e-09
-3.54383860e+03 1.83455822e+01 3.56507072e-03 1.17317678e-10
-3.54233857e+03 1.82178850e+01 3.56507072e-03 1.13886519e-11
-3.54083853e+03 1.80880729e+01 3.56507073e-03 9.23501054e-13
-3.53933849e+03 1.79564171e+01 3.56507073e-03 6.28539590e-14
-3.53783845e+03 1.78231700e+01 3.56507073e-03 3.62465279e-15
-3.53633842e+03 1.76885521e+01 3.56507073e-03 1.79398093e-16
-3.53483838e+03 1.75527496e+01 3.56507073e-03 7.74824324e-18
-3.53333834e+03 1.74159345e+01 3.56507073e-03 2.98337121e-19
-3.53183830e+03 1.72782886e+01 3.56507073e-03 1.05057978e-20
-3.53033827e+03 1.71400083e+01 3.56507073e-03 3.47593750e-22
-3.52883823e+03 1.70012917e+01 3.56507073e-03 1.10707700e-23
-3.52733819e+03 1.68623202e+01 3.56507073e-03 3.45716916e-25
-3.52583815e+03 1.67232579e+01 3.56507073e-03 1.07133558e-26
-3.52433812e+03 1.65842732e+01 3.56507073e-03 3.32040247e-28
-3.52283808e+03 1.64455495e+01 3.56507073e-03 1.03532183e-29
-3.52133804e+03 1.63072733e+01 3.56507073e-03 3.26428116e-31
-3.51983800e+03 1.61696167e+01 3.56507073e-03 1.08395096e-32
-3.51833797e+03 1.60327395e+01 3.56507073e-03 1.22201566e-32
-3.51683793e+03 1.58968062e+01 3.56507073e-03 3.55357633e-31
-3.51533789e+03 1.57619953e+01 3.56507073e-03 1.03355136e-29
-3.51383785e+03 1.56284781e+01 3.56507073e-03 2.91019656e-28
-3.51233782e+03 1.54963982e+01 3.56507073e-03 7.90183714e-27
-3.51083778e+03 1.53658713e+01 3.56507073e-03 2.06091404e-25
-3.50933774e+03 1.52369944e+01 3.56507073e-03 5.13762639e-24
-3.50783770e+03 1.51098571e+01 3.56507073e-03 1.21500354e-22
-3.50633767e+03 1.49845606e+01 3.56507073e-03 2.69502264e-21
-3.50483763e+03 1.48612307e+01 3.56507073e-03 5.52133533e-20
-3.50333759e+03 1.47400161e+01 3.56507073e-03 1.02676675e-18
-3.50183755e+03 1.46210704e+01 3.56507073e-03 1.70378531e-17
-3.50033752e+03 1.45045462e+01 3.56507073e-03 2.48678965e-16
-3.49883748e+03 1.43906006e+01 3.56507073e-03 3.15843638e-15
-3.49733744e+03 1.42794122e+01 3.56507073e-03 3.46229963e-14
-3.49583740e+03 1.41712043e+01 3.56507073e-03 3.26004145e-13
-3.49433737e+03 1.40662537e+01 3.56507073e-03 2.62715849e-12
-3.49283733e+03 1.39648763e+01 3.56507073e-03 1.80789921e-11
-3.49133729e+03 1.38674022e+01 3.56507073e-03 1.06447070e-10
-3.48983725e+03 1.37741588e+01 3.56507077e-03 5.36835540e-10
-3.48833722e+03 1.36854500e+01 3.56507091e-03 2.32737820e-09
-3.48683718e+03 1.36015359e+01 3.56507145e-03 8.72953324e-09
-3.48533714e+03 1.35226323e+01 3.56507317e-03 2.85349969e-08
-3.48383710e+03 1.34489393e+01 3.56507797e-03 8.19025295e-08
-3.48233707e+03 1.33806699e+01 3.56508971e-03 2.07988463e-07
-3.48083703e+03 1.33180389e+01 3.56511501e-03 4.70814454e-07
-3.47933699e+03 1.32612229e+01 3.56516336e-03 9.56371036e-07
-3.47783695e+03 1.32103201e+01 3.56524579e-03 1.75617027e-06
-3.47633692e+03 1.31653307e+01 3.56537220e-03 2.95045264e-06
-3.47483688e+03 1.31261587e+01 3.56554743e-03 4.55593685e-06
-3.47333684e+03 1.30926127e+01 3.56576897e-03 6.54232698e-06
-3.47183680e+03 1.30644065e+01 3.56602543e-03 8.77781140e-06
-3.47033677e+03 1.30411517e+01 3.56630007e-03 1.11462090e-05
-3.46883673e+03 1.30223479e+01 3.56657346e-03 1.34627970e-05
-3.46733669e+03 1.30073514e+01 3.56683015e-03 1.55947223e-05
-3.46583665e+03 1.29953134e+01 3.56706463e-03 1.75212060e-05
-3.46433662e+03 1.29850657e+01 3.56728656e-03 1.93370832e-05
-3.46283658e+03 1.29749405e+01 3.56752803e-03 2.13061464e-05
-3.46133654e+03 1.29624925e+01 3.56785800e-03 2.39759229e-05
-3.45983650e+03 1.29441300e+01 3.56841885e-03 2.84268744e-05
-3.45833647e+03 1.29146513e+01 3.56953631e-03 3.70512459e-05
-3.45683643e+03 1.28668368e+01 3.57208371e-03 5.61606083e-05
-3.45533639e+03 1.27914992e+01 3.57877806e-03 1.03196543e-04
-3.45383635e+03 1.26791388e+01 3.59903854e-03 2.30713243e-04
-3.45233632e+03 1.25254617e+01 3.66373467e-03 5.69978061e-04
-3.45083628e+03 1.23423523e+01 3.83744930e-03 1.24250487e-03
-3.44933624e+03 1.21660546e+01 4.13075543e-03 1.92835610e-03
-3.44783620e+03 1.20424016e+01 4.39262389e-03 2.19788204e-03
-3.44633617e+03 1.19986882e+01 4.48931392e-03 2.21783198e-03
-3.44483613e+03 1.20361040e+01 4.40638446e-03 2.20246418e-03
-3.44333609e+03 1.21368487e+01 4.18955976e-03 2.01860357e-03
-3.44183605e+03 1.22709973e+01 3.94136044e-03 1.54093283e-03
-3.44033602e+03 1.24062003e+01 3.76195693e-03 9.81993076e-04
-3.43883598e+03 1.25199481e+01 3.66704560e-03 5.86542562e-04
-3.43733594e+03 1.26039511e+01 3.62362595e-03 3.69493116e-04
-3.43583590e+03 1.26596586e+01 3.60429158e-03 2.62391899e-04
-3.43433587e+03 1.26923647e+01 3.59567629e-03 2.11096777e-04
-3.43283583e+03 1.27076644e+01 3.59223722e-03 1.90314417e-04
-3.43133579e+03 1.27100798e+01 3.59171944e-03 1.87198131e-04
-3.42983575e+03 1.27027818e+01 3.59327785e-03 1.96742776e-04
-3.42833572e+03 1.26877461e+01 3.59674781e-03 2.17764522e-04
-3.42683568e+03 1.26660340e+01 3.60240936e-03 2.51690758e-04
-3.42533564e+03 1.26380970e+01 3.61093193e-03 3.00655347e-04
-3.42383560e+03 1.26040951e+01 3.62344212e-03 3.69175719e-04
-3.42233557e+03 1.25642510e+01 3.64157097e-03 4.63938326e-04
-3.42083553e+03 1.25192327e+01 3.66725167e-03 5.88714262e-04
-3.41933549e+03 1.24704973e+01 3.70223281e-03 7.44586390e-04
-3.41783545e+03 1.24205099e+01 3.74691773e-03 9.27698032e-04
-3.41633542e+03 1.23726569e+01 3.79878511e-03 1.11628156e-03
-3.41483538e+03 1.23307728e+01 3.85191891e-03 1.28973463e-03
-3.41333534e+03 1.22983762e+01 3.89802523e-03 1.42565098e-03
-3.41183530e+03 1.22778702e+01 3.92946870e-03 1.51282864e-03
-3.41033527e+03 1.22700339e+01 3.94190056e-03 1.54481696e-03
-3.40883523e+03 1.22739190e+01 3.93564801e-03 1.52907134e-03
-3.40733519e+03 1.22871448e+01 3.91490502e-03 1.47385220e-03
-3.40583515e+03 1.23064414e+01 3.88593809e-03 1.39103257e-03
-3.40433512e+03 1.23282870e+01 3.85506478e-03 1.29988300e-03
-3.40283508e+03 1.23494663e+01 3.82705286e-03 1.21324467e-03
-3.40133504e+03 1.23674489e+01 3.80470779e-03 1.13809889e-03
-3.39983500e+03 1.23805457e+01 3.78926937e-03 1.08356166e-03
-3.39833497e+03 1.23879101e+01 3.78089301e-03 1.05359957e-03
-3.39683493e+03 1.23894260e+01 3.77917601e-03 1.04751549e-03
-3.39533489e+03 1.23855692e+01 3.78346835e-03 1.06305219e-03
-3.39383485e+03 1.23772554e+01 3.79296259e-03 1.09714366e-03
-3.39233482e+03 1.23656993e+01 3.80664840e-03 1.14544462e-03
-3.39083478e+03 1.23523036e+01 3.82320549e-03 1.20148796e-03
-3.38933474e+03 1.23385227e+01 3.84100134e-03 1.25815106e-03
-3.38783470e+03 1.23257207e+01 3.85823074e-03 1.31038870e-03
-3.38633467e+03 1.23150354e+01 3.87313555e-03 1.35465725e-03
-3.38483463e+03 1.23072419e+01 3.88430734e-03 1.38761714e-03
-3.38333459e+03 1.23026614e+01 3.89098330e-03 1.40721996e-03
-3.38183455e+03 1.23011111e+01 3.89324549e-03 1.41388118e-03
-3.38033452e+03 1.23019189e+01 3.89202563e-03 1.41040901e-03
-3.37883448e+03 1.23040110e+01 3.88892164e-03 1.40143055e-03
-3.37733444e+03 1.23060416e+01 3.88592710e-03 1.39274047e-03
-3.37583440e+03 1.23065665e+01 3.88513865e-03 1.39049839e-03
-3.37433437e+03 1.23042369e+01 3.88851950e-03 1.40046236e-03
-3.37283433e+03 1.22979920e+01 3.89773450e-03 1.42730511e-03
-3.37133429e+03 1.22872489e+01 3.91398348e-03 1.47340901e-03
-3.36983425e+03 1.22720554e+01 3.93776485e-03 1.53665165e-03
-3.36833422e+03 1.22531790e+01 3.96857008e-03 1.61118358e-03
-3.36683418e+03 1.22321047e+01 4.00461703e-03 1.69381432e-03
-3.36533414e+03 1.22108801e+01 4.04264778e-03 1.77717099e-03
-3.36383410e+03 1.21918397e+01 4.07809106e-03 1.84551245e-03
-3.36233407e+03 1.21772882e+01 4.10595086e-03 1.89286833e-03
-3.36083403e+03 1.21691852e+01 4.12174016e-03 1.91847813e-03
-3.35933399e+03 1.21689212e+01 4.12223012e-03 1.91931100e-03
-3.35783395e+03 1.21772220e+01 4.10599407e-03 1.89307852e-03
-3.35633392e+03 1.21941527e+01 4.07358259e-03 1.83765861e-03
-3.35483388e+03 1.22191441e+01 4.02745234e-03 1.74517486e-03
-3.35333384e+03 1.22510090e+01 3.97196472e-03 1.61961983e-03
-3.35183380e+03 1.22878796e+01 3.91273486e-03 1.47072172e-03
-3.35033377e+03 1.23270574e+01 3.85587555e-03 1.30491240e-03
-3.34883373e+03 1.23648325e+01 3.80715149e-03 1.14908480e-03
-3.34733369e+03 1.23962894e+01 3.77107347e-03 1.02033181e-03
-3.34583365e+03 1.24151515e+01 3.75139038e-03 9.47958247e-04
-3.34433362e+03 1.24137202e+01 3.75282794e-03 9.53379039e-04
-3.34283358e+03 1.23832918e+01 3.78545285e-03 1.07231341e-03
-3.34133354e+03 1.23158438e+01 3.87141098e-03 1.35127172e-03
-3.33983350e+03 1.22081862e+01 4.04724319e-03 1.78734386e-03
-3.33833347e+03 1.20684113e+01 4.33200585e-03 2.16460890e-03
-3.33683343e+03 1.19192768e+01 4.65905301e-03 2.15431197e-03
-3.33533339e+03 1.17908049e+01 4.91035558e-03 1.80139032e-03
-3.33383335e+03 1.17080630e+01 5.04141241e-03 1.47587237e-03
-3.33233332e+03 1.16874470e+01 5.06970281e-03 1.39205227e-03
-3.33083328e+03 1.17394060e+01 4.99502261e-03 1.60649155e-03
-3.32933324e+03 1.18676632e+01 4.76567025e-03 2.04251753e-03
-3.32783320e+03 1.20593052e+01 4.35174804e-03 2.17890613e-03
-3.32633317e+03 1.22738355e+01 3.93434454e-03 1.52941211e-03
-3.32483313e+03 1.24601282e+01 3.70983131e-03 7.80582176e-04
-3.32333309e+03 1.25903074e+01 3.62876455e-03 4.00532694e-04
-3.32183305e+03 1.26624347e+01 3.60307821e-03 2.57695505e-04
-3.32033302e+03 1.26844313e+01 3.59724836e-03 2.22670454e-04
-3.31883298e+03 1.26630318e+01 3.60290196e-03 2.56692681e-04
-3.31733294e+03 1.25998202e+01 3.62469919e-03 3.78692515e-04
-3.31583290e+03 1.24919131e+01 3.68504484e-03 6.74204442e-04
-3.31433287e+03 1.23374529e+01 3.84149857e-03 1.26251384e-03
-3.31283283e+03 1.21464262e+01 4.16647424e-03 1.99001210e-03
-3.31133279e+03 1.19483664e+01 4.59600080e-03 2.19109381e-03
-3.30983275e+03 1.17796805e+01 4.92919056e-03 1.76116866e-03
-3.30833272e+03 1.16624832e+01 5.10131868e-03 1.28679420e-03
-3.30683268e+03 1.16028442e+01 5.16709959e-03 1.04220659e-03
-3.30533264e+03 1.16003351e+01 5.16954149e-03 1.03217771e-03
-3.30383260e+03 1.16541792e+01 5.11128610e-03 1.25114115e-03
-3.30233257e+03 1.17632660e+01 4.95656849e-03 1.70111454e-03
-3.30083253e+03 1.19202560e+01 4.65627346e-03 2.15571024e-03
-3.29933249e+03 1.21024887e+01 4.25768915e-03 2.10040222e-03
-3.29783245e+03 1.22728907e+01 3.93542680e-03 1.53326042e-03
-3.29633242e+03 1.23992324e+01 3.76742255e-03 1.00884737e-03
-3.29483238e+03 1.24681464e+01 3.70302799e-03 7.52617893e-04
-3.29333234e+03 1.24808223e+01 3.69309924e-03 7.10115938e-04
-3.29183230e+03 1.24448696e+01 3.72272822e-03 8.36071241e-04
-3.29033227e+03 1.23708986e+01 3.79923764e-03 1.12363505e-03
-3.28883223e+03 1.22725473e+01 3.93580156e-03 1.53465586e-03
-3.28733219e+03 1.21661134e+01 4.12648038e-03 1.92817061e-03
-3.28583215e+03 1.20673432e+01 4.33318577e-03 2.16640584e-03
-3.28433212e+03 1.19871297e+01 4.51026167e-03 2.21895230e-03
-3.28283208e+03 1.19301229e+01 4.63466907e-03 2.16886979e-03
-3.28133204e+03 1.18968858e+01 4.70496846e-03 2.11461452e-03
-3.27983200e+03 1.18867645e+01 4.72585625e-03 2.09135467e-03
-3.27833197e+03 1.18992011e+01 4.70009921e-03 2.11949839e-03
-3.27683193e+03 1.19330760e+01 4.62821774e-03 2.17258571e-03
-3.27533189e+03 1.19849646e+01 4.51488226e-03 2.21872591e-03
-3.27383185e+03 1.20474942e+01 4.37652189e-03 2.19325779e-03
-3.27233182e+03 1.21092903e+01 4.24267079e-03 2.08655351e-03
-3.27083178e+03 1.21572581e+01 4.14377838e-03 1.95614395e-03
-3.26933174e+03 1.21804031e+01 4.09830951e-03 1.88294660e-03
-3.26783170e+03 1.21732846e+01 4.11207907e-03 1.90554148e-03
-3.26633167e+03 1.21379973e+01 4.18272792e-03 2.01528173e-03
-3.26483163e+03 1.20841977e+01 4.29615117e-03 2.13581843e-03
-3.26333159e+03 1.20265712e+01 4.42249591e-03 2.20765242e-03
-3.26183155e+03 1.19798859e+01 4.52583980e-03 2.21753568e-03
-3.26033152e+03 1.19539303e+01 4.58274597e-03 2.19744492e-03
-3.25883148e+03 1.19508115e+01 4.58950070e-03 2.19392651e-03
-3.25733144e+03 1.19650262e+01 4.55842584e-03 2.20853097e-03
-3.25583140e+03 1.19857993e+01 4.51263509e-03 2.21883224e-03
-3.25433137e+03 1.20013981e+01 4.47805148e-03 2.21714167e-03
-3.25283133e+03 1.20043207e+01 4.47154300e-03 2.21627943e-03
-3.25133129e+03 1.19948557e+01 4.49249792e-03 2.21857580e-03
-3.24983125e+03 1.19809177e+01 4.52331282e-03 2.21785512e-03
-3.24833122e+03 1.19741428e+01 4.53823029e-03 2.21501444e-03
-3.24683118e+03 1.19844798e+01 4.51539851e-03 2.21865293e-03
-3.24533114e+03 1.20156791e+01 4.44625305e-03 2.21223578e-03
-3.24383110e+03 1.20629587e+01 4.34197065e-03 2.17346598e-03
-3.24233107e+03 1.21135409e+01 4.23314633e-03 2.07747625e-03
-3.24083103e+03 1.21505884e+01 4.15664317e-03 1.97710940e-03
-3.23933099e+03 1.21594667e+01 4.13881849e-03 1.94916755e-03
-3.23783095e+03 1.21334876e+01 4.19150059e-03 2.02811937e-03
-3.23633092e+03 1.20768983e+01 4.31143870e-03 2.14951970e-03
-3.23483088e+03 1.20039075e+01 4.47216925e-03 2.21640761e-03
-3.23333084e+03 1.19333337e+01 4.62689279e-03 2.17290701e-03
-3.23183080e+03 1.18813827e+01 4.73608082e-03 2.07800198e-03
-3.23033077e+03 1.18570592e+01 4.78491156e-03 2.01469113e-03
-3.22883073e+03 1.18615108e+01 4.77607006e-03 2.02639516e-03
-3.22733069e+03 1.18892054e+01 4.71998084e-03 2.09721672e-03
-3.22583065e+03 1.19294198e+01 4.63520372e-03 2.16797434e-03
-3.22433062e+03 1.19685511e+01 4.55016292e-03 2.21137495e-03
-3.22283058e+03 1.19940614e+01 4.49382579e-03 2.21868958e-03
-3.22133054e+03 1.19989749e+01 4.48291680e-03 2.21776472e-03
-3.21983050e+03 1.19844936e+01 4.51496558e-03 2.21865512e-03
-3.21833047e+03 1.19590940e+01 4.57080512e-03 2.20294107e-03
-3.21683043e+03 1.19346356e+01 4.62386916e-03 2.17452377e-03
-3.21533039e+03 1.19217120e+01 4.65156701e-03 2.15775206e-03
-3.21383035e+03 1.19263014e+01 4.64173272e-03 2.16393899e-03
-3.21233032e+03 1.19484037e+01 4.59401538e-03 2.19113745e-03
-3.21083028e+03 1.19821463e+01 4.52002750e-03 2.21818318e-03
-3.20933024e+03 1.20172271e+01 4.44229919e-03 2.21163021e-03
-3.20783020e+03 1.20418480e+01 4.38786540e-03 2.19833212e-03
-3.20633017e+03 1.20466352e+01 4.37729677e-03 2.19410128e-03
-3.20483013e+03 1.20280031e+01 4.41839724e-03 2.20696989e-03
-3.20333009e+03 1.19893823e+01 4.50392793e-03 2.21902307e-03
-3.20183005e+03 1.19397023e+01 4.61273857e-03 2.18073658e-03
-3.20033002e+03 1.18898778e+01 4.71825678e-03 2.09880629e-03
-3.19882998e+03 1.18491716e+01 4.80003150e-03 1.99370133e-03
-3.19732994e+03 1.18232252e+01 4.84963070e-03 1.91676441e-03
-3.19582990e+03 1.18140062e+01 4.86668276e-03 1.88528341e-03
-3.19432987e+03 1.18207339e+01 4.85423859e-03 1.90845464e-03
-3.19282983e+03 1.18408977e+01 4.81602015e-03 1.97086809e-03
-3.19132979e+03 1.18709592e+01 4.75670811e-03 2.05113275e-03
-3.18982975e+03 1.19067622e+01 4.68293707e-03 2.13415838e-03
-3.18832972e+03 1.19437966e+01 4.60370812e-03 2.18567882e-03
-3.18682968e+03 1.19774968e+01 4.52998867e-03 2.21664024e-03
-3.18532964e+03 1.20036375e+01 4.47211803e-03 2.21649036e-03
-3.18382960e+03 1.20188309e+01 4.43843704e-03 2.21099022e-03
-3.18232957e+03 1.20210841e+01 4.43343449e-03 2.21006653e-03
-3.18082953e+03 1.20102512e+01 4.45741317e-03 2.21426909e-03
-3.17932949e+03 1.19881517e+01 4.50637237e-03 2.21900453e-03
-3.17782945e+03 1.19581974e+01 4.57227398e-03 2.20202268e-03
-3.17632942e+03 1.19245295e+01 4.64509453e-03 2.16159032e-03
-3.17482938e+03 1.18910244e+01 4.71562765e-03 2.10148964e-03
-3.17332934e+03 1.18605970e+01 4.77727974e-03 2.02399645e-03
-3.17182930e+03 1.18350498e+01 4.82707110e-03 1.95388757e-03
-3.17032927e+03 1.18153898e+01 4.86393525e-03 1.89012652e-03
-3.16882923e+03 1.18022432e+01 4.88780852e-03 1.84304732e-03
-3.16732919e+03 1.17961027e+01 4.89874105e-03 1.82066685e-03
-3.16582915e+03 1.17973069e+01 4.89659876e-03 1.82505687e-03
-3.16432912e+03 1.18058057e+01 4.88137581e-03 1.85598099e-03
-3.16282908e+03 1.18208766e+01 4.85374195e-03 1.90893481e-03
-3.16132904e+03 1.18409246e+01 4.81573465e-03 1.97094418e-03
-3.15982900e+03 1.18634915e+01 4.77143533e-03 2.03159008e-03
-3.15832897e+03 1.18855431e+01 4.72680614e-03 2.08837171e-03
-3.15682893e+03 1.19039787e+01 4.68852849e-03 2.12899380e-03
-3.15532889e+03 1.19162612e+01 4.66257705e-03 2.14986476e-03
-3.15382885e+03 1.19209304e+01 4.65262464e-03 2.15666130e-03
-3.15232882e+03 1.19178096e+01 4.65926295e-03 2.15217602e-03
-3.15082878e+03 1.19078862e+01 4.68026826e-03 2.13616793e-03
-3.14932874e+03 1.18929307e+01 4.71151101e-03 2.10587109e-03
-3.14782870e+03 1.18750452e+01 4.74813469e-03 2.06176224e-03
-3.14632867e+03 1.18562815e+01 4.78565486e-03 2.01263993e-03
-3.14482863e+03 1.18383989e+01 4.82049240e-03 1.96371274e-03
-3.14332859e+03 1.18227448e+01 4.85014350e-03 1.91517475e-03
-3.14182855e+03 1.18102303e+01 4.87322326e-03 1.87190030e-03
-3.14032852e+03 1.18013359e+01 4.88928009e-03 1.83974400e-03
-3.13882848e+03 1.17961032e+01 4.89859118e-03 1.82066872e-03
-3.13732844e+03 1.17941265e+01 4.90207981e-03 1.81346793e-03
-3.13582840e+03 1.17945696e+01 4.90129303e-03 1.81508115e-03
-3.13432837e+03 1.17962361e+01 4.89834034e-03 1.82115333e-03
-3.13282833e+03 1.17977569e+01 4.89563602e-03 1.82669787e-03
-3.13132829e+03 1.17978901e+01 4.89539251e-03 1.82718354e-03
-3.12982825e+03 1.17958524e+01 4.89899945e-03 1.81975486e-03
-3.12832822e+03 1.17915667e+01 4.90654446e-03 1.80415728e-03
-3.12682818e+03 1.17857037e+01 4.91676155e-03 1.78291127e-03
-3.12532814e+03 1.17794564e+01 4.92751090e-03 1.76035998e-03
-3.12382810e+03 1.17741570e+01 4.93651443e-03 1.74119666e-03
-3.12232807e+03 1.17708852e+01 4.94201617e-03 1.72928930e-03
-3.12082803e+03 1.17702102e+01 4.94313797e-03 1.72682143e-03
-3.11932799e+03 1.17721164e+01 4.93992616e-03 1.73378005e-03
-3.11782795e+03 1.17760899e+01 4.93319763e-03 1.74819861e-03
-3.11632792e+03 1.17813127e+01 4.92426670e-03 1.76705793e-03
-3.11482788e+03 1.17868853e+01 4.91462770e-03 1.78718424e-03
-3.11332784e+03 1.17920268e+01 4.90563334e-03 1.80582940e-03
-3.11182780e+03 1.17962038e+01 4.89825418e-03 1.82103562e-03
-3.11032777e+03 1.17991761e+01 4.89296201e-03 1.83187269e-03
-3.10882773e+03 1.18009746e+01 4.88974063e-03 1.83842772e-03
-3.10732769e+03 1.18018353e+01 4.88818992e-03 1.84156250e-03
-3.10582765e+03 1.18021179e+01 4.88767425e-03 1.84259143e-03
-3.10432762e+03 1.18022117e+01 4.88749787e-03 1.84293271e-03
-3.10282758e+03 1.18024361e+01 4.88708808e-03 1.84374928e-03
-3.10132754e+03 1.18029615e+01 4.88613863e-03 1.84566054e-03
-3.09982750e+03 1.18037625e+01 4.88469365e-03 1.84857192e-03
-3.09832747e+03 1.18046107e+01 4.88316262e-03 1.85165091e-03
-3.09682743e+03 1.18051393e+01 4.88220710e-03 1.85356738e-03
-3.09532739e+03 1.18049426e+01 4.88256065e-03 1.85285463e-03
-3.09382735e+03 1.18036738e+01 4.88484617e-03 1.84824954e-03
-3.09232732e+03 1.18011087e+01 4.88944989e-03 1.83891629e-03
-3.09082728e+03 1.17971623e+01 4.89648661e-03 1.82452971e-03
-3.08932724e+03 1.17918669e+01 4.90584088e-03 1.80524796e-03
-3.08782720e+03 1.17853240e+01 4.91725924e-03 1.78153888e-03
-3.08632717e+03 1.17776591e+01 4.93043751e-03 1.75387090e-03
-3.08482713e+03 1.17689821e+01 4.94509115e-03 1.72231901e-03
-3.08332709e+03 1.17593684e+01 4.96098486e-03 1.68636518e-03
-3.08182705e+03 1.17488559e+01 4.97793525e-03 1.64517195e-03
-3.08032702e+03 1.17374475e+01 4.99580811e-03 1.59833161e-03
-3.07882698e+03 1.17251235e+01 5.01450355e-03 1.54656830e-03
-3.07732694e+03 1.17118552e+01 5.03393412e-03 1.49139957e-03
-3.07582690e+03 1.16976136e+01 5.05399433e-03 1.43344345e-03
-3.07432687e+03 1.16823748e+01 5.07452960e-03 1.37112585e-03
-3.07282683e+03 1.16661203e+01 5.09534348e-03 1.30241240e-03
-3.07132679e+03 1.16488322e+01 5.11624779e-03 1.22836393e-03
-3.06982675e+03 1.16304884e+01 5.13709054e-03 1.15244967e-03
-3.06832672e+03 1.16110534e+01 5.15770949e-03 1.07491213e-03
-3.06682668e+03 1.15904733e+01 5.17789961e-03 9.92694357e-04
-3.06532664e+03 1.15686753e+01 5.19748744e-03 9.07155122e-04
-3.06382660e+03 1.15455733e+01 5.21635743e-03 8.22577587e-04
-3.06232657e+03 1.15210776e+01 5.23433516e-03 7.37142993e-04
-3.06082653e+03 1.14951000e+01 5.25121857e-03 6.50281942e-04
-3.05932649e+03 1.14675561e+01 5.26688831e-03 5.67046723e-04
-3.05782645e+03 1.14383657e+01 5.28118998e-03 4.85945584e-04
-3.05632642e+03 1.14074508e+01 5.29399257e-03 4.08416513e-04
-3.05482638e+03 1.13747361e+01 5.30525322e-03 3.37424779e-04
-3.05332634e+03 1.13401500e+01 5.31491289e-03 2.71615279e-04
-3.05182630e+03 1.13036289e+01 5.32301608e-03 2.14154811e-04
-3.05032627e+03 1.12651219e+01 5.32961584e-03 1.63724767e-04
-3.04882623e+03 1.12245980e+01 5.33484120e-03 1.21997474e-04
-3.04732619e+03 1.11820515e+01 5.33883599e-03 8.77486194e-05
-3.04582615e+03 1.11375051e+01 5.34178820e-03 6.11624207e-05
-3.04432612e+03 1.10910075e+01 5.34388450e-03 4.10733349e-05
-3.04282608e+03 1.10426294e+01 5.34531526e-03 2.65173483e-05
-3.04132604e+03 1.09924571e+01 5.34625153e-03 1.64927442e-05
-3.03982600e+03 1.09405891e+01 5.34683735e-03 9.82526438e-06
-3.03832597e+03 1.08871339e+01 5.34718798e-03 5.60338138e-06
-3.03682593e+03 1.08322088e+01 5.34738839e-03 3.06429131e-06
-3.03532589e+03 1.07759370e+01 5.34749761e-03 1.60287802e-06
-3.03382585e+03 1.07184451e+01 5.34755437e-03 8.00391559e-07
-3.03232582e+03 1.06598606e+01 5.34758251e-03 3.81915666e-07
-3.03082578e+03 1.06003103e+01 5.34759580e-03 1.74343616e-07
-3.02932574e+03 1.05399194e+01 5.34760180e-03 7.61254264e-08
-3.02782570e+03 1.04788099e+01 5.34760437e-03 3.17802208e-08
-3.02632567e+03 1.04171013e+01 5.34760543e-03 1.26928591e-08
-3.02482563e+03 1.03549098e+01 5.34760585e-03 4.85769817e-09
-3.02332559e+03 1.02923490e+01 5.34760600e-03 1.78469013e-09
-3.02182555e+03 1.02295315e+01 5.34760606e-03 6.30469655e-10
-3.02032552e+03 1.01665686e+01 5.34760608e-03 2.14511932e-10
-3.01882548e+03 1.01035698e+01 5.34760608e-03 7.05332557e-11
-3.01732544e+03 1.00406452e+01 5.34760609e-03 2.28672658e-11
-3.01582540e+03 9.97790832e+00 5.34760609e-03 8.71387923e-12
-3.01432537e+03 9.91547712e+00 5.34760609e-03 8.20748537e-12
-3.01282533e+03 9.85347523e+00 5.34760609e-03 2.03577667e-11
-3.01132529e+03 9.79202998e+00 5.34760609e-03 6.09810508e-11
-3.00982525e+03 9.73126782e+00 5.34760610e-03 1.78971307e-10
-3.00832522e+03 9.67131074e+00 5.34760612e-03 5.02774411e-10
-3.00682518e+03 9.61227556e+00 5.34760619e-03 1.34846928e-09
-3.00532514e+03 9.55427258e+00 5.34760635e-03 3.44876866e-09
-3.00382510e+03 9.49741029e+00 5.34760673e-03 8.39926080e-09
-3.00232507e+03 9.44179581e+00 5.34760763e-03 1.94842571e-08
-3.00082503e+03 9.38753604e+00 5.34760958e-03 4.31297346e-08
-2.99932499e+03 9.33473548e+00 5.34761364e-03 9.10667855e-08
-2.99782495e+03 9.28349421e+00 5.34762169e-03 1.83174174e-07
-2.99632492e+03 9.23390428e+00 5.34763689e-03 3.52212752e-07
-2.99482488e+03 9.18604780e+00 5.34766424e-03 6.48255061e-07
-2.99332484e+03 9.13999465e+00 5.34771118e-03 1.13989515e-06
-2.99182480e+03 9.09579954e+00 5.34778832e-03 1.92693274e-06
-2.99032477e+03 9.05349758e+00 5.34790962e-03 3.12593665e-06
-2.98882473e+03 9.01310257e+00 5.34809290e-03 4.88517930e-06
-2.98732469e+03 8.97460504e+00 5.34835935e-03 7.37121098e-06
-2.98582465e+03 8.93797404e+00 5.34873335e-03 1.07540706e-05
-2.98432462e+03 8.90316050e+00 5.34924121e-03 1.52217511e-05
-2.98282458e+03 8.87010017e+00 5.34991115e-03 2.09529176e-05
-2.98132454e+03 8.83871875e+00 5.35076988e-03 2.80628995e-05
-2.97982450e+03 8.80893401e+00 5.35184625e-03 3.68036054e-05
-2.97832447e+03 8.78066080e+00 5.35316273e-03 4.70925291e-05
-2.97682443e+03 8.75381248e+00 5.35474334e-03 5.92050034e-05
-2.97532439e+03 8.72830287e+00 5.35660819e-03 7.31502220e-05
-2.97382435e+03 8.70404795e+00 5.35876886e-03 8.87106529e-05
-2.97232432e+03 8.68096750e+00 5.36124083e-03 1.06223034e-04
-2.97082428e+03 8.65898675e+00 5.36403369e-03 1.25604775e-04
-2.96932424e+03 8.63803929e+00 5.36714540e-03 1.46393021e-04
-2.96782420e+03 8.61807452e+00 5.37057506e-03 1.68772881e-04
-2.96632417e+03 8.59905971e+00 5.37431875e-03 1.92941159e-04
-2.96482413e+03 8.58098508e+00 5.37835328e-03 2.18313489e-04
-2.96332409e+03 8.56386215e+00 5.38263957e-03 2.44299719e-04
-2.96182405e+03 8.54771402e+00 5.38713439e-03 2.70946190e-04
-2.96032402e+03 8.53256368e+00 5.39178900e-03 2.98309613e-04
-2.95882398e+03 8.51842154e+00 5.39654452e-03 3.25875281e-04
-2.95732394e+03 8.50527891e+00 5.40133789e-03 3.52904935e-04
-2.95582390e+03 8.49311690e+00 5.40610930e-03 3.78987977e-04
-2.95432387e+03 8.48192632e+00 5.41079955e-03 4.04069289e-04
-2.95282383e+03 8.47173271e+00 5.41533612e-03 4.28082091e-04
-2.95132379e+03 8.46261004e+00 5.41962012e-03 4.50656544e-04
-2.94982375e+03 8.45467002e+00 5.42352704e-03 4.71131370e-04
-2.94832372e+03 8.44803479e+00 5.42692163e-03 4.88763734e-04
-2.94682368e+03 8.44279910e+00 5.42968378e-03 5.02957672e-04
-2.94532364e+03 8.43900514e+00 5.43173017e-03 5.13373334e-04
-2.94382360e+03 8.43663016e+00 5.43302775e-03 5.19942673e-04
-2.94232357e+03 8.43558383e+00 5.43359850e-03 5.22848140e-04
-2.94082353e+03 8.43571071e+00 5.43351725e-03 5.22495461e-04
-2.93932349e+03 8.43677429e+00 5.43291629e-03 5.19542993e-04
-2.93782345e+03 8.43843797e+00 5.43198881e-03 5.14938847e-04
-2.93632342e+03 8.44026865e+00 5.43097849e-03 5.09893425e-04
-2.93482338e+03 8.44177987e+00 5.43014987e-03 5.05745768e-04
-2.93332334e+03 8.44251965e+00 5.42974124e-03 5.03721340e-04
-2.93182330e+03 8.44218378e+00 5.42991118e-03 5.04639964e-04
-2.93032327e+03 8.44070412e+00 5.43069950e-03 5.08696613e-04
-2.92882323e+03 8.43827538e+00 5.43201340e-03 5.15388040e-04
-2.92732319e+03 8.43529730e+00 5.43364942e-03 5.23644962e-04
-2.92582315e+03 8.43225006e+00 5.43534951e-03 5.32149309e-04
-2.92432312e+03 8.42955070e+00 5.43687619e-03 5.39728134e-04
-2.92282308e+03 8.42744778e+00 5.43807740e-03 5.45661830e-04
-2.92132304e+03 8.42600062e+00 5.43890776e-03 5.49760504e-04
-2.91982300e+03 8.42513389e+00 5.43940330e-03 5.52221393e-04
-2.91832297e+03 8.42471881e+00 5.43963535e-03 5.53401576e-04
-2.91682293e+03 8.42464289e+00 5.43966842e-03 5.53617536e-04
-2.91532289e+03 8.42482141e+00 5.43955209e-03 5.53109736e-04
-2.91382285e+03 8.42514652e+00 5.43934998e-03 5.52185488e-04
-2.91232282e+03 8.42541739e+00 5.43918000e-03 5.51415945e-04
-2.91082278e+03 8.42530456e+00 5.43923474e-03 5.51736432e-04
-2.90932274e+03 8.42437746e+00 5.43976748e-03 5.54372928e-04
-2.90782270e+03 8.42221207e+00 5.44103654e-03 5.60552502e-04
-2.90632267e+03 8.41853353e+00 5.44323185e-03 5.71124768e-04
-2.90482263e+03 8.41334677e+00 5.44640053e-03 5.86213861e-04
-2.90332259e+03 8.40699618e+00 5.45039458e-03 6.05038948e-04
-2.90182255e+03 8.40011255e+00 5.45486763e-03 6.25971152e-04
-2.90032252e+03 8.39344613e+00 5.45934473e-03 6.46839368e-04
-2.89882248e+03 8.38763653e+00 5.46336442e-03 6.65523853e-04
-2.89732244e+03 8.38299692e+00 5.46665333e-03 6.80764248e-04
-2.89582240e+03 8.37942869e+00 5.46922933e-03 6.92659812e-04
-2.89432237e+03 8.37648450e+00 5.47138512e-03 7.02575961e-04
-2.89282233e+03 8.37358809e+00 5.47353465e-03 7.12409013e-04
-2.89132229e+03 8.37028376e+00 5.47602401e-03 7.23707053e-04
-2.88982225e+03 8.36643283e+00 5.47897497e-03 7.36961584e-04
-2.88832222e+03 8.36225222e+00 5.48223785e-03 7.51432633e-04
-2.88682218e+03 8.35818126e+00 5.48547311e-03 7.65585626e-04
-2.88532214e+03 8.35462685e+00 5.48834321e-03 7.77982878e-04
-2.88382210e+03 8.35169344e+00 5.49074250e-03 7.88240991e-04
-2.88232207e+03 8.34904230e+00 5.49293538e-03 7.97534852e-04
-2.88082203e+03 8.34595549e+00 5.49552228e-03 8.08388486e-04
-2.87932199e+03 8.34162484e+00 5.49921500e-03 8.23691278e-04
-2.87782195e+03 8.33553554e+00 5.50452867e-03 8.45416188e-04
-2.87632192e+03 8.32781927e+00 5.51146381e-03 8.73442243e-04
-2.87482188e+03 8.31942781e+00 5.51926455e-03 9.04743570e-04
-2.87332184e+03 8.31199894e+00 5.52639770e-03 9.33239547e-04
-2.87182180e+03 8.30743303e+00 5.53088339e-03 9.51090638e-04
-2.87032177e+03 8.30728951e+00 5.53100854e-03 9.51655354e-04
-2.86882173e+03 8.31223448e+00 5.52611546e-03 9.32325165e-04
-2.86732169e+03 8.32176889e+00 5.51697260e-03 8.95916597e-04
-2.86582165e+03 8.33436286e+00 5.50544370e-03 8.49635433e-04
-2.86432162e+03 8.34786162e+00 5.49374643e-03 8.01681763e-04
-2.86282158e+03 8.35998056e+00 5.48380214e-03 7.59323730e-04
-2.86132154e+03 8.36866289e+00 5.47699250e-03 7.29275691e-04
-2.85982150e+03 8.37224018e+00 5.47425618e-03 7.17008266e-04
-2.85832147e+03 8.36945695e+00 5.47635856e-03 7.26545652e-04
-2.85682143e+03 8.35946358e+00 5.48416160e-03 7.61121930e-04
-2.85532139e+03 8.34194914e+00 5.49869424e-03 8.22541697e-04
-2.85382135e+03 8.31741189e+00 5.52095193e-03 9.12404199e-04
-2.85232132e+03 8.28756958e+00 5.55120455e-03 1.03042030e-03
-2.85082128e+03 8.25565727e+00 5.58749056e-03 1.15795840e-03
-2.84932124e+03 8.22633111e+00 5.62454892e-03 1.28084020e-03
-2.84782120e+03 8.20487774e+00 5.65395940e-03 1.37213327e-03
-2.84632117e+03 8.19576967e+00 5.66700113e-03 1.40966490e-03
-2.84482113e+03 8.20115165e+00 5.65921467e-03 1.38758183e-03
-2.84332109e+03 8.21997890e+00 5.63297003e-03 1.30815103e-03
-2.84182105e+03 8.24830517e+00 5.59631423e-03 1.18793761e-03
-2.84032102e+03 8.28061232e+00 5.55861932e-03 1.05829257e-03
-2.83882098e+03 8.31148891e+00 5.52650705e-03 9.35221763e-04
-2.83732094e+03 8.33688292e+00 5.50292477e-03 8.40583787e-04
-2.83582090e+03 8.35459051e+00 5.48790248e-03 7.78109812e-04
-2.83432087e+03 8.36407633e+00 5.48030826e-03 7.45109593e-04
-2.83282083e+03 8.36594466e+00 5.47883949e-03 7.38647428e-04
-2.83132079e+03 8.36134640e+00 5.48243156e-03 7.54577111e-04
-2.82982075e+03 8.35146795e+00 5.49041319e-03 7.89030592e-04
-2.82832072e+03 8.33719628e+00 5.50256309e-03 8.39462158e-04
-2.82682068e+03 8.31900587e+00 5.51914627e-03 9.06342418e-04
-2.82532064e+03 8.29710946e+00 5.54082714e-03 9.92131763e-04
-2.82382060e+03 8.27183103e+00 5.56823772e-03 1.09330322e-03
-2.82232057e+03 8.24406935e+00 5.60130762e-03 1.20547817e-03
-2.82082053e+03 8.21566054e+00 5.63851639e-03 1.32663750e-03
-2.81932049e+03 8.18942003e+00 5.67586809e-03 1.43546655e-03
-2.81782045e+03 8.16873592e+00 5.70728258e-03 1.51980948e-03
-2.81632042e+03 8.15674392e+00 5.72630001e-03 1.56991799e-03
-2.81482038e+03 8.15536662e+00 5.72849921e-03 1.57570317e-03
-2.81332034e+03 8.16466373e+00 5.71360504e-03 1.53673704e-03
-2.81182030e+03 8.18278955e+00 5.68563238e-03 1.46231088e-03
-2.81032027e+03 8.20660335e+00 5.65094101e-03 1.36493012e-03
-2.80882023e+03 8.23264707e+00 5.61567393e-03 1.25373902e-03
-2.80732019e+03 8.25808740e+00 5.58401126e-03 1.14816058e-03
-2.80582015e+03 8.28123066e+00 5.55753085e-03 1.05582026e-03
-2.80432012e+03 8.30153596e+00 5.53605910e-03 9.74445985e-04
-2.80282008e+03 8.31918186e+00 5.51873869e-03 9.05675249e-04
-2.80132004e+03 8.33439843e+00 5.50478155e-03 8.49507256e-04
-2.79982000e+03 8.34682804e+00 5.49402202e-03 8.05316509e-04
-2.79831996e+03 8.35512751e+00 5.48714453e-03 7.76234531e-04
-2.79681993e+03 8.35692188e+00 5.48568153e-03 7.69974115e-04
-2.79531989e+03 8.34911654e+00 5.49207110e-03 7.97274276e-04
-2.79381985e+03 8.32851831e+00 5.51000359e-03 8.70875714e-04
-2.79231981e+03 8.29280775e+00 5.54496210e-03 1.00938704e-03
-2.79081978e+03 8.24186840e+00 5.60366638e-03 1.21467359e-03
-2.78931974e+03 8.17929318e+00 5.69057836e-03 1.47650256e-03
-2.78781970e+03 8.11328086e+00 5.79958201e-03 1.74161341e-03
-2.78631966e+03 8.05570704e+00 5.90771548e-03 1.94407081e-03
-2.78481963e+03 8.01889864e+00 5.98209440e-03 2.04483157e-03
-2.78331959e+03 8.01153870e+00 5.99736030e-03 2.06381749e-03
-2.78181955e+03 8.03574999e+00 5.94752975e-03 2.00085617e-03
-2.78031951e+03 8.08635610e+00 5.84859548e-03 1.83873003e-03
-2.77881948e+03 8.15245544e+00 5.73263989e-03 1.58792207e-03
-2.77731944e+03 8.22099104e+00 5.63067734e-03 1.30380484e-03
-2.77581940e+03 8.28074973e+00 5.55773763e-03 1.05774327e-03
-2.77431936e+03 8.32464195e+00 5.51337769e-03 8.85184857e-04
-2.77281933e+03 8.34970882e+00 5.49139201e-03 7.95196081e-04
-2.77131929e+03 8.35596871e+00 5.48624669e-03 7.73298524e-04
-2.76981925e+03 8.34529473e+00 5.49506591e-03 8.10717085e-04
-2.76831921e+03 8.32076950e+00 5.51692031e-03 8.99675666e-04
-2.76681918e+03 8.28641066e+00 5.55148129e-03 1.03507056e-03
-2.76531914e+03 8.24695298e+00 5.59700050e-03 1.19351462e-03
-2.76381910e+03 8.20740766e+00 5.64915081e-03 1.36156204e-03
-2.76231906e+03 8.17232874e+00 5.70081799e-03 1.50497877e-03
-2.76081903e+03 8.14510591e+00 5.74440955e-03 1.61855735e-03
-2.75931899e+03 8.12761878e+00 5.77396598e-03 1.68837493e-03
-2.75781895e+03 8.12041324e+00 5.78646152e-03 1.71550406e-03
-2.75631891e+03 8.12318394e+00 5.78160361e-03 1.70517727e-03
-2.75481888e+03 8.13516290e+00 5.76099852e-03 1.65893318e-03
-2.75331884e+03 8.15518075e+00 5.72780930e-03 1.57648382e-03
-2.75181880e+03 8.18138532e+00 5.68685870e-03 1.46800474e-03
-2.75031876e+03 8.21087765e+00 5.64415174e-03 1.34695532e-03
-2.74881873e+03 8.23957850e+00 5.60604725e-03 1.22429770e-03
-2.74731869e+03 8.26251027e+00 5.57811703e-03 1.13043300e-03
-2.74581865e+03 8.27446392e+00 5.56440884e-03 1.08282204e-03
-2.74431861e+03 8.27083255e+00 5.56849498e-03 1.09727632e-03
-2.74281858e+03 8.24860042e+00 5.59474243e-03 1.18672264e-03
-2.74131854e+03 8.20750956e+00 5.64874724e-03 1.36113485e-03
-2.73981850e+03 8.15132528e+00 5.73389629e-03 1.59265786e-03
-2.73831846e+03 8.08855538e+00 5.84375548e-03 1.83075382e-03
-2.73681843e+03 8.03141858e+00 5.95547245e-03 2.01228757e-03
-2.73531839e+03 7.99259623e+00 6.03635599e-03 2.11001912e-03
-2.73381835e+03 7.98123324e+00 6.06062375e-03 2.13330185e-03
-2.73231831e+03 8.00019395e+00 6.02018501e-03 2.09227725e-03
-2.73081828e+03 8.04541258e+00 5.92712660e-03 1.97445484e-03
-2.72931824e+03 8.10733332e+00 5.80923056e-03 1.76305898e-03
-2.72781820e+03 8.17413569e+00 5.69757780e-03 1.49755785e-03
-2.72631816e+03 8.23553432e+00 5.61094852e-03 1.24142497e-03
-2.72481813e+03 8.28520161e+00 5.55239178e-03 1.03991932e-03
-2.72331809e+03 8.32092136e+00 5.51641213e-03 8.99103572e-04
-2.72181805e+03 8.34326387e+00 5.49643615e-03 8.17887635e-04
-2.72031801e+03 8.35388266e+00 5.48757888e-03 7.80582986e-04
-2.71881798e+03 8.35414687e+00 5.48735657e-03 7.79659681e-04
-2.71731794e+03 8.34431500e+00 5.49551956e-03 8.14173681e-04
-2.71581790e+03 8.32328877e+00 5.51416554e-03 8.90225651e-04
-2.71431786e+03 8.28896349e+00 5.54829603e-03 1.02482466e-03
-2.71281783e+03 8.23921727e+00 5.60614926e-03 1.22582099e-03
-2.71131779e+03 8.17351263e+00 5.69837430e-03 1.50011386e-03
-2.70981775e+03 8.09474670e+00 5.83189022e-03 1.80833567e-03
-2.70831771e+03 8.01042952e+00 5.99832777e-03 2.06665946e-03
-2.70681768e+03 7.93189409e+00 6.16770690e-03 2.19891325e-03
-2.70531764e+03 7.87145114e+00 6.30145058e-03 2.21209431e-03
-2.70381760e+03 7.83927974e+00 6.37204571e-03 2.19239938e-03
-2.70231756e+03 7.84172528e+00 6.36668686e-03 2.19472956e-03
-2.70081753e+03 7.88070525e+00 6.28094166e-03 2.21573278e-03
-2.69931749e+03 7.95292898e+00 6.12139880e-03 2.17459197e-03
-2.69781745e+03 8.04902330e+00 5.91945414e-03 1.96411065e-03
-2.69631741e+03 8.15451754e+00 5.72816688e-03 1.57926893e-03
-2.69481738e+03 8.25408959e+00 5.58761770e-03 1.16430561e-03
-2.69331734e+03 8.33641349e+00 5.50218134e-03 8.42265605e-04
-2.69181730e+03 8.39587218e+00 5.45630277e-03 6.39174241e-04
-2.69031726e+03 8.43109768e+00 5.43464162e-03 5.35379593e-04
-2.68881723e+03 8.44268310e+00 5.42831138e-03 5.03274612e-04
-2.68731719e+03 8.43159826e+00 5.43434743e-03 5.33975457e-04
-2.68581715e+03 8.39859101e+00 5.45446384e-03 6.30680582e-04
-2.68431711e+03 8.34448327e+00 5.49516892e-03 8.13579651e-04
-2.68281708e+03 8.27122444e+00 5.56750856e-03 1.09571700e-03
-2.68131704e+03 8.18331617e+00 5.68314298e-03 1.46017715e-03
-2.67981700e+03 8.08875344e+00 5.84256725e-03 1.83003558e-03
-2.67831696e+03 7.99822434e+00 6.02351611e-03 2.09701132e-03
-2.67681693e+03 7.92236830e+00 6.18826032e-03 2.20827846e-03
-2.67531689e+03 7.86893007e+00 6.30651531e-03 2.21102188e-03
-2.67381685e+03 7.84162287e+00 6.36644430e-03 2.19463611e-03
-2.67231681e+03 7.84059927e+00 6.36865196e-03 2.19368240e-03
-2.67081678e+03 7.86328943e+00 6.31886450e-03 2.20850153e-03
-2.66931674e+03 7.90493075e+00 6.22676970e-03 2.21840468e-03
-2.66781670e+03 7.95901026e+00 6.10762050e-03 2.16705618e-03
-2.66631666e+03 8.01817285e+00 5.98156410e-03 2.04670971e-03
-2.66481663e+03 8.07578953e+00 5.86677938e-03 1.87678913e-03
-2.66331659e+03 8.12756958e+00 5.77276882e-03 1.68856334e-03
-2.66181655e+03 8.17234099e+00 5.69958351e-03 1.50492837e-03
-2.66031651e+03 8.21156284e+00 5.64222881e-03 1.34405701e-03
-2.65881648e+03 8.24797680e+00 5.59469688e-03 1.18929002e-03
-2.65731644e+03 8.28391955e+00 5.55322144e-03 1.04505739e-03
-2.65581640e+03 8.31987603e+00 5.51690877e-03 9.03047797e-04
-2.65431636e+03 8.35369622e+00 5.48731972e-03 7.81234599e-04
-2.65281633e+03 8.38056065e+00 5.46672488e-03 6.88870855e-04
-2.65131629e+03 8.39348302e+00 5.45770099e-03 6.46722220e-04
-2.64981625e+03 8.38395628e+00 5.46429221e-03 6.77590977e-04
-2.64831621e+03 8.34288243e+00 5.49629981e-03 8.19236884e-04
-2.64681618e+03 8.26263530e+00 5.57706832e-03 1.12993345e-03
-2.64531614e+03 8.14177047e+00 5.74847267e-03 1.63227427e-03
-2.64381610e+03 7.99208235e+00 6.03598915e-03 2.11116317e-03
-2.64231606e+03 7.84084327e+00 6.36764071e-03 2.19391300e-03
-2.64081603e+03 7.71988607e+00 6.61662599e-03 1.92346409e-03
-2.63931599e+03 7.65173049e+00 6.73756295e-03 1.67950092e-03
-2.63781595e+03 7.64747932e+00 6.74450611e-03 1.66264454e-03
-2.63631591e+03 7.71078234e+00 6.63370090e-03 1.89451050e-03
-2.63481588e+03 7.83727152e+00 6.37535091e-03 2.19032767e-03
-2.63331584e+03 8.00747098e+00 6.00337854e-03 2.07419469e-03
-2.63181580e+03 8.18410902e+00 5.68143732e-03 1.45696595e-03
-2.63031576e+03 8.32853466e+00 5.50880800e-03 8.70815769e-04
-2.62881573e+03 8.41913974e+00 5.44132570e-03 5.69375641e-04
-2.62731569e+03 8.45011387e+00 5.42424453e-03 4.83192744e-04
-2.62581565e+03 8.42229950e+00 5.43944117e-03 5.60302374e-04
-2.62431561e+03 8.33899331e+00 5.49950672e-03 8.33045275e-04
-2.62281558e+03 8.20877093e+00 5.64574420e-03 1.35583797e-03
-2.62131554e+03 8.05222717e+00 5.91196546e-03 1.95465668e-03
-2.61981550e+03 7.90279721e+00 6.23067938e-03 2.21886946e-03
-2.61831546e+03 7.79348276e+00 6.46871729e-03 2.11693613e-03
-2.61681543e+03 7.74330532e+00 6.57099628e-03 1.99722148e-03
-2.61531539e+03 7.75693708e+00 6.54383550e-03 2.03625642e-03
-2.61381535e+03 7.82898592e+00 6.39290511e-03 2.18020895e-03
-2.61231531e+03 7.94457851e+00 6.13819678e-03 2.18453666e-03
-2.61081528e+03 8.07904253e+00 5.85979521e-03 1.86516000e-03
-2.60931524e+03 8.20419880e+00 5.65197393e-03 1.37495884e-03
-2.60781520e+03 8.29937657e+00 5.53661755e-03 9.83061342e-04
-2.60631516e+03 8.35590972e+00 5.48525308e-03 7.73504361e-04
-2.60481513e+03 8.37368715e+00 5.47149974e-03 7.12071539e-04
-2.60331509e+03 8.35656577e+00 5.48471107e-03 7.71215850e-04
-2.60181505e+03 8.31016071e+00 5.52583615e-03 9.40398247e-04
-2.60031501e+03 8.24175079e+00 5.60189548e-03 1.21516647e-03
-2.59881498e+03 8.16073915e+00 5.71703074e-03 1.55314968e-03
-2.59731494e+03 8.07807536e+00 5.86149326e-03 1.86862935e-03
-2.59581490e+03 8.00393855e+00 6.01017862e-03 2.08307129e-03
-2.59431486e+03 7.94502971e+00 6.13698805e-03 2.18400710e-03
-2.59281483e+03 7.90340742e+00 6.22891379e-03 2.21875384e-03
-2.59131479e+03 7.87728287e+00 6.28672748e-03 2.21445403e-03
-2.58981475e+03 7.86279162e+00 6.31866892e-03 2.20826898e-03
-2.58831471e+03 7.85577690e+00 6.33407804e-03 2.20471736e-03
-2.58681468e+03 7.85308819e+00 6.33996024e-03 2.20316826e-03
-2.58531464e+03 7.85329017e+00 6.33949126e-03 2.20328927e-03
-2.58381460e+03 7.85689541e+00 6.33154311e-03 2.20532587e-03
-2.58231456e+03 7.86615918e+00 6.31112276e-03 2.20980737e-03
-2.58081453e+03 7.88454722e+00 6.27049044e-03 2.21702345e-03
-2.57931449e+03 7.91588420e+00 6.20102415e-03 2.21330164e-03
-2.57781445e+03 7.96318048e+00 6.09711955e-03 2.16162463e-03
-2.57631441e+03 8.02719747e+00 5.96164723e-03 2.02330705e-03
-2.57481438e+03 8.10519556e+00 5.81102761e-03 1.77073732e-03
-2.57331434e+03 8.19064191e+00 5.67110381e-03 1.43051514e-03
-2.57181430e+03 8.27456396e+00 5.56282565e-03 1.08242358e-03
-2.57031426e+03 8.34778617e+00 5.49168773e-03 8.01946966e-04
-2.56881423e+03 8.40241301e+00 5.45140631e-03 6.18909141e-04
-2.56731419e+03 8.43174678e+00 5.43377518e-03 5.33559138e-04
-2.56581415e+03 8.42931057e+00 5.43514017e-03 5.40404391e-04
-2.56431411e+03 8.38820572e+00 5.46089388e-03 6.63673097e-04
-2.56281408e+03 8.30233634e+00 5.53332223e-03 9.71260022e-04
-2.56131404e+03 8.17112953e+00 5.70035523e-03 1.50991771e-03
-2.55981400e+03 8.00733726e+00 6.00253935e-03 2.07453339e-03
-2.55831396e+03 7.83951676e+00 6.36926280e-03 2.19263435e-03
-2.55681393e+03 7.69882884e+00 6.65473719e-03 1.85588863e-03
-2.55531389e+03 7.60314709e+00 6.81193041e-03 1.48591102e-03
-2.55381385e+03 7.55643138e+00 6.87506534e-03 1.28842854e-03
-2.55231381e+03 7.55611050e+00 6.87545446e-03 1.28711882e-03
-2.55081378e+03 7.59804371e+00 6.81923193e-03 1.46427716e-03
-2.54931374e+03 7.67718129e+00 6.69334595e-03 1.77955107e-03
-2.54781370e+03 7.78525863e+00 6.48493389e-03 2.10066072e-03
-2.54631366e+03 7.90814511e+00 6.21771452e-03 2.21737913e-03
-2.54481363e+03 8.02707181e+00 5.96149905e-03 2.02363394e-03
-2.54331359e+03 8.12539637e+00 5.77505678e-03 1.69683940e-03
-2.54181355e+03 8.19491673e+00 5.66459582e-03 1.41314355e-03
-2.54031351e+03 8.23632299e+00 5.60822804e-03 1.23807293e-03
-2.53881348e+03 8.25557599e+00 5.58448222e-03 1.15828694e-03
-2.53731344e+03 8.26002892e+00 5.57919595e-03 1.14036414e-03
-2.53581340e+03 8.25575748e+00 5.58422810e-03 1.15755342e-03
-2.53431336e+03 8.24610503e+00 5.59590218e-03 1.19702263e-03
-2.53281333e+03 8.23130376e+00 5.61457992e-03 1.25948783e-03
-2.53131329e+03 8.20910136e+00 5.64435710e-03 1.35444769e-03
-2.52981325e+03 8.17615703e+00 5.69228595e-03 1.48928495e-03
-2.52831321e+03 8.12987191e+00 5.76715884e-03 1.67969786e-03
-2.52681318e+03 8.07015782e+00 5.87567448e-03 1.89657034e-03
-2.52531314e+03 8.00052792e+00 6.01632557e-03 2.09146653e-03
-2.52381310e+03 7.92772162e+00 6.17400658e-03 2.20324583e-03
-2.52231306e+03 7.85978500e+00 6.32426633e-03 2.20681699e-03
-2.52081303e+03 7.80353147e+00 6.44614017e-03 2.13648936e-03
-2.51931299e+03 7.76302577e+00 6.53025969e-03 2.05190236e-03
-2.51781295e+03 7.73958801e+00 6.57701362e-03 1.98582574e-03
-2.51631291e+03 7.73280121e+00 6.59022312e-03 1.96454673e-03
-2.51481288e+03 7.74168802e+00 6.57285803e-03 1.99229273e-03
-2.51331284e+03 7.76558884e+00 6.52498021e-03 2.05813898e-03
-2.51181280e+03 7.80443513e+00 6.44412045e-03 2.13822621e-03
-2.51031276e+03 7.85839462e+00 6.32718676e-03 2.20611294e-03
-2.50881273e+03 7.92683450e+00 6.17579864e-03 2.20412544e-03
-2.50731269e+03 8.00688575e+00 6.00277972e-03 2.07567563e-03
-2.50581265e+03 8.09242378e+00 5.83352631e-03 1.81673584e-03
-2.50431261e+03 8.17440868e+00 5.69476827e-03 1.49643884e-03
-2.50281258e+03 8.24258469e+00 5.60007094e-03 1.21167497e-03
-2.50131254e+03 8.28729807e+00 5.54848375e-03 1.03150995e-03
-2.49981250e+03 8.30035196e+00 5.53492872e-03 9.79166519e-04
-2.49831246e+03 8.27524944e+00 5.56156650e-03 1.07969295e-03
-2.49681243e+03 8.20826424e+00 5.64527102e-03 1.35796768e-03
-2.49531239e+03 8.10164463e+00 5.81653497e-03 1.78348927e-03
-2.49381235e+03 7.96789352e+00 6.08573668e-03 2.15509653e-03
-2.49231231e+03 7.82974148e+00 6.38956310e-03 2.18123649e-03
-2.49081228e+03 7.71154476e+00 6.63039657e-03 1.89693915e-03
-2.48931224e+03 7.62995107e+00 6.77084025e-03 1.59401064e-03
-2.48781220e+03 7.59288456e+00 6.82594813e-03 1.44217181e-03
-2.48631216e+03 7.60368515e+00 6.81047323e-03 1.48817428e-03
-2.48481213e+03 7.66401034e+00 6.71529907e-03 1.72839648e-03
-2.48331209e+03 7.77262727e+00 6.51021236e-03 2.07429256e-03
-2.48181205e+03 7.91983280e+00 6.19091994e-03 2.21039932e-03
-2.48031201e+03 8.08220730e+00 5.85226650e-03 1.85375498e-03
-2.47881198e+03 8.22821619e+00 5.61822431e-03 1.27273600e-03
-2.47731194e+03 8.33312259e+00 5.50379459e-03 8.54112329e-04
-2.47581190e+03 8.38529384e+00 5.46255593e-03 6.73185488e-04
-2.47431186e+03 8.38157471e+00 5.46517771e-03 6.85488431e-04
-2.47281183e+03 8.32242424e+00 5.51344130e-03 8.93458918e-04
-2.47131179e+03 8.21224987e+00 5.63958198e-03 1.34114648e-03
-2.46981175e+03 8.06441575e+00 5.88618156e-03 1.91608958e-03
-2.46831171e+03 7.90436742e+00 6.22506877e-03 2.21854393e-03
-2.46681168e+03 7.76129004e+00 6.53320245e-03 2.04756254e-03
-2.46531164e+03 7.65413963e+00 6.73171351e-03 1.68908843e-03
-2.46381160e+03 7.58823933e+00 6.83229691e-03 1.42216887e-03
-2.46231156e+03 7.56118707e+00 6.86832927e-03 1.30789817e-03
-2.46081153e+03 7.56857084e+00 6.85877670e-03 1.33845360e-03
-2.45931149e+03 7.60640672e+00 6.80630153e-03 1.49956322e-03
-2.45781145e+03 7.67106039e+00 6.70299250e-03 1.75610026e-03
-2.45631141e+03 7.75778665e+00 6.54012126e-03 2.03851058e-03
-2.45481138e+03 7.85902381e+00 6.32508285e-03 2.20643443e-03
-2.45331134e+03 7.96410853e+00 6.09344057e-03 2.16037581e-03
-2.45181130e+03 8.06156009e+00 5.89148991e-03 1.92549487e-03
-2.45031126e+03 8.14261881e+00 5.74494057e-03 1.62879997e-03
-2.44881123e+03 8.20302427e+00 5.65221458e-03 1.37983556e-03
-2.44731119e+03 8.24200291e+00 5.60037533e-03 1.21411003e-03
-2.44581115e+03 8.25998903e+00 5.57862204e-03 1.14052407e-03
-2.44431111e+03 8.25683959e+00 5.58232057e-03 1.15318560e-03
-2.44281108e+03 8.23125541e+00 5.61398215e-03 1.25969497e-03
-2.44131104e+03 8.18159737e+00 5.68330774e-03 1.46714445e-03
-2.43981100e+03 8.10788261e+00 5.80472375e-03 1.76108469e-03
-2.43831096e+03 8.01433956e+00 5.98637382e-03 2.05661235e-03
-2.43681093e+03 7.91063413e+00 6.21070624e-03 2.21631306e-03
-2.43531089e+03 7.80987302e+00 6.43159311e-03 2.14853118e-03
-2.43381085e+03 7.72407724e+00 6.60608563e-03 1.93680543e-03
-2.43231081e+03 7.66078956e+00 6.72024630e-03 1.71559596e-03
-2.43081078e+03 7.62291191e+00 6.78125129e-03 1.56640470e-03
-2.42931074e+03 7.61041119e+00 6.80012710e-03 1.51613053e-03
-2.42781070e+03 7.62198236e+00 6.78265425e-03 1.56273149e-03
-2.42631066e+03 7.65587793e+00 6.72842435e-03 1.69601619e-03
-2.42481063e+03 7.70992583e+00 6.63273546e-03 1.89177969e-03
-2.42331059e+03 7.78091435e+00 6.49239397e-03 2.09186118e-03
-2.42181055e+03 7.86383924e+00 6.31406537e-03 2.20875614e-03
-2.42031051e+03 7.95166373e+00 6.12011357e-03 2.17612138e-03
-2.41881048e+03 8.03613317e+00 5.94157445e-03 1.99983610e-03
-2.41731044e+03 8.10939890e+00 5.80181338e-03 1.75563002e-03
-2.41581040e+03 8.16528755e+00 5.70808135e-03 1.53413640e-03
-2.41431036e+03 8.19943577e+00 5.65703624e-03 1.39464983e-03
-2.41281033e+03 8.20871437e+00 5.64397732e-03 1.35607583e-03
-2.41131029e+03 8.19082582e+00 5.66942622e-03 1.42976950e-03
-2.40981025e+03 8.14479185e+00 5.74096708e-03 1.61985507e-03
-2.40831021e+03 8.07244223e+00 5.86999542e-03 1.88861074e-03
-2.40681018e+03 7.98011979e+00 6.05830939e-03 2.13534381e-03
-2.40531014e+03 7.87888454e+00 6.28063632e-03 2.21506482e-03
-2.40381010e+03 7.78181444e+00 6.49027445e-03 2.09370175e-03
-2.40231006e+03 7.69992707e+00 6.65098129e-03 1.85950400e-03
-2.40081003e+03 7.64002478e+00 6.75408792e-03 1.63332384e-03
-2.39930999e+03 7.60534477e+00 6.80732829e-03 1.49513124e-03
-2.39780995e+03 7.59750052e+00 6.81867200e-03 1.46195891e-03
-2.39630991e+03 7.61801299e+00 6.78841842e-03 1.54694211e-03
-2.39480988e+03 7.66863050e+00 6.70653765e-03 1.74661803e-03
-2.39330984e+03 7.75003051e+00 6.55494587e-03 2.01710831e-03
-2.39180980e+03 7.85866377e+00 6.32508991e-03 2.20625107e-03
-2.39030976e+03 7.98307833e+00 6.05179364e-03 2.12982226e-03
-2.38880973e+03 8.10378333e+00 5.81159408e-03 1.77580791e-03
-2.38730969e+03 8.19943258e+00 5.65683774e-03 1.39466293e-03
-2.38580965e+03 8.25406891e+00 5.58525404e-03 1.16438947e-03
-2.38430961e+03 8.25937070e+00 5.57896963e-03 1.14300452e-03
-2.38280958e+03 8.21367338e+00 5.63693589e-03 1.33510256e-03
-2.38130954e+03 8.12233856e+00 5.77872197e-03 1.70834113e-03
-2.37980950e+03 7.99979364e+00 6.01614605e-03 2.09324605e-03
-2.37830946e+03 7.86863010e+00 6.30297922e-03 2.21089230e-03
-2.37680943e+03 7.75168553e+00 6.55147202e-03 2.02182529e-03
-2.37530939e+03 7.66333044e+00 6.71541419e-03 1.72569927e-03
-2.37380935e+03 7.60812687e+00 6.80304595e-03 1.50670836e-03
-2.37230931e+03 7.58477968e+00 6.83634404e-03 1.40727008e-03
-2.37080928e+03 7.59002801e+00 6.82904785e-03 1.42987566e-03
-2.36930924e+03 7.62056421e+00 6.78431860e-03 1.55711071e-03
-2.36780920e+03 7.67326355e+00 6.69828926e-03 1.76461962e-03
-2.36630916e+03 7.74441492e+00 6.56580561e-03 2.00057371e-03
-2.36480913e+03 7.82854578e+00 6.39060669e-03 2.17960092e-03
-2.36330909e+03 7.91771153e+00 6.19413633e-03 2.21202254e-03
-2.36180905e+03 8.00217979e+00 6.01091069e-03 2.08742548e-03
-2.36030901e+03 8.07246919e+00 5.86945985e-03 1.88851623e-03
-2.35880898e+03 8.12132469e+00 5.78026936e-03 1.71212027e-03
-2.35730894e+03 8.14446347e+00 5.74104959e-03 1.62121072e-03
-2.35580890e+03 8.14026500e+00 5.74799581e-03 1.63841304e-03
-2.35430886e+03 8.10948480e+00 5.80104614e-03 1.75532075e-03
-2.35280883e+03 8.05547980e+00 5.90231575e-03 1.94477245e-03
-2.35130879e+03 7.98462182e+00 6.04802942e-03 2.12681948e-03
-2.34980875e+03 7.90592810e+00 6.22008398e-03 2.21812868e-03
-2.34830871e+03 7.82928430e+00 6.38880856e-03 2.18061720e-03
-2.34680868e+03 7.76303671e+00 6.52824500e-03 2.05192940e-03
-2.34530864e+03 7.71250224e+00 6.62708659e-03 1.89998688e-03
-2.34380860e+03 7.68003120e+00 6.68622522e-03 1.79021327e-03
-2.34230856e+03 7.66595929e+00 6.71063790e-03 1.73610851e-03
-2.34080853e+03 7.66961005e+00 6.70436693e-03 1.75045049e-03
-2.33930849e+03 7.68987895e+00 6.66864920e-03 1.82560350e-03
-2.33780845e+03 7.72532471e+00 6.60270670e-03 1.94077878e-03
-2.33630841e+03 7.77381572e+00 6.50610309e-03 2.07689513e-03
-2.33480838e+03 7.83190871e+00 6.38299394e-03 2.18406836e-03
-2.33330834e+03 7.89435646e+00 6.24558560e-03 2.21914854e-03
-2.33180830e+03 7.95419399e+00 6.11358038e-03 2.17305191e-03
-2.33030826e+03 8.00365773e+00 6.00749282e-03 2.08376979e-03
-2.32880823e+03 8.03567228e+00 5.94155711e-03 2.00106286e-03
-2.32730819e+03 8.04532531e+00 5.92218245e-03 1.97470110e-03
-2.32580815e+03 8.03089040e+00 5.95119848e-03 2.01367145e-03
-2.32430811e+03 7.99442595e+00 6.02688856e-03 2.10588318e-03
-2.32280808e+03 7.94184033e+00 6.14047595e-03 2.18773177e-03
-2.32130804e+03 7.88200548e+00 6.27277403e-03 2.21618954e-03
-2.31980800e+03 7.82476662e+00 6.39828606e-03 2.17410243e-03
-2.31830796e+03 7.77866847e+00 6.49587626e-03 2.08721978e-03
-2.31680793e+03 7.74947638e+00 6.55525078e-03 2.01551203e-03
-2.31530789e+03 7.73985528e+00 6.57427932e-03 1.98665266e-03
-2.31380785e+03 7.74961499e+00 6.55495456e-03 2.01591211e-03
-2.31230781e+03 7.77596724e+00 6.50141951e-03 2.08152863e-03
-2.31080778e+03 7.81361337e+00 6.42220934e-03 2.15540521e-03
-2.30930774e+03 7.85515198e+00 6.33189965e-03 2.20436870e-03
-2.30780770e+03 7.89225652e+00 6.24997534e-03 2.21887807e-03
-2.30630766e+03 7.91766615e+00 6.19364697e-03 2.21205567e-03
-2.30480763e+03 7.92722639e+00 6.17249511e-03 2.20373888e-03
-2.30330759e+03 7.92098611e+00 6.18627593e-03 2.20945796e-03
-2.30180755e+03 7.90288036e+00 6.22638198e-03 2.21885451e-03
-2.30030751e+03 7.87919005e+00 6.27883138e-03 2.21517899e-03
-2.29880748e+03 7.85647345e+00 6.32891158e-03 2.20509857e-03
-2.29730744e+03 7.83974872e+00 6.36555799e-03 2.19286239e-03
-2.29580740e+03 7.83149753e+00 6.38351583e-03 2.18354436e-03
-2.29430736e+03 7.83152914e+00 6.38343536e-03 2.18358487e-03
-2.29280733e+03 7.83748416e+00 6.37046367e-03 2.19055395e-03
-2.29130729e+03 7.84571035e+00 6.35247503e-03 2.19810185e-03
-2.28980725e+03 7.85232327e+00 6.33796220e-03 2.20270253e-03
-2.28830721e+03 7.85426655e+00 6.33368349e-03 2.20386324e-03
-2.28680718e+03 7.85005651e+00 6.34291764e-03 2.20124826e-03
-2.28530714e+03 7.84005542e+00 6.36480148e-03 2.19316099e-03
-2.28380710e+03 7.82620459e+00 6.39490516e-03 2.17625209e-03
-2.28230706e+03 7.81139309e+00 6.42674497e-03 2.15135087e-03
-2.28080703e+03 7.79870494e+00 6.45368790e-03 2.12714088e-03
-2.27930699e+03 7.79081211e+00 6.47028384e-03 2.11168603e-03
-2.27780695e+03 7.78962397e+00 6.47275992e-03 2.10934158e-03
-2.27630691e+03 7.79614292e+00 6.45905270e-03 2.12214392e-03
-2.27480688e+03 7.81039342e+00 6.42881390e-03 2.14950015e-03
-2.27330684e+03 7.83137460e+00 6.38360606e-03 2.18338649e-03
-2.27180680e+03 7.85702307e+00 6.32748812e-03 2.20539411e-03
-2.27030676e+03 7.88425637e+00 6.26738945e-03 2.21693245e-03
-2.26880673e+03 7.90923004e+00 6.21204452e-03 2.21694361e-03
-2.26730669e+03 7.92785838e+00 6.17081040e-03 2.20310880e-03
-2.26580665e+03 7.93655927e+00 6.15163253e-03 2.19377731e-03
-2.26430661e+03 7.93304295e+00 6.15936452e-03 2.19767245e-03
-2.26280658e+03 7.91691332e+00 6.19499149e-03 2.21259525e-03
-2.26130654e+03 7.88987223e+00 6.25491606e-03 2.21843583e-03
-2.25980650e+03 7.85542588e+00 6.33094297e-03 2.20452231e-03
-2.25830646e+03 7.81811531e+00 6.41218960e-03 2.16333362e-03
-2.25680643e+03 7.78252976e+00 6.48745549e-03 2.09515741e-03
-2.25530639e+03 7.75246835e+00 6.54888539e-03 2.02402918e-03
-2.25380635e+03 7.73054550e+00 6.59205614e-03 1.95739342e-03
-2.25230631e+03 7.71817359e+00 6.61574585e-03 1.91801801e-03
-2.25080628e+03 7.71578321e+00 6.62026141e-03 1.91041937e-03
-2.24930624e+03 7.72308673e+00 6.60637952e-03 1.93365102e-03
-2.24780620e+03 7.73924479e+00 6.57507413e-03 1.98476235e-03
-2.24630616e+03 7.76290454e+00 6.52777642e-03 2.05160233e-03
-2.24480613e+03 7.79213264e+00 6.46732762e-03 2.11428506e-03
-2.24330609e+03 7.82435384e+00 6.39866508e-03 2.17347279e-03
-2.24180605e+03 7.85638846e+00 6.32873015e-03 2.20505246e-03
-2.24030601e+03 7.88467617e+00 6.26630512e-03 2.21706340e-03
-2.23880598e+03 7.90575065e+00 6.21960094e-03 2.21818055e-03
-2.23730594e+03 7.91683081e+00 6.19503531e-03 2.21265322e-03
-2.23580590e+03 7.91642221e+00 6.19593071e-03 2.21293689e-03
-2.23430586e+03 7.90472226e+00 6.22185296e-03 2.21845761e-03
-2.23280583e+03 7.88368860e+00 6.26844416e-03 2.21675134e-03
-2.23130579e+03 7.85671571e+00 6.32794809e-03 2.20522940e-03
-2.22980575e+03 7.82792920e+00 6.39085211e-03 2.17873755e-03
-2.22830571e+03 7.80135340e+00 6.44779671e-03 2.13228359e-03
-2.22680568e+03 7.78018068e+00 6.49218286e-03 2.09035302e-03
-2.22530564e+03 7.76635243e+00 6.52065077e-03 2.05995843e-03
-2.22380560e+03 7.76043861e+00 6.53267941e-03 2.04539873e-03
-2.22230556e+03 7.76172638e+00 6.53006597e-03 2.04866249e-03
-2.22080553e+03 7.76846704e+00 6.51632140e-03 2.06490833e-03
-2.21930549e+03 7.77823129e+00 6.49621280e-03 2.08630731e-03
-2.21780545e+03 7.78836977e+00 6.47510840e-03 2.10685948e-03
-2.21630541e+03 7.79653571e+00 6.45795558e-03 2.12291122e-03
-2.21480538e+03 7.80118096e+00 6.44813700e-03 2.13194962e-03
-2.21330534e+03 7.80187999e+00 6.44665159e-03 2.13330265e-03
-2.21180530e+03 7.79932593e+00 6.45205095e-03 2.12834903e-03
-2.21030526e+03 7.79503980e+00 6.46108642e-03 2.11998672e-03
-2.20880523e+03 7.79088791e+00 6.46980361e-03 2.11183540e-03
-2.20730519e+03 7.78856899e+00 6.47465415e-03 2.10725429e-03
-2.20580515e+03 7.78919991e+00 6.47332666e-03 2.10850325e-03
-2.20430511e+03 7.79307865e+00 6.46518398e-03 2.11614323e-03
-2.20280508e+03 7.79965893e+00 6.45130664e-03 2.12899634e-03
-2.20130504e+03 7.80770656e+00 6.43422133e-03 2.14446117e-03
-2.19980500e+03 7.81558771e+00 6.41736860e-03 2.15893540e-03
-2.19830496e+03 7.82164206e+00 6.40434227e-03 2.16920323e-03
-2.19680493e+03 7.82455883e+00 6.39804086e-03 2.17378616e-03
-2.19530489e+03 7.82367234e+00 6.39995153e-03 2.17242124e-03
-2.19380485e+03 7.81907609e+00 6.40985533e-03 2.16496545e-03
-2.19230481e+03 7.81155777e+00 6.42597505e-03 2.15165434e-03
-2.19080478e+03 7.80236493e+00 6.44553962e-03 2.13423993e-03
-2.18930474e+03 7.79291471e+00 6.46548058e-03 2.11582142e-03
-2.18780470e+03 7.78449992e+00 6.48308679e-03 2.09913781e-03
-2.18630466e+03 7.77809383e+00 6.49639092e-03 2.08601975e-03
-2.18480463e+03 7.77423559e+00 6.50435929e-03 2.07780703e-03
-2.18330459e+03 7.77300608e+00 6.50689004e-03 2.07512562e-03
-2.18180455e+03 7.77409656e+00 6.50464190e-03 2.07750550e-03
-2.18030451e+03 7.77689448e+00 6.49886417e-03 2.08349697e-03
-2.17880448e+03 7.78060259e+00 6.49118045e-03 2.09122121e-03
-2.17730444e+03 7.78436318e+00 6.48335760e-03 2.09886279e-03
-2.17580440e+03 7.78740048e+00 6.47701738e-03 2.10493523e-03
-2.17430436e+03 7.78912095e+00 6.47341677e-03 2.10834705e-03
-2.17280433e+03 7.78918603e+00 6.47327866e-03 2.10847580e-03
-2.17130429e+03 7.78754544e+00 6.47670884e-03 2.10522338e-03
-2.16980425e+03 7.78442084e+00 6.48322820e-03 2.09897877e-03
-2.16830421e+03 7.78024242e+00 6.49191490e-03 2.09048021e-03
-2.16680418e+03 7.77556167e+00 6.50160097e-03 2.08066246e-03
-2.16530414e+03 7.77093631e+00 6.51112304e-03 2.07053180e-03
-2.16380410e+03 7.76685965e+00 6.51947232e-03 2.06115750e-03
-2.16230406e+03 7.76370895e+00 6.52589569e-03 2.05358451e-03
-2.16080403e+03 7.76171696e+00 6.52994230e-03 2.04863880e-03
-2.15930399e+03 7.76096931e+00 6.53145674e-03 2.04675015e-03
-2.15780395e+03 7.76141403e+00 6.53055198e-03 2.04787571e-03
-2.15630391e+03 7.76289456e+00 6.52754210e-03 2.05157761e-03
-2.15480388e+03 7.76518070e+00 6.52288439e-03 2.05715931e-03
-2.15330384e+03 7.76800597e+00 6.51711017e-03 2.06383993e-03
-2.15180380e+03 7.77108915e+00 6.51078633e-03 2.07087462e-03
-2.15030376e+03 7.77416171e+00 6.50446155e-03 2.07764685e-03
-2.14880373e+03 7.77697107e+00 6.49865933e-03 2.08365885e-03
-2.14730369e+03 7.77928221e+00 6.49387264e-03 2.08849562e-03
-2.14580365e+03 7.78088753e+00 6.49054063e-03 2.09180619e-03
-2.14430361e+03 7.78160993e+00 6.48903888e-03 2.09328446e-03
-2.14280358e+03 7.78130527e+00 6.48967099e-03 2.09266185e-03
-2.14130354e+03 7.77987107e+00 6.49264753e-03 2.08971430e-03
-2.13980350e+03 7.77726939e+00 6.49803634e-03 2.08428831e-03
-2.13830346e+03 7.77355255e+00 6.50570889e-03 2.07632158e-03
-2.13680343e+03 7.76888090e+00 6.51530655e-03 2.06586229e-03
-2.13530339e+03 7.76351923e+00 6.52625495e-03 2.05311884e-03
-2.13380335e+03 7.75781638e+00 6.53781630e-03 2.03858903e-03
-2.13230331e+03 7.75216535e+00 6.54918203e-03 2.02317824e-03
-2.13080328e+03 7.74696335e+00 6.55956094e-03 2.00817218e-03
-2.12930324e+03 7.74257241e+00 6.56825711e-03 1.99499395e-03
-2.12780320e+03 7.73928164e+00 6.57473499e-03 1.98487659e-03
-2.12630316e+03 7.73727598e+00 6.57866643e-03 1.97863178e-03
-2.12480313e+03 7.73662498e+00 6.57993987e-03 1.97659433e-03
-2.12330309e+03 7.73727211e+00 6.57867431e-03 1.97861968e-03
-2.12180305e+03 7.73905836e+00 6.57517385e-03 1.98418404e-03
-2.12030301e+03 7.74173352e+00 6.56991251e-03 1.99243206e-03
-2.11880298e+03 7.74498228e+00 6.56349284e-03 2.00227789e-03
-2.11730294e+03 7.74844775e+00 6.55660880e-03 2.01252722e-03
-2.11580290e+03 7.75175622e+00 6.55000245e-03 2.02202504e-03
-2.11430286e+03 7.75455032e+00 6.54439772e-03 2.02980212e-03
-2.11280283e+03 7.75652545e+00 6.54042199e-03 2.03515603e-03
-2.11130279e+03 7.75746122e+00 6.53853444e-03 2.03764982e-03
-2.10980275e+03 7.75724782e+00 6.53896505e-03 2.03708357e-03
-2.10830271e+03 7.75588950e+00 6.54170324e-03 2.03344548e-03
-2.10680268e+03 7.75351035e+00 6.54648649e-03 2.02693475e-03
-2.10530264e+03 7.75033407e+00 6.55284642e-03 2.01797921e-03
-2.10380260e+03 7.74665378e+00 6.56017764e-03 2.00725709e-03
-2.10230256e+03 7.74279273e+00 6.56782425e-03 1.99566464e-03
-2.10080253e+03 7.73906586e+00 6.57516114e-03 1.98420731e-03
-2.09930249e+03 7.73574955e+00 6.58165320e-03 1.97384739e-03
-2.09780245e+03 7.73306175e+00 6.58688966e-03 1.96537116e-03
-2.09630241e+03 7.73113897e+00 6.59062210e-03 1.95927778e-03
-2.09480238e+03 7.73001824e+00 6.59279294e-03 1.95571821e-03
-2.09330234e+03 7.72965916e+00 6.59348880e-03 1.95457676e-03
-2.09180230e+03 7.72992664e+00 6.59297345e-03 1.95542706e-03
-2.09030226e+03 7.73060840e+00 6.59165627e-03 1.95759323e-03
-2.08880223e+03 7.73144460e+00 6.59003832e-03 1.96024758e-03
-2.08730219e+03 7.73216210e+00 6.58864850e-03 1.96252259e-03
-2.08580215e+03 7.73251896e+00 6.58795750e-03 1.96365310e-03
-2.08430211e+03 7.73233830e+00 6.58830995e-03 1.96308086e-03
-2.08280208e+03 7.73153352e+00 6.58987278e-03 1.96052969e-03
-2.08130204e+03 7.73011594e+00 6.59261934e-03 1.95602870e-03
-2.07980200e+03 7.72819342e+00 6.59633342e-03 1.94991397e-03
-2.07830196e+03 7.72594851e+00 6.60065516e-03 1.94276572e-03
-2.07680193e+03 7.72360987e+00 6.60514028e-03 1.93531697e-03
-2.07530189e+03 7.72142082e+00 6.60932294e-03 1.92834751e-03
-2.07380185e+03 7.71960386e+00 6.61278341e-03 1.92256640e-03
-2.07230181e+03 7.71833029e+00 6.61520332e-03 1.91851623e-03
-2.07080178e+03 7.71769565e+00 6.61640826e-03 1.91649849e-03
-2.06930174e+03 7.71770882e+00 6.61638530e-03 1.91654034e-03
-2.06780170e+03 7.71828722e+00 6.61529097e-03 1.91837928e-03
-2.06630166e+03 7.71927328e+00 6.61342155e-03 1.92151496e-03
-2.06480163e+03 7.72044726e+00 6.61119154e-03 1.92524945e-03
-2.06330159e+03 7.72155206e+00 6.60908921e-03 1.92876522e-03
-2.06180155e+03 7.72232827e+00 6.60761066e-03 1.93123611e-03
-2.06030151e+03 7.72255004e+00 6.60718982e-03 1.93194215e-03
-2.05880148e+03 7.72205259e+00 6.60814229e-03 1.93035849e-03
-2.05730144e+03 7.72075789e+00 6.61061332e-03 1.92623782e-03
-2.05580140e+03 7.71868928e+00 6.61454874e-03 1.91965771e-03
-2.05430136e+03 7.71596400e+00 6.61971181e-03 1.91099402e-03
-2.05280133e+03 7.71277158e+00 6.62572932e-03 1.90084383e-03
-2.05130129e+03 7.70935298e+00 6.63213674e-03 1.88995157e-03
-2.04980125e+03 7.70596831e+00 6.63844334e-03 1.87911205e-03
-2.04830121e+03 7.70286572e+00 6.64419155e-03 1.86909439e-03
-2.04680118e+03 7.70024934e+00 6.64901450e-03 1.86056144e-03
-2.04530114e+03 7.69826017e+00 6.65266648e-03 1.85400917e-03
-2.04380110e+03 7.69697000e+00 6.65502895e-03 1.84972502e-03
-2.04230106e+03 7.69637044e+00 6.65612645e-03 1.84772421e-03
-2.04080103e+03 7.69639677e+00 6.65608134e-03 1.84781223e-03
-2.03930099e+03 7.69693011e+00 6.65511067e-03 1.84959210e-03
-2.03780095e+03 7.69782053e+00 6.65348593e-03 1.85255247e-03
-2.03630091e+03 7.69890304e+00 6.65150641e-03 1.85613349e-03
-2.03480088e+03 7.70001585e+00 6.64946724e-03 1.85979545e-03
-2.03330084e+03 7.70101156e+00 6.64763945e-03 1.86305664e-03
-2.03180080e+03 7.70177627e+00 6.64623418e-03 1.86555207e-03
-2.03030076e+03 7.70223145e+00 6.64539813e-03 1.86703381e-03
-2.02880073e+03 7.70233599e+00 6.64520851e-03 1.86737379e-03
-2.02730069e+03 7.70207874e+00 6.64568632e-03 1.86653700e-03
-2.02580065e+03 7.70146642e+00 6.64681823e-03 1.86454187e-03
-2.02430061e+03 7.70051251e+00 6.64857725e-03 1.86142388e-03
-2.02280058e+03 7.69923086e+00 6.65093468e-03 1.85721423e-03
-2.02130054e+03 7.69762721e+00 6.65387567e-03 1.85191090e-03
-2.01980050e+03 7.69571293e+00 6.65737409e-03 1.84552246e-03
-2.01830046e+03 7.69350702e+00 6.66138913e-03 1.83807467e-03
-2.01680043e+03 7.69105094e+00 6.66583885e-03 1.82966376e-03
-2.01530039e+03 7.68841546e+00 6.67058922e-03 1.82048923e-03
-2.01380035e+03 7.68570747e+00 6.67544373e-03 1.81089334e-03
-2.01230031e+03 7.68305813e+00 6.68016681e-03 1.80133595e-03
-2.01080028e+03 7.68060639e+00 6.68451431e-03 1.79234323e-03
-2.00930024e+03 7.67848399e+00 6.68825983e-03 1.78444688e-03
-2.00780020e+03 7.67679818e+00 6.69122332e-03 1.77810443e-03
-2.00630016e+03 7.67561228e+00 6.69330264e-03 1.77360726e-03
-2.00480013e+03 7.67494180e+00 6.69447762e-03 1.77105224e-03
-2.00330009e+03 7.67474558e+00 6.69482410e-03 1.77030285e-03
-2.00180005e+03 7.67493987e+00 6.69448932e-03 1.77104490e-03
-2.00030001e+03 7.67540184e+00 6.69368700e-03 1.77280628e-03
-1.99879997e+03 7.67598555e+00 6.69267095e-03 1.77502584e-03
-1.99729994e+03 7.67654196e+00 6.69170140e-03 1.77713520e-03
-1.99579990e+03 7.67693569e+00 6.69101580e-03 1.77862401e-03
-1.99429986e+03 7.67706382e+00 6.69079538e-03 1.77910782e-03
-1.99279982e+03 7.67686407e+00 6.69114966e-03 1.77835345e-03
-1.99129979e+03 7.67631571e+00 6.69211418e-03 1.77627825e-03
-1.98979975e+03 7.67543604e+00 6.69365646e-03 1.77293652e-03
-1.98829971e+03 7.67427472e+00 6.69568662e-03 1.76850161e-03
-1.98679967e+03 7.67290406e+00 6.69807517e-03 1.76323508e-03
-1.98529964e+03 7.67140306e+00 6.70068201e-03 1.75743052e-03
-1.98379960e+03 7.66985189e+00 6.70336654e-03 1.75139468e-03
-1.98229956e+03 7.66831999e+00 6.70600848e-03 1.74540060e-03
-1.98079952e+03 7.66686516e+00 6.70850917e-03 1.73968127e-03
-1.97929949e+03 7.66552335e+00 6.71080854e-03 1.73438630e-03
-1.97779945e+03 7.66431659e+00 6.71287090e-03 1.72961035e-03
-1.97629941e+03 7.66324781e+00 6.71469319e-03 1.72537122e-03
-1.97479937e+03 7.66229709e+00 6.71631095e-03 1.72159426e-03
-1.97329934e+03 7.66143726e+00 6.71777146e-03 1.71817427e-03
-1.97179930e+03 7.66063452e+00 6.71913268e-03 1.71497857e-03
-1.97029926e+03 7.65984953e+00 6.72046149e-03 1.71185138e-03
-1.96879922e+03 7.65904438e+00 6.72182176e-03 1.70864231e-03
-1.96729919e+03 7.65819168e+00 6.72325926e-03 1.70524257e-03
-1.96579915e+03 7.65727215e+00 6.72480583e-03 1.70157570e-03
-1.96429911e+03 7.65627842e+00 6.72647303e-03 1.69761300e-03
-1.96279907e+03 7.65521651e+00 6.72824994e-03 1.69337952e-03
-1.96129904e+03 7.65410556e+00 6.73010393e-03 1.68895269e-03
-1.95979900e+03 7.65297279e+00 6.73198921e-03 1.68444234e-03
-1.95829896e+03 7.65185263e+00 6.73384860e-03 1.67998650e-03
-1.95679892e+03 7.65077662e+00 6.73563028e-03 1.67571105e-03
-1.95529889e+03 7.64977173e+00 6.73729045e-03 1.67172300e-03
-1.95379885e+03 7.64885371e+00 6.73880413e-03 1.66808405e-03
-1.95229881e+03 7.64802804e+00 6.74016327e-03 1.66481501e-03
-1.95079877e+03 7.64728765e+00 6.74138034e-03 1.66188678e-03
-1.94929874e+03 7.64661350e+00 6.74248718e-03 1.65922317e-03
-1.94779870e+03 7.64597262e+00 6.74353806e-03 1.65669342e-03
-1.94629866e+03 7.64533026e+00 6.74458976e-03 1.65416021e-03
-1.94479862e+03 7.64464700e+00 6.74570636e-03 1.65146828e-03
-1.94329859e+03 7.64388827e+00 6.74694358e-03 1.64848210e-03
-1.94179855e+03 7.64302831e+00 6.74834245e-03 1.64510136e-03
-1.94029851e+03 7.64205562e+00 6.74992052e-03 1.64128226e-03
-1.93879847e+03 7.64097230e+00 6.75167310e-03 1.63703454e-03
-1.93729844e+03 7.63979445e+00 6.75357298e-03 1.63242243e-03
-1.93579840e+03 7.63854718e+00 6.75557862e-03 1.62754493e-03
-1.93429836e+03 7.63726701e+00 6.75763074e-03 1.62254456e-03
-1.93279832e+03 7.63599172e+00 6.75966874e-03 1.61756785e-03
-1.93129829e+03 7.63475835e+00 6.76163396e-03 1.61275775e-03
-1.92979825e+03 7.63359761e+00 6.76347838e-03 1.60823241e-03
-1.92829821e+03 7.63253305e+00 6.76516589e-03 1.60408221e-03
-1.92679817e+03 7.63157533e+00 6.76668089e-03 1.60034780e-03
-1.92529814e+03 7.63072109e+00 6.76802986e-03 1.59701569e-03
-1.92379810e+03 7.62995692e+00 6.76923487e-03 1.59403346e-03
-1.92229806e+03 7.62925793e+00 6.77033565e-03 1.59130410e-03
-1.92079802e+03 7.62859115e+00 6.77138426e-03 1.58869881e-03
-1.91929799e+03 7.62792016e+00 6.77243773e-03 1.58607519e-03
-1.91779795e+03 7.62720723e+00 6.77355476e-03 1.58328516e-03
-1.91629791e+03 7.62641840e+00 6.77478773e-03 1.58019479e-03
-1.91479787e+03 7.62552411e+00 6.77618172e-03 1.57668658e-03
-1.91329784e+03 7.62450504e+00 6.77776546e-03 1.57268197e-03
-1.91179780e+03 7.62335102e+00 6.77955308e-03 1.56813709e-03
-1.91029776e+03 7.62206093e+00 6.78154439e-03 1.56304231e-03
-1.90879772e+03 7.62064183e+00 6.78372645e-03 1.55741891e-03
-1.90729769e+03 7.61911016e+00 6.78607193e-03 1.55132467e-03
-1.90579765e+03 7.61748826e+00 6.78854479e-03 1.54484080e-03
-1.90429761e+03 7.61580450e+00 6.79110031e-03 1.53807380e-03
-1.90279757e+03 7.61408812e+00 6.79369318e-03 1.53113586e-03
-1.90129754e+03 7.61237062e+00 6.79627551e-03 1.52415142e-03
-1.89979750e+03 7.61068013e+00 6.79880533e-03 1.51723475e-03
-1.89829746e+03 7.60903821e+00 6.80125117e-03 1.51047656e-03
-1.89679742e+03 7.60746281e+00 6.80358753e-03 1.50395500e-03
-1.89529739e+03 7.60596019e+00 6.80580647e-03 1.49770156e-03
-1.89379735e+03 7.60453037e+00 6.80790931e-03 1.49172192e-03
-1.89229731e+03 7.60316482e+00 6.80990977e-03 1.48598567e-03
-1.89079727e+03 7.60184713e+00 6.81183281e-03 1.48042810e-03
-1.88929724e+03 7.60055814e+00 6.81370686e-03 1.47497175e-03
-1.88779720e+03 7.59927595e+00 6.81556396e-03 1.46952610e-03
-1.88629716e+03 7.59797884e+00 6.81743534e-03 1.46400045e-03
-1.88479712e+03 7.59664837e+00 6.81934711e-03 1.45831705e-03
-1.88329709e+03 7.59526944e+00 6.82132017e-03 1.45241216e-03
-1.88179705e+03 7.59383222e+00 6.82336755e-03 1.44624454e-03
-1.88029701e+03 7.59233398e+00 6.82549205e-03 1.43980377e-03
-1.87879697e+03 7.59077850e+00 6.82768716e-03 1.43310822e-03
-1.87729694e+03 7.58917337e+00 6.82994113e-03 1.42619355e-03
-1.87579690e+03 7.58753081e+00 6.83223600e-03 1.41911607e-03
-1.87429686e+03 7.58586475e+00 6.83455172e-03 1.41194009e-03
-1.87279682e+03 7.58419045e+00 6.83686682e-03 1.40473569e-03
-1.87129679e+03 7.58252115e+00 6.83916305e-03 1.39756390e-03
-1.86979675e+03 7.58087083e+00 6.84142153e-03 1.39048817e-03
-1.86829671e+03 7.57925256e+00 6.84362498e-03 1.38356699e-03
-1.86679667e+03 7.57767726e+00 6.84575939e-03 1.37684842e-03
-1.86529664e+03 7.57615434e+00 6.84781302e-03 1.37037285e-03
-1.86379660e+03 7.57469187e+00 6.84977612e-03 1.36417391e-03
-1.86229656e+03 7.57329682e+00 6.85164057e-03 1.35827953e-03
-1.86079652e+03 7.57197469e+00 6.85340029e-03 1.35271073e-03
-1.85929649e+03 7.57072929e+00 6.85505146e-03 1.34748098e-03
-1.85779645e+03 7.56956587e+00 6.85658838e-03 1.34260943e-03
-1.85629641e+03 7.56848781e+00 6.85800783e-03 1.33810727e-03
-1.85479637e+03 7.56750152e+00 6.85930259e-03 1.33399825e-03
-1.85329634e+03 7.56661137e+00 6.86046809e-03 1.33029775e-03
-1.85179630e+03 7.56582315e+00 6.86149787e-03 1.32702717e-03
-1.85029626e+03 7.56514352e+00 6.86238430e-03 1.32421168e-03
-1.84879622e+03 7.56457954e+00 6.86311916e-03 1.32187841e-03
-1.84729619e+03 7.56413661e+00 6.86369629e-03 1.32004786e-03
-1.84579615e+03 7.56382048e+00 6.86410892e-03 1.31874238e-03
-1.84429611e+03 7.56363671e+00 6.86435040e-03 1.31798386e-03
-1.84279607e+03 7.56359238e+00 6.86441191e-03 1.31780094e-03
-1.84129604e+03 7.56369235e+00 6.86428727e-03 1.31821349e-03
-1.83979600e+03 7.56394176e+00 6.86396969e-03 1.31924310e-03
-1.83829596e+03 7.56434394e+00 6.86345440e-03 1.32090454e-03
-1.83679592e+03 7.56490101e+00 6.86273797e-03 1.32320804e-03
-1.83529589e+03 7.56561418e+00 6.86181776e-03 1.32616104e-03
-1.83379585e+03 7.56648232e+00 6.86069391e-03 1.32976188e-03
-1.83229581e+03 7.56750397e+00 6.85936668e-03 1.33400846e-03
-1.83079577e+03 7.56867519e+00 6.85783935e-03 1.33888898e-03
-1.82929574e+03 7.56999033e+00 6.85611722e-03 1.34438518e-03
-1.82779570e+03 7.57144124e+00 6.85420871e-03 1.35046878e-03
-1.82629566e+03 7.57301784e+00 6.85212481e-03 1.35710301e-03
-1.82479562e+03 7.57470668e+00 6.84988100e-03 1.36423655e-03
-1.82329559e+03 7.57649263e+00 6.84749523e-03 1.37180952e-03
-1.82179555e+03 7.57835735e+00 6.84499008e-03 1.37974652e-03
-1.82029551e+03 7.58028184e+00 6.84238948e-03 1.38796703e-03
-1.81879547e+03 7.58224147e+00 6.83972566e-03 1.39636365e-03
-1.81729544e+03 7.58421177e+00 6.83703131e-03 1.40482738e-03
-1.81579540e+03 7.58616415e+00 6.83434572e-03 1.41322929e-03
-1.81429536e+03 7.58806870e+00 6.83171094e-03 1.42143363e-03
-1.81279532e+03 7.58989258e+00 6.82917405e-03 1.42929225e-03
-1.81129529e+03 7.59160236e+00 6.82678400e-03 1.43665543e-03
-1.80979525e+03 7.59316071e+00 6.82459607e-03 1.44335902e-03
-1.80829521e+03 7.59453072e+00 6.82266568e-03 1.44924357e-03
-1.80679517e+03 7.59567368e+00 6.82105131e-03 1.45414461e-03
-1.80529514e+03 7.59655017e+00 6.81981259e-03 1.45789702e-03
-1.80379510e+03 7.59711997e+00 6.81901008e-03 1.46033328e-03
-1.80229506e+03 7.59734263e+00 6.81870390e-03 1.46128458e-03
-1.80079502e+03 7.59717770e+00 6.81895289e-03 1.46057998e-03
-1.79929499e+03 7.59658514e+00 6.81981337e-03 1.45804662e-03
-1.79779495e+03 7.59552605e+00 6.82133739e-03 1.45351204e-03
-1.79629491e+03 7.59396187e+00 6.82357309e-03 1.44680140e-03
-1.79479487e+03 7.59185563e+00 6.82656224e-03 1.43774550e-03
-1.79329484e+03 7.58917173e+00 6.83033975e-03 1.42618645e-03
-1.79179480e+03 7.58587643e+00 6.83493222e-03 1.41199041e-03
-1.79029476e+03 7.58193616e+00 6.84035981e-03 1.39505393e-03
-1.78879472e+03 7.57732067e+00 6.84663121e-03 1.37533039e-03
-1.78729469e+03 7.57200092e+00 6.85374639e-03 1.35282103e-03
-1.78579465e+03 7.56594990e+00 6.86169488e-03 1.32755273e-03
-1.78429461e+03 7.55914212e+00 6.87045590e-03 1.29951085e-03
-1.78279457e+03 7.55155328e+00 6.87999721e-03 1.26854742e-03
-1.78129454e+03 7.54316122e+00 6.89027199e-03 1.23432521e-03
-1.77979450e+03 7.53394475e+00 6.90121860e-03 1.19638606e-03
-1.77829446e+03 7.52388354e+00 6.91276119e-03 1.15442881e-03
-1.77679442e+03 7.51295834e+00 6.92481374e-03 1.10868927e-03
-1.77529439e+03 7.50115007e+00 6.93728773e-03 1.06005017e-03
-1.77379435e+03 7.48844031e+00 6.95009422e-03 1.00951062e-03
-1.77229431e+03 7.47481095e+00 6.96313695e-03 9.57232432e-04
-1.77079427e+03 7.46024414e+00 6.97629987e-03 9.02298748e-04
-1.76929424e+03 7.44472169e+00 6.98944861e-03 8.44066184e-04
-1.76779420e+03 7.42822491e+00 7.00245434e-03 7.83758658e-04
-1.76629416e+03 7.41073509e+00 7.01521196e-03 7.23507897e-04
-1.76479412e+03 7.39223389e+00 7.02761922e-03 6.63513405e-04
-1.76329409e+03 7.37270224e+00 7.03954976e-03 6.02426217e-04
-1.76179405e+03 7.35212155e+00 7.05088156e-03 5.41187091e-04
-1.76029401e+03 7.33047381e+00 7.06153813e-03 4.82380773e-04
-1.75879397e+03 7.30774171e+00 7.07145196e-03 4.25706718e-04
-1.75729394e+03 7.28390933e+00 7.08053837e-03 3.70388282e-04
-1.75579390e+03 7.25896269e+00 7.08875571e-03 3.18727037e-04
-1.75429386e+03 7.23289051e+00 7.09609620e-03 2.71115819e-04
-1.75279382e+03 7.20568416e+00 7.10253976e-03 2.26671832e-04
-1.75129379e+03 7.17733869e+00 7.10810774e-03 1.87097027e-04
-1.74979375e+03 7.14785301e+00 7.11284454e-03 1.51992464e-04
-1.74829371e+03 7.11723049e+00 7.11679199e-03 1.21138301e-04
-1.74679367e+03 7.08547843e+00 7.12002716e-03 9.51522850e-05
-1.74529364e+03 7.05260920e+00 7.12262224e-03 7.30960273e-05
-1.74379360e+03 7.01863870e+00 7.12466166e-03 5.52198481e-05
-1.74229356e+03 6.98358715e+00 7.12623051e-03 4.07714968e-05
-1.74079352e+03 6.94747786e+00 7.12740913e-03 2.95132626e-05
-1.73929349e+03 6.91033751e+00 7.12827520e-03 2.08658125e-05
-1.73779345e+03 6.87219455e+00 7.12889547e-03 1.44317314e-05
-1.73629341e+03 6.83307877e+00 7.12932935e-03 9.73356499e-06
-1.73479337e+03 6.79302179e+00 7.12962483e-03 6.41571122e-06
-1.73329334e+03 6.75205471e+00 7.12982100e-03 4.11438792e-06
-1.73179330e+03 6.71020936e+00 7.12994773e-03 2.57748683e-06
-1.73029326e+03 6.66751674e+00 7.13002737e-03 1.56778627e-06
-1.72879322e+03 6.62400746e+00 7.13007608e-03 9.30473939e-07
-1.72729319e+03 6.57971101e+00 7.13010499e-03 5.36041228e-07
-1.72579315e+03 6.53465640e+00 7.13012168e-03 3.00356031e-07
-1.72429311e+03 6.48887126e+00 7.13013103e-03 1.63641026e-07
-1.72279307e+03 6.44238256e+00 7.13013612e-03 8.64037829e-08
-1.72129304e+03 6.39521611e+00 7.13013880e-03 4.43692926e-08
-1.71979300e+03 6.34739743e+00 7.13014017e-03 2.20828409e-08
-1.71829296e+03 6.29895045e+00 7.13014085e-03 1.06523018e-08
-1.71679292e+03 6.24989902e+00 7.13014118e-03 4.98949501e-09
-1.71529289e+03 6.20026585e+00 7.13014133e-03 2.26214306e-09
-1.71379285e+03 6.15007315e+00 7.13014140e-03 9.93615508e-10
-1.71229281e+03 6.09934291e+00 7.13014143e-03 4.23287410e-10
-1.71079277e+03 6.04809572e+00 7.13014144e-03 1.74488791e-10
-1.70929274e+03 5.99635256e+00 7.13014145e-03 6.96428674e-11
-1.70779270e+03 5.94413350e+00 7.13014145e-03 2.69459695e-11
-1.70629266e+03 5.89145775e+00 7.13014145e-03 1.00930233e-11
-1.70479262e+03 5.83834450e+00 7.13014145e-03 3.65973562e-12
-1.70329259e+03 5.78481246e+00 7.13014145e-03 1.28643107e-12
-1.70179255e+03 5.73087961e+00 7.13014145e-03 4.38282387e-13
-1.70029251e+03 5.67656378e+00 7.13014145e-03 1.44679316e-13
-1.69879247e+03 5.62188206e+00 7.13014145e-03 4.63263847e-14
-1.69729244e+03 5.56685118e+00 7.13014145e-03 1.44026713e-14
-1.69579240e+03 5.51148742e+00 7.13014145e-03 4.34846094e-15
-1.69429236e+03 5.45580654e+00 7.13014145e-03 1.27592631e-15
-1.69279232e+03 5.39982410e+00 7.13014145e-03 3.64370952e-16
-1.69129229e+03 5.34355547e+00 7.13014145e-03 1.01398667e-16
-1.68979225e+03 5.28701523e+00 7.13014145e-03 2.75263581e-17
-1.68829221e+03 5.23021791e+00 7.13014145e-03 7.30024356e-18
-1.68679217e+03 5.17317777e+00 7.13014145e-03 1.89495122e-18
-1.68529214e+03 5.11590903e+00 7.13014145e-03 4.82296586e-19
-1.68379210e+03 5.05842522e+00 7.13014145e-03 1.20572829e-19
-1.68229206e+03 5.00074005e+00 7.13014145e-03 2.96646699e-20
-1.68079202e+03 4.94286711e+00 7.13014145e-03 7.19716522e-21
-1.67929199e+03 4.88481914e+00 7.13014145e-03 1.72523014e-21
-1.67779195e+03 4.82661002e+00 7.13014145e-03 4.09335858e-22
-1.67629191e+03 4.76825236e+00 7.13014145e-03 9.62893798e-23
-1.67479187e+03 4.70975927e+00 7.13014145e-03 2.24906996e-23
-1.67329184e+03 4.65114320e+00 7.13014145e-03 5.22301153e-24
-1.67179180e+03 4.59241723e+00 7.13014145e-03 1.20730305e-24
-1.67029176e+03 4.53359349e+00 7.13014145e-03 2.78024518e-25
-1.66879172e+03 4.47468467e+00 7.13014145e-03 6.38342243e-26
-1.66729169e+03 4.41570288e+00 7.13014145e-03 1.46216480e-26
-1.66579165e+03 4.35666010e+00 7.13014145e-03 3.34297556e-27
-1.66429161e+03 4.29756831e+00 7.13014145e-03 7.63226389e-28
-1.66279157e+03 4.23843913e+00 7.13014145e-03 1.74068321e-28
-1.66129154e+03 4.17928416e+00 7.13014145e-03 3.96716128e-29
-1.65979150e+03 4.12011485e+00 7.13014145e-03 9.03796398e-30
-1.65829146e+03 4.06094259e+00 7.13014145e-03 2.05884030e-30
-1.65679142e+03 4.00177847e+00 7.13014145e-03 4.69101627e-31
-1.65529139e+03 3.94263397e+00 7.13014145e-03 1.06969728e-31
-1.65379135e+03 3.88351988e+00 7.13014145e-03 2.45602478e-32
-1.65229131e+03 3.82444797e+00 7.13014145e-03 6.29846805e-33
-1.65079127e+03 3.76542943e+00 7.13014145e-03 4.45591851e-33
-1.64929124e+03 3.70647575e+00 7.13014145e-03 1.41844100e-32
-1.64779120e+03 3.64759915e+00 7.13014145e-03 6.06050407e-32
-1.64629116e+03 3.58881102e+00 7.13014145e-03 2.63231051e-31
-1.64479112e+03 3.53012399e+00 7.13014145e-03 1.14155614e-30
-1.64329109e+03 3.47155011e+00 7.13014145e-03 4.93684179e-30
-1.64179105e+03 3.41310190e+00 7.13014145e-03 2.12829985e-29
-1.64029101e+03 3.35479164e+00 7.13014145e-03 9.14341872e-29
-1.63879097e+03 3.29663179e+00 7.13014145e-03 3.91320198e-28
-1.63729094e+03 3.23863528e+00 7.13014145e-03 1.66781262e-27
-1.63579090e+03 3.18081426e+00 7.13014145e-03 7.07611360e-27
-1.63429086e+03 3.12318122e+00 7.13014145e-03 2.98741599e-26
-1.63279082e+03 3.06574821e+00 7.13014145e-03 1.25444430e-25
-1.63129079e+03 3.00852747e+00 7.13014145e-03 5.23633293e-25
-1.62979075e+03 2.95153084e+00 7.13014145e-03 2.17144841e-24
-1.62829071e+03 2.89477041e+00 7.13014145e-03 8.93903169e-24
-1.62679067e+03 2.83825782e+00 7.13014145e-03 3.64976610e-23
-1.62529064e+03 2.78200516e+00 7.13014145e-03 1.47642368e-22
-1.62379060e+03 2.72602415e+00 7.13014145e-03 5.91020678e-22
-1.62229056e+03 2.67032703e+00 7.13014145e-03 2.33807880e-21
-1.62079052e+03 2.61492610e+00 7.13014145e-03 9.12727254e-21
-1.61929049e+03 2.55983382e+00 7.13014145e-03 3.51029460e-20
-1.61779045e+03 2.50506312e+00 7.13014145e-03 1.32787339e-19
-1.61629041e+03 2.45062699e+00 7.13014145e-03 4.93302350e-19
-1.61479037e+03 2.39653881e+00 7.13014145e-03 1.79681972e-18
-1.61329034e+03 2.34281252e+00 7.13014145e-03 6.40617620e-18
-1.61179030e+03 2.28946210e+00 7.13014145e-03 2.23271785e-17
-1.61029026e+03 2.23650228e+00 7.13014145e-03 7.59812605e-17
-1.60879022e+03 2.18394785e+00 7.13014145e-03 2.52097255e-16
-1.60729019e+03 2.13181385e+00 7.13014145e-03 8.14634467e-16
-1.60579015e+03 2.08011574e+00 7.13014145e-03 2.56274566e-15
-1.60429011e+03 2.02886942e+00 7.13014145e-03 7.83967218e-15
-1.60279007e+03 1.97809123e+00 7.13014145e-03 2.32985886e-14
-1.60129004e+03 1.92779728e+00 7.13014145e-03 6.72886467e-14
-1.59979000e+03 1.87800480e+00 7.13014145e-03 1.88694645e-13
-1.59828996e+03 1.82873085e+00 7.13014145e-03 5.13344117e-13
-1.59678992e+03 1.77999272e+00 7.13014145e-03 1.35629688e-12
-1.59528989e+03 1.73180859e+00 7.13014145e-03 3.47669488e-12
-1.59378985e+03 1.68419670e+00 7.13014145e-03 8.64272517e-12
-1.59228981e+03 1.63717574e+00 7.13014145e-03 2.08704599e-11
-1.59078977e+03 1.59076502e+00 7.13014145e-03 4.88682493e-11
-1.58928974e+03 1.54498459e+00 7.13014146e-03 1.11076057e-10
-1.58778970e+03 1.49985486e+00 7.13014147e-03 2.45289536e-10
-1.58628966e+03 1.45539688e+00 7.13014148e-03 5.25257275e-10
-1.58478962e+03 1.41163205e+00 7.13014152e-03 1.09421361e-09
-1.58328959e+03 1.36858351e+00 7.13014160e-03 2.21202535e-09
-1.58178955e+03 1.32627387e+00 7.13014175e-03 4.34919225e-09
-1.58028951e+03 1.28472718e+00 7.13014203e-03 8.31539428e-09
-1.57878947e+03 1.24396804e+00 7.13014256e-03 1.54535369e-08
-1.57728944e+03 1.20402158e+00 7.13014349e-03 2.79849595e-08
-1.57578940e+03 1.16491346e+00 7.13014513e-03 4.92581452e-08
-1.57428936e+03 1.12666926e+00 7.13014789e-03 8.46221787e-08
-1.57278932e+03 1.08931480e+00 7.13015245e-03 1.41387210e-07
-1.57128929e+03 1.05287580e+00 7.13015976e-03 2.30854452e-07
-1.56978925e+03 1.01737605e+00 7.13017120e-03 3.67020382e-07
-1.56828921e+03 9.82838871e-01 7.13018864e-03 5.70724921e-07
-1.56678917e+03 9.49285134e-01 7.13021459e-03 8.65897819e-07
-1.56528914e+03 9.16733910e-01 7.13025223e-03 1.28496038e-06
-1.56378910e+03 8.85200826e-01 7.13030564e-03 1.86670200e-06
-1.56228906e+03 8.54698831e-01 7.13037957e-03 2.65016126e-06
-1.56078902e+03 8.25236622e-01 7.13047985e-03 3.69627403e-06
-1.55928899e+03 7.96819576e-01 7.13061286e-03 5.04303636e-06
-1.55778895e+03 7.69449278e-01 7.13078568e-03 6.75931474e-06
-1.55628891e+03 7.43123425e-01 7.13100622e-03 8.90910526e-06
-1.55478887e+03 7.17836388e-01 7.13128189e-03 1.15151754e-05
-1.55328884e+03 6.93579379e-01 7.13162057e-03 1.46669892e-05
-1.55178880e+03 6.70340621e-01 7.13203020e-03 1.84118584e-05
-1.55028876e+03 6.48106436e-01 7.13251680e-03 2.27266143e-05
-1.54878872e+03 6.26860922e-01 7.13308592e-03 2.76830969e-05
-1.54728869e+03 6.06587302e-01 7.13374302e-03 3.33411071e-05
-1.54578865e+03 5.87267327e-01 7.13449068e-03 3.96187431e-05
-1.54428861e+03 5.68882609e-01 7.13532885e-03 4.64674941e-05
-1.54278857e+03 5.51414478e-01 7.13625719e-03 5.39559137e-05
-1.54128854e+03 5.34844489e-01 7.13727421e-03 6.20838008e-05
-1.53978850e+03 5.19154346e-01 7.13837493e-03 7.07024430e-05
-1.53828846e+03 5.04325348e-01 7.13955130e-03 7.96715462e-05
-1.53678842e+03 4.90340230e-01 7.14079424e-03 8.89711595e-05
-1.53528839e+03 4.77180899e-01 7.14209462e-03 9.86211323e-05
-1.53378835e+03 4.64830449e-01 7.14344187e-03 1.08553904e-04
-1.53228831e+03 4.53272134e-01 7.14482318e-03 1.18604816e-04
-1.53078827e+03 4.42488579e-01 7.14622399e-03 1.28597628e-04
-1.52928824e+03 4.32462352e-01 7.14762920e-03 1.38416005e-04
-1.52778820e+03 4.23175810e-01 7.14902418e-03 1.48007903e-04
-1.52628816e+03 4.14611037e-01 7.15039505e-03 1.57345408e-04
-1.52478812e+03 4.06749171e-01 7.15172870e-03 1.66387125e-04
-1.52328809e+03 3.99570408e-01 7.15301272e-03 1.75065740e-04
-1.52178805e+03 3.93053538e-01 7.15423555e-03 1.83298335e-04
-1.52028801e+03 3.87177206e-01 7.15538656e-03 1.91002001e-04
-1.51878797e+03 3.81917515e-01 7.15645683e-03 1.98110334e-04
-1.51728794e+03 3.77250179e-01 7.15743894e-03 2.04576508e-04
-1.51578790e+03 3.73148527e-01 7.15832759e-03 2.10375730e-04
-1.51428786e+03 3.69584079e-01 7.15911953e-03 2.15501303e-04
-1.51278782e+03 3.66527260e-01 7.15981338e-03 2.19959853e-04
-1.51128779e+03 3.63946966e-01 7.16040962e-03 2.23768882e-04
-1.50978775e+03 3.61809571e-01 7.16091077e-03 2.26956216e-04
-1.50828771e+03 3.60080635e-01 7.16132082e-03 2.29556222e-04
-1.50678767e+03 3.58724539e-01 7.16164514e-03 2.31609492e-04
-1.50528764e+03 3.57704784e-01 7.16189031e-03 2.33161755e-04
-1.50378760e+03 3.56983718e-01 7.16206393e-03 2.34263702e-04
-1.50228756e+03 3.56523209e-01 7.16217437e-03 2.34969370e-04
-1.50078752e+03 3.56286217e-01 7.16223015e-03 2.35333112e-04
-1.49928749e+03 3.56235318e-01 7.16224023e-03 2.35411285e-04
-1.49778745e+03 3.56335129e-01 7.16221328e-03 2.35258008e-04
-1.49628741e+03 3.56551041e-01 7.16215785e-03 2.34926679e-04
-1.49478737e+03 3.56851087e-01 7.16208189e-03 2.34466788e-04
-1.49328734e+03 3.57205201e-01 7.16199287e-03 2.33924841e-04
-1.49178730e+03 3.57587095e-01 7.16189728e-03 2.33341363e-04
-1.49028726e+03 3.57974119e-01 7.16180067e-03 2.32751079e-04
-1.48878722e+03 3.58346369e-01 7.16170789e-03 2.32184307e-04
-1.48728719e+03 3.58687132e-01 7.16162293e-03 2.31666307e-04
-1.48578715e+03 3.58982503e-01 7.16154911e-03 2.31217951e-04
-1.48428711e+03 3.59221726e-01 7.16148895e-03 2.30855258e-04
-1.48278707e+03 3.59396701e-01 7.16144434e-03 2.30590219e-04
-1.48128704e+03 3.59501792e-01 7.16141658e-03 2.30431134e-04
-1.47978700e+03 3.59533587e-01 7.16140644e-03 2.30383018e-04
-1.47828696e+03 3.59488962e-01 7.16141467e-03 2.30450552e-04
-1.47678692e+03 3.59367154e-01 7.16144146e-03 2.30634959e-04
-1.47528689e+03 3.59167106e-01 7.16148711e-03 2.30938035e-04
-1.47378685e+03 3.58886646e-01 7.16155222e-03 2.31363391e-04
-1.47228681e+03 3.58525891e-01 7.16163685e-03 2.31911313e-04
-1.47078677e+03 3.58083174e-01 7.16174154e-03 2.32584938e-04
-1.46928674e+03 3.57558219e-01 7.16186653e-03 2.33385445e-04
-1.46778670e+03 3.56950114e-01 7.16201224e-03 2.34315145e-04
-1.46628666e+03 3.56259207e-01 7.16217883e-03 2.35374594e-04
-1.46478662e+03 3.55484579e-01 7.16236679e-03 2.36566464e-04
-1.46328659e+03 3.54626492e-01 7.16257636e-03 2.37891810e-04
-1.46178655e+03 3.53685685e-01 7.16280770e-03 2.39351135e-04
-1.46028651e+03 3.52663175e-01 7.16306095e-03 2.40944704e-04
-1.45878647e+03 3.51560436e-01 7.16333612e-03 2.42672259e-04
-1.45728644e+03 3.50380162e-01 7.16363297e-03 2.44531800e-04
-1.45578640e+03 3.49125683e-01 7.16395111e-03 2.46520465e-04
-1.45428636e+03 3.47801678e-01 7.16428979e-03 2.48633347e-04
-1.45278632e+03 3.46412709e-01 7.16464830e-03 2.50865761e-04
-1.45128629e+03 3.44964640e-01 7.16502557e-03 2.53210925e-04
-1.44978625e+03 3.43463362e-01 7.16542047e-03 2.55661928e-04
-1.44828621e+03 3.41916052e-01 7.16583152e-03 2.58209590e-04
-1.44678617e+03 3.40329239e-01 7.16625735e-03 2.60845551e-04
-1.44528614e+03 3.38710416e-01 7.16669626e-03 2.63559541e-04
-1.44378610e+03 3.37066032e-01 7.16714677e-03 2.66342644e-04
-1.44228606e+03 3.35401532e-01 7.16760763e-03 2.69187273e-04
-1.44078602e+03 3.33724098e-01 7.16807702e-03 2.72082431e-04
-1.43928599e+03 3.32038671e-01 7.16855371e-03 2.75020503e-04
-1.43778595e+03 3.30351503e-01 7.16903599e-03 2.77991125e-04
-1.43628591e+03 3.28666820e-01 7.16952270e-03 2.80987013e-04
-1.43478587e+03 3.26988175e-01 7.17001281e-03 2.84001686e-04
-1.43328584e+03 3.25319665e-01 7.17050510e-03 2.87027319e-04
-1.43178580e+03 3.23663752e-01 7.17099878e-03 2.90058703e-04
-1.43028576e+03 3.22023327e-01 7.17149287e-03 2.93089575e-04
-1.42878572e+03 3.20399856e-01 7.17198685e-03 2.96116073e-04
-1.42728569e+03 3.18796747e-01 7.17247951e-03 2.99130519e-04
-1.42578565e+03 3.17214394e-01 7.17297059e-03 3.02130722e-04
-1.42428561e+03 3.15652916e-01 7.17345990e-03 3.05114980e-04
-1.42278557e+03 3.14113342e-01 7.17394694e-03 3.08079834e-04
-1.42128554e+03 3.12595153e-01 7.17443171e-03 3.11024800e-04
-1.41978550e+03 3.11097964e-01 7.17491418e-03 3.13949189e-04
-1.41828546e+03 3.09620260e-01 7.17539468e-03 3.16854606e-04
-1.41678542e+03 3.08162676e-01 7.17587285e-03 3.19738517e-04
-1.41528539e+03 3.06725715e-01 7.17634836e-03 3.22598672e-04
-1.41378535e+03 3.05309289e-01 7.17682110e-03 3.25434057e-04
-1.41228531e+03 3.03912763e-01 7.17729111e-03 3.28244821e-04
-1.41078527e+03 3.02535461e-01 7.17775847e-03 3.31031308e-04
-1.40928524e+03 3.01177093e-01 7.17822315e-03 3.33793161e-04
-1.40778520e+03 2.99837321e-01 7.17868512e-03 3.36530212e-04
-1.40628516e+03 2.98514004e-01 7.17914499e-03 3.39246075e-04
-1.40478512e+03 2.97207922e-01 7.17960236e-03 3.41938481e-04
-1.40328509e+03 2.95918536e-01 7.18005731e-03 3.44607920e-04
-1.40178505e+03 2.94644628e-01 7.18051014e-03 3.47256384e-04
-1.40028501e+03 2.93386688e-01 7.18096057e-03 3.49882384e-04
-1.39878497e+03 2.92143360e-01 7.18140899e-03 3.52488341e-04
-1.39728494e+03 2.90914268e-01 7.18185542e-03 3.55074702e-04
-1.39578490e+03 2.89699173e-01 7.18229987e-03 3.57641677e-04
-1.39428486e+03 2.88497512e-01 7.18274243e-03 3.60190215e-04
-1.39278482e+03 2.87308897e-01 7.18318317e-03 3.62720935e-04
-1.39128479e+03 2.86131606e-01 7.18362265e-03 3.65237361e-04
-1.38978475e+03 2.84966735e-01 7.18406038e-03 3.67737040e-04
-1.38828471e+03 2.83814291e-01 7.18449627e-03 3.70219848e-04
-1.38678467e+03 2.82673521e-01 7.18493054e-03 3.72687330e-04
-1.38528464e+03 2.81543071e-01 7.18536363e-03 3.75142380e-04
-1.38378460e+03 2.80422387e-01 7.18579570e-03 3.77586193e-04
-1.38228456e+03 2.79311106e-01 7.18622683e-03 3.80019580e-04
-1.38078452e+03 2.78208658e-01 7.18665719e-03 3.82443826e-04
-1.37928449e+03 2.77113841e-01 7.18708721e-03 3.84861628e-04
-1.37778445e+03 2.76027693e-01 7.18751642e-03 3.87270764e-04
-1.37628441e+03 2.74950300e-01 7.18794473e-03 3.89671082e-04
-1.37478437e+03 2.73879899e-01 7.18837283e-03 3.92066577e-04
-1.37328434e+03 2.72816806e-01 7.18880053e-03 3.94456614e-04
-1.37178430e+03 2.71760752e-01 7.18922790e-03 3.96841872e-04
-1.37028426e+03 2.70711044e-01 7.18965520e-03 3.99223984e-04
-1.36878422e+03 2.69667051e-01 7.19008265e-03 4.01604465e-04
-1.36728419e+03 2.68629325e-01 7.19051000e-03 4.03982129e-04
-1.36578415e+03 2.67597390e-01 7.19093741e-03 4.06358114e-04
-1.36428411e+03 2.66571421e-01 7.19136477e-03 4.08732065e-04
-1.36278407e+03 2.65550052e-01 7.19179265e-03 4.11107188e-04
-1.36128404e+03 2.64534464e-01 7.19222050e-03 4.13480768e-04
-1.35978400e+03 2.63522246e-01 7.19264935e-03 4.15858474e-04
-1.35828396e+03 2.62514912e-01 7.19307851e-03 4.18236783e-04
-1.35678392e+03 2.61512341e-01 7.19350803e-03 4.20615966e-04
-1.35528389e+03 2.60514571e-01 7.19393787e-03 4.22995902e-04
-1.35378385e+03 2.59521511e-01 7.19436803e-03 4.25376756e-04
-1.35228381e+03 2.58532198e-01 7.19479893e-03 4.27760789e-04
-1.35078377e+03 2.57548306e-01 7.19522981e-03 4.30143876e-04
-1.34928374e+03 2.56567932e-01 7.19566148e-03 4.32530528e-04
-1.34778370e+03 2.55591875e-01 7.19609357e-03 4.34918693e-04
-1.34628366e+03 2.54616942e-01 7.19652751e-03 4.37316109e-04
-1.34478362e+03 2.53644924e-01 7.19696249e-03 4.39718300e-04
-1.34328359e+03 2.52675545e-01 7.19739862e-03 4.42125827e-04
-1.34178355e+03 2.51710383e-01 7.19783516e-03 4.44534611e-04
-1.34028351e+03 2.50748641e-01 7.19827247e-03 4.46946447e-04
-1.33878347e+03 2.49790247e-01 7.19871056e-03 4.49361318e-04
-1.33728344e+03 2.48834997e-01 7.19914952e-03 4.51779533e-04
-1.33578340e+03 2.47884546e-01 7.19958855e-03 4.54196657e-04
-1.33428336e+03 2.46939267e-01 7.20002745e-03 4.56611444e-04
-1.33278332e+03 2.45998362e-01 7.20046658e-03 4.59025634e-04
-1.33128329e+03 2.45059930e-01 7.20090681e-03 4.61443842e-04
-1.32978325e+03 2.44122366e-01 7.20134890e-03 4.63869986e-04
-1.32828321e+03 2.43187886e-01 7.20179178e-03 4.66298093e-04
-1.32678317e+03 2.42257038e-01 7.20223519e-03 4.68726448e-04
-1.32528314e+03 2.41329080e-01 7.20267945e-03 4.71156698e-04
-1.32378310e+03 2.40405303e-01 7.20312393e-03 4.73585153e-04
-1.32228306e+03 2.39486074e-01 7.20356842e-03 4.76010513e-04
-1.32078302e+03 2.38570657e-01 7.20401325e-03 4.78434394e-04
-1.31928299e+03 2.37659385e-01 7.20445825e-03 4.80855595e-04
-1.31778295e+03 2.36751742e-01 7.20490364e-03 4.83275162e-04
-1.31628291e+03 2.35846030e-01 7.20535025e-03 4.85697342e-04
-1.31478287e+03 2.34944103e-01 7.20579714e-03 4.88116888e-04
-1.31328284e+03 2.34044501e-01 7.20624503e-03 4.90537430e-04
-1.31178280e+03 2.33149323e-01 7.20669284e-03 4.92953034e-04
-1.31028276e+03 2.32257853e-01 7.20714091e-03 4.95365337e-04
-1.30878272e+03 2.31371219e-01 7.20758863e-03 4.97770990e-04
-1.30728269e+03 2.30487753e-01 7.20803684e-03 5.00174244e-04
-1.30578265e+03 2.29608812e-01 7.20848482e-03 5.02571147e-04
-1.30428261e+03 2.28733624e-01 7.20893293e-03 5.04963546e-04
-1.30278257e+03 2.27861997e-01 7.20938126e-03 5.07351734e-04
-1.30128254e+03 2.26994555e-01 7.20982946e-03 5.09733769e-04
-1.29978250e+03 2.26129362e-01 7.21027852e-03 5.12114773e-04
-1.29828246e+03 2.25266889e-01 7.21072818e-03 5.14493267e-04
-1.29678242e+03 2.24406836e-01 7.21117858e-03 5.16869918e-04
-1.29528239e+03 2.23551405e-01 7.21162853e-03 5.19238471e-04
-1.29378235e+03 2.22700464e-01 7.21207808e-03 5.21599120e-04
-1.29228231e+03 2.21855435e-01 7.21252643e-03 5.23947760e-04
-1.29078227e+03 2.21013497e-01 7.21297507e-03 5.26292086e-04
-1.28928224e+03 2.20175511e-01 7.21342352e-03 5.28629595e-04
-1.28778220e+03 2.19341000e-01 7.21387200e-03 5.30961519e-04
-1.28628216e+03 2.18509888e-01 7.21432054e-03 5.33287986e-04
-1.28478212e+03 2.17682352e-01 7.21476903e-03 5.35608435e-04
-1.28328209e+03 2.16857612e-01 7.21521786e-03 5.37925001e-04
-1.28178205e+03 2.16034840e-01 7.21566749e-03 5.40239978e-04
-1.28028201e+03 2.15214319e-01 7.21611775e-03 5.42552566e-04
-1.27878197e+03 2.14397631e-01 7.21656774e-03 5.44858290e-04
-1.27728194e+03 2.13586365e-01 7.21701654e-03 5.47152640e-04
-1.27578190e+03 2.12781353e-01 7.21746366e-03 5.49433230e-04
-1.27428186e+03 2.11981468e-01 7.21790968e-03 5.51703233e-04
-1.27278182e+03 2.11185582e-01 7.21835523e-03 5.53965858e-04
-1.27128179e+03 2.10394193e-01 7.21879999e-03 5.56219703e-04
-1.26978175e+03 2.09604533e-01 7.21924552e-03 5.58472695e-04
-1.26828171e+03 2.08815502e-01 7.21969245e-03 5.60728050e-04
-1.26678167e+03 2.08028705e-01 7.22013985e-03 5.62981268e-04
-1.26528164e+03 2.07244756e-01 7.22058735e-03 5.65230662e-04
-1.26378160e+03 2.06465570e-01 7.22103382e-03 5.67470794e-04
-1.26228156e+03 2.05690135e-01 7.22147983e-03 5.69704622e-04
-1.26078152e+03 2.04919239e-01 7.22192489e-03 5.71929937e-04
-1.25928149e+03 2.04151067e-01 7.22237005e-03 5.74152044e-04
-1.25778145e+03 2.03384674e-01 7.22281585e-03 5.76373777e-04
-1.25628141e+03 2.02622353e-01 7.22326092e-03 5.78588567e-04
-1.25478137e+03 2.01863747e-01 7.22370545e-03 5.80797523e-04
-1.25328134e+03 2.01107135e-01 7.22415046e-03 5.83005741e-04
-1.25178130e+03 2.00352335e-01 7.22459603e-03 5.85213859e-04
-1.25028126e+03 1.99601886e-01 7.22504064e-03 5.87414530e-04
-1.24878122e+03 1.98858065e-01 7.22548288e-03 5.89601105e-04
-1.24728119e+03 1.98120225e-01 7.22592311e-03 5.91775486e-04
-1.24578115e+03 1.97386079e-01 7.22636269e-03 5.93944452e-04
-1.24428111e+03 1.96656127e-01 7.22680129e-03 5.96106570e-04
-1.24278107e+03 1.95928444e-01 7.22724006e-03 5.98267598e-04
-1.24128104e+03 1.95201361e-01 7.22768003e-03 6.00432592e-04
-1.23978100e+03 1.94475076e-01 7.22812107e-03 6.02601072e-04
-1.23828096e+03 1.93748691e-01 7.22856374e-03 6.04775835e-04
-1.23678092e+03 1.93023197e-01 7.22900742e-03 6.06954030e-04
-1.23528089e+03 1.92300011e-01 7.22945123e-03 6.09131475e-04
-1.23378085e+03 1.91580745e-01 7.22989416e-03 6.11303355e-04
-1.23228081e+03 1.90867537e-01 7.23033484e-03 6.13463186e-04
-1.23078077e+03 1.90159824e-01 7.23077358e-03 6.15612622e-04
-1.22928074e+03 1.89455836e-01 7.23121149e-03 6.17757013e-04
-1.22778070e+03 1.88756026e-01 7.23164824e-03 6.19894954e-04
-1.22628066e+03 1.88058261e-01 7.23208518e-03 6.22032963e-04
-1.22478062e+03 1.87363679e-01 7.23252157e-03 6.24167550e-04
-1.22328059e+03 1.86672886e-01 7.23295701e-03 6.26296828e-04
-1.22178055e+03 1.85983378e-01 7.23339308e-03 6.28428502e-04
-1.22028051e+03 1.85296304e-01 7.23382905e-03 6.30559023e-04
-1.21878047e+03 1.84614029e-01 7.23426336e-03 6.32681004e-04
-1.21728044e+03 1.83935792e-01 7.23469649e-03 6.34796727e-04
-1.21578040e+03 1.83257886e-01 7.23513083e-03 6.36917726e-04
-1.21428036e+03 1.82579213e-01 7.23556710e-03 6.39047467e-04
-1.21278032e+03 1.81901061e-01 7.23600447e-03 6.41181933e-04
-1.21128029e+03 1.81224934e-01 7.23644194e-03 6.43316368e-04
-1.20978025e+03 1.80551236e-01 7.23687924e-03 6.45449438e-04
-1.20828021e+03 1.79879399e-01 7.23731673e-03 6.47582877e-04
-1.20678017e+03 1.79212196e-01 7.23775257e-03 6.49707782e-04
-1.20528014e+03 1.78549955e-01 7.23818651e-03 6.51822963e-04
-1.20378010e+03 1.77892485e-01 7.23861865e-03 6.53928874e-04
-1.20228006e+03 1.77240796e-01 7.23904829e-03 6.56022110e-04
-1.20078002e+03 1.76591145e-01 7.23947790e-03 6.58114559e-04
-1.19927998e+03 1.75943637e-01 7.23990742e-03 6.60205787e-04
-1.19777995e+03 1.75297457e-01 7.24033738e-03 6.62298342e-04
-1.19627991e+03 1.74652415e-01 7.24076790e-03 6.64392752e-04
-1.19477987e+03 1.74007067e-01 7.24119997e-03 6.66493647e-04
-1.19327983e+03 1.73363700e-01 7.24163203e-03 6.68593500e-04
-1.19177980e+03 1.72723761e-01 7.24206307e-03 6.70687456e-04
-1.19027976e+03 1.72087662e-01 7.24249280e-03 6.72774014e-04
-1.18877972e+03 1.71456023e-01 7.24292077e-03 6.74850962e-04
-1.18727968e+03 1.70825543e-01 7.24334923e-03 6.76929019e-04
-1.18577965e+03 1.70195820e-01 7.24377845e-03 6.79009408e-04
-1.18427961e+03 1.69567058e-01 7.24420830e-03 6.81091353e-04
-1.18277957e+03 1.68941405e-01 7.24463728e-03 6.83167615e-04
-1.18127953e+03 1.68319946e-01 7.24506460e-03 6.85234422e-04
-1.17977950e+03 1.67703348e-01 7.24548977e-03 6.87289371e-04
-1.17827946e+03 1.67090704e-01 7.24591340e-03 6.89335308e-04
-1.17677942e+03 1.66481570e-01 7.24633579e-03 6.91373546e-04
-1.17527938e+03 1.65876773e-01 7.24675633e-03 6.93401154e-04
-1.17377935e+03 1.65275271e-01 7.24717574e-03 6.95421457e-04
-1.17227931e+03 1.64676731e-01 7.24759423e-03 6.97435424e-04
-1.17077927e+03 1.64081413e-01 7.24801161e-03 6.99442037e-04
-1.16927923e+03 1.63488919e-01 7.24842814e-03 7.01442490e-04
-1.16777920e+03 1.62898391e-01 7.24884441e-03 7.03439547e-04
-1.16627916e+03 1.62305003e-01 7.24926391e-03 7.05449449e-04
-1.16477912e+03 1.61708676e-01 7.24968669e-03 7.07472407e-04
-1.16327908e+03 1.61112783e-01 7.25011034e-03 7.09496909e-04
-1.16177905e+03 1.60518496e-01 7.25053401e-03 7.11518857e-04
-1.16027901e+03 1.59926830e-01 7.25095695e-03 7.13534677e-04
-1.15877897e+03 1.59337191e-01 7.25137957e-03 7.15546267e-04
-1.15727893e+03 1.58751690e-01 7.25180033e-03 7.17546290e-04
-1.15577890e+03 1.58169966e-01 7.25221946e-03 7.19535841e-04
-1.15427886e+03 1.57590010e-01 7.25263842e-03 7.21521666e-04
-1.15277882e+03 1.57012541e-01 7.25305667e-03 7.23501193e-04
-1.15127878e+03 1.56434844e-01 7.25347621e-03 7.25483636e-04
-1.14977875e+03 1.55854098e-01 7.25389912e-03 7.27478608e-04
-1.14827871e+03 1.55271818e-01 7.25432431e-03 7.29480852e-04
-1.14677867e+03 1.54691829e-01 7.25474893e-03 7.31477127e-04
-1.14527863e+03 1.54117185e-01 7.25517068e-03 7.33456808e-04
-1.14377860e+03 1.53547106e-01 7.25559012e-03 7.35422466e-04
-1.14227856e+03 1.52982682e-01 7.25600640e-03 7.37370226e-04
-1.14077852e+03 1.52424027e-01 7.25641941e-03 7.39299584e-04
-1.13927848e+03 1.51869429e-01 7.25683040e-03 7.41216350e-04
-1.13777845e+03 1.51317077e-01 7.25724073e-03 7.43126709e-04
-1.13627841e+03 1.50764796e-01 7.25765203e-03 7.45038111e-04
-1.13477837e+03 1.50214317e-01 7.25806298e-03 7.46944517e-04
-1.13327833e+03 1.49668027e-01 7.25847176e-03 7.48837586e-04
-1.13177830e+03 1.49128164e-01 7.25887664e-03 7.50709491e-04
-1.13027826e+03 1.48597422e-01 7.25927550e-03 7.52550799e-04
-1.12877822e+03 1.48075480e-01 7.25966855e-03 7.54362539e-04
-1.12727818e+03 1.47560880e-01 7.26005687e-03 7.56149702e-04
-1.12577815e+03 1.47046917e-01 7.26044559e-03 7.57935516e-04
-1.12427811e+03 1.46530331e-01 7.26083723e-03 7.59731292e-04
-1.12277807e+03 1.46005342e-01 7.26123629e-03 7.61557132e-04
-1.12127803e+03 1.45473362e-01 7.26164171e-03 7.63408131e-04
-1.11977800e+03 1.44939222e-01 7.26204977e-03 7.65267492e-04
-1.11827796e+03 1.44403112e-01 7.26246034e-03 7.67134543e-04
-1.11677792e+03 1.43867198e-01 7.26287172e-03 7.69001728e-04
-1.11527788e+03 1.43330630e-01 7.26328460e-03 7.70872004e-04
-1.11377785e+03 1.42794231e-01 7.26369831e-03 7.72742496e-04
-1.11227781e+03 1.42260444e-01 7.26411094e-03 7.74604674e-04
-1.11077777e+03 1.41731604e-01 7.26452063e-03 7.76450372e-04
-1.10927773e+03 1.41207596e-01 7.26492745e-03 7.78279979e-04
-1.10777770e+03 1.40685515e-01 7.26533366e-03 7.80103620e-04
-1.10627766e+03 1.40167475e-01 7.26573759e-03 7.81913915e-04
-1.10477762e+03 1.39652259e-01 7.26614018e-03 7.83715105e-04
-1.10327758e+03 1.39137133e-01 7.26654359e-03 7.85516761e-04
-1.10177755e+03 1.38620868e-01 7.26694883e-03 7.87323194e-04
-1.10027751e+03 1.38102900e-01 7.26735633e-03 7.89136409e-04
-1.09877747e+03 1.37587142e-01 7.26776297e-03 7.90942726e-04
-1.09727743e+03 1.37078111e-01 7.26816510e-03 7.92726327e-04
-1.09577740e+03 1.36581373e-01 7.26855818e-03 7.94467685e-04
-1.09427736e+03 1.36092717e-01 7.26894556e-03 7.96181543e-04
-1.09277732e+03 1.35608440e-01 7.26933020e-03 7.97880879e-04
-1.09127728e+03 1.35127694e-01 7.26971277e-03 7.99568680e-04
-1.08977725e+03 1.34646620e-01 7.27009639e-03 8.01258513e-04
-1.08827721e+03 1.34165191e-01 7.27048110e-03 8.02950506e-04
-1.08677717e+03 1.33682362e-01 7.27086774e-03 8.04648368e-04
-1.08527713e+03 1.33199961e-01 7.27125484e-03 8.06345710e-04
-1.08377710e+03 1.32719450e-01 7.27164117e-03 8.08037424e-04
-1.08227706e+03 1.32241502e-01 7.27202619e-03 8.09721151e-04
-1.08077702e+03 1.31760429e-01 7.27241457e-03 8.11416982e-04
-1.07927698e+03 1.31275299e-01 7.27280709e-03 8.13128260e-04
-1.07777695e+03 1.30789702e-01 7.27320081e-03 8.14842385e-04
-1.07627691e+03 1.30309402e-01 7.27359095e-03 8.16539034e-04
-1.07477687e+03 1.29833218e-01 7.27397846e-03 8.18222388e-04
-1.07327683e+03 1.29362147e-01 7.27436249e-03 8.19888931e-04
-1.07177680e+03 1.28894194e-01 7.27474469e-03 8.21545733e-04
-1.07027676e+03 1.28427955e-01 7.27512621e-03 8.23197781e-04
-1.06877672e+03 1.27963837e-01 7.27550670e-03 8.24843670e-04
-1.06727668e+03 1.27501954e-01 7.27588607e-03 8.26483016e-04
-1.06577665e+03 1.27041523e-01 7.27626495e-03 8.28118626e-04
-1.06427661e+03 1.26580903e-01 7.27664472e-03 8.29756369e-04
-1.06277657e+03 1.26121943e-01 7.27702384e-03 8.31389711e-04
-1.06127653e+03 1.25660753e-01 7.27740556e-03 8.33032539e-04
-1.05977650e+03 1.25197092e-01 7.27779013e-03 8.34685783e-04
-1.05827646e+03 1.24732163e-01 7.27817651e-03 8.36345225e-04
-1.05677642e+03 1.24266209e-01 7.27856453e-03 8.38010052e-04
-1.05527638e+03 1.23803128e-01 7.27895085e-03 8.39666374e-04
-1.05377635e+03 1.23343712e-01 7.27933480e-03 8.41311376e-04
-1.05227631e+03 1.22890036e-01 7.27971457e-03 8.42937607e-04
-1.05077627e+03 1.22442156e-01 7.28009009e-03 8.44544850e-04
-1.04927623e+03 1.21995339e-01 7.28046541e-03 8.46150088e-04
-1.04777620e+03 1.21545771e-01 7.28084379e-03 8.47767076e-04
-1.04627616e+03 1.21095314e-01 7.28122365e-03 8.49389187e-04
-1.04477612e+03 1.20642981e-01 7.28160585e-03 8.51020028e-04
-1.04327608e+03 1.20190832e-01 7.28198861e-03 8.52652229e-04
-1.04177605e+03 1.19738890e-01 7.28237191e-03 8.54285745e-04
-1.04027601e+03 1.19291957e-01 7.28275159e-03 8.55903226e-04
-1.03877597e+03 1.18856887e-01 7.28312165e-03 8.57479788e-04
-1.03727593e+03 1.18429443e-01 7.28348574e-03 8.59030682e-04
-1.03577590e+03 1.18006358e-01 7.28384667e-03 8.60567717e-04
-1.03427586e+03 1.17583274e-01 7.28420824e-03 8.62106723e-04
-1.03277582e+03 1.17158568e-01 7.28457186e-03 8.63653648e-04
-1.03127578e+03 1.16733327e-01 7.28493660e-03 8.65204579e-04
-1.02977575e+03 1.16306770e-01 7.28530314e-03 8.66762407e-04
-1.02827571e+03 1.15884597e-01 7.28566647e-03 8.68306319e-04
-1.02677567e+03 1.15466881e-01 7.28602651e-03 8.69836016e-04
-1.02527563e+03 1.15055561e-01 7.28638152e-03 8.71344333e-04
-1.02377560e+03 1.14648610e-01 7.28673327e-03 8.72838649e-04
-1.02227556e+03 1.14240653e-01 7.28708651e-03 8.74338701e-04
-1.02077552e+03 1.13825523e-01 7.28744672e-03 8.75867249e-04
-1.01927548e+03 1.13399261e-01 7.28781745e-03 8.77439031e-04
-1.01777545e+03 1.12966075e-01 7.28819502e-03 8.79038702e-04
-1.01627541e+03 1.12529292e-01 7.28857647e-03 8.80654078e-04
-1.01477537e+03 1.12096218e-01 7.28895529e-03 8.82258164e-04
-1.01327533e+03 1.11669393e-01 7.28932920e-03 8.83841485e-04
-1.01177530e+03 1.11250380e-01 7.28969676e-03 8.85398145e-04
-1.01027526e+03 1.10839442e-01 7.29005770e-03 8.86927048e-04
-1.00877522e+03 1.10436033e-01 7.29041248e-03 8.88430116e-04
-1.00727518e+03 1.10036989e-01 7.29076392e-03 8.89919048e-04
-1.00577515e+03 1.09637127e-01 7.29111667e-03 8.91413170e-04
-1.00427511e+03 1.09235893e-01 7.29147125e-03 8.92914572e-04
-1.00277507e+03 1.08835223e-01 7.29182591e-03 8.94416030e-04
-1.00127503e+03 1.08434540e-01 7.29218118e-03 8.95919708e-04
-9.99774997e+02 1.08036090e-01 7.29253500e-03 8.97417160e-04
-9.98274959e+02 1.07640144e-01 7.29288713e-03 8.98907336e-04
-9.96774922e+02 1.07246253e-01 7.29323796e-03 9.00391892e-04
-9.95274884e+02 1.06857287e-01 7.29358486e-03 9.01859957e-04
-9.93774847e+02 1.06467587e-01 7.29393299e-03 9.03332855e-04
-9.92274809e+02 1.06077339e-01 7.29428219e-03 9.04809897e-04
-9.90774772e+02 1.05685024e-01 7.29463385e-03 9.06296848e-04
-9.89274734e+02 1.05290931e-01 7.29498772e-03 9.07792641e-04
-9.87774697e+02 1.04896238e-01 7.29534272e-03 9.09292822e-04
-9.86274659e+02 1.04499598e-01 7.29570009e-03 9.10802526e-04
-9.84774622e+02 1.04100662e-01 7.29606017e-03 9.12323109e-04
-9.83274584e+02 1.03699592e-01 7.29642283e-03 9.13853979e-04
-9.81774547e+02 1.03300118e-01 7.29678460e-03 9.15380900e-04
-9.80274509e+02 1.02906762e-01 7.29714129e-03 9.16886511e-04
-9.78774472e+02 1.02522049e-01 7.29749053e-03 9.18361020e-04
-9.77274434e+02 1.02146440e-01 7.29783184e-03 9.19802521e-04
-9.75774397e+02 1.01775935e-01 7.29816891e-03 9.21226242e-04
-9.74274359e+02 1.01409177e-01 7.29850300e-03 9.22637323e-04
-9.72774322e+02 1.01039969e-01 7.29883990e-03 9.24059587e-04
-9.71274284e+02 1.00665246e-01 7.29918247e-03 9.25504885e-04
-9.69774247e+02 1.00285724e-01 7.29953008e-03 9.26970510e-04
-9.68274209e+02 9.99049305e-02 7.29987942e-03 9.28442872e-04
-9.66774172e+02 9.95262012e-02 7.30022738e-03 9.29909048e-04
-9.65274134e+02 9.91518836e-02 7.30057171e-03 9.31359889e-04
-9.63774097e+02 9.87836620e-02 7.30091082e-03 9.32788774e-04
-9.62274059e+02 9.84191627e-02 7.30124693e-03 9.34204831e-04
-9.60774022e+02 9.80606304e-02 7.30157789e-03 9.35599258e-04
-9.59273984e+02 9.77020074e-02 7.30190942e-03 9.36995557e-04
-9.57773947e+02 9.73403392e-02 7.30224434e-03 9.38405235e-04
-9.56273909e+02 9.69743103e-02 7.30258390e-03 9.39833445e-04
-9.54773872e+02 9.66054165e-02 7.30292671e-03 9.41274374e-04
-9.53273834e+02 9.62366834e-02 7.30326988e-03 9.42716199e-04
-9.51773797e+02 9.58693848e-02 7.30361220e-03 9.44153906e-04
-9.50273759e+02 9.55084871e-02 7.30394891e-03 9.45567985e-04
-9.48773722e+02 9.51558848e-02 7.30427817e-03 9.46950905e-04
-9.47273684e+02 9.48056077e-02 7.30460568e-03 9.48326000e-04
-9.45773647e+02 9.44560795e-02 7.30493293e-03 9.49699417e-04
-9.44273609e+02 9.41044305e-02 7.30526270e-03 9.51082418e-04
-9.42773572e+02 9.37517819e-02 7.30559391e-03 9.52470588e-04
-9.41273534e+02 9.33969829e-02 7.30592767e-03 9.53868448e-04
-9.39773497e+02 9.30410040e-02 7.30626305e-03 9.55272167e-04
-9.38273459e+02 9.26829606e-02 7.30660093e-03 9.56685226e-04
-9.36773422e+02 9.23221173e-02 7.30694200e-03 9.58110522e-04
-9.35273384e+02 9.19614610e-02 7.30728340e-03 9.59536246e-04
-9.33773347e+02 9.16031135e-02 7.30762306e-03 9.60953969e-04
-9.32273309e+02 9.12484112e-02 7.30795967e-03 9.62358349e-04
-9.30773272e+02 9.08932745e-02 7.30829718e-03 9.63765497e-04
-9.29273234e+02 9.05389360e-02 7.30863440e-03 9.65170501e-04
-9.27773197e+02 9.01878661e-02 7.30896892e-03 9.66563519e-04
-9.26273159e+02 8.98414974e-02 7.30929931e-03 9.67938809e-04
-9.24773122e+02 8.95035079e-02 7.30962196e-03 9.69281688e-04
-9.23273084e+02 8.91730647e-02 7.30993764e-03 9.70595384e-04
-9.21773047e+02 8.88470740e-02 7.31024937e-03 9.71892130e-04
-9.20273009e+02 8.85241397e-02 7.31055851e-03 9.73177430e-04
-9.18772972e+02 8.81988506e-02 7.31087037e-03 9.74472798e-04
-9.17272934e+02 8.78695500e-02 7.31118659e-03 9.75784829e-04
-9.15772897e+02 8.75353592e-02 7.31150808e-03 9.77117029e-04
-9.14272859e+02 8.71977470e-02 7.31183337e-03 9.78463542e-04
-9.12772822e+02 8.68603755e-02 7.31215888e-03 9.79809748e-04
-9.11272784e+02 8.65288522e-02 7.31247902e-03 9.81133229e-04
-9.09772747e+02 8.62005570e-02 7.31279639e-03 9.82444397e-04
-9.08272709e+02 8.58759441e-02 7.31311052e-03 9.83741397e-04
-9.06772672e+02 8.55518533e-02 7.31342454e-03 9.85036823e-04
-9.05272634e+02 8.52265424e-02 7.31374019e-03 9.86337617e-04
-9.03772597e+02 8.48972783e-02 7.31406019e-03 9.87654696e-04
-9.02272559e+02 8.45617315e-02 7.31438690e-03 9.88997379e-04
-9.00772522e+02 8.42172460e-02 7.31472299e-03 9.90376299e-04
-8.99272484e+02 8.38698634e-02 7.31506244e-03 9.91767270e-04
-8.97772447e+02 8.35289601e-02 7.31539587e-03 9.93132716e-04
-8.96272409e+02 8.31989820e-02 7.31571877e-03 9.94454773e-04
-8.94772372e+02 8.28821819e-02 7.31602885e-03 9.95724354e-04
-8.93272334e+02 8.25755163e-02 7.31632911e-03 9.96953601e-04
-8.91772297e+02 8.22735299e-02 7.31662502e-03 9.98164344e-04
-8.90272259e+02 8.19746211e-02 7.31691818e-03 9.99362979e-04
-8.88772222e+02 8.16758247e-02 7.31721158e-03 1.00056137e-03
-8.87272184e+02 8.13699113e-02 7.31751253e-03 1.00178852e-03
-8.85772147e+02 8.10523397e-02 7.31782565e-03 1.00306262e-03
-8.84272109e+02 8.07181960e-02 7.31815597e-03 1.00440342e-03
-8.82772072e+02 8.03744975e-02 7.31849644e-03 1.00578274e-03
-8.81272034e+02 8.00329084e-02 7.31883522e-03 1.00715376e-03
-8.79771996e+02 7.96980592e-02 7.31916760e-03 1.00849787e-03
-8.78271959e+02 7.93736258e-02 7.31948980e-03 1.00980028e-03
-8.76771921e+02 7.90666956e-02 7.31979454e-03 1.01103251e-03
-8.75271884e+02 7.87740811e-02 7.32008502e-03 1.01220733e-03
-8.73771846e+02 7.84909312e-02 7.32036616e-03 1.01334419e-03
-8.72271809e+02 7.82083865e-02 7.32064698e-03 1.01447865e-03
-8.70771771e+02 7.79170877e-02 7.32093710e-03 1.01564828e-03
-8.69271734e+02 7.76127777e-02 7.32124091e-03 1.01687016e-03
-8.67771696e+02 7.72972857e-02 7.32155657e-03 1.01813694e-03
-8.66271659e+02 7.69811876e-02 7.32187324e-03 1.01940613e-03
-8.64771621e+02 7.66734744e-02 7.32218167e-03 1.02064161e-03
-8.63271584e+02 7.63777280e-02 7.32247813e-03 1.02182901e-03
-8.61771546e+02 7.60923595e-02 7.32276421e-03 1.02297468e-03
-8.60271509e+02 7.58094847e-02 7.32304804e-03 1.02411029e-03
-8.58771471e+02 7.55207774e-02 7.32333822e-03 1.02526923e-03
-8.57271434e+02 7.52246054e-02 7.32363646e-03 1.02645805e-03
-8.55771396e+02 7.49209318e-02 7.32394282e-03 1.02767689e-03
-8.54271359e+02 7.46144121e-02 7.32425250e-03 1.02890703e-03
-8.52771321e+02 7.43126157e-02 7.32455763e-03 1.03011809e-03
-8.51271284e+02 7.40151709e-02 7.32485860e-03 1.03131155e-03
-8.49771246e+02 7.37177498e-02 7.32515989e-03 1.03250479e-03
-8.48271209e+02 7.34176932e-02 7.32546427e-03 1.03370844e-03
-8.46771171e+02 7.31121703e-02 7.32577472e-03 1.03493387e-03
-8.45271134e+02 7.28025828e-02 7.32608978e-03 1.03617541e-03
-8.43771096e+02 7.24990589e-02 7.32639887e-03 1.03739246e-03
-8.42271059e+02 7.22071954e-02 7.32669611e-03 1.03856258e-03
-8.40771021e+02 7.19243468e-02 7.32698422e-03 1.03969639e-03
-8.39270984e+02 7.16444231e-02 7.32726959e-03 1.04081830e-03
-8.37770946e+02 7.13621969e-02 7.32755768e-03 1.04194926e-03
-8.36270909e+02 7.10731405e-02 7.32785326e-03 1.04310740e-03
-8.34770871e+02 7.07747190e-02 7.32815904e-03 1.04430285e-03
-8.33270834e+02 7.04676001e-02 7.32847434e-03 1.04553292e-03
-8.31770796e+02 7.01634131e-02 7.32878691e-03 1.04675102e-03
-8.30270759e+02 6.98725134e-02 7.32908580e-03 1.04791570e-03
-8.28770721e+02 6.95958216e-02 7.32937000e-03 1.04902328e-03
-8.27270684e+02 6.93264068e-02 7.32964679e-03 1.05010155e-03
-8.25770646e+02 6.90573277e-02 7.32992352e-03 1.05117829e-03
-8.24270609e+02 6.87873400e-02 7.33020149e-03 1.05225846e-03
-8.22770571e+02 6.85116382e-02 7.33048582e-03 1.05336130e-03
-8.21270534e+02 6.82342580e-02 7.33077223e-03 1.05447064e-03
-8.19770496e+02 6.79631608e-02 7.33105226e-03 1.05555466e-03
-8.18270459e+02 6.76994078e-02 7.33132475e-03 1.05660912e-03
-8.16770421e+02 6.74422348e-02 7.33159051e-03 1.05763708e-03
-8.15270384e+02 6.71854765e-02 7.33185608e-03 1.05866322e-03
-8.13770346e+02 6.69206981e-02 7.33213048e-03 1.05972121e-03
-8.12270309e+02 6.66489453e-02 7.33241261e-03 1.06080688e-03
-8.10770271e+02 6.63729421e-02 7.33269958e-03 1.06190932e-03
-8.09270234e+02 6.60986123e-02 7.33298506e-03 1.06300487e-03
-8.07770196e+02 6.58263333e-02 7.33326863e-03 1.06409204e-03
-8.06270159e+02 6.55586004e-02 7.33354762e-03 1.06516086e-03
-8.04770121e+02 6.52915096e-02 7.33382620e-03 1.06622693e-03
-8.03270084e+02 6.50208233e-02 7.33410892e-03 1.06730717e-03
-8.01770046e+02 6.47466256e-02 7.33439572e-03 1.06840122e-03
-8.00270009e+02 6.44676452e-02 7.33468796e-03 1.06951416e-03
-7.98769971e+02 6.41852261e-02 7.33498423e-03 1.07064062e-03
-7.97269934e+02 6.39052514e-02 7.33527816e-03 1.07175715e-03
-7.95769896e+02 6.36310910e-02 7.33556612e-03 1.07285030e-03
-7.94269859e+02 6.33605861e-02 7.33585042e-03 1.07392871e-03
-7.92769821e+02 6.30879229e-02 7.33613734e-03 1.07501555e-03
-7.91269784e+02 6.28107195e-02 7.33642948e-03 1.07612032e-03
-7.89769746e+02 6.25349265e-02 7.33672040e-03 1.07721930e-03
-7.88269709e+02 6.22649792e-02 7.33700526e-03 1.07829484e-03
-7.86769671e+02 6.20044611e-02 7.33728016e-03 1.07933267e-03
-7.85269634e+02 6.17515652e-02 7.33754703e-03 1.08034001e-03
-7.83769596e+02 6.15005480e-02 7.33781211e-03 1.08133975e-03
-7.82269559e+02 6.12512912e-02 7.33807552e-03 1.08233237e-03
-7.80769521e+02 6.10027117e-02 7.33833844e-03 1.08332219e-03
-7.79269484e+02 6.07566937e-02 7.33859881e-03 1.08430170e-03
-7.77769446e+02 6.05039705e-02 7.33886674e-03 1.08530782e-03
-7.76269409e+02 6.02441917e-02 7.33914264e-03 1.08634193e-03
-7.74769371e+02 5.99837629e-02 7.33941952e-03 1.08737853e-03
-7.73269334e+02 5.97263839e-02 7.33969333e-03 1.08840292e-03
-7.71769296e+02 5.94750367e-02 7.33996078e-03 1.08940322e-03
-7.70269259e+02 5.92273066e-02 7.34022451e-03 1.09038906e-03
-7.68769221e+02 5.89838691e-02 7.34048377e-03 1.09135776e-03
-7.67269184e+02 5.87436020e-02 7.34073977e-03 1.09231379e-03
-7.65769146e+02 5.85032048e-02 7.34099615e-03 1.09327030e-03
-7.64269109e+02 5.82572752e-02 7.34125886e-03 1.09424878e-03
-7.62769071e+02 5.80022698e-02 7.34153180e-03 1.09526334e-03
-7.61269034e+02 5.77393975e-02 7.34181369e-03 1.09630917e-03
-7.59768996e+02 5.74776766e-02 7.34209458e-03 1.09735040e-03
-7.58268959e+02 5.72178904e-02 7.34237360e-03 1.09838392e-03
-7.56768921e+02 5.69673758e-02 7.34264263e-03 1.09938055e-03
-7.55268884e+02 5.67272424e-02 7.34290041e-03 1.10033588e-03
-7.53768846e+02 5.64968974e-02 7.34314758e-03 1.10125229e-03
-7.52268809e+02 5.62728827e-02 7.34338793e-03 1.10214352e-03
-7.50768771e+02 5.60461428e-02 7.34363151e-03 1.10304562e-03
-7.49268734e+02 5.58141868e-02 7.34388110e-03 1.10396850e-03
-7.47768696e+02 5.55783999e-02 7.34413515e-03 1.10490666e-03
-7.46268659e+02 5.53357701e-02 7.34439705e-03 1.10587209e-03
-7.44768621e+02 5.50906322e-02 7.34466197e-03 1.10684756e-03
-7.43268584e+02 5.48390728e-02 7.34493428e-03 1.10784865e-03
-7.41768546e+02 5.45786745e-02 7.34521671e-03 1.10888500e-03
-7.40268509e+02 5.43114487e-02 7.34550703e-03 1.10994861e-03
-7.38768471e+02 5.40425373e-02 7.34579952e-03 1.11101904e-03
-7.37268434e+02 5.37843417e-02 7.34608031e-03 1.11204693e-03
-7.35768396e+02 5.35468237e-02 7.34633822e-03 1.11299261e-03
-7.34268359e+02 5.33249575e-02 7.34657880e-03 1.11387607e-03
-7.32768321e+02 5.31102644e-02 7.34681155e-03 1.11473106e-03
-7.31268284e+02 5.28923167e-02 7.34704813e-03 1.11559912e-03
-7.29768246e+02 5.26690224e-02 7.34729091e-03 1.11648859e-03
-7.28268209e+02 5.24409846e-02 7.34753922e-03 1.11739708e-03
-7.26768171e+02 5.22077668e-02 7.34779357e-03 1.11832636e-03
-7.25268134e+02 5.19737990e-02 7.34804897e-03 1.11925877e-03
-7.23768096e+02 5.17387234e-02 7.34830585e-03 1.12019575e-03
-7.22268059e+02 5.15045212e-02 7.34856196e-03 1.12112943e-03
-7.20768021e+02 5.12714924e-02 7.34881697e-03 1.12205860e-03
-7.19267983e+02 5.10334203e-02 7.34907789e-03 1.12300806e-03
-7.17767946e+02 5.07950576e-02 7.34933937e-03 1.12395889e-03
-7.16267908e+02 5.05592534e-02 7.34959819e-03 1.12489971e-03
-7.14767871e+02 5.03304062e-02 7.34984935e-03 1.12581298e-03
-7.13267833e+02 5.01155280e-02 7.35008490e-03 1.12667069e-03
-7.11767796e+02 4.99148779e-02 7.35030450e-03 1.12747177e-03
-7.10267758e+02 4.97190457e-02 7.35051880e-03 1.12825379e-03
-7.08767721e+02 4.95152642e-02 7.35074229e-03 1.12906772e-03
-7.07267683e+02 4.92961058e-02 7.35098341e-03 1.12994328e-03
-7.05767646e+02 4.90607212e-02 7.35124318e-03 1.13088391e-03
-7.04267608e+02 4.88133767e-02 7.35151678e-03 1.13187261e-03
-7.02767571e+02 4.85605113e-02 7.35179692e-03 1.13288370e-03
-7.01267533e+02 4.83080946e-02 7.35207680e-03 1.13389331e-03
-6.99767496e+02 4.80648449e-02 7.35234647e-03 1.13486658e-03
-6.98267458e+02 4.78367304e-02 7.35259911e-03 1.13577957e-03
-6.96767421e+02 4.76178102e-02 7.35284145e-03 1.13665604e-03
-6.95267383e+02 4.74105073e-02 7.35307071e-03 1.13748624e-03
-6.93767346e+02 4.72109250e-02 7.35329130e-03 1.13828576e-03
-6.92267308e+02 4.70173276e-02 7.35350521e-03 1.13906153e-03
-6.90767271e+02 4.68252908e-02 7.35371749e-03 1.13983127e-03
-6.89267233e+02 4.66264361e-02 7.35393774e-03 1.14062858e-03
-6.87767196e+02 4.64194914e-02 7.35416743e-03 1.14145859e-03
-6.86267158e+02 4.62051613e-02 7.35440577e-03 1.14231851e-03
-6.84767121e+02 4.59850337e-02 7.35465097e-03 1.14320200e-03
-6.83267083e+02 4.57634028e-02 7.35489809e-03 1.14409185e-03
-6.81767046e+02 4.55452516e-02 7.35514141e-03 1.14496806e-03
-6.80267008e+02 4.53262691e-02 7.35538588e-03 1.14584793e-03
-6.78766971e+02 4.51082489e-02 7.35562944e-03 1.14672428e-03
-6.77266933e+02 4.48864619e-02 7.35587754e-03 1.14761612e-03
-6.75766896e+02 4.46662043e-02 7.35612408e-03 1.14850216e-03
-6.74266858e+02 4.44476813e-02 7.35636881e-03 1.14938159e-03
-6.72766821e+02 4.42285998e-02 7.35661439e-03 1.15026362e-03
-6.71266783e+02 4.40077499e-02 7.35686220e-03 1.15115315e-03
-6.69766746e+02 4.37854637e-02 7.35711188e-03 1.15204885e-03
-6.68266708e+02 4.35639146e-02 7.35736091e-03 1.15294197e-03
-6.66766671e+02 4.33441454e-02 7.35760808e-03 1.15382831e-03
-6.65266633e+02 4.31337427e-02 7.35784459e-03 1.15467724e-03
-6.63766596e+02 4.29352660e-02 7.35806743e-03 1.15547839e-03
-6.62266558e+02 4.27475045e-02 7.35827799e-03 1.15623660e-03
-6.60766521e+02 4.25654936e-02 7.35848201e-03 1.15697187e-03
-6.59266483e+02 4.23836495e-02 7.35868598e-03 1.15770675e-03
-6.57766446e+02 4.22013787e-02 7.35889059e-03 1.15844364e-03
-6.56266408e+02 4.20143288e-02 7.35910090e-03 1.15920016e-03
-6.54766371e+02 4.18205043e-02 7.35931925e-03 1.15998441e-03
-6.53266333e+02 4.16165133e-02 7.35954962e-03 1.16081015e-03
-6.51766296e+02 4.14026393e-02 7.35979169e-03 1.16167631e-03
-6.50266258e+02 4.11832321e-02 7.36004042e-03 1.16256532e-03
-6.48766221e+02 4.09664670e-02 7.36028625e-03 1.16344406e-03
-6.47266183e+02 4.07572832e-02 7.36052342e-03 1.16429248e-03
-6.45766146e+02 4.05528819e-02 7.36075518e-03 1.16512191e-03
-6.44266108e+02 4.03549688e-02 7.36097951e-03 1.16592539e-03
-6.42766071e+02 4.01677180e-02 7.36119151e-03 1.16668593e-03
-6.41266033e+02 3.99834081e-02 7.36140022e-03 1.16743487e-03
-6.39765996e+02 3.97980507e-02 7.36161030e-03 1.16818839e-03
-6.38265958e+02 3.96066131e-02 7.36182766e-03 1.16896699e-03
-6.36765921e+02 3.94038148e-02 7.36205853e-03 1.16979220e-03
-6.35265883e+02 3.91916334e-02 7.36230060e-03 1.17065603e-03
-6.33765846e+02 3.89739976e-02 7.36254927e-03 1.17154254e-03
-6.32265808e+02 3.87547516e-02 7.36280004e-03 1.17243610e-03
-6.30765771e+02 3.85421674e-02 7.36304316e-03 1.17330299e-03
-6.29265733e+02 3.83428890e-02 7.36327079e-03 1.17411604e-03
-6.27765696e+02 3.81567628e-02 7.36348306e-03 1.17487581e-03
-6.26265658e+02 3.79728348e-02 7.36369289e-03 1.17562696e-03
-6.24765621e+02 3.77854971e-02 7.36390689e-03 1.17639240e-03
-6.23265583e+02 3.75956121e-02 7.36412406e-03 1.17716864e-03
-6.21765546e+02 3.74104504e-02 7.36433580e-03 1.17792593e-03
-6.20265508e+02 3.72394123e-02 7.36453097e-03 1.17862580e-03
-6.18765471e+02 3.70832043e-02 7.36470871e-03 1.17926525e-03
-6.17265433e+02 3.69372139e-02 7.36487445e-03 1.17986312e-03
-6.15765396e+02 3.67957647e-02 7.36503491e-03 1.18044261e-03
-6.14265358e+02 3.66425859e-02 7.36520937e-03 1.18107040e-03
-6.12765321e+02 3.64715019e-02 7.36540518e-03 1.18177188e-03
-6.11265283e+02 3.62789197e-02 7.36562663e-03 1.18256190e-03
-6.09765246e+02 3.60581727e-02 7.36588170e-03 1.18346796e-03
-6.08265208e+02 3.58167057e-02 7.36616161e-03 1.18445968e-03
-6.06765171e+02 3.55673347e-02 7.36645117e-03 1.18548455e-03
-6.05265133e+02 3.53162476e-02 7.36674304e-03 1.18651718e-03
-6.03765096e+02 3.50762293e-02 7.36702197e-03 1.18750495e-03
-6.02265058e+02 3.48555096e-02 7.36727813e-03 1.18841387e-03
-6.00765021e+02 3.46613033e-02 7.36750285e-03 1.18921407e-03
-5.99264983e+02 3.44988621e-02 7.36768979e-03 1.18988371e-03
-5.97764946e+02 3.43639604e-02 7.36784395e-03 1.19044006e-03
-5.96264908e+02 3.42510459e-02 7.36797191e-03 1.19090589e-03
-5.94764871e+02 3.41460470e-02 7.36809047e-03 1.19133919e-03
-5.93264833e+02 3.40305501e-02 7.36822164e-03 1.19181596e-03
-5.91764796e+02 3.38905512e-02 7.36838220e-03 1.19239408e-03
-5.90264758e+02 3.37166543e-02 7.36858343e-03 1.19311250e-03
-5.88764721e+02 3.35129433e-02 7.36882052e-03 1.19395452e-03
-5.87264683e+02 3.32957630e-02 7.36907394e-03 1.19485275e-03
-5.85764646e+02 3.30782561e-02 7.36932795e-03 1.19575287e-03
-5.84264608e+02 3.28754709e-02 7.36956449e-03 1.19659256e-03
-5.82764571e+02 3.26886794e-02 7.36978198e-03 1.19736645e-03
-5.81264533e+02 3.25146424e-02 7.36998430e-03 1.19808785e-03
-5.79764496e+02 3.23533476e-02 7.37017143e-03 1.19875675e-03
-5.78264458e+02 3.21992911e-02 7.37034996e-03 1.19939591e-03
-5.76764421e+02 3.20375900e-02 7.37053780e-03 1.20006708e-03
-5.75264383e+02 3.18586372e-02 7.37074655e-03 1.20081021e-03
-5.73764346e+02 3.16599116e-02 7.37097928e-03 1.20163588e-03
-5.72264308e+02 3.14483959e-02 7.37122761e-03 1.20251520e-03
-5.70764271e+02 3.12385553e-02 7.37147411e-03 1.20338806e-03
-5.69264233e+02 3.10447206e-02 7.37170146e-03 1.20419479e-03
-5.67764196e+02 3.08685991e-02 7.37190756e-03 1.20492818e-03
-5.66264158e+02 3.07084747e-02 7.37209446e-03 1.20559526e-03
-5.64764121e+02 3.05681431e-02 7.37225752e-03 1.20618013e-03
-5.63264083e+02 3.04423183e-02 7.37240311e-03 1.20670473e-03
-5.61764046e+02 3.03190345e-02 7.37254571e-03 1.20721891e-03
-5.60264008e+02 3.01910736e-02 7.37269404e-03 1.20775278e-03
-5.58763970e+02 3.00513178e-02 7.37285675e-03 1.20833607e-03
-5.57263933e+02 2.98904463e-02 7.37304516e-03 1.20900777e-03
-5.55763895e+02 2.97125991e-02 7.37325429e-03 1.20975069e-03
-5.54263858e+02 2.95231356e-02 7.37347766e-03 1.21054253e-03
-5.52763820e+02 2.93258449e-02 7.37371070e-03 1.21136751e-03
-5.51263783e+02 2.91296723e-02 7.37394255e-03 1.21218826e-03
-5.49763745e+02 2.89404972e-02 7.37416606e-03 1.21298013e-03
-5.48263708e+02 2.87575747e-02 7.37438212e-03 1.21374622e-03
-5.46763670e+02 2.85861328e-02 7.37458434e-03 1.21446456e-03
-5.45263633e+02 2.84267360e-02 7.37477202e-03 1.21513273e-03
-5.43763595e+02 2.82796733e-02 7.37494477e-03 1.21574944e-03
-5.42263558e+02 2.81449317e-02 7.37510260e-03 1.21631470e-03
-5.40763520e+02 2.80178849e-02 7.37525112e-03 1.21684785e-03
-5.39263483e+02 2.78902977e-02 7.37540039e-03 1.21738346e-03
-5.37763445e+02 2.77518302e-02 7.37556302e-03 1.21796494e-03
-5.36263408e+02 2.75952007e-02 7.37574793e-03 1.21862294e-03
-5.34763370e+02 2.74135640e-02 7.37596354e-03 1.21938633e-03
-5.33263333e+02 2.72073004e-02 7.37620943e-03 1.22025365e-03
-5.31763295e+02 2.69896442e-02 7.37646945e-03 1.22116937e-03
-5.30263258e+02 2.67776785e-02 7.37672272e-03 1.22206164e-03
-5.28763220e+02 2.65876735e-02 7.37694924e-03 1.22286187e-03
-5.27263183e+02 2.64266812e-02 7.37714034e-03 1.22354021e-03
-5.25763145e+02 2.62941531e-02 7.37729661e-03 1.22409882e-03
-5.24263108e+02 2.61828763e-02 7.37742688e-03 1.22456799e-03
-5.22763070e+02 2.60858353e-02 7.37753974e-03 1.22497725e-03
-5.21263033e+02 2.59990067e-02 7.37764009e-03 1.22534352e-03
-5.19762995e+02 2.59096987e-02 7.37774354e-03 1.22572033e-03
-5.18262958e+02 2.58079263e-02 7.37786236e-03 1.22614982e-03
-5.16762920e+02 2.56778336e-02 7.37801607e-03 1.22669900e-03
-5.15262883e+02 2.55108714e-02 7.37821522e-03 1.22740406e-03
-5.13762845e+02 2.53113540e-02 7.37845459e-03 1.22824697e-03
-5.12262808e+02 2.50888847e-02 7.37872241e-03 1.22918731e-03
-5.10762770e+02 2.48571734e-02 7.37900185e-03 1.23016724e-03
-5.09262733e+02 2.46334331e-02 7.37927169e-03 1.23111396e-03
-5.07762695e+02 2.44399563e-02 7.37950437e-03 1.23193302e-03
-5.06262658e+02 2.42792169e-02 7.37969677e-03 1.23261376e-03
-5.04762620e+02 2.41467374e-02 7.37985435e-03 1.23317501e-03
-5.03262583e+02 2.40309527e-02 7.37999137e-03 1.23366566e-03
-5.01762545e+02 2.39267347e-02 7.38011416e-03 1.23410741e-03
-5.00262508e+02 2.38246263e-02 7.38023439e-03 1.23454031e-03
-4.98762470e+02 2.37195118e-02 7.38035840e-03 1.23498606e-03
-4.97262433e+02 2.35958223e-02 7.38050548e-03 1.23551071e-03
-4.95762395e+02 2.34521142e-02 7.38067743e-03 1.23612045e-03
-4.94262358e+02 2.32968899e-02 7.38086376e-03 1.23677926e-03
-4.92762320e+02 2.31364772e-02 7.38105664e-03 1.23746032e-03
-4.91262283e+02 2.29832463e-02 7.38124073e-03 1.23811110e-03
-4.89762245e+02 2.28409054e-02 7.38141140e-03 1.23871582e-03
-4.88262208e+02 2.27113394e-02 7.38156631e-03 1.23926642e-03
-4.86762170e+02 2.25895282e-02 7.38171167e-03 1.23978420e-03
-4.85262133e+02 2.24706670e-02 7.38185344e-03 1.24028956e-03
-4.83762095e+02 2.23467529e-02 7.38200156e-03 1.24081654e-03
-4.82262058e+02 2.22035502e-02 7.38217375e-03 1.24142571e-03
-4.80762020e+02 2.20336926e-02 7.38237923e-03 1.24214848e-03
-4.79261983e+02 2.18363669e-02 7.38261905e-03 1.24298844e-03
-4.77761945e+02 2.16237003e-02 7.38287817e-03 1.24389406e-03
-4.76261908e+02 2.14182101e-02 7.38312855e-03 1.24476946e-03
-4.74761870e+02 2.12441629e-02 7.38333987e-03 1.24551117e-03
-4.73261833e+02 2.11166647e-02 7.38349320e-03 1.24605466e-03
-4.71761795e+02 2.10353803e-02 7.38358888e-03 1.24640122e-03
-4.70261758e+02 2.09820014e-02 7.38364975e-03 1.24662883e-03
-4.68761720e+02 2.09258279e-02 7.38371414e-03 1.24686839e-03
-4.67261683e+02 2.08395574e-02 7.38381617e-03 1.24723633e-03
-4.65761645e+02 2.07046358e-02 7.38397907e-03 1.24781189e-03
-4.64261608e+02 2.05267097e-02 7.38419586e-03 1.24857110e-03
-4.62761570e+02 2.03294207e-02 7.38443703e-03 1.24941320e-03
-4.61261533e+02 2.01397781e-02 7.38466880e-03 1.25022294e-03
-4.59761495e+02 1.99777670e-02 7.38486610e-03 1.25091489e-03
-4.58261458e+02 1.98530050e-02 7.38501682e-03 1.25144787e-03
-4.56761420e+02 1.97595081e-02 7.38512840e-03 1.25184736e-03
-4.55261383e+02 1.96786572e-02 7.38522417e-03 1.25219286e-03
-4.53761345e+02 1.95891745e-02 7.38533082e-03 1.25257531e-03
-4.52261308e+02 1.94743324e-02 7.38546935e-03 1.25306621e-03
-4.50761270e+02 1.93374993e-02 7.38563557e-03 1.25365123e-03
-4.49261233e+02 1.91887922e-02 7.38581681e-03 1.25428715e-03
-4.47761195e+02 1.90433436e-02 7.38599405e-03 1.25490928e-03
-4.46261158e+02 1.89013135e-02 7.38616709e-03 1.25551691e-03
-4.44761120e+02 1.87554663e-02 7.38634503e-03 1.25614100e-03
-4.43261083e+02 1.85990131e-02 7.38653643e-03 1.25681061e-03
-4.41761045e+02 1.84301734e-02 7.38674356e-03 1.25753341e-03
-4.40261008e+02 1.82639085e-02 7.38694757e-03 1.25824534e-03
-4.38760970e+02 1.81087294e-02 7.38713773e-03 1.25890994e-03
-4.37260933e+02 1.79733650e-02 7.38730301e-03 1.25948979e-03
-4.35760895e+02 1.78636990e-02 7.38743595e-03 1.25995964e-03
-4.34260858e+02 1.77772328e-02 7.38753966e-03 1.26033013e-03
-4.32760820e+02 1.77009082e-02 7.38763062e-03 1.26065720e-03
-4.31260783e+02 1.76249588e-02 7.38772114e-03 1.26098269e-03
-4.29760745e+02 1.75419220e-02 7.38782066e-03 1.26133859e-03
-4.28260708e+02 1.74444462e-02 7.38793847e-03 1.26175642e-03
-4.26760670e+02 1.73298045e-02 7.38807804e-03 1.26224790e-03
-4.25260633e+02 1.72007265e-02 7.38823593e-03 1.26280134e-03
-4.23760595e+02 1.70595659e-02 7.38840920e-03 1.26340668e-03
-4.22260558e+02 1.69152745e-02 7.38858653e-03 1.26402555e-03
-4.20760520e+02 1.67782084e-02 7.38875481e-03 1.26461351e-03
-4.19260483e+02 1.66455694e-02 7.38891757e-03 1.26518256e-03
-4.17760445e+02 1.65120821e-02 7.38908150e-03 1.26575533e-03
-4.16260408e+02 1.63717242e-02 7.38925424e-03 1.26635766e-03
-4.14760370e+02 1.62278923e-02 7.38943148e-03 1.26697499e-03
-4.13260333e+02 1.60831902e-02 7.38960992e-03 1.26759613e-03
-4.11760295e+02 1.59424852e-02 7.38978340e-03 1.26820020e-03
-4.10260258e+02 1.58070404e-02 7.38995028e-03 1.26878175e-03
-4.08760220e+02 1.56823588e-02 7.39010358e-03 1.26931715e-03
-4.07260183e+02 1.55660142e-02 7.39024636e-03 1.26981680e-03
-4.05760145e+02 1.54606420e-02 7.39037526e-03 1.27026937e-03
-4.04260108e+02 1.53638400e-02 7.39049331e-03 1.27068516e-03
-4.02760070e+02 1.52768954e-02 7.39059888e-03 1.27105864e-03
-4.01260033e+02 1.52015285e-02 7.39068975e-03 1.27138241e-03
-3.99759995e+02 1.51375199e-02 7.39076620e-03 1.27165739e-03
-3.98259957e+02 1.50745428e-02 7.39084138e-03 1.27192796e-03
-3.96759920e+02 1.50040483e-02 7.39092616e-03 1.27223084e-03
-3.95259882e+02 1.49129494e-02 7.39103723e-03 1.27262227e-03
-3.93759845e+02 1.47973813e-02 7.39117954e-03 1.27311887e-03
-3.92259807e+02 1.46470287e-02 7.39136628e-03 1.27376499e-03
-3.90759770e+02 1.44663014e-02 7.39159189e-03 1.27454173e-03
-3.89259732e+02 1.42727443e-02 7.39183404e-03 1.27537370e-03
-3.87759695e+02 1.40883299e-02 7.39206467e-03 1.27616646e-03
-3.86259657e+02 1.39271799e-02 7.39226573e-03 1.27685927e-03
-3.84759620e+02 1.37938907e-02 7.39243127e-03 1.27743234e-03
-3.83259582e+02 1.36865364e-02 7.39256373e-03 1.27789393e-03
-3.81759545e+02 1.36048916e-02 7.39266335e-03 1.27824500e-03
-3.80259507e+02 1.35415933e-02 7.39273954e-03 1.27851718e-03
-3.78759470e+02 1.34927107e-02 7.39279730e-03 1.27872738e-03
-3.77259432e+02 1.34488966e-02 7.39284861e-03 1.27891579e-03
-3.75759395e+02 1.33970627e-02 7.39291020e-03 1.27913869e-03
-3.74259357e+02 1.33239655e-02 7.39299906e-03 1.27945304e-03
-3.72759320e+02 1.32234607e-02 7.39312308e-03 1.27988526e-03
-3.71259282e+02 1.31028669e-02 7.39327289e-03 1.28040389e-03
-3.69759245e+02 1.29641707e-02 7.39344600e-03 1.28100040e-03
-3.68259207e+02 1.28132207e-02 7.39363492e-03 1.28164964e-03
-3.66759170e+02 1.26602439e-02 7.39382656e-03 1.28230762e-03
-3.65259132e+02 1.25160659e-02 7.39400701e-03 1.28292778e-03
-3.63759095e+02 1.23868102e-02 7.39416839e-03 1.28348377e-03
-3.62259057e+02 1.22764158e-02 7.39430563e-03 1.28395863e-03
-3.60759020e+02 1.21876480e-02 7.39441512e-03 1.28434048e-03
-3.59258982e+02 1.21153259e-02 7.39450352e-03 1.28465158e-03
-3.57758945e+02 1.20444985e-02 7.39459004e-03 1.28495626e-03
-3.56258907e+02 1.19651243e-02 7.39468759e-03 1.28529770e-03
-3.54758870e+02 1.18746538e-02 7.39479946e-03 1.28568688e-03
-3.53258832e+02 1.17663345e-02 7.39493436e-03 1.28615285e-03
-3.51758795e+02 1.16453914e-02 7.39508558e-03 1.28667312e-03
-3.50258757e+02 1.15265853e-02 7.39523413e-03 1.28718420e-03
-3.48758720e+02 1.14179077e-02 7.39536970e-03 1.28765171e-03
-3.47258682e+02 1.13296783e-02 7.39547898e-03 1.28803125e-03
-3.45758645e+02 1.12663988e-02 7.39555614e-03 1.28830347e-03
-3.44258607e+02 1.12141821e-02 7.39561906e-03 1.28852809e-03
-3.42758570e+02 1.11494782e-02 7.39569811e-03 1.28880643e-03
-3.41258532e+02 1.10544098e-02 7.39581637e-03 1.28921539e-03
-3.39758495e+02 1.09180681e-02 7.39598797e-03 1.28980188e-03
-3.38258457e+02 1.07473840e-02 7.39620401e-03 1.29053609e-03
-3.36758420e+02 1.05681726e-02 7.39643121e-03 1.29130696e-03
-3.35258382e+02 1.04138483e-02 7.39662638e-03 1.29197076e-03
-3.33758345e+02 1.03070606e-02 7.39676019e-03 1.29243007e-03
-3.32258307e+02 1.02556960e-02 7.39682236e-03 1.29265099e-03
-3.30758270e+02 1.02503909e-02 7.39682497e-03 1.29267381e-03
-3.29258232e+02 1.02618562e-02 7.39680591e-03 1.29262450e-03
-3.27758195e+02 1.02568089e-02 7.39680822e-03 1.29264621e-03
-3.26258157e+02 1.02084233e-02 7.39686663e-03 1.29285431e-03
-3.24758120e+02 1.01121462e-02 7.39698703e-03 1.29326840e-03
-3.23258082e+02 9.97385865e-03 7.39716187e-03 1.29386314e-03
-3.21758045e+02 9.80864389e-03 7.39737168e-03 1.29457366e-03
-3.20258007e+02 9.63150292e-03 7.39759709e-03 1.29533543e-03
-3.18757970e+02 9.45519861e-03 7.39782155e-03 1.29609354e-03
-3.17257932e+02 9.29425737e-03 7.39802624e-03 1.29678554e-03
-3.15757895e+02 9.16713901e-03 7.39818714e-03 1.29733208e-03
-3.14257857e+02 9.07746997e-03 7.39829949e-03 1.29771759e-03
-3.12757820e+02 9.02775857e-03 7.39836001e-03 1.29793130e-03
-3.11257782e+02 9.01402266e-03 7.39837383e-03 1.29799035e-03
-3.09757745e+02 9.01757466e-03 7.39836522e-03 1.29797508e-03
-3.08257707e+02 9.01678650e-03 7.39836227e-03 1.29797847e-03
-3.06757670e+02 8.99751517e-03 7.39838334e-03 1.29806131e-03
-3.05257632e+02 8.95460462e-03 7.39843514e-03 1.29824578e-03
-3.03757595e+02 8.87944279e-03 7.39852885e-03 1.29856888e-03
-3.02257557e+02 8.76929564e-03 7.39866808e-03 1.29904236e-03
-3.00757520e+02 8.62459632e-03 7.39885229e-03 1.29966431e-03
-2.99257482e+02 8.46119894e-03 7.39906094e-03 1.30036656e-03
-2.97757445e+02 8.29308145e-03 7.39927585e-03 1.30108903e-03
-2.96257407e+02 8.13046725e-03 7.39948374e-03 1.30178777e-03
-2.94757370e+02 7.98263121e-03 7.39967250e-03 1.30242295e-03
-2.93257332e+02 7.86511127e-03 7.39982185e-03 1.30292782e-03
-2.91757295e+02 7.79136464e-03 7.39991421e-03 1.30324462e-03
-2.90257257e+02 7.75606242e-03 7.39995647e-03 1.30339626e-03
-2.88757220e+02 7.74828801e-03 7.39996286e-03 1.30342965e-03
-2.87257182e+02 7.75222108e-03 7.39995401e-03 1.30341276e-03
-2.85757145e+02 7.75083142e-03 7.39995212e-03 1.30341873e-03
-2.84257107e+02 7.73706565e-03 7.39996639e-03 1.30347786e-03
-2.82757070e+02 7.70486247e-03 7.40000472e-03 1.30361619e-03
-2.81257032e+02 7.64569166e-03 7.40007824e-03 1.30387034e-03
-2.79756995e+02 7.55162532e-03 7.40019731e-03 1.30427435e-03
-2.78256957e+02 7.42082486e-03 7.40036439e-03 1.30483609e-03
-2.76756920e+02 7.25522288e-03 7.40057700e-03 1.30554720e-03
-2.75256882e+02 7.07706319e-03 7.40080616e-03 1.30631212e-03
-2.73756845e+02 6.92317831e-03 7.40100373e-03 1.30697272e-03
-2.72256807e+02 6.80755206e-03 7.40115138e-03 1.30746902e-03
-2.70756770e+02 6.73069123e-03 7.40124838e-03 1.30779890e-03
-2.69256732e+02 6.68691202e-03 7.40130215e-03 1.30798678e-03
-2.67756695e+02 6.65781286e-03 7.40133674e-03 1.30811166e-03
-2.66256657e+02 6.62645307e-03 7.40137431e-03 1.30824624e-03
-2.64756620e+02 6.58822456e-03 7.40142089e-03 1.30841029e-03
-2.63256582e+02 6.54615612e-03 7.40147252e-03 1.30859080e-03
-2.61756545e+02 6.50147302e-03 7.40152760e-03 1.30878253e-03
-2.60256507e+02 6.44738805e-03 7.40159501e-03 1.30901459e-03
-2.58756470e+02 6.36995422e-03 7.40169303e-03 1.30934681e-03
-2.57256432e+02 6.26624984e-03 7.40182551e-03 1.30979170e-03
-2.55756395e+02 6.14588973e-03 7.40197988e-03 1.31030798e-03
-2.54256357e+02 6.02633593e-03 7.40213327e-03 1.31082074e-03
-2.52756320e+02 5.92563140e-03 7.40226202e-03 1.31125260e-03
-2.51256282e+02 5.85504891e-03 7.40235132e-03 1.31155526e-03
-2.49756245e+02 5.81833243e-03 7.40239622e-03 1.31171269e-03
-2.48256207e+02 5.80511478e-03 7.40241031e-03 1.31176936e-03
-2.46756170e+02 5.79639797e-03 7.40241852e-03 1.31180674e-03
-2.45256132e+02 5.76866770e-03 7.40245170e-03 1.31192563e-03
-2.43756095e+02 5.70465144e-03 7.40253252e-03 1.31220008e-03
-2.42256057e+02 5.60764267e-03 7.40265669e-03 1.31261595e-03
-2.40756020e+02 5.49595763e-03 7.40280018e-03 1.31309467e-03
-2.39255982e+02 5.38428564e-03 7.40294372e-03 1.31357327e-03
-2.37755944e+02 5.28082636e-03 7.40307655e-03 1.31401662e-03
-2.36255907e+02 5.19790924e-03 7.40318243e-03 1.31437189e-03
-2.34755869e+02 5.13443418e-03 7.40326280e-03 1.31464384e-03
-2.33255832e+02 5.08797581e-03 7.40332083e-03 1.31484287e-03
-2.31755794e+02 5.04136532e-03 7.40337909e-03 1.31504254e-03
-2.30255757e+02 4.99197245e-03 7.40344103e-03 1.31525412e-03
-2.28755719e+02 4.93696769e-03 7.40351039e-03 1.31548972e-03
-2.27255682e+02 4.86855211e-03 7.40359742e-03 1.31578274e-03
-2.25755644e+02 4.78644129e-03 7.40370252e-03 1.31613438e-03
-2.24255607e+02 4.70133475e-03 7.40381161e-03 1.31649880e-03
-2.22755569e+02 4.62124435e-03 7.40391413e-03 1.31684172e-03
-2.21255532e+02 4.54640916e-03 7.40400978e-03 1.31716209e-03
-2.19755494e+02 4.47473577e-03 7.40410131e-03 1.31746891e-03
-2.18255457e+02 4.40961336e-03 7.40418425e-03 1.31774765e-03
-2.16755419e+02 4.36618636e-03 7.40423864e-03 1.31793351e-03
-2.15255382e+02 4.35576435e-03 7.40424955e-03 1.31797812e-03
-2.13755344e+02 4.37350327e-03 7.40422336e-03 1.31790220e-03
-2.12255307e+02 4.38994995e-03 7.40419889e-03 1.31783181e-03
-2.10755269e+02 4.37662251e-03 7.40421369e-03 1.31788885e-03
-2.09255232e+02 4.31957274e-03 7.40428612e-03 1.31813301e-03
-2.07755194e+02 4.21657801e-03 7.40441917e-03 1.31857375e-03
-2.06255157e+02 4.08336969e-03 7.40459213e-03 1.31914369e-03
-2.04755119e+02 3.93863234e-03 7.40478039e-03 1.31976283e-03
-2.03255082e+02 3.80462730e-03 7.40495459e-03 1.32033595e-03
-2.01755044e+02 3.69516212e-03 7.40509648e-03 1.32080403e-03
-2.00255007e+02 3.62151989e-03 7.40519111e-03 1.32111888e-03
-1.98754969e+02 3.58863395e-03 7.40523193e-03 1.32125948e-03
-1.97254932e+02 3.58643644e-03 7.40523224e-03 1.32126887e-03
-1.95754894e+02 3.59910011e-03 7.40521293e-03 1.32121473e-03
-1.94254857e+02 3.60306223e-03 7.40520514e-03 1.32119779e-03
-1.92754819e+02 3.58812551e-03 7.40522233e-03 1.32126165e-03
-1.91254782e+02 3.54656889e-03 7.40527472e-03 1.32143930e-03
-1.89754744e+02 3.48669674e-03 7.40535133e-03 1.32169523e-03
-1.88254707e+02 3.41786323e-03 7.40543982e-03 1.32198943e-03
-1.86754669e+02 3.34270002e-03 7.40553671e-03 1.32231065e-03
-1.85254632e+02 3.25889903e-03 7.40564507e-03 1.32266875e-03
-1.83754594e+02 3.17102933e-03 7.40575887e-03 1.32304418e-03
-1.82254557e+02 3.08634132e-03 7.40586850e-03 1.32340596e-03
-1.80754519e+02 3.01815332e-03 7.40595635e-03 1.32369723e-03
-1.79254482e+02 2.97172569e-03 7.40601543e-03 1.32389552e-03
-1.77754444e+02 2.94267818e-03 7.40605153e-03 1.32401958e-03
-1.76254407e+02 2.93123441e-03 7.40606435e-03 1.32406845e-03
-1.74754369e+02 2.92826183e-03 7.40606598e-03 1.32408115e-03
-1.73254332e+02 2.91914075e-03 7.40607576e-03 1.32412010e-03
-1.71754294e+02 2.89325831e-03 7.40610776e-03 1.32423063e-03
-1.70254257e+02 2.84164363e-03 7.40617385e-03 1.32445103e-03
-1.68754219e+02 2.76215008e-03 7.40627689e-03 1.32479045e-03
-1.67254182e+02 2.67015176e-03 7.40639655e-03 1.32518320e-03
-1.65754144e+02 2.57801987e-03 7.40651643e-03 1.32557647e-03
-1.64254107e+02 2.49468845e-03 7.40662471e-03 1.32593212e-03
-1.62754069e+02 2.42866597e-03 7.40671008e-03 1.32621386e-03
-1.61254032e+02 2.38848191e-03 7.40676123e-03 1.32638532e-03
-1.59753994e+02 2.37258208e-03 7.40678020e-03 1.32645316e-03
-1.58253957e+02 2.37312653e-03 7.40677738e-03 1.32645084e-03
-1.56753919e+02 2.37907929e-03 7.40676742e-03 1.32642544e-03
-1.55253882e+02 2.38884106e-03 7.40675242e-03 1.32638379e-03
-1.53753844e+02 2.38820003e-03 7.40675123e-03 1.32638652e-03
-1.52253807e+02 2.36294132e-03 7.40678271e-03 1.32649429e-03
-1.50753769e+02 2.29839369e-03 7.40686631e-03 1.32676968e-03
-1.49253732e+02 2.19595176e-03 7.40700023e-03 1.32720667e-03
-1.47753694e+02 2.06448194e-03 7.40717274e-03 1.32776738e-03
-1.46253657e+02 1.92759462e-03 7.40735253e-03 1.32835105e-03
-1.44753619e+02 1.81214299e-03 7.40750395e-03 1.32884322e-03
-1.43253582e+02 1.74304508e-03 7.40759385e-03 1.32913773e-03
-1.41753544e+02 1.73111576e-03 7.40760782e-03 1.32918857e-03
-1.40253507e+02 1.77460308e-03 7.40754818e-03 1.32900322e-03
-1.38753469e+02 1.84970650e-03 7.40744657e-03 1.32868310e-03
-1.37253432e+02 1.91917517e-03 7.40735249e-03 1.32838695e-03
-1.35753394e+02 1.95236408e-03 7.40730662e-03 1.32824545e-03
-1.34253357e+02 1.93910584e-03 7.40732245e-03 1.32830197e-03
-1.32753319e+02 1.89149823e-03 7.40738391e-03 1.32850494e-03
-1.31253282e+02 1.82243394e-03 7.40747390e-03 1.32879935e-03
-1.29753244e+02 1.74045456e-03 7.40758108e-03 1.32914877e-03
-1.28253207e+02 1.65081384e-03 7.40769849e-03 1.32953078e-03
-1.26753169e+02 1.55285203e-03 7.40782701e-03 1.32994819e-03
-1.25253132e+02 1.45106258e-03 7.40796069e-03 1.33038183e-03
-1.23753094e+02 1.34995537e-03 7.40809352e-03 1.33081248e-03
-1.22253057e+02 1.25156373e-03 7.40822280e-03 1.33123148e-03
-1.20753019e+02 1.17384878e-03 7.40832463e-03 1.33156238e-03
-1.19252982e+02 1.13948958e-03 7.40836878e-03 1.33170866e-03
-1.17752944e+02 1.16032849e-03 7.40833947e-03 1.33161994e-03
-1.16252907e+02 1.23244892e-03 7.40824194e-03 1.33131287e-03
-1.14752869e+02 1.33191051e-03 7.40810807e-03 1.33088933e-03
-1.13252832e+02 1.42346178e-03 7.40798479e-03 1.33049940e-03
-1.11752794e+02 1.47194858e-03 7.40791882e-03 1.33029286e-03
-1.10252757e+02 1.46607062e-03 7.40792517e-03 1.33031790e-03
-1.08752719e+02 1.41209909e-03 7.40799550e-03 1.33054779e-03
-1.07252682e+02 1.31813762e-03 7.40811906e-03 1.33094798e-03
-1.05752644e+02 1.19795376e-03 7.40827757e-03 1.33145975e-03
-1.04252607e+02 1.06992862e-03 7.40844660e-03 1.33200478e-03
-1.02752569e+02 9.56539559e-04 7.40859622e-03 1.33248739e-03
-1.01252532e+02 8.66319467e-04 7.40871504e-03 1.33287132e-03
-9.97524941e+01 8.04733232e-04 7.40879577e-03 1.33313336e-03
-9.82524566e+01 7.77046128e-04 7.40883135e-03 1.33325115e-03
-9.67524191e+01 7.81325162e-04 7.40882436e-03 1.33323295e-03
-9.52523815e+01 8.08317382e-04 7.40878712e-03 1.33311811e-03
-9.37523440e+01 8.44013961e-04 7.40873831e-03 1.33296623e-03
-9.22523065e+01 8.78503829e-04 7.40869113e-03 1.33281947e-03
-9.07522690e+01 9.03210583e-04 7.40865701e-03 1.33271434e-03
-8.92522315e+01 9.13596190e-04 7.40864199e-03 1.33267015e-03
-8.77521940e+01 9.09466953e-04 7.40864632e-03 1.33268772e-03
-8.62521565e+01 8.86734667e-04 7.40867544e-03 1.33278445e-03
-8.47521190e+01 8.43921115e-04 7.40873134e-03 1.33296662e-03
-8.32520815e+01 7.77114131e-04 7.40881924e-03 1.33325086e-03
-8.17520440e+01 6.88112192e-04 7.40893677e-03 1.33362947e-03
-8.02520065e+01 5.94666327e-04 7.40906028e-03 1.33402692e-03
-7.87519690e+01 5.16970251e-04 7.40916283e-03 1.33435732e-03
-7.72519315e+01 4.73288336e-04 7.40922006e-03 1.33454306e-03
-7.57518940e+01 4.68153911e-04 7.40922589e-03 1.33456489e-03
-7.42518565e+01 4.93336203e-04 7.40919131e-03 1.33445782e-03
-7.27518190e+01 5.34576204e-04 7.40913533e-03 1.33428246e-03
-7.12517815e+01 5.79108229e-04 7.40907500e-03 1.33409308e-03
-6.97517440e+01 6.18236339e-04 7.40902189e-03 1.33392668e-03
-6.82517065e+01 6.43325947e-04 7.40898753e-03 1.33381997e-03
-6.67516690e+01 6.36371070e-04 7.40899590e-03 1.33384955e-03
-6.52516315e+01 5.92643264e-04 7.40905333e-03 1.33403552e-03
-6.37515939e+01 5.16792850e-04 7.40915362e-03 1.33435808e-03
-6.22515564e+01 4.25303365e-04 7.40927482e-03 1.33474707e-03
-6.07515189e+01 3.45852363e-04 7.40938002e-03 1.33508482e-03
-5.92514814e+01 2.99450443e-04 7.40944114e-03 1.33528206e-03
-5.77514439e+01 2.86977292e-04 7.40945701e-03 1.33533507e-03
-5.62514064e+01 2.96044302e-04 7.40944415e-03 1.33529654e-03
-5.47513689e+01 3.10927498e-04 7.40942355e-03 1.33523328e-03
-5.32513314e+01 3.22320459e-04 7.40940763e-03 1.33518485e-03
-5.17512939e+01 3.34808681e-04 7.40939027e-03 1.33513177e-03
-5.02512564e+01 3.36096982e-04 7.40938787e-03 1.33512629e-03
-4.87512189e+01 3.16927177e-04 7.40941280e-03 1.33520778e-03
-4.72511814e+01 2.75563217e-04 7.40946737e-03 1.33538359e-03
-4.57511439e+01 2.31720661e-04 7.40952527e-03 1.33556992e-03
-4.42511064e+01 2.01019994e-04 7.40956566e-03 1.33570038e-03
-4.27510689e+01 1.95039327e-04 7.40957306e-03 1.33572580e-03
-4.12510314e+01 2.11064743e-04 7.40955111e-03 1.33565770e-03
-3.97509939e+01 2.33368130e-04 7.40952079e-03 1.33556291e-03
-3.82509564e+01 2.45692539e-04 7.40950382e-03 1.33551054e-03
-3.67509189e+01 2.41565875e-04 7.40950883e-03 1.33552808e-03
-3.52508814e+01 2.21208180e-04 7.40953553e-03 1.33561459e-03
-3.37508439e+01 1.95727894e-04 7.40956909e-03 1.33572287e-03
-3.22508064e+01 1.70443545e-04 7.40960241e-03 1.33583031e-03
-3.07507688e+01 1.52871769e-04 7.40962545e-03 1.33590498e-03
-2.92507313e+01 1.47789861e-04 7.40963184e-03 1.33592657e-03
-2.77506938e+01 1.57061389e-04 7.40961909e-03 1.33588718e-03
-2.62506563e+01 1.79833781e-04 7.40958832e-03 1.33579041e-03
-2.47506188e+01 1.98932331e-04 7.40956248e-03 1.33570925e-03
-2.32505813e+01 1.96306809e-04 7.40956567e-03 1.33572041e-03
-2.17505438e+01 1.61553988e-04 7.40961177e-03 1.33586809e-03
-2.02505063e+01 1.08855267e-04 7.40968186e-03 1.33609200e-03
-1.87504688e+01 5.49950086e-05 7.40975353e-03 1.33632083e-03
-1.72504313e+01 1.63515010e-05 7.40980491e-03 1.33648499e-03
-1.57503938e+01 0.00000000e+00 7.40982653e-03 1.33655445e-03
-1.42503563e+01 3.69876262e-06 7.40982139e-03 1.33653874e-03
-1.27503188e+01 2.26577547e-05 7.40979588e-03 1.33645820e-03
-1.12502813e+01 4.85572853e-05 7.40976113e-03 1.33634818e-03
-9.75024378e+00 7.70233610e-05 7.40972297e-03 1.33622724e-03
-8.25020628e+00 9.96849085e-05 7.40969259e-03 1.33613097e-03
-6.75016877e+00 1.06278234e-04 7.40968368e-03 1.33610295e-03
-5.25013127e+00 9.21652841e-05 7.40970245e-03 1.33616291e-03
-3.75009376e+00 7.12322888e-05 7.40973035e-03 1.33625185e-03
-2.25005626e+00 5.41419091e-05 7.40975313e-03 1.33632445e-03
-7.50018752e-01 5.68560816e-05 7.40974949e-03 1.33631292e-03
7.50018752e-01 7.89026128e-05 7.40972004e-03 1.33621926e-03
2.25005626e+00 1.08553757e-04 7.40968046e-03 1.33609328e-03
3.75009376e+00 1.32707134e-04 7.40964825e-03 1.33599066e-03
5.25013127e+00 1.41493689e-04 7.40963658e-03 1.33595333e-03
6.75016877e+00 1.38678996e-04 7.40964042e-03 1.33596529e-03
8.25020628e+00 1.29551113e-04 7.40965271e-03 1.33600407e-03
9.75024378e+00 1.17202492e-04 7.40966932e-03 1.33605654e-03
1.12502813e+01 1.03446188e-04 7.40968783e-03 1.33611498e-03
1.27503188e+01 9.20215230e-05 7.40970324e-03 1.33616352e-03
1.42503563e+01 8.32695045e-05 7.40971511e-03 1.33620071e-03
1.57503938e+01 7.74223223e-05 7.40972312e-03 1.33622555e-03
1.72504313e+01 7.19936229e-05 7.40973059e-03 1.33624861e-03
1.87504688e+01 6.64749100e-05 7.40973820e-03 1.33627206e-03
2.02505063e+01 5.80326543e-05 7.40974973e-03 1.33630792e-03
2.17505438e+01 5.14652581e-05 7.40975878e-03 1.33633582e-03
2.32505813e+01 4.91013379e-05 7.40976224e-03 1.33634587e-03
2.47506188e+01 5.70079293e-05 7.40975200e-03 1.33631228e-03
2.62506563e+01 7.30862904e-05 7.40973086e-03 1.33624397e-03
2.77506938e+01 9.87035396e-05 7.40969701e-03 1.33613513e-03
2.92507313e+01 1.30506995e-04 7.40965492e-03 1.33600001e-03
3.07507688e+01 1.69205796e-04 7.40960365e-03 1.33583557e-03
3.22508064e+01 2.08327766e-04 7.40955184e-03 1.33566933e-03
3.37508439e+01 2.42202941e-04 7.40950705e-03 1.33552537e-03
3.52508814e+01 2.65812221e-04 7.40947600e-03 1.33542503e-03
3.67509189e+01 2.75926742e-04 7.40946298e-03 1.33538204e-03
3.82509564e+01 2.76972626e-04 7.40946208e-03 1.33537760e-03
3.97509939e+01 2.71651633e-04 7.40946970e-03 1.33540021e-03
4.12510314e+01 2.64079705e-04 7.40948034e-03 1.33543239e-03
4.27510689e+01 2.52887142e-04 7.40949584e-03 1.33547996e-03
4.42511064e+01 2.44289508e-04 7.40950789e-03 1.33551650e-03
4.57511439e+01 2.36365921e-04 7.40951906e-03 1.33555017e-03
4.72511814e+01 2.29260991e-04 7.40952917e-03 1.33558037e-03
4.87512189e+01 2.33834982e-04 7.40952370e-03 1.33556093e-03
5.02512564e+01 2.61827741e-04 7.40948700e-03 1.33544196e-03
5.17512939e+01 3.09617417e-04 7.40942389e-03 1.33523885e-03
5.32513314e+01 3.62078044e-04 7.40935458e-03 1.33501585e-03
5.47513689e+01 4.03588509e-04 7.40929991e-03 1.33483939e-03
5.62514064e+01 4.14399009e-04 7.40928623e-03 1.33479343e-03
5.77514439e+01 3.98259388e-04 7.40930852e-03 1.33486204e-03
5.92514814e+01 3.69459455e-04 7.40934772e-03 1.33498447e-03
6.07515189e+01 3.43511750e-04 7.40938314e-03 1.33509477e-03
6.22515564e+01 3.34799211e-04 7.40939558e-03 1.33513181e-03
6.37515939e+01 3.43225041e-04 7.40938517e-03 1.33509599e-03
6.52516315e+01 3.73903742e-04 7.40934509e-03 1.33496558e-03
6.67516690e+01 4.28886218e-04 7.40927261e-03 1.33473184e-03
6.82517065e+01 5.00981269e-04 7.40917734e-03 1.33442531e-03
6.97517440e+01 5.77426038e-04 7.40907631e-03 1.33410024e-03
7.12517815e+01 6.45350631e-04 7.40898668e-03 1.33381136e-03
7.27518190e+01 6.93782015e-04 7.40892307e-03 1.33360536e-03
7.42518565e+01 7.14441805e-04 7.40889651e-03 1.33351748e-03
7.57518940e+01 7.11152391e-04 7.40890189e-03 1.33353147e-03
7.72519315e+01 6.87127667e-04 7.40893492e-03 1.33363366e-03
7.87519690e+01 6.49327951e-04 7.40898635e-03 1.33379444e-03
8.02520065e+01 6.12981009e-04 7.40903586e-03 1.33394903e-03
8.17520440e+01 5.85130347e-04 7.40907406e-03 1.33406747e-03
8.32520815e+01 5.80867172e-04 7.40908084e-03 1.33408560e-03
8.47521190e+01 6.03913195e-04 7.40905123e-03 1.33398759e-03
8.62521565e+01 6.56185180e-04 7.40898267e-03 1.33376527e-03
8.77521940e+01 7.31871988e-04 7.40888294e-03 1.33344333e-03
8.92522315e+01 8.18766770e-04 7.40876831e-03 1.33307365e-03
9.07522690e+01 9.01301628e-04 7.40865955e-03 1.33272246e-03
9.22523065e+01 9.71082474e-04 7.40856782e-03 1.33242550e-03
9.37523440e+01 1.01881755e-03 7.40850548e-03 1.33222234e-03
9.52523815e+01 1.03884888e-03 7.40848006e-03 1.33213708e-03
9.67524191e+01 1.03013869e-03 7.40849293e-03 1.33217415e-03
9.82524566e+01 1.00098016e-03 7.40853305e-03 1.33229826e-03
9.97524941e+01 9.69734806e-04 7.40857597e-03 1.33243124e-03
1.01252532e+02 9.48306152e-04 7.40860584e-03 1.33252243e-03
1.02752569e+02 9.45710995e-04 7.40861064e-03 1.33253348e-03
1.04252607e+02 9.60840512e-04 7.40859186e-03 1.33246909e-03
1.05752644e+02 9.89901995e-04 7.40855454e-03 1.33234541e-03
1.07252682e+02 1.02614646e-03 7.40850768e-03 1.33219114e-03
1.08752719e+02 1.07010665e-03 7.40845058e-03 1.33200402e-03
1.10252757e+02 1.12838000e-03 7.40837446e-03 1.33175596e-03
1.11752794e+02 1.20550691e-03 7.40827327e-03 1.33142759e-03
1.13252832e+02 1.30168492e-03 7.40814678e-03 1.33101805e-03
1.14752869e+02 1.40402251e-03 7.40801215e-03 1.33058220e-03
1.16252907e+02 1.48890639e-03 7.40790079e-03 1.33022062e-03
1.17752944e+02 1.53380179e-03 7.40784264e-03 1.33002935e-03
1.19252982e+02 1.53632189e-03 7.40784086e-03 1.33001862e-03
1.20753019e+02 1.51330024e-03 7.40787306e-03 1.33011670e-03
1.22253057e+02 1.47775741e-03 7.40792192e-03 1.33026811e-03
1.23753094e+02 1.44454269e-03 7.40796772e-03 1.33040960e-03
1.25253132e+02 1.42671100e-03 7.40799308e-03 1.33048556e-03
1.26753169e+02 1.43057460e-03 7.40798960e-03 1.33046910e-03
1.28253207e+02 1.46069183e-03 7.40795124e-03 1.33034081e-03
1.29753244e+02 1.52179558e-03 7.40787170e-03 1.33008050e-03
1.31253282e+02 1.60977293e-03 7.40775646e-03 1.32970566e-03
1.32753319e+02 1.70772165e-03 7.40762803e-03 1.32928827e-03
1.34253357e+02 1.79530396e-03 7.40751343e-03 1.32891499e-03
1.35753394e+02 1.85418369e-03 7.40743700e-03 1.32866401e-03
1.37253432e+02 1.87648258e-03 7.40740919e-03 1.32856895e-03
1.38753469e+02 1.87228765e-03 7.40741658e-03 1.32858683e-03
1.40253507e+02 1.86227512e-03 7.40743173e-03 1.32862952e-03
1.41753544e+02 1.86708717e-03 7.40742719e-03 1.32860900e-03
1.43253582e+02 1.89308335e-03 7.40739455e-03 1.32849818e-03
1.44753619e+02 1.94876083e-03 7.40732251e-03 1.32826081e-03
1.46253657e+02 2.02667968e-03 7.40722098e-03 1.32792858e-03
1.47753694e+02 2.11496557e-03 7.40710573e-03 1.32755208e-03
1.49253732e+02 2.19645086e-03 7.40699956e-03 1.32720454e-03
1.50753769e+02 2.25979519e-03 7.40691751e-03 1.32693434e-03
1.52253807e+02 2.30298328e-03 7.40686222e-03 1.32675010e-03
1.53753844e+02 2.33186742e-03 7.40682593e-03 1.32662687e-03
1.55253882e+02 2.34928065e-03 7.40680487e-03 1.32655258e-03
1.56753919e+02 2.36492612e-03 7.40678618e-03 1.32648582e-03
1.58253957e+02 2.38010874e-03 7.40676812e-03 1.32642104e-03
1.59753994e+02 2.39415782e-03 7.40675159e-03 1.32636110e-03
1.61254032e+02 2.41236530e-03 7.40672956e-03 1.32628341e-03
1.62754069e+02 2.44313043e-03 7.40669091e-03 1.32615213e-03
1.64254107e+02 2.49432432e-03 7.40662519e-03 1.32593367e-03
1.65754144e+02 2.56608208e-03 7.40653226e-03 1.32562742e-03
1.67254182e+02 2.64393823e-03 7.40643128e-03 1.32529510e-03
1.68754219e+02 2.72078679e-03 7.40633168e-03 1.32496704e-03
1.70254257e+02 2.79091256e-03 7.40624103e-03 1.32466765e-03
1.71754294e+02 2.84893435e-03 7.40616645e-03 1.32441990e-03
1.73254332e+02 2.89232842e-03 7.40611126e-03 1.32423460e-03
1.74754369e+02 2.92296708e-03 7.40607299e-03 1.32410376e-03
1.76254407e+02 2.94525105e-03 7.40604580e-03 1.32400859e-03
1.77754444e+02 2.97095353e-03 7.40601411e-03 1.32389882e-03
1.79254482e+02 3.01374923e-03 7.40595981e-03 1.32371604e-03
1.80754519e+02 3.07686558e-03 7.40587865e-03 1.32344644e-03
1.82254557e+02 3.14583441e-03 7.40578979e-03 1.32315181e-03
1.83754594e+02 3.21090191e-03 7.40570613e-03 1.32287383e-03
1.85254632e+02 3.27087220e-03 7.40562924e-03 1.32261759e-03
1.86754669e+02 3.32700320e-03 7.40555746e-03 1.32237773e-03
1.88254707e+02 3.37161170e-03 7.40550095e-03 1.32218710e-03
1.89754744e+02 3.40797254e-03 7.40545537e-03 1.32203170e-03
1.91254782e+02 3.44513999e-03 7.40540875e-03 1.32187285e-03
1.92754819e+02 3.49270809e-03 7.40534840e-03 1.32166953e-03
1.94254857e+02 3.55168248e-03 7.40527302e-03 1.32141744e-03
1.95754894e+02 3.62147676e-03 7.40518337e-03 1.32111907e-03
1.97254932e+02 3.69304831e-03 7.40509142e-03 1.32081307e-03
1.98754969e+02 3.76217382e-03 7.40500273e-03 1.32051749e-03
2.00255007e+02 3.81802859e-03 7.40493161e-03 1.32027864e-03
2.01755044e+02 3.85873312e-03 7.40488051e-03 1.32010456e-03
2.03255082e+02 3.89346844e-03 7.40483732e-03 1.31995600e-03
2.04755119e+02 3.93050303e-03 7.40479112e-03 1.31979760e-03
2.06255157e+02 3.97578904e-03 7.40473406e-03 1.31960390e-03
2.07755194e+02 4.03420654e-03 7.40465969e-03 1.31935401e-03
2.09255232e+02 4.10624186e-03 7.40456740e-03 1.31904584e-03
2.10755269e+02 4.18572970e-03 7.40446533e-03 1.31870574e-03
2.12255307e+02 4.26402977e-03 7.40436486e-03 1.31837070e-03
2.13755344e+02 4.33805033e-03 7.40427008e-03 1.31805393e-03
2.15255382e+02 4.40666581e-03 7.40418246e-03 1.31776026e-03
2.16755419e+02 4.46400782e-03 7.40410974e-03 1.31751483e-03
2.18255457e+02 4.50879393e-03 7.40405358e-03 1.31732312e-03
2.19755494e+02 4.54502430e-03 7.40400873e-03 1.31716802e-03
2.21255532e+02 4.58435941e-03 7.40395981e-03 1.31699963e-03
2.22755569e+02 4.63912479e-03 7.40389059e-03 1.31676516e-03
2.24255607e+02 4.71048988e-03 7.40379955e-03 1.31645960e-03
2.25755644e+02 4.78995329e-03 7.40369789e-03 1.31611934e-03
2.27255682e+02 4.86979038e-03 7.40359579e-03 1.31577743e-03
2.28755719e+02 4.94222799e-03 7.40350346e-03 1.31546719e-03
2.30255757e+02 5.00590420e-03 7.40342271e-03 1.31519444e-03
2.31755794e+02 5.06376632e-03 7.40334963e-03 1.31494658e-03
2.33255832e+02 5.11813041e-03 7.40328118e-03 1.31471369e-03
2.34755869e+02 5.16752956e-03 7.40321929e-03 1.31450205e-03
2.36255907e+02 5.21887696e-03 7.40315487e-03 1.31428206e-03
2.37755944e+02 5.28675893e-03 7.40306875e-03 1.31399119e-03
2.39255982e+02 5.37846989e-03 7.40295137e-03 1.31359819e-03
2.40756020e+02 5.48570348e-03 7.40281365e-03 1.31313862e-03
2.42256057e+02 5.59139967e-03 7.40267801e-03 1.31268558e-03
2.43756095e+02 5.68106810e-03 7.40256348e-03 1.31230119e-03
2.45256132e+02 5.74662847e-03 7.40248063e-03 1.31202012e-03
2.46756170e+02 5.78498797e-03 7.40243350e-03 1.31185566e-03
2.48256207e+02 5.80035336e-03 7.40241656e-03 1.31178978e-03
2.49756245e+02 5.81123103e-03 7.40240554e-03 1.31174314e-03
2.51256282e+02 5.83360483e-03 7.40237945e-03 1.31164721e-03
2.52756320e+02 5.87665208e-03 7.40232626e-03 1.31146263e-03
2.54256357e+02 5.94907821e-03 7.40223457e-03 1.31115206e-03
2.55756395e+02 6.04997527e-03 7.40210560e-03 1.31071936e-03
2.57256432e+02 6.17314253e-03 7.40194750e-03 1.31019109e-03
2.58756470e+02 6.30929965e-03 7.40177248e-03 1.30960703e-03
2.60256507e+02 6.44861207e-03 7.40159341e-03 1.30900934e-03
2.61756545e+02 6.57436296e-03 7.40143219e-03 1.30846977e-03
2.63256582e+02 6.67430058e-03 7.40130483e-03 1.30804091e-03
2.64756620e+02 6.73717850e-03 7.40122600e-03 1.30777106e-03
2.66256657e+02 6.75995566e-03 7.40119965e-03 1.30767330e-03
2.67756695e+02 6.75705138e-03 7.40120692e-03 1.30768577e-03
2.69256732e+02 6.75299944e-03 7.40121570e-03 1.30770316e-03
2.70756770e+02 6.77564996e-03 7.40118958e-03 1.30760594e-03
2.72256807e+02 6.83414991e-03 7.40111659e-03 1.30735486e-03
2.73756845e+02 6.92207029e-03 7.40100517e-03 1.30697748e-03
2.75256882e+02 7.02983034e-03 7.40086788e-03 1.30651489e-03
2.76756920e+02 7.14977208e-03 7.40071473e-03 1.30599996e-03
2.78256957e+02 7.27350006e-03 7.40055673e-03 1.30546872e-03
2.79756995e+02 7.38997904e-03 7.40040826e-03 1.30496855e-03
2.81257032e+02 7.49223082e-03 7.40027844e-03 1.30452944e-03
2.82757070e+02 7.57989022e-03 7.40016772e-03 1.30415296e-03
2.84257107e+02 7.66357685e-03 7.40006223e-03 1.30379352e-03
2.85757145e+02 7.75085817e-03 7.39995209e-03 1.30341861e-03
2.87257182e+02 7.83351307e-03 7.39984804e-03 1.30306356e-03
2.88757220e+02 7.90881740e-03 7.39975361e-03 1.30274006e-03
2.90257257e+02 7.97368281e-03 7.39967282e-03 1.30246139e-03
2.91757295e+02 8.02403237e-03 7.39961098e-03 1.30224507e-03
2.93257332e+02 8.06269183e-03 7.39956440e-03 1.30207898e-03
2.94757370e+02 8.09808135e-03 7.39952210e-03 1.30192692e-03
2.96257407e+02 8.14192622e-03 7.39946882e-03 1.30173854e-03
2.97757445e+02 8.20178517e-03 7.39939471e-03 1.30148133e-03
2.99257482e+02 8.28565170e-03 7.39928938e-03 1.30112096e-03
3.00757520e+02 8.39654860e-03 7.39914892e-03 1.30064440e-03
3.02257557e+02 8.52425247e-03 7.39898667e-03 1.30009558e-03
3.03757595e+02 8.66221621e-03 7.39881117e-03 1.29950261e-03
3.05257632e+02 8.80270310e-03 7.39863248e-03 1.29889876e-03
3.06757670e+02 8.93396950e-03 7.39846588e-03 1.29833449e-03
3.08257707e+02 9.04859971e-03 7.39832096e-03 1.29784170e-03
3.09757745e+02 9.13445269e-03 7.39821347e-03 1.29747261e-03
3.11257782e+02 9.19436877e-03 7.39813969e-03 1.29721501e-03
3.12757820e+02 9.23795679e-03 7.39808714e-03 1.29702761e-03
3.14257857e+02 9.27947694e-03 7.39803729e-03 1.29684909e-03
3.15757895e+02 9.33865128e-03 7.39796457e-03 1.29659467e-03
3.17257932e+02 9.42335025e-03 7.39785877e-03 1.29623048e-03
3.18757970e+02 9.52848840e-03 7.39772652e-03 1.29577840e-03
3.20258007e+02 9.64511187e-03 7.39757945e-03 1.29527691e-03
3.21758045e+02 9.76401454e-03 7.39742950e-03 1.29476559e-03
3.23258082e+02 9.87265180e-03 7.39729292e-03 1.29429840e-03
3.24758120e+02 9.96347096e-03 7.39717947e-03 1.29390782e-03
3.26258157e+02 1.00308768e-02 7.39709638e-03 1.29361792e-03
3.27758195e+02 1.00819607e-02 7.39703446e-03 1.29339822e-03
3.29258232e+02 1.01288637e-02 7.39697797e-03 1.29319650e-03
3.30758270e+02 1.01848883e-02 7.39690971e-03 1.29295554e-03
3.32258307e+02 1.02596330e-02 7.39681726e-03 1.29263406e-03
3.33758345e+02 1.03603916e-02 7.39669122e-03 1.29220068e-03
3.35258382e+02 1.04863332e-02 7.39653267e-03 1.29165898e-03
3.36758420e+02 1.06227654e-02 7.39636066e-03 1.29107213e-03
3.38258457e+02 1.07553674e-02 7.39619370e-03 1.29050175e-03
3.39758495e+02 1.08836112e-02 7.39603245e-03 1.28995010e-03
3.41258532e+02 1.10130063e-02 7.39586980e-03 1.28939349e-03
3.42758570e+02 1.11509492e-02 7.39569622e-03 1.28880010e-03
3.44258607e+02 1.12902677e-02 7.39552095e-03 1.28820079e-03
3.45758645e+02 1.14150872e-02 7.39536447e-03 1.28766384e-03
3.47258682e+02 1.15155627e-02 7.39523943e-03 1.28723162e-03
3.48758720e+02 1.15890617e-02 7.39514920e-03 1.28691544e-03
3.50258757e+02 1.16437344e-02 7.39508324e-03 1.28668025e-03
3.51758795e+02 1.16852380e-02 7.39503427e-03 1.28650171e-03
3.53258832e+02 1.17152419e-02 7.39500014e-03 1.28637264e-03
3.54758870e+02 1.17393357e-02 7.39497363e-03 1.28626899e-03
3.56258907e+02 1.17696436e-02 7.39493914e-03 1.28613861e-03
3.57758945e+02 1.18211403e-02 7.39487741e-03 1.28591708e-03
3.59258982e+02 1.19060077e-02 7.39477276e-03 1.28555201e-03
3.60759020e+02 1.20368935e-02 7.39460897e-03 1.28498897e-03
3.62259057e+02 1.22105079e-02 7.39439034e-03 1.28424214e-03
3.63759095e+02 1.24131529e-02 7.39413456e-03 1.28337045e-03
3.65259132e+02 1.26268211e-02 7.39386481e-03 1.28245138e-03
3.66759170e+02 1.28255813e-02 7.39361440e-03 1.28159648e-03
3.68259207e+02 1.29904305e-02 7.39340764e-03 1.28088746e-03
3.69759245e+02 1.31142579e-02 7.39325359e-03 1.28035490e-03
3.71259282e+02 1.32011499e-02 7.39314694e-03 1.27998121e-03
3.72759320e+02 1.32564555e-02 7.39308080e-03 1.27974336e-03
3.74259357e+02 1.32908967e-02 7.39304142e-03 1.27959525e-03
3.75759395e+02 1.33171403e-02 7.39301256e-03 1.27948239e-03
3.77259432e+02 1.33533501e-02 7.39297095e-03 1.27932667e-03
3.78759470e+02 1.34127006e-02 7.39289974e-03 1.27907144e-03
3.80259507e+02 1.34965472e-02 7.39279719e-03 1.27871088e-03
3.81759545e+02 1.35998609e-02 7.39266979e-03 1.27826663e-03
3.83259582e+02 1.37175622e-02 7.39252404e-03 1.27776053e-03
3.84759620e+02 1.38448591e-02 7.39236609e-03 1.27721320e-03
3.86259657e+02 1.39838342e-02 7.39219331e-03 1.27661570e-03
3.87759695e+02 1.41340140e-02 7.39200631e-03 1.27597007e-03
3.89259732e+02 1.42937937e-02 7.39180716e-03 1.27528322e-03
3.90759770e+02 1.44600285e-02 7.39159990e-03 1.27456869e-03
3.92259807e+02 1.46222593e-02 7.39139787e-03 1.27387144e-03
3.93759845e+02 1.47659775e-02 7.39121957e-03 1.27325382e-03
3.95259882e+02 1.48837654e-02 7.39107442e-03 1.27274767e-03
3.96759920e+02 1.49766317e-02 7.39096108e-03 1.27234864e-03
3.98259957e+02 1.50493879e-02 7.39087341e-03 1.27203604e-03
3.99759995e+02 1.51114102e-02 7.39079945e-03 1.27176957e-03
4.01260033e+02 1.51687796e-02 7.39073145e-03 1.27152310e-03
4.02760070e+02 1.52365665e-02 7.39065021e-03 1.27123189e-03
4.04260108e+02 1.53232155e-02 7.39054501e-03 1.27085966e-03
4.05760145e+02 1.54333714e-02 7.39040995e-03 1.27038650e-03
4.07260183e+02 1.55602237e-02 7.39025372e-03 1.26984167e-03
4.08760220e+02 1.56947500e-02 7.39008783e-03 1.26926394e-03
4.10260258e+02 1.58383446e-02 7.38991051e-03 1.26864733e-03
4.11760295e+02 1.59878339e-02 7.38972581e-03 1.26800550e-03
4.13260333e+02 1.61376275e-02 7.38954083e-03 1.26736244e-03
4.14760370e+02 1.62853109e-02 7.38935863e-03 1.26672854e-03
4.16260408e+02 1.64319738e-02 7.38917784e-03 1.26609910e-03
4.17760445e+02 1.65743144e-02 7.38900263e-03 1.26548829e-03
4.19260483e+02 1.67088135e-02 7.38883745e-03 1.26491122e-03
4.20760520e+02 1.68330364e-02 7.38868537e-03 1.26437831e-03
4.22260558e+02 1.69442301e-02 7.38854987e-03 1.26390135e-03
4.23760595e+02 1.70435412e-02 7.38842948e-03 1.26347541e-03
4.25260633e+02 1.71395360e-02 7.38831333e-03 1.26306373e-03
4.26760670e+02 1.72453181e-02 7.38818487e-03 1.26261014e-03
4.28260708e+02 1.73603155e-02 7.38804481e-03 1.26211709e-03
4.29760745e+02 1.74759994e-02 7.38790396e-03 1.26162117e-03
4.31260783e+02 1.75860719e-02 7.38777027e-03 1.26114936e-03
4.32760820e+02 1.76906319e-02 7.38764360e-03 1.26070124e-03
4.34260858e+02 1.77890256e-02 7.38752478e-03 1.26027960e-03
4.35760895e+02 1.78808472e-02 7.38741431e-03 1.25988616e-03
4.37260933e+02 1.79723416e-02 7.38730430e-03 1.25949418e-03
4.38760970e+02 1.80683673e-02 7.38718863e-03 1.25908283e-03
4.40261008e+02 1.81796703e-02 7.38705375e-03 1.25860610e-03
4.41761045e+02 1.83235025e-02 7.38687795e-03 1.25799014e-03
4.43261083e+02 1.85098891e-02 7.38664866e-03 1.25719213e-03
4.44761120e+02 1.87353919e-02 7.38637029e-03 1.25622691e-03
4.46261158e+02 1.89761048e-02 7.38607303e-03 1.25519692e-03
4.47761195e+02 1.92029746e-02 7.38579342e-03 1.25422650e-03
4.49261233e+02 1.93893532e-02 7.38556488e-03 1.25342952e-03
4.50761270e+02 1.95266236e-02 7.38539813e-03 1.25284267e-03
4.52261308e+02 1.96177673e-02 7.38528934e-03 1.25245310e-03
4.53761345e+02 1.96721941e-02 7.38522666e-03 1.25222048e-03
4.55261383e+02 1.97064469e-02 7.38518932e-03 1.25207410e-03
4.56761420e+02 1.97382283e-02 7.38515510e-03 1.25193829e-03
4.58261458e+02 1.97905127e-02 7.38509518e-03 1.25171488e-03
4.59761495e+02 1.98784867e-02 7.38499055e-03 1.25133900e-03
4.61261533e+02 2.00064913e-02 7.38483579e-03 1.25079219e-03
4.62761570e+02 2.01656974e-02 7.38464204e-03 1.25011225e-03
4.64261608e+02 2.03380652e-02 7.38443193e-03 1.24937630e-03
4.65761645e+02 2.05165659e-02 7.38421429e-03 1.24861439e-03
4.67261683e+02 2.06925738e-02 7.38399991e-03 1.24786335e-03
4.68761720e+02 2.08610097e-02 7.38379514e-03 1.24714483e-03
4.70261758e+02 2.10206727e-02 7.38360146e-03 1.24646394e-03
4.71761795e+02 2.11749390e-02 7.38341463e-03 1.24580624e-03
4.73261833e+02 2.13228247e-02 7.38323588e-03 1.24517592e-03
4.74761870e+02 2.14653809e-02 7.38306387e-03 1.24456848e-03
4.76261908e+02 2.16062595e-02 7.38289406e-03 1.24396834e-03
4.77761945e+02 2.17465582e-02 7.38272507e-03 1.24337084e-03
4.79261983e+02 2.18832259e-02 7.38256069e-03 1.24278895e-03
4.80762020e+02 2.20114555e-02 7.38240691e-03 1.24224312e-03
4.82262058e+02 2.21285287e-02 7.38226710e-03 1.24174491e-03
4.83762095e+02 2.22374703e-02 7.38213747e-03 1.24128140e-03
4.85262133e+02 2.23523510e-02 7.38200053e-03 1.24079273e-03
4.86762170e+02 2.24880239e-02 7.38183781e-03 1.24021576e-03
4.88262208e+02 2.26477897e-02 7.38164525e-03 1.23953653e-03
4.89762245e+02 2.28282601e-02 7.38142710e-03 1.23876955e-03
4.91262283e+02 2.30180795e-02 7.38119751e-03 1.23796314e-03
4.92762320e+02 2.31981351e-02 7.38098018e-03 1.23719851e-03
4.94262358e+02 2.33521561e-02 7.38079526e-03 1.23654467e-03
4.95762395e+02 2.34785989e-02 7.38064462e-03 1.23600806e-03
4.97262433e+02 2.35844609e-02 7.38051955e-03 1.23555891e-03
4.98762470e+02 2.36774909e-02 7.38041043e-03 1.23516428e-03
5.00262508e+02 2.37699909e-02 7.38030201e-03 1.23477199e-03
5.01762545e+02 2.38703543e-02 7.38018391e-03 1.23434643e-03
5.03262583e+02 2.39894890e-02 7.38004265e-03 1.23384140e-03
5.04762620e+02 2.41338577e-02 7.37987027e-03 1.23322958e-03
5.06262658e+02 2.43065283e-02 7.37966303e-03 1.23249808e-03
5.07762695e+02 2.45116024e-02 7.37941590e-03 1.23162967e-03
5.09262733e+02 2.47329789e-02 7.37914886e-03 1.23069269e-03
5.10762770e+02 2.49540901e-02 7.37888235e-03 1.22975731e-03
5.12262808e+02 2.51570277e-02 7.37863845e-03 1.22889923e-03
5.13762845e+02 2.53346680e-02 7.37842588e-03 1.22814845e-03
5.15262883e+02 2.54847059e-02 7.37824742e-03 1.22751458e-03
5.16762920e+02 2.56124622e-02 7.37809647e-03 1.22697502e-03
5.18262958e+02 2.57207863e-02 7.37796950e-03 1.22651766e-03
5.19762995e+02 2.58202616e-02 7.37785347e-03 1.22609776e-03
5.21263033e+02 2.59196459e-02 7.37773761e-03 1.22567835e-03
5.22763070e+02 2.60311742e-02 7.37760688e-03 1.22520781e-03
5.24263108e+02 2.61619044e-02 7.37745264e-03 1.22465643e-03
5.25763145e+02 2.63174871e-02 7.37726798e-03 1.22400045e-03
5.27263183e+02 2.64938172e-02 7.37705798e-03 1.22325730e-03
5.28763220e+02 2.66830123e-02 7.37683236e-03 1.22246029e-03
5.30263258e+02 2.68703249e-02 7.37660920e-03 1.22167159e-03
5.31763295e+02 2.70499854e-02 7.37639557e-03 1.22091546e-03
5.33263333e+02 2.72137522e-02 7.37620153e-03 1.22022651e-03
5.34763370e+02 2.73642259e-02 7.37602388e-03 1.21959375e-03
5.36263408e+02 2.75120734e-02 7.37584953e-03 1.21897226e-03
5.37763445e+02 2.76628576e-02 7.37567170e-03 1.21833868e-03
5.39263483e+02 2.78213744e-02 7.37548454e-03 1.21767287e-03
5.40763520e+02 2.79919730e-02 7.37528275e-03 1.21695662e-03
5.42263558e+02 2.81703300e-02 7.37507162e-03 1.21620813e-03
5.43763595e+02 2.83552501e-02 7.37485264e-03 1.21543248e-03
5.45263633e+02 2.85400630e-02 7.37463394e-03 1.21465765e-03
5.46763670e+02 2.87129338e-02 7.37442993e-03 1.21393323e-03
5.48263708e+02 2.88677788e-02 7.37424799e-03 1.21328463e-03
5.49763745e+02 2.90036822e-02 7.37408920e-03 1.21271560e-03
5.51263783e+02 2.91285937e-02 7.37394387e-03 1.21219277e-03
5.52763820e+02 2.92587674e-02 7.37379222e-03 1.21164810e-03
5.54263858e+02 2.94056895e-02 7.37362030e-03 1.21103358e-03
5.55763895e+02 2.95656037e-02 7.37343271e-03 1.21036500e-03
5.57263933e+02 2.97330068e-02 7.37323615e-03 1.20966542e-03
5.58763970e+02 2.99109435e-02 7.37302694e-03 1.20892217e-03
5.60264008e+02 3.00990611e-02 7.37280553e-03 1.20813678e-03
5.61764046e+02 3.02869246e-02 7.37258459e-03 1.20735285e-03
5.63264083e+02 3.04658519e-02 7.37237463e-03 1.20660659e-03
5.64764121e+02 3.06390729e-02 7.37217171e-03 1.20588448e-03
5.66264158e+02 3.08111268e-02 7.37197033e-03 1.20516758e-03
5.67764196e+02 3.09867182e-02 7.37176481e-03 1.20443628e-03
5.69264233e+02 3.11664357e-02 7.37155445e-03 1.20368817e-03
5.70764271e+02 3.13470778e-02 7.37134311e-03 1.20293658e-03
5.72264308e+02 3.15281810e-02 7.37113136e-03 1.20218346e-03
5.73764346e+02 3.17033810e-02 7.37092687e-03 1.20145524e-03
5.75264383e+02 3.18724077e-02 7.37072996e-03 1.20075301e-03
5.76764421e+02 3.20354773e-02 7.37054035e-03 1.20007585e-03
5.78264458e+02 3.21926054e-02 7.37035801e-03 1.19942365e-03
5.79764496e+02 3.23439133e-02 7.37018278e-03 1.19879588e-03
5.81264533e+02 3.24934061e-02 7.37000983e-03 1.19817590e-03
5.82764571e+02 3.26490888e-02 7.36982956e-03 1.19753052e-03
5.84264608e+02 3.28167765e-02 7.36963497e-03 1.19683569e-03
5.85764646e+02 3.29976574e-02 7.36942468e-03 1.19608656e-03
5.87264683e+02 3.31873849e-02 7.36920392e-03 1.19530119e-03
5.88764721e+02 3.33873645e-02 7.36897102e-03 1.19447383e-03
5.90264758e+02 3.35906259e-02 7.36873437e-03 1.19363337e-03
5.91764796e+02 3.37891558e-02 7.36850356e-03 1.19281293e-03
5.93264833e+02 3.39781672e-02 7.36828430e-03 1.19203225e-03
5.94764871e+02 3.41609465e-02 7.36807266e-03 1.19127770e-03
5.96264908e+02 3.43344176e-02 7.36787228e-03 1.19056192e-03
5.97764946e+02 3.45009605e-02 7.36768030e-03 1.18987506e-03
5.99264983e+02 3.46655503e-02 7.36749078e-03 1.18919657e-03
6.00765021e+02 3.48307921e-02 7.36730061e-03 1.18851569e-03
6.02265058e+02 3.50036806e-02 7.36710144e-03 1.18780364e-03
6.03765096e+02 3.51849322e-02 7.36689243e-03 1.18705751e-03
6.05265133e+02 3.53776270e-02 7.36666995e-03 1.18626468e-03
6.06765171e+02 3.55774801e-02 7.36643910e-03 1.18544284e-03
6.08265208e+02 3.57823467e-02 7.36620247e-03 1.18460085e-03
6.09765246e+02 3.59818128e-02 7.36597243e-03 1.18378150e-03
6.11265283e+02 3.61669808e-02 7.36575954e-03 1.18302129e-03
6.12765321e+02 3.63356862e-02 7.36556634e-03 1.18232899e-03
6.14265358e+02 3.64931251e-02 7.36538663e-03 1.18168321e-03
6.15765396e+02 3.66522891e-02 7.36520498e-03 1.18103063e-03
6.17265433e+02 3.68231937e-02 7.36500954e-03 1.18033022e-03
6.18765471e+02 3.70154539e-02 7.36478893e-03 1.17954268e-03
6.20265508e+02 3.72273515e-02 7.36454524e-03 1.17867516e-03
6.21765546e+02 3.74515145e-02 7.36428724e-03 1.17775795e-03
6.23265583e+02 3.76818639e-02 7.36402214e-03 1.17681600e-03
6.24765621e+02 3.79043545e-02 7.36376654e-03 1.17590672e-03
6.26265658e+02 3.81095893e-02 7.36353151e-03 1.17506843e-03
6.27765696e+02 3.82920490e-02 7.36332351e-03 1.17432353e-03
6.29265733e+02 3.84514194e-02 7.36314286e-03 1.17367319e-03
6.30765771e+02 3.86033868e-02 7.36297104e-03 1.17305330e-03
6.32265808e+02 3.87598337e-02 7.36279406e-03 1.17241539e-03
6.33765846e+02 3.89289669e-02 7.36260225e-03 1.17172603e-03
6.35265883e+02 3.91133219e-02 7.36239267e-03 1.17097497e-03
6.36765921e+02 3.93090325e-02 7.36216988e-03 1.17017802e-03
6.38265958e+02 3.95113190e-02 7.36193955e-03 1.16935470e-03
6.39765996e+02 3.97201728e-02 7.36170167e-03 1.16850509e-03
6.41266033e+02 3.99390830e-02 7.36145219e-03 1.16761503e-03
6.42766071e+02 4.01699425e-02 7.36118891e-03 1.16667690e-03
6.44266108e+02 4.04097797e-02 7.36091534e-03 1.16570283e-03
6.45766146e+02 4.06448687e-02 7.36064755e-03 1.16474859e-03
6.47266183e+02 4.08603942e-02 7.36040287e-03 1.16387422e-03
6.48766221e+02 4.10510644e-02 7.36018741e-03 1.16310106e-03
6.50266258e+02 4.12206143e-02 7.35999677e-03 1.16241382e-03
6.51766296e+02 4.13789067e-02 7.35981939e-03 1.16177245e-03
6.53266333e+02 4.15402168e-02 7.35963860e-03 1.16111909e-03
6.54766371e+02 4.17144829e-02 7.35944282e-03 1.16041353e-03
6.56266408e+02 4.19060831e-02 7.35922697e-03 1.15963810e-03
6.57766446e+02 4.21090370e-02 7.35899806e-03 1.15881708e-03
6.59266483e+02 4.23166963e-02 7.35876385e-03 1.15797740e-03
6.60766521e+02 4.25278981e-02 7.35852571e-03 1.15712378e-03
6.62266558e+02 4.27445849e-02 7.35828138e-03 1.15624839e-03
6.63766596e+02 4.29674341e-02 7.35803008e-03 1.15534853e-03
6.65266633e+02 4.31925793e-02 7.35777634e-03 1.15443981e-03
6.66766671e+02 4.34204652e-02 7.35751962e-03 1.15352047e-03
6.68266708e+02 4.36535828e-02 7.35725706e-03 1.15258045e-03
6.69766746e+02 4.38856828e-02 7.35699590e-03 1.15164497e-03
6.71266783e+02 4.41087080e-02 7.35674545e-03 1.15074647e-03
6.72766821e+02 4.43164041e-02 7.35651292e-03 1.14991007e-03
6.74266858e+02 4.45089937e-02 7.35629801e-03 1.14913481e-03
6.75766896e+02 4.46919940e-02 7.35609432e-03 1.14839840e-03
6.77266933e+02 4.48705464e-02 7.35589590e-03 1.14768013e-03
6.78766971e+02 4.50504361e-02 7.35569607e-03 1.14695672e-03
6.80267008e+02 4.52357255e-02 7.35549016e-03 1.14621184e-03
6.81767046e+02 4.54326141e-02 7.35527104e-03 1.14542059e-03
6.83267083e+02 4.56449318e-02 7.35503434e-03 1.14456765e-03
6.84767121e+02 4.58752553e-02 7.35477712e-03 1.14364272e-03
6.86267158e+02 4.61215316e-02 7.35450180e-03 1.14265412e-03
6.87767196e+02 4.63736527e-02 7.35422002e-03 1.14164247e-03
6.89267233e+02 4.66254014e-02 7.35393893e-03 1.14063273e-03
6.90767271e+02 4.68645172e-02 7.35367256e-03 1.13967402e-03
6.92267308e+02 4.70905796e-02 7.35342136e-03 1.13876798e-03
6.93767346e+02 4.72999242e-02 7.35318949e-03 1.13792921e-03
6.95267383e+02 4.74980455e-02 7.35297063e-03 1.13713564e-03
6.96767421e+02 4.76918071e-02 7.35275692e-03 1.13635975e-03
6.98267458e+02 4.78849833e-02 7.35254402e-03 1.13558642e-03
6.99767496e+02 4.80878566e-02 7.35232022e-03 1.13477449e-03
7.01267533e+02 4.83057473e-02 7.35207947e-03 1.13390270e-03
7.02767571e+02 4.85370336e-02 7.35182365e-03 1.13297759e-03
7.04267608e+02 4.87758453e-02 7.35155949e-03 1.13202266e-03
7.05767646e+02 4.90140609e-02 7.35129623e-03 1.13107040e-03
7.07267683e+02 4.92491686e-02 7.35103674e-03 1.13013083e-03
7.08767721e+02 4.94754779e-02 7.35078746e-03 1.12922666e-03
7.10267758e+02 4.97019416e-02 7.35053821e-03 1.12832210e-03
7.11767796e+02 4.99257252e-02 7.35029221e-03 1.12742846e-03
7.13267833e+02 5.01514447e-02 7.35004421e-03 1.12652731e-03
7.14767871e+02 5.03771703e-02 7.34979642e-03 1.12562634e-03
7.16267908e+02 5.06012856e-02 7.34955065e-03 1.12473199e-03
7.17767946e+02 5.08252124e-02 7.34930530e-03 1.12383859e-03
7.19267983e+02 5.10503221e-02 7.34905881e-03 1.12294065e-03
7.20768021e+02 5.12754514e-02 7.34881250e-03 1.12204281e-03
7.22268059e+02 5.14941810e-02 7.34857362e-03 1.12117065e-03
7.23768096e+02 5.17003302e-02 7.34834911e-03 1.12034880e-03
7.25268134e+02 5.19041217e-02 7.34812742e-03 1.11953648e-03
7.26768171e+02 5.21154579e-02 7.34789741e-03 1.11869421e-03
7.28268209e+02 5.23481125e-02 7.34764362e-03 1.11776712e-03
7.29768246e+02 5.26043367e-02 7.34736356e-03 1.11674628e-03
7.31268284e+02 5.28722965e-02 7.34707060e-03 1.11567886e-03
7.32768321e+02 5.31460445e-02 7.34677143e-03 1.11458856e-03
7.34268359e+02 5.34157729e-02 7.34647707e-03 1.11351443e-03
7.35768396e+02 5.36772886e-02 7.34619218e-03 1.11247315e-03
7.37268434e+02 5.39233251e-02 7.34592487e-03 1.11149362e-03
7.38768471e+02 5.41528198e-02 7.34567629e-03 1.11058004e-03
7.40268509e+02 5.43672803e-02 7.34544470e-03 1.10972638e-03
7.41768546e+02 5.45745395e-02 7.34522133e-03 1.10890146e-03
7.43268584e+02 5.47876325e-02 7.34499163e-03 1.10805337e-03
7.44768621e+02 5.50134256e-02 7.34474796e-03 1.10715480e-03
7.46268659e+02 5.52473102e-02 7.34449549e-03 1.10622409e-03
7.47768696e+02 5.54857398e-02 7.34423819e-03 1.10527535e-03
7.49268734e+02 5.57303084e-02 7.34397429e-03 1.10430224e-03
7.50768771e+02 5.59823507e-02 7.34370233e-03 1.10329943e-03
7.52268809e+02 5.62390939e-02 7.34342541e-03 1.10227795e-03
7.53768846e+02 5.64987922e-02 7.34314548e-03 1.10124475e-03
7.55268884e+02 5.67613121e-02 7.34286269e-03 1.10020034e-03
7.56768921e+02 5.70265913e-02 7.34257712e-03 1.09914497e-03
7.58268959e+02 5.72905138e-02 7.34229333e-03 1.09809500e-03
7.59768996e+02 5.75466889e-02 7.34201837e-03 1.09707584e-03
7.61269034e+02 5.77921364e-02 7.34175550e-03 1.09609935e-03
7.62769071e+02 5.80275195e-02 7.34150397e-03 1.09516289e-03
7.64269109e+02 5.82559633e-02 7.34126030e-03 1.09425400e-03
7.65769146e+02 5.84840076e-02 7.34101728e-03 1.09334668e-03
7.67269184e+02 5.87190272e-02 7.34076680e-03 1.09241157e-03
7.68769221e+02 5.89625390e-02 7.34050720e-03 1.09144263e-03
7.70269259e+02 5.92133155e-02 7.34023987e-03 1.09044473e-03
7.71769296e+02 5.94695033e-02 7.33996685e-03 1.08942524e-03
7.73269334e+02 5.97244332e-02 7.33969546e-03 1.08841068e-03
7.74769371e+02 5.99783480e-02 7.33942545e-03 1.08740009e-03
7.76269409e+02 6.02308080e-02 7.33915728e-03 1.08639520e-03
7.77769446e+02 6.04799626e-02 7.33889298e-03 1.08540339e-03
7.79269484e+02 6.07305725e-02 7.33862733e-03 1.08440570e-03
7.80769521e+02 6.09854502e-02 7.33835727e-03 1.08339092e-03
7.82269559e+02 6.12456784e-02 7.33808164e-03 1.08235472e-03
7.83769596e+02 6.15109351e-02 7.33780081e-03 1.08129839e-03
7.85269634e+02 6.17801364e-02 7.33751595e-03 1.08022621e-03
7.86769671e+02 6.20481708e-02 7.33723265e-03 1.07915856e-03
7.88269709e+02 6.23099978e-02 7.33695637e-03 1.07811549e-03
7.89769746e+02 6.25624791e-02 7.33669050e-03 1.07710952e-03
7.91269784e+02 6.28074781e-02 7.33643300e-03 1.07613324e-03
7.92769821e+02 6.30516130e-02 7.33617666e-03 1.07516027e-03
7.94269859e+02 6.33040594e-02 7.33591157e-03 1.07415404e-03
7.95769896e+02 6.35706104e-02 7.33563149e-03 1.07309143e-03
7.97269934e+02 6.38543814e-02 7.33533309e-03 1.07195999e-03
7.98769971e+02 6.41573764e-02 7.33501427e-03 1.07075170e-03
8.00270009e+02 6.44721457e-02 7.33468312e-03 1.06949621e-03
8.01770046e+02 6.47880817e-02 7.33435110e-03 1.06823582e-03
8.03270084e+02 6.50938351e-02 7.33403043e-03 1.06701581e-03
8.04770121e+02 6.53835016e-02 7.33372739e-03 1.06585977e-03
8.06270159e+02 6.56552456e-02 7.33344391e-03 1.06477506e-03
8.07770196e+02 6.59056643e-02 7.33318359e-03 1.06377530e-03
8.09270234e+02 6.61382763e-02 7.33294257e-03 1.06284649e-03
8.10770271e+02 6.63593068e-02 7.33271417e-03 1.06196378e-03
8.12270309e+02 6.65810155e-02 7.33248524e-03 1.06107823e-03
8.13770346e+02 6.68110127e-02 7.33224765e-03 1.06015943e-03
8.15270384e+02 6.70586357e-02 7.33199145e-03 1.05917007e-03
8.16770421e+02 6.73278578e-02 7.33171246e-03 1.05809421e-03
8.18270459e+02 6.76215137e-02 7.33140772e-03 1.05692049e-03
8.19770496e+02 6.79304124e-02 7.33108710e-03 1.05568559e-03
8.21270534e+02 6.82493319e-02 7.33075621e-03 1.05441036e-03
8.22770571e+02 6.85628157e-02 7.33043148e-03 1.05315660e-03
8.24270609e+02 6.88639063e-02 7.33012029e-03 1.05195215e-03
8.25770646e+02 6.91497659e-02 7.32982558e-03 1.05080841e-03
8.27270684e+02 6.94191497e-02 7.32954863e-03 1.04973039e-03
8.28770721e+02 6.96780157e-02 7.32928308e-03 1.04869428e-03
8.30270759e+02 6.99273685e-02 7.32902785e-03 1.04769609e-03
8.31770796e+02 7.01747101e-02 7.32877498e-03 1.04670579e-03
8.33270834e+02 7.04311150e-02 7.32851280e-03 1.04567904e-03
8.34770871e+02 7.07021885e-02 7.32823543e-03 1.04459337e-03
8.36270909e+02 7.09867458e-02 7.32794415e-03 1.04345351e-03
8.37770946e+02 7.12833648e-02 7.32764052e-03 1.04226513e-03
8.39270984e+02 7.15883297e-02 7.32732847e-03 1.04104309e-03
8.40771021e+02 7.19033696e-02 7.32700622e-03 1.03978047e-03
8.42271059e+02 7.22230570e-02 7.32667949e-03 1.03849900e-03
8.43771096e+02 7.25431762e-02 7.32635271e-03 1.03721558e-03
8.45271134e+02 7.28580114e-02 7.32603185e-03 1.03595314e-03
8.46771171e+02 7.31659491e-02 7.32571858e-03 1.03471818e-03
8.48271209e+02 7.34618080e-02 7.32541828e-03 1.03353149e-03
8.49771246e+02 7.37470310e-02 7.32512939e-03 1.03238732e-03
8.51271284e+02 7.40260157e-02 7.32484732e-03 1.03126804e-03
8.52771321e+02 7.43062715e-02 7.32456423e-03 1.03014354e-03
8.54271359e+02 7.45928012e-02 7.32427493e-03 1.02899375e-03
8.55771396e+02 7.48898264e-02 7.32397508e-03 1.02780173e-03
8.57271434e+02 7.51905735e-02 7.32367171e-03 1.02659465e-03
8.58771471e+02 7.54899286e-02 7.32337014e-03 1.02539306e-03
8.60271509e+02 7.57851041e-02 7.32307324e-03 1.02420816e-03
8.61771546e+02 7.60765048e-02 7.32278058e-03 1.02303833e-03
8.63271584e+02 7.63703541e-02 7.32248573e-03 1.02185861e-03
8.64771621e+02 7.66695730e-02 7.32218569e-03 1.02065728e-03
8.66271659e+02 7.69754432e-02 7.32187915e-03 1.01942919e-03
8.67771696e+02 7.72888575e-02 7.32156523e-03 1.01817078e-03
8.69271734e+02 7.76047809e-02 7.32124912e-03 1.01690227e-03
8.70771771e+02 7.79214381e-02 7.32093264e-03 1.01563081e-03
8.72271809e+02 7.82303494e-02 7.32062450e-03 1.01439046e-03
8.73771846e+02 7.85325176e-02 7.32032362e-03 1.01317721e-03
8.75271884e+02 7.88287150e-02 7.32002920e-03 1.01198797e-03
8.76771921e+02 7.91220729e-02 7.31973802e-03 1.01081018e-03
8.78271959e+02 7.94156254e-02 7.31944698e-03 1.00963167e-03
8.79771996e+02 7.97110782e-02 7.31915435e-03 1.00844561e-03
8.81272034e+02 8.00143930e-02 7.31885406e-03 1.00722808e-03
8.82772072e+02 8.03304151e-02 7.31854122e-03 1.00595966e-03
8.84272109e+02 8.06622042e-02 7.31821277e-03 1.00462811e-03
8.85772147e+02 8.10036209e-02 7.31787501e-03 1.00325810e-03
8.87272184e+02 8.13415091e-02 7.31754126e-03 1.00190246e-03
8.88772222e+02 8.16662947e-02 7.31722121e-03 1.00059960e-03
8.90272259e+02 8.19772185e-02 7.31691556e-03 9.99352562e-04
8.91772297e+02 8.22784959e-02 7.31662002e-03 9.98144433e-04
8.93272334e+02 8.25785934e-02 7.31632601e-03 9.96941265e-04
8.94772372e+02 8.28844326e-02 7.31602659e-03 9.95715333e-04
8.96272409e+02 8.32040791e-02 7.31571366e-03 9.94434349e-04
8.97772447e+02 8.35374232e-02 7.31538738e-03 9.93098813e-04
8.99272484e+02 8.38827835e-02 7.31504950e-03 9.91715529e-04
9.00772522e+02 8.42339155e-02 7.31470631e-03 9.90309563e-04
9.02272559e+02 8.45834887e-02 7.31436516e-03 9.88910304e-04
9.03772597e+02 8.49216090e-02 7.31403592e-03 9.87557356e-04
9.05272634e+02 8.52487550e-02 7.31371805e-03 9.86248782e-04
9.06772672e+02 8.55653384e-02 7.31341112e-03 9.84982912e-04
9.08272709e+02 8.58759088e-02 7.31311056e-03 9.83741539e-04
9.09772747e+02 8.61887679e-02 7.31280810e-03 9.82491492e-04
9.11272784e+02 8.65087732e-02 7.31249894e-03 9.81213406e-04
9.12772822e+02 8.68350159e-02 7.31218399e-03 9.79910965e-04
9.14272859e+02 8.71695722e-02 7.31186124e-03 9.78575943e-04
9.15772897e+02 8.75107711e-02 7.31153236e-03 9.77215072e-04
9.17272934e+02 8.78522582e-02 7.31120365e-03 9.75853744e-04
9.18772972e+02 8.81877380e-02 7.31088132e-03 9.74517063e-04
9.20273009e+02 8.85184457e-02 7.31056411e-03 9.73200099e-04
9.21773047e+02 8.88482667e-02 7.31024820e-03 9.71887384e-04
9.23273084e+02 8.91793624e-02 7.30993146e-03 9.70570340e-04
9.24773122e+02 8.95134032e-02 7.30961226e-03 9.69242361e-04
9.26273159e+02 8.98543834e-02 7.30928670e-03 9.67887627e-04
9.27773197e+02 9.02027247e-02 7.30895440e-03 9.66504542e-04
9.29273234e+02 9.05570766e-02 7.30861670e-03 9.65098546e-04
9.30773272e+02 9.09171884e-02 7.30827388e-03 9.63670712e-04
9.32273309e+02 9.12758864e-02 7.30793293e-03 9.62249528e-04
9.33773347e+02 9.16270343e-02 7.30759981e-03 9.60859297e-04
9.35273384e+02 9.19728298e-02 7.30727237e-03 9.59491286e-04
9.36773422e+02 9.23156058e-02 7.30694832e-03 9.58136253e-04
9.38273459e+02 9.26618336e-02 7.30662137e-03 9.56768643e-04
9.39773497e+02 9.30144369e-02 7.30628873e-03 9.55376976e-04
9.41273534e+02 9.33719821e-02 7.30595180e-03 9.53966993e-04
9.42773572e+02 9.37330152e-02 7.30561199e-03 9.52544495e-04
9.44273609e+02 9.40927382e-02 7.30527396e-03 9.51128424e-04
9.45773647e+02 9.44525231e-02 7.30493635e-03 9.49713398e-04
9.47273684e+02 9.48098121e-02 7.30460164e-03 9.48309487e-04
9.48773722e+02 9.51671671e-02 7.30426736e-03 9.46906635e-04
9.50273759e+02 9.55229170e-02 7.30393510e-03 9.45511419e-04
9.51773797e+02 9.58795040e-02 7.30360253e-03 9.44114276e-04
9.53273834e+02 9.62391335e-02 7.30326754e-03 9.42706613e-04
9.54773872e+02 9.65997192e-02 7.30293214e-03 9.41296640e-04
9.56273909e+02 9.69611840e-02 7.30259639e-03 9.39884690e-04
9.57773947e+02 9.73255466e-02 7.30225839e-03 9.38462924e-04
9.59273984e+02 9.76920409e-02 7.30191888e-03 9.37034383e-04
9.60774022e+02 9.80597959e-02 7.30157868e-03 9.35602505e-04
9.62274059e+02 9.84287306e-02 7.30123788e-03 9.34167640e-04
9.63774097e+02 9.87964550e-02 7.30089874e-03 9.32739103e-04
9.65274134e+02 9.91645282e-02 7.30055979e-03 9.31310850e-04
9.66774172e+02 9.95326636e-02 7.30022129e-03 9.29884016e-04
9.68274209e+02 9.99039604e-02 7.29988034e-03 9.28446625e-04
9.69774247e+02 1.00278700e-01 7.29953667e-03 9.26997651e-04
9.71274284e+02 1.00657733e-01 7.29918951e-03 9.25533881e-04
9.72774322e+02 1.01036775e-01 7.29884289e-03 9.24071901e-04
9.74274359e+02 1.01412196e-01 7.29850019e-03 9.22625701e-04
9.75774397e+02 1.01783217e-01 7.29816212e-03 9.21198242e-04
9.77274434e+02 1.02154479e-01 7.29782435e-03 9.19771648e-04
9.78774472e+02 1.02530013e-01 7.29748312e-03 9.18330478e-04
9.80274509e+02 1.02914013e-01 7.29713456e-03 9.16858736e-04
9.81774547e+02 1.03305146e-01 7.29677994e-03 9.15361668e-04
9.83274584e+02 1.03701046e-01 7.29642148e-03 9.13848427e-04
9.84774622e+02 1.04097511e-01 7.29606309e-03 9.12335129e-04
9.86274659e+02 1.04494027e-01 7.29570523e-03 9.10823747e-04
9.87774697e+02 1.04891200e-01 7.29534736e-03 9.09311986e-04
9.89274734e+02 1.05286527e-01 7.29499177e-03 9.07809369e-04
9.90774772e+02 1.05677014e-01 7.29464121e-03 9.06327228e-04
9.92274809e+02 1.06068430e-01 7.29429036e-03 9.04843640e-04
9.93774847e+02 1.06460501e-01 7.29393948e-03 9.03359658e-04
9.95274884e+02 1.06852115e-01 7.29358959e-03 9.01879491e-04
9.96774922e+02 1.07245794e-01 7.29323838e-03 9.00393624e-04
9.98274959e+02 1.07639261e-01 7.29288793e-03 8.98910662e-04
9.99774997e+02 1.08034700e-01 7.29253627e-03 8.97422387e-04
1.00127503e+03 1.08429944e-01 7.29218535e-03 8.95936968e-04
1.00277507e+03 1.08828835e-01 7.29183171e-03 8.94439985e-04
1.00427511e+03 1.09231496e-01 7.29147523e-03 8.92931040e-04
1.00577515e+03 1.09637817e-01 7.29111605e-03 8.91410590e-04
1.00727518e+03 1.10044038e-01 7.29075756e-03 8.89892729e-04
1.00877522e+03 1.10450823e-01 7.29039917e-03 8.88374970e-04
1.01027526e+03 1.10858571e-01 7.29004051e-03 8.86855827e-04
1.01177530e+03 1.11270781e-01 7.28967846e-03 8.85322301e-04
1.01327533e+03 1.11688628e-01 7.28931197e-03 8.83770081e-04
1.01477537e+03 1.12112345e-01 7.28894087e-03 8.82198385e-04
1.01627541e+03 1.12534757e-01 7.28857159e-03 8.80633851e-04
1.01777545e+03 1.12957427e-01 7.28820272e-03 8.79070660e-04
1.01927548e+03 1.13376460e-01 7.28783774e-03 8.77523173e-04
1.02077552e+03 1.13794063e-01 7.28747466e-03 8.75983177e-04
1.02227556e+03 1.14209278e-01 7.28711433e-03 8.74454152e-04
1.02377560e+03 1.14626694e-01 7.28675267e-03 8.72919182e-04
1.02527563e+03 1.15046853e-01 7.28638922e-03 8.71376287e-04
1.02677567e+03 1.15469510e-01 7.28602419e-03 8.69826381e-04
1.02827571e+03 1.15894279e-01 7.28565795e-03 8.68270888e-04
1.02977575e+03 1.16322807e-01 7.28528904e-03 8.66703802e-04
1.03127578e+03 1.16750201e-01 7.28492179e-03 8.65142999e-04
1.03277582e+03 1.17175772e-01 7.28455679e-03 8.63590945e-04
1.03427586e+03 1.17599823e-01 7.28419377e-03 8.62046488e-04
1.03577590e+03 1.18022234e-01 7.28383281e-03 8.60510007e-04
1.03727593e+03 1.18444061e-01 7.28347300e-03 8.58977611e-04
1.03877597e+03 1.18867756e-01 7.28311220e-03 8.57440378e-04
1.04027601e+03 1.19295855e-01 7.28274820e-03 8.55889108e-04
1.04177605e+03 1.19728354e-01 7.28238104e-03 8.54323853e-04
1.04327608e+03 1.20167035e-01 7.28200920e-03 8.52738189e-04
1.04477612e+03 1.20610882e-01 7.28163357e-03 8.51135832e-04
1.04627616e+03 1.21061846e-01 7.28125250e-03 8.49509784e-04
1.04777620e+03 1.21518333e-01 7.28086740e-03 8.47865826e-04
1.04927623e+03 1.21979266e-01 7.28047921e-03 8.46207868e-04
1.05077627e+03 1.22442384e-01 7.28008990e-03 8.44544032e-04
1.05227631e+03 1.22905240e-01 7.27970156e-03 8.42883078e-04
1.05377635e+03 1.23365904e-01 7.27931585e-03 8.41231871e-04
1.05527638e+03 1.23825968e-01 7.27893139e-03 8.39584640e-04
1.05677642e+03 1.24284688e-01 7.27854881e-03 8.37943993e-04
1.05827646e+03 1.24745064e-01 7.27816556e-03 8.36299156e-04
1.05977650e+03 1.25206746e-01 7.27778195e-03 8.34651344e-04
1.06127653e+03 1.25666212e-01 7.27740095e-03 8.33013084e-04
1.06277657e+03 1.26124502e-01 7.27702168e-03 8.31380601e-04
1.06427661e+03 1.26583328e-01 7.27664268e-03 8.29747745e-04
1.06577665e+03 1.27041568e-01 7.27626491e-03 8.28118468e-04
1.06727668e+03 1.27499792e-01 7.27588788e-03 8.26490693e-04
1.06877672e+03 1.27959360e-01 7.27551045e-03 8.24859554e-04
1.07027676e+03 1.28420644e-01 7.27513232e-03 8.23223697e-04
1.07177680e+03 1.28883546e-01 7.27475357e-03 8.21583445e-04
1.07327683e+03 1.29350400e-01 7.27437227e-03 8.19930505e-04
1.07477687e+03 1.29823298e-01 7.27398670e-03 8.18257469e-04
1.07627691e+03 1.30302915e-01 7.27359633e-03 8.16561956e-04
1.07777695e+03 1.30789915e-01 7.27320063e-03 8.14841631e-04
1.07927698e+03 1.31279375e-01 7.27280372e-03 8.13113877e-04
1.08077702e+03 1.31767325e-01 7.27240888e-03 8.11392665e-04
1.08227706e+03 1.32248918e-01 7.27202009e-03 8.09695019e-04
1.08377710e+03 1.32726413e-01 7.27163545e-03 8.08012899e-04
1.08527713e+03 1.33201821e-01 7.27125331e-03 8.06339165e-04
1.08677717e+03 1.33674494e-01 7.27087418e-03 8.04676045e-04
1.08827721e+03 1.34146750e-01 7.27049615e-03 8.03015333e-04
1.08977725e+03 1.34624811e-01 7.27011416e-03 8.01335141e-04
1.09127728e+03 1.35110485e-01 7.26972676e-03 7.99629114e-04
1.09277732e+03 1.35606213e-01 7.26933201e-03 7.97888696e-04
1.09427736e+03 1.36108161e-01 7.26893306e-03 7.96127363e-04
1.09577740e+03 1.36612593e-01 7.26853296e-03 7.94358216e-04
1.09727743e+03 1.37116368e-01 7.26813427e-03 7.92592247e-04
1.09877747e+03 1.37617979e-01 7.26773818e-03 7.90834702e-04
1.10027751e+03 1.38117976e-01 7.26734424e-03 7.89083621e-04
1.10177755e+03 1.38619628e-01 7.26694982e-03 7.87327534e-04
1.10327758e+03 1.39123199e-01 7.26655473e-03 7.85565504e-04
1.10477762e+03 1.39629807e-01 7.26615808e-03 7.83793615e-04
1.10627766e+03 1.40142508e-01 7.26575745e-03 7.82001180e-04
1.10777770e+03 1.40663472e-01 7.26535116e-03 7.80180635e-04
1.10927773e+03 1.41189096e-01 7.26494210e-03 7.78344585e-04
1.11077777e+03 1.41721541e-01 7.26452858e-03 7.76485500e-04
1.11227781e+03 1.42262429e-01 7.26410938e-03 7.74597747e-04
1.11377785e+03 1.42804649e-01 7.26369012e-03 7.72706159e-04
1.11527788e+03 1.43344741e-01 7.26327353e-03 7.70822808e-04
1.11677792e+03 1.43879486e-01 7.26286211e-03 7.68958905e-04
1.11827796e+03 1.44411025e-01 7.26245416e-03 7.67106976e-04
1.11977800e+03 1.44943254e-01 7.26204664e-03 7.65253454e-04
1.12127803e+03 1.45472413e-01 7.26164245e-03 7.63411436e-04
1.12277807e+03 1.45998414e-01 7.26124166e-03 7.61581232e-04
1.12427811e+03 1.46520067e-01 7.26084517e-03 7.59766981e-04
1.12577815e+03 1.47038389e-01 7.26045218e-03 7.57965155e-04
1.12727818e+03 1.47557534e-01 7.26005945e-03 7.56161323e-04
1.12877822e+03 1.48080429e-01 7.25966475e-03 7.54345358e-04
1.13027826e+03 1.48608032e-01 7.25926737e-03 7.52513980e-04
1.13177830e+03 1.49140932e-01 7.25886687e-03 7.50665205e-04
1.13327833e+03 1.49679551e-01 7.25846297e-03 7.48797642e-04
1.13477837e+03 1.50219807e-01 7.25805881e-03 7.46925497e-04
1.13627841e+03 1.50763274e-01 7.25765318e-03 7.45043382e-04
1.13777845e+03 1.51310192e-01 7.25724594e-03 7.43150529e-04
1.13927848e+03 1.51861759e-01 7.25683620e-03 7.41242871e-04
1.14077852e+03 1.52417746e-01 7.25642414e-03 7.39321283e-04
1.14227856e+03 1.52977947e-01 7.25600996e-03 7.37386572e-04
1.14377860e+03 1.53543018e-01 7.25559319e-03 7.35436569e-04
1.14527863e+03 1.54114250e-01 7.25517288e-03 7.33466923e-04
1.14677867e+03 1.54691696e-01 7.25474903e-03 7.31477584e-04
1.14827871e+03 1.55272755e-01 7.25432362e-03 7.29477627e-04
1.14977875e+03 1.55853605e-01 7.25389949e-03 7.27480303e-04
1.15127878e+03 1.56434623e-01 7.25347637e-03 7.25484395e-04
1.15277882e+03 1.57016185e-01 7.25305399e-03 7.23488695e-04
1.15427886e+03 1.57596890e-01 7.25263336e-03 7.21498094e-04
1.15577890e+03 1.58177393e-01 7.25221401e-03 7.19510425e-04
1.15727893e+03 1.58758719e-01 7.25179519e-03 7.17522265e-04
1.15877897e+03 1.59341480e-01 7.25137644e-03 7.15531626e-04
1.16027901e+03 1.59927244e-01 7.25095665e-03 7.13533267e-04
1.16177905e+03 1.60516719e-01 7.25053530e-03 7.11524909e-04
1.16327908e+03 1.61107259e-01 7.25011434e-03 7.09515689e-04
1.16477912e+03 1.61698952e-01 7.24969371e-03 7.07505418e-04
1.16627916e+03 1.62291454e-01 7.24927366e-03 7.05495377e-04
1.16777920e+03 1.62885492e-01 7.24885368e-03 7.03483208e-04
1.16927923e+03 1.63480800e-01 7.24843395e-03 7.01469924e-04
1.17077927e+03 1.64079003e-01 7.24801333e-03 6.99450167e-04
1.17227931e+03 1.64679909e-01 7.24759197e-03 6.97424723e-04
1.17377935e+03 1.65281784e-01 7.24717112e-03 6.95399561e-04
1.17527938e+03 1.65887344e-01 7.24674885e-03 6.93365681e-04
1.17677942e+03 1.66494666e-01 7.24632655e-03 6.91329684e-04
1.17827946e+03 1.67103553e-01 7.24590436e-03 6.89292356e-04
1.17977950e+03 1.67714522e-01 7.24548193e-03 6.87252096e-04
1.18127953e+03 1.68327443e-01 7.24505935e-03 6.85209461e-04
1.18277957e+03 1.68943959e-01 7.24463550e-03 6.83159129e-04
1.18427961e+03 1.69564208e-01 7.24421029e-03 6.81100802e-04
1.18577965e+03 1.70187753e-01 7.24378405e-03 6.79036088e-04
1.18727968e+03 1.70814366e-01 7.24335696e-03 6.76965904e-04
1.18877972e+03 1.71445084e-01 7.24292831e-03 6.74886976e-04
1.19027976e+03 1.72080235e-01 7.24249791e-03 6.72798406e-04
1.19177980e+03 1.72719445e-01 7.24206603e-03 6.70701596e-04
1.19327983e+03 1.73361288e-01 7.24163368e-03 6.68601382e-04
1.19477987e+03 1.74005323e-01 7.24120116e-03 6.66499334e-04
1.19627991e+03 1.74651760e-01 7.24076835e-03 6.64394883e-04
1.19777995e+03 1.75298875e-01 7.24033642e-03 6.62293744e-04
1.19927998e+03 1.75946371e-01 7.23990558e-03 6.60196947e-04
1.20078002e+03 1.76593450e-01 7.23947635e-03 6.58107127e-04
1.20228006e+03 1.77242498e-01 7.23904715e-03 6.56016639e-04
1.20378010e+03 1.77896076e-01 7.23861625e-03 6.53917355e-04
1.20528014e+03 1.78554736e-01 7.23818333e-03 6.51807672e-04
1.20678017e+03 1.79217485e-01 7.23774906e-03 6.49690915e-04
1.20828021e+03 1.79882927e-01 7.23731440e-03 6.47571658e-04
1.20978025e+03 1.80551593e-01 7.23687900e-03 6.45448306e-04
1.21128029e+03 1.81224951e-01 7.23644193e-03 6.43316314e-04
1.21278032e+03 1.81900952e-01 7.23600454e-03 6.41182278e-04
1.21428036e+03 1.82579107e-01 7.23556717e-03 6.39047799e-04
1.21578040e+03 1.83258573e-01 7.23513038e-03 6.36915573e-04
1.21728044e+03 1.83937038e-01 7.23469568e-03 6.34792833e-04
1.21878047e+03 1.84616302e-01 7.23426189e-03 6.32673923e-04
1.22028051e+03 1.85297279e-01 7.23382842e-03 6.30555995e-04
1.22178055e+03 1.85979666e-01 7.23339547e-03 6.28439996e-04
1.22328059e+03 1.86664688e-01 7.23296226e-03 6.26322134e-04
1.22478062e+03 1.87353568e-01 7.23252803e-03 6.24198669e-04
1.22628066e+03 1.88047502e-01 7.23209203e-03 6.22065977e-04
1.22778070e+03 1.88746432e-01 7.23165433e-03 6.19924307e-04
1.22928074e+03 1.89451837e-01 7.23121402e-03 6.17769212e-04
1.23078077e+03 1.90163322e-01 7.23077138e-03 6.15601982e-04
1.23228081e+03 1.90878524e-01 7.23032794e-03 6.13429865e-04
1.23378085e+03 1.91596486e-01 7.22988431e-03 6.11255755e-04
1.23528089e+03 1.92315080e-01 7.22944184e-03 6.09086039e-04
1.23678092e+03 1.93033713e-01 7.22900089e-03 6.06922412e-04
1.23828096e+03 1.93751931e-01 7.22856173e-03 6.04766120e-04
1.23978100e+03 1.94471076e-01 7.22812354e-03 6.02613030e-04
1.24128104e+03 1.95193103e-01 7.22768511e-03 6.00457214e-04
1.24278107e+03 1.95919155e-01 7.22724576e-03 5.98295221e-04
1.24428111e+03 1.96648692e-01 7.22680583e-03 5.96128621e-04
1.24578115e+03 1.97381820e-01 7.22636528e-03 5.93957052e-04
1.24728119e+03 1.98119244e-01 7.22592371e-03 5.91778384e-04
1.24878122e+03 1.98860655e-01 7.22548132e-03 5.89593480e-04
1.25028126e+03 1.99605124e-01 7.22503869e-03 5.87405022e-04
1.25178130e+03 2.00352882e-01 7.22459570e-03 5.85212256e-04
1.25328134e+03 2.01105324e-01 7.22415154e-03 5.83011031e-04
1.25478137e+03 2.01861916e-01 7.22370654e-03 5.80802859e-04
1.25628141e+03 2.02622032e-01 7.22326111e-03 5.78589501e-04
1.25778145e+03 2.03386008e-01 7.22281506e-03 5.76369904e-04
1.25928149e+03 2.04152798e-01 7.22236903e-03 5.74147032e-04
1.26078152e+03 2.04922295e-01 7.22192310e-03 5.71921106e-04
1.26228156e+03 2.05693984e-01 7.22147758e-03 5.69693524e-04
1.26378160e+03 2.06467682e-01 7.22103259e-03 5.67464716e-04
1.26528164e+03 2.07244364e-01 7.22058757e-03 5.65231789e-04
1.26678167e+03 2.08025986e-01 7.22014142e-03 5.62989062e-04
1.26828171e+03 2.08811394e-01 7.21969481e-03 5.60739806e-04
1.26978175e+03 2.09599586e-01 7.21924836e-03 5.58486821e-04
1.27128179e+03 2.10392320e-01 7.21880106e-03 5.56225042e-04
1.27278182e+03 2.11188719e-01 7.21835345e-03 5.53956931e-04
1.27428186e+03 2.11986244e-01 7.21790698e-03 5.51689669e-04
1.27578190e+03 2.12786342e-01 7.21746085e-03 5.49419083e-04
1.27728194e+03 2.13589795e-01 7.21701462e-03 5.47142931e-04
1.27878197e+03 2.14398328e-01 7.21656735e-03 5.44856320e-04
1.28028201e+03 2.15212675e-01 7.21611867e-03 5.42557204e-04
1.28178205e+03 2.16031195e-01 7.21566952e-03 5.40250245e-04
1.28328209e+03 2.16853457e-01 7.21522016e-03 5.37936681e-04
1.28478212e+03 2.17678632e-01 7.21477108e-03 5.35618876e-04
1.28628216e+03 2.18507318e-01 7.21432195e-03 5.33295188e-04
1.28778220e+03 2.19339479e-01 7.21387283e-03 5.30965773e-04
1.28928224e+03 2.20175387e-01 7.21342359e-03 5.28629942e-04
1.29078227e+03 2.21015060e-01 7.21297423e-03 5.26287732e-04
1.29228231e+03 2.21858505e-01 7.21252478e-03 5.23939217e-04
1.29378235e+03 2.22705135e-01 7.21207558e-03 5.21586150e-04
1.29528239e+03 2.23555711e-01 7.21162623e-03 5.19226537e-04
1.29678242e+03 2.24409824e-01 7.21117699e-03 5.16861652e-04
1.29828246e+03 2.25267026e-01 7.21072810e-03 5.14492889e-04
1.29978250e+03 2.26126521e-01 7.21028002e-03 5.12122598e-04
1.30128254e+03 2.26989822e-01 7.20983194e-03 5.09746782e-04
1.30278257e+03 2.27858103e-01 7.20938330e-03 5.07362416e-04
1.30428261e+03 2.28731532e-01 7.20893402e-03 5.04969273e-04
1.30578265e+03 2.29608936e-01 7.20848475e-03 5.02570809e-04
1.30728269e+03 2.30489210e-01 7.20803609e-03 5.00170274e-04
1.30878272e+03 2.31373286e-01 7.20758757e-03 4.97765374e-04
1.31028276e+03 2.32260235e-01 7.20713969e-03 4.95358881e-04
1.31178280e+03 2.33149894e-01 7.20669255e-03 4.92951493e-04
1.31328284e+03 2.34044018e-01 7.20624527e-03 4.90538733e-04
1.31478287e+03 2.34942742e-01 7.20579783e-03 4.88120543e-04
1.31628291e+03 2.35845677e-01 7.20535043e-03 4.85698288e-04
1.31778295e+03 2.36751689e-01 7.20490366e-03 4.83275303e-04
1.31928299e+03 2.37660714e-01 7.20445759e-03 4.80852056e-04
1.32078302e+03 2.38573109e-01 7.20401204e-03 4.78427893e-04
1.32228306e+03 2.39488948e-01 7.20356701e-03 4.76002916e-04
1.32378310e+03 2.40407700e-01 7.20312276e-03 4.73578841e-04
1.32528314e+03 2.41329100e-01 7.20267944e-03 4.71156645e-04
1.32678317e+03 2.42254842e-01 7.20223625e-03 4.68732189e-04
1.32828321e+03 2.43185538e-01 7.20179291e-03 4.66304205e-04
1.32978325e+03 2.44118728e-01 7.20135064e-03 4.63879418e-04
1.33128329e+03 2.45054855e-01 7.20090922e-03 4.61456948e-04
1.33278332e+03 2.45993804e-01 7.20046874e-03 4.59037355e-04
1.33428336e+03 2.46936814e-01 7.20002861e-03 4.56617725e-04
1.33578340e+03 2.47885043e-01 7.19958832e-03 4.54195391e-04
1.33728344e+03 2.48837670e-01 7.19914827e-03 4.51772752e-04
1.33878347e+03 2.49794945e-01 7.19870838e-03 4.49349453e-04
1.34028351e+03 2.50754566e-01 7.19826974e-03 4.46931552e-04
1.34178355e+03 2.51716270e-01 7.19783246e-03 4.44519883e-04
1.34328359e+03 2.52679919e-01 7.19739662e-03 4.42114937e-04
1.34478362e+03 2.53645178e-01 7.19696238e-03 4.39717671e-04
1.34628366e+03 2.54614007e-01 7.19652884e-03 4.37323345e-04
1.34778370e+03 2.55586998e-01 7.19609576e-03 4.34930657e-04
1.34928374e+03 2.56564174e-01 7.19566316e-03 4.32539698e-04
1.35078377e+03 2.57545764e-01 7.19523094e-03 4.30150049e-04
1.35228381e+03 2.58531251e-01 7.19479935e-03 4.27763078e-04
1.35378385e+03 2.59521411e-01 7.19436808e-03 4.25376997e-04
1.35528389e+03 2.60515666e-01 7.19393739e-03 4.22993283e-04
1.35678392e+03 2.61514015e-01 7.19350731e-03 4.20611983e-04
1.35828396e+03 2.62516476e-01 7.19307784e-03 4.18233079e-04
1.35978400e+03 2.63523462e-01 7.19264883e-03 4.15855610e-04
1.36128404e+03 2.64534751e-01 7.19222038e-03 4.13480095e-04
1.36278407e+03 2.65550796e-01 7.19179233e-03 4.11105454e-04
1.36428411e+03 2.66570988e-01 7.19136496e-03 4.08733070e-04
1.36578415e+03 2.67596250e-01 7.19093789e-03 4.06360746e-04
1.36728419e+03 2.68627701e-01 7.19051068e-03 4.03985858e-04
1.36878422e+03 2.69665854e-01 7.19008315e-03 4.01607202e-04
1.37028426e+03 2.70710344e-01 7.18965549e-03 3.99225575e-04
1.37178430e+03 2.71761266e-01 7.18922769e-03 3.96840707e-04
1.37328434e+03 2.72818456e-01 7.18879985e-03 3.94452897e-04
1.37478437e+03 2.73881990e-01 7.18837198e-03 3.92061886e-04
1.37628441e+03 2.74951406e-01 7.18794429e-03 3.89668614e-04
1.37778445e+03 2.76027966e-01 7.18751631e-03 3.87270158e-04
1.37928449e+03 2.77112451e-01 7.18708776e-03 3.84864705e-04
1.38078452e+03 2.78205558e-01 7.18665842e-03 3.82450657e-04
1.38228456e+03 2.79308533e-01 7.18622785e-03 3.80025228e-04
1.38378460e+03 2.80420881e-01 7.18579629e-03 3.77589484e-04
1.38528464e+03 2.81543053e-01 7.18536364e-03 3.75142418e-04
1.38678467e+03 2.82674748e-01 7.18493007e-03 3.72684670e-04
1.38828471e+03 2.83816224e-01 7.18449553e-03 3.70215674e-04
1.38978475e+03 2.84968586e-01 7.18405967e-03 3.67733059e-04
1.39128479e+03 2.86133348e-01 7.18362199e-03 3.65233632e-04
1.39278482e+03 2.87309988e-01 7.18318276e-03 3.62718607e-04
1.39428486e+03 2.88499144e-01 7.18274182e-03 3.60186745e-04
1.39578490e+03 2.89701080e-01 7.18229916e-03 3.57637641e-04
1.39728494e+03 2.90915826e-01 7.18185485e-03 3.55071416e-04
1.39878497e+03 2.92144518e-01 7.18140857e-03 3.52485908e-04
1.40028501e+03 2.93386327e-01 7.18096071e-03 3.49883139e-04
1.40178505e+03 2.94642855e-01 7.18051078e-03 3.47260078e-04
1.40328509e+03 2.95915155e-01 7.18005852e-03 3.44614934e-04
1.40478512e+03 2.97204779e-01 7.17960348e-03 3.41944974e-04
1.40628516e+03 2.98511439e-01 7.17914589e-03 3.39251353e-04
1.40778520e+03 2.99834919e-01 7.17868596e-03 3.36535130e-04
1.40928524e+03 3.01175985e-01 7.17822354e-03 3.33795420e-04
1.41078527e+03 3.02536016e-01 7.17775828e-03 3.31030182e-04
1.41228531e+03 3.03914676e-01 7.17729046e-03 3.28240961e-04
1.41378535e+03 3.05311645e-01 7.17682030e-03 3.25429327e-04
1.41528539e+03 3.06728340e-01 7.17634749e-03 3.22593434e-04
1.41678542e+03 3.08164214e-01 7.17587234e-03 3.19735463e-04
1.41828546e+03 3.09620405e-01 7.17539463e-03 3.16854320e-04
1.41978550e+03 3.11096575e-01 7.17491464e-03 3.13951910e-04
1.42128554e+03 3.12593805e-01 7.17443215e-03 3.11027425e-04
1.42278557e+03 3.14112062e-01 7.17394735e-03 3.08082310e-04
1.42428561e+03 3.15652501e-01 7.17346003e-03 3.05115776e-04
1.42578565e+03 3.17214831e-01 7.17297046e-03 3.02129890e-04
1.42728569e+03 3.18797955e-01 7.17247914e-03 2.99128237e-04
1.42878572e+03 3.20401389e-01 7.17198637e-03 2.96113203e-04
1.43028576e+03 3.22023952e-01 7.17149269e-03 2.93088415e-04
1.43178580e+03 3.23664473e-01 7.17099856e-03 2.90057376e-04
1.43328584e+03 3.25320279e-01 7.17050492e-03 2.87026200e-04
1.43478587e+03 3.26988813e-01 7.17001263e-03 2.84000533e-04
1.43628591e+03 3.28666882e-01 7.16952268e-03 2.80986901e-04
1.43778595e+03 3.30351693e-01 7.16903593e-03 2.77990789e-04
1.43928599e+03 3.32038902e-01 7.16855364e-03 2.75020098e-04
1.44078602e+03 3.33723588e-01 7.16807717e-03 2.72083315e-04
1.44228606e+03 3.35400672e-01 7.16760787e-03 2.69188749e-04
1.44378610e+03 3.37064595e-01 7.16714717e-03 2.66345089e-04
1.44528614e+03 3.38709592e-01 7.16669649e-03 2.63560928e-04
1.44678617e+03 3.40329026e-01 7.16625741e-03 2.60845908e-04
1.44828621e+03 3.41915722e-01 7.16583161e-03 2.58210136e-04
1.44978625e+03 3.43463232e-01 7.16542051e-03 2.55662141e-04
1.45128629e+03 3.44963958e-01 7.16502575e-03 2.53212034e-04
1.45278632e+03 3.46412010e-01 7.16464849e-03 2.50866888e-04
1.45428636e+03 3.47801291e-01 7.16428989e-03 2.48633967e-04
1.45578640e+03 3.49125920e-01 7.16395105e-03 2.46520088e-04
1.45728644e+03 3.50380553e-01 7.16363287e-03 2.44531182e-04
1.45878647e+03 3.51561353e-01 7.16333589e-03 2.42670818e-04
1.46028651e+03 3.52664273e-01 7.16306067e-03 2.40942988e-04
1.46178655e+03 3.53687057e-01 7.16280736e-03 2.39349001e-04
1.46328659e+03 3.54627720e-01 7.16257606e-03 2.37889909e-04
1.46478662e+03 3.55485050e-01 7.16236667e-03 2.36565737e-04
1.46628666e+03 3.56259073e-01 7.16217886e-03 2.35374799e-04
1.46778670e+03 3.56949540e-01 7.16201238e-03 2.34316024e-04
1.46928674e+03 3.57557082e-01 7.16186681e-03 2.33387181e-04
1.47078677e+03 3.58082039e-01 7.16174181e-03 2.32586666e-04
1.47228681e+03 3.58525178e-01 7.16163702e-03 2.31912396e-04
1.47378685e+03 3.58886598e-01 7.16155223e-03 2.31363465e-04
1.47528689e+03 3.59167265e-01 7.16148708e-03 2.30937794e-04
1.47678692e+03 3.59368191e-01 7.16144121e-03 2.30633390e-04
1.47828696e+03 3.59490158e-01 7.16141438e-03 2.30448742e-04
1.47978700e+03 3.59534667e-01 7.16140618e-03 2.30381384e-04
1.48128704e+03 3.59502968e-01 7.16141630e-03 2.30429354e-04
1.48278707e+03 3.59397303e-01 7.16144420e-03 2.30589308e-04
1.48428711e+03 3.59221714e-01 7.16148896e-03 2.30855277e-04
1.48578715e+03 3.58981824e-01 7.16154928e-03 2.31218981e-04
1.48728719e+03 3.58686363e-01 7.16162312e-03 2.31667475e-04
1.48878722e+03 3.58345473e-01 7.16170810e-03 2.32185669e-04
1.49028726e+03 3.57973011e-01 7.16180094e-03 2.32752767e-04
1.49178730e+03 3.57586338e-01 7.16189746e-03 2.33342518e-04
1.49328734e+03 3.57204698e-01 7.16199299e-03 2.33925610e-04
1.49478737e+03 3.56850797e-01 7.16208196e-03 2.34467233e-04
1.49628741e+03 3.56551044e-01 7.16215785e-03 2.34926674e-04
1.49778745e+03 3.56335514e-01 7.16221318e-03 2.35257417e-04
1.49928749e+03 3.56235917e-01 7.16224009e-03 2.35410366e-04
1.50078752e+03 3.56286798e-01 7.16223000e-03 2.35332221e-04
1.50228756e+03 3.56523914e-01 7.16217419e-03 2.34968289e-04
1.50378760e+03 3.56983998e-01 7.16206387e-03 2.34263275e-04
1.50528764e+03 3.57705024e-01 7.16189025e-03 2.33161390e-04
1.50678767e+03 3.58724639e-01 7.16164512e-03 2.31609341e-04
1.50828771e+03 3.60080463e-01 7.16132086e-03 2.29556482e-04
1.50978775e+03 3.61809571e-01 7.16091077e-03 2.26956216e-04
1.51128779e+03 3.63946959e-01 7.16040962e-03 2.23768891e-04
1.51278782e+03 3.66527321e-01 7.15981336e-03 2.19959764e-04
1.51428786e+03 3.69584335e-01 7.15911948e-03 2.15500934e-04
1.51578790e+03 3.73148647e-01 7.15832757e-03 2.10375558e-04
1.51728794e+03 3.77250525e-01 7.15743887e-03 2.04576023e-04
1.51878797e+03 3.81917901e-01 7.15645675e-03 1.98109805e-04
1.52028801e+03 3.87177237e-01 7.15538656e-03 1.91001960e-04
1.52178805e+03 3.93053447e-01 7.15423557e-03 1.83298451e-04
1.52328809e+03 3.99570140e-01 7.15301277e-03 1.75066072e-04
1.52478812e+03 4.06748988e-01 7.15172874e-03 1.66387340e-04
1.52628816e+03 4.14611155e-01 7.15039503e-03 1.57345276e-04
1.52778820e+03 4.23175978e-01 7.14902415e-03 1.48007726e-04
1.52928824e+03 4.32462333e-01 7.14762920e-03 1.38416023e-04
1.53078827e+03 4.42488687e-01 7.14622397e-03 1.28597525e-04
1.53228831e+03 4.53272124e-01 7.14482318e-03 1.18604825e-04
1.53378835e+03 4.64830478e-01 7.14344187e-03 1.08553881e-04
1.53528839e+03 4.77180701e-01 7.14209464e-03 9.86212848e-05
1.53678842e+03 4.90340135e-01 7.14079425e-03 8.89712256e-05
1.53828846e+03 5.04325468e-01 7.13955129e-03 7.96714702e-05
1.53978850e+03 5.19154593e-01 7.13837492e-03 7.07023004e-05
1.54128854e+03 5.34844821e-01 7.13727419e-03 6.20836277e-05
1.54278857e+03 5.51414839e-01 7.13625717e-03 5.39557475e-05
1.54428861e+03 5.68882675e-01 7.13532885e-03 4.64674675e-05
1.54578865e+03 5.87267237e-01 7.13449068e-03 3.96187741e-05
1.54728869e+03 6.06587267e-01 7.13374302e-03 3.33411178e-05
1.54878872e+03 6.26860991e-01 7.13308592e-03 2.76830793e-05
1.55028876e+03 6.48106593e-01 7.13251679e-03 2.27265808e-05
1.55178880e+03 6.70340840e-01 7.13203019e-03 1.84118196e-05
1.55328884e+03 6.93579608e-01 7.13162056e-03 1.46669560e-05
1.55478887e+03 7.17836660e-01 7.13128189e-03 1.15151440e-05
1.55628891e+03 7.43123579e-01 7.13100621e-03 8.90909112e-06
1.55778895e+03 7.69449186e-01 7.13078568e-03 6.75932139e-06
1.55928899e+03 7.96819685e-01 7.13061286e-03 5.04303042e-06
1.56078902e+03 8.25236535e-01 7.13047985e-03 3.69627762e-06
1.56228906e+03 8.54698863e-01 7.13037956e-03 2.65016029e-06
1.56378910e+03 8.85201037e-01 7.13030564e-03 1.86669743e-06
1.56528914e+03 9.16733952e-01 7.13025223e-03 1.28495973e-06
1.56678917e+03 9.49285237e-01 7.13021459e-03 8.65896732e-07
1.56828921e+03 9.82838924e-01 7.13018864e-03 5.70724541e-07
1.56978925e+03 1.01737624e+00 7.13017120e-03 3.67019493e-07
1.57128929e+03 1.05287601e+00 7.13015976e-03 2.30853793e-07
1.57278932e+03 1.08931523e+00 7.13015245e-03 1.41386389e-07
1.57428936e+03 1.12666947e+00 7.13014789e-03 8.46219301e-08
1.57578940e+03 1.16491372e+00 7.13014513e-03 4.92579580e-08
1.57728944e+03 1.20402163e+00 7.13014349e-03 2.79849393e-08
1.57878947e+03 1.24396814e+00 7.13014256e-03 1.54535149e-08
1.58028951e+03 1.28472709e+00 7.13014203e-03 8.31540520e-09
1.58178955e+03 1.32627397e+00 7.13014175e-03 4.34918515e-09
1.58328959e+03 1.36858344e+00 7.13014160e-03 2.21202773e-09
1.58478962e+03 1.41163232e+00 7.13014152e-03 1.09420881e-09
1.58628966e+03 1.45539683e+00 7.13014148e-03 5.25257678e-10
1.58778970e+03 1.49985485e+00 7.13014147e-03 2.45289550e-10
1.58928974e+03 1.54498473e+00 7.13014146e-03 1.11075788e-10
1.59078977e+03 1.59076513e+00 7.13014145e-03 4.88681545e-11
1.59228981e+03 1.63717583e+00 7.13014145e-03 2.08704271e-11
1.59378985e+03 1.68419664e+00 7.13014145e-03 8.64273541e-12
1.59528989e+03 1.73180869e+00 7.13014145e-03 3.47668800e-12
1.59678992e+03 1.77999286e+00 7.13014145e-03 1.35629318e-12
1.59828996e+03 1.82873101e+00 7.13014145e-03 5.13342550e-13
1.59979000e+03 1.87800522e+00 7.13014145e-03 1.88693022e-13
1.60129004e+03 1.92779764e+00 7.13014145e-03 6.72881480e-14
1.60279007e+03 1.97809128e+00 7.13014145e-03 2.32985659e-14
1.60429011e+03 2.02886956e+00 7.13014145e-03 7.83964945e-15
1.60579015e+03 2.08011593e+00 7.13014145e-03 2.56273509e-15
1.60729019e+03 2.13181395e+00 7.13014145e-03 8.14632581e-16
1.60879022e+03 2.18394783e+00 7.13014145e-03 2.52097339e-16
1.61029026e+03 2.23650257e+00 7.13014145e-03 7.59807521e-17
1.61179030e+03 2.28946228e+00 7.13014145e-03 2.23270847e-17
1.61329034e+03 2.34281275e+00 7.13014145e-03 6.40614106e-18
1.61479037e+03 2.39653893e+00 7.13014145e-03 1.79681470e-18
1.61629041e+03 2.45062700e+00 7.13014145e-03 4.93302263e-19
1.61779045e+03 2.50506323e+00 7.13014145e-03 1.32786988e-19
1.61929049e+03 2.55983393e+00 7.13014145e-03 3.51028575e-20
1.62079052e+03 2.61492627e+00 7.13014145e-03 9.12723571e-21
1.62229056e+03 2.67032720e+00 7.13014145e-03 2.33806913e-21
1.62379060e+03 2.72602439e+00 7.13014145e-03 5.91017156e-22
1.62529064e+03 2.78200520e+00 7.13014145e-03 1.47642238e-22
1.62679067e+03 2.83825807e+00 7.13014145e-03 3.64974372e-23
1.62829071e+03 2.89477045e+00 7.13014145e-03 8.93902155e-24
1.62979075e+03 2.95153094e+00 7.13014145e-03 2.17144291e-24
1.63129079e+03 3.00852752e+00 7.13014145e-03 5.23632606e-25
1.63279082e+03 3.06574841e+00 7.13014145e-03 1.25443810e-25
1.63429086e+03 3.12318138e+00 7.13014145e-03 2.98740387e-26
1.63579090e+03 3.18081445e+00 7.13014145e-03 7.07607977e-27
1.63729094e+03 3.23863553e+00 7.13014145e-03 1.66780245e-27
1.63879097e+03 3.29663198e+00 7.13014145e-03 3.91318393e-28
1.64029101e+03 3.35479179e+00 7.13014145e-03 9.14338568e-29
1.64179105e+03 3.41310192e+00 7.13014145e-03 2.12829904e-29
1.64329109e+03 3.47155035e+00 7.13014145e-03 4.93681209e-30
1.64479112e+03 3.53012416e+00 7.13014145e-03 1.14155149e-30
1.64629116e+03 3.58881125e+00 7.13014145e-03 2.63229559e-31
1.64779120e+03 3.64759924e+00 7.13014145e-03 6.06049020e-32
1.64929124e+03 3.70647602e+00 7.13014145e-03 1.41843173e-32
1.65079127e+03 3.76542945e+00 7.13014145e-03 4.45591724e-33
1.65229131e+03 3.82444806e+00 7.13014145e-03 6.29847797e-33
1.65379135e+03 3.88352004e+00 7.13014145e-03 2.45603490e-32
1.65529139e+03 3.94263407e+00 7.13014145e-03 1.06969989e-31
1.65679142e+03 4.00177872e+00 7.13014145e-03 4.69104563e-31
1.65829146e+03 4.06094276e+00 7.13014145e-03 2.05884903e-30
1.65979150e+03 4.12011513e+00 7.13014145e-03 9.03802648e-30
1.66129154e+03 4.17928443e+00 7.13014145e-03 3.96718785e-29
1.66279157e+03 4.23843930e+00 7.13014145e-03 1.74069029e-28
1.66429161e+03 4.29756833e+00 7.13014145e-03 7.63226753e-28
1.66579165e+03 4.35666021e+00 7.13014145e-03 3.34298467e-27
1.66729169e+03 4.41570304e+00 7.13014145e-03 1.46217035e-26
1.66879172e+03 4.47468484e+00 7.13014145e-03 6.38345043e-26
1.67029176e+03 4.53359366e+00 7.13014145e-03 2.78025718e-25
1.67179180e+03 4.59241734e+00 7.13014145e-03 1.20730631e-24
1.67329184e+03 4.65114323e+00 7.13014145e-03 5.22301495e-24
1.67479187e+03 4.70975937e+00 7.13014145e-03 2.24907563e-23
1.67629191e+03 4.76825259e+00 7.13014145e-03 9.62899261e-23
1.67779195e+03 4.82661027e+00 7.13014145e-03 4.09338393e-22
1.67929199e+03 4.88481946e+00 7.13014145e-03 1.72524391e-21
1.68079202e+03 4.94286729e+00 7.13014145e-03 7.19719668e-21
1.68229206e+03 5.00074035e+00 7.13014145e-03 2.96648867e-20
1.68379210e+03 5.05842547e+00 7.13014145e-03 1.20573568e-19
1.68529214e+03 5.11590932e+00 7.13014145e-03 4.82299954e-19
1.68679217e+03 5.17317802e+00 7.13014145e-03 1.89496247e-18
1.68829221e+03 5.23021807e+00 7.13014145e-03 7.30027110e-18
1.68979225e+03 5.28701520e+00 7.13014145e-03 2.75263379e-17
1.69129229e+03 5.34355556e+00 7.13014145e-03 1.01398866e-16
1.69279232e+03 5.39982406e+00 7.13014145e-03 3.64370657e-16
1.69429236e+03 5.45580652e+00 7.13014145e-03 1.27592575e-15
1.69579240e+03 5.51148738e+00 7.13014145e-03 4.34845665e-15
1.69729244e+03 5.56685118e+00 7.13014145e-03 1.44026729e-14
1.69879247e+03 5.62188218e+00 7.13014145e-03 4.63265075e-14
1.70029251e+03 5.67656408e+00 7.13014145e-03 1.44680216e-13
1.70179255e+03 5.73087995e+00 7.13014145e-03 4.38285335e-13
1.70329259e+03 5.78481260e+00 7.13014145e-03 1.28643449e-12
1.70479262e+03 5.83834462e+00 7.13014145e-03 3.65974475e-12
1.70629266e+03 5.89145780e+00 7.13014145e-03 1.00930331e-11
1.70779270e+03 5.94413365e+00 7.13014145e-03 2.69460437e-11
1.70929274e+03 5.99635286e+00 7.13014145e-03 6.96432424e-11
1.71079277e+03 6.04809594e+00 7.13014144e-03 1.74489467e-10
1.71229281e+03 6.09934291e+00 7.13014143e-03 4.23287435e-10
1.71379285e+03 6.15007339e+00 7.13014140e-03 9.93619445e-10
1.71529289e+03 6.20026600e+00 7.13014133e-03 2.26214849e-09
1.71679292e+03 6.24989921e+00 7.13014118e-03 4.98951038e-09
1.71829296e+03 6.29895076e+00 7.13014085e-03 1.06523521e-08
1.71979300e+03 6.34739765e+00 7.13014017e-03 2.20829119e-08
1.72129304e+03 6.39521640e+00 7.13013880e-03 4.43694782e-08
1.72279307e+03 6.44238264e+00 7.13013612e-03 8.64038790e-08
1.72429311e+03 6.48887143e+00 7.13013103e-03 1.63641401e-07
1.72579315e+03 6.53465651e+00 7.13012168e-03 3.00356460e-07
1.72729319e+03 6.57971124e+00 7.13010499e-03 5.36042733e-07
1.72879322e+03 6.62400753e+00 7.13007608e-03 9.30474779e-07
1.73029326e+03 6.66751678e+00 7.13002737e-03 1.56778708e-06
1.73179330e+03 6.71020954e+00 7.12994773e-03 2.57749216e-06
1.73329334e+03 6.75205489e+00 7.12982100e-03 4.11439612e-06
1.73479337e+03 6.79302188e+00 7.12962483e-03 6.41571728e-06
1.73629341e+03 6.83307894e+00 7.12932935e-03 9.73358208e-06
1.73779345e+03 6.87219457e+00 7.12889547e-03 1.44317342e-05
1.73929349e+03 6.91033760e+00 7.12827519e-03 2.08658302e-05
1.74079352e+03 6.94747805e+00 7.12740913e-03 2.95133139e-05
1.74229356e+03 6.98358713e+00 7.12623051e-03 4.07714889e-05
1.74379360e+03 7.01863884e+00 7.12466165e-03 5.52199128e-05
1.74529364e+03 7.05260930e+00 7.12262223e-03 7.30960881e-05
1.74679367e+03 7.08547862e+00 7.12002715e-03 9.51524236e-05
1.74829371e+03 7.11723057e+00 7.11679198e-03 1.21138376e-04
1.74979375e+03 7.14785330e+00 7.11284450e-03 1.51992779e-04
1.75129379e+03 7.17733889e+00 7.10810770e-03 1.87097284e-04
1.75279382e+03 7.20568434e+00 7.10253972e-03 2.26672105e-04
1.75429386e+03 7.23289067e+00 7.09609616e-03 2.71116097e-04
1.75579390e+03 7.25896272e+00 7.08875570e-03 3.18727105e-04
1.75729394e+03 7.28390931e+00 7.08053838e-03 3.70388246e-04
1.75879397e+03 7.30774185e+00 7.07145190e-03 4.25707070e-04
1.76029401e+03 7.33047390e+00 7.06153809e-03 4.82380997e-04
1.76179405e+03 7.35212185e+00 7.05088141e-03 5.41187946e-04
1.76329409e+03 7.37270239e+00 7.03954968e-03 6.02426678e-04
1.76479412e+03 7.39223394e+00 7.02761919e-03 6.63513585e-04
1.76629416e+03 7.41073519e+00 7.01521189e-03 7.23508235e-04
1.76779420e+03 7.42822487e+00 7.00245437e-03 7.83758530e-04
1.76929424e+03 7.44472167e+00 6.98944863e-03 8.44066116e-04
1.77079427e+03 7.46024439e+00 6.97629965e-03 9.02299685e-04
1.77229431e+03 7.47481108e+00 6.96313683e-03 9.57232928e-04
1.77379435e+03 7.48844041e+00 6.95009412e-03 1.00951102e-03
1.77529439e+03 7.50115029e+00 6.93728750e-03 1.06005108e-03
1.77679442e+03 7.51295855e+00 6.92481352e-03 1.10869014e-03
1.77829446e+03 7.52388379e+00 6.91276091e-03 1.15442985e-03
1.77979450e+03 7.53394496e+00 6.90121835e-03 1.19638693e-03
1.78129454e+03 7.54316140e+00 6.89027177e-03 1.23432596e-03
1.78279457e+03 7.55155331e+00 6.87999717e-03 1.26854755e-03
1.78429461e+03 7.55914206e+00 6.87045597e-03 1.29951062e-03
1.78579465e+03 7.56594985e+00 6.86169495e-03 1.32755250e-03
1.78729469e+03 7.57200107e+00 6.85374619e-03 1.35282169e-03
1.78879472e+03 7.57732070e+00 6.84663118e-03 1.37533050e-03
1.79029476e+03 7.58193620e+00 6.84035976e-03 1.39505409e-03
1.79179480e+03 7.58587639e+00 6.83493228e-03 1.41199022e-03
1.79329484e+03 7.58917190e+00 6.83033950e-03 1.42618722e-03
1.79479487e+03 7.59185593e+00 6.82656182e-03 1.43774680e-03
1.79629491e+03 7.59396203e+00 6.82357286e-03 1.44680208e-03
1.79779495e+03 7.59552618e+00 6.82133721e-03 1.45351259e-03
1.79929499e+03 7.59658494e+00 6.81981366e-03 1.45804576e-03
1.80079502e+03 7.59717732e+00 6.81895345e-03 1.46057835e-03
1.80229506e+03 7.59734244e+00 6.81870417e-03 1.46128379e-03
1.80379510e+03 7.59712010e+00 6.81900990e-03 1.46033381e-03
1.80529514e+03 7.59655045e+00 6.81981219e-03 1.45789822e-03
1.80679517e+03 7.59567385e+00 6.82105107e-03 1.45414532e-03
1.80829521e+03 7.59453069e+00 6.82266573e-03 1.44924342e-03
1.80979525e+03 7.59316023e+00 6.82459676e-03 1.44335696e-03
1.81129529e+03 7.59160176e+00 6.82678485e-03 1.43665285e-03
1.81279532e+03 7.58989269e+00 6.82917390e-03 1.42929272e-03
1.81429536e+03 7.58806876e+00 6.83171085e-03 1.42143390e-03
1.81579540e+03 7.58616440e+00 6.83434538e-03 1.41323034e-03
1.81729544e+03 7.58421205e+00 6.83703093e-03 1.40482858e-03
1.81879547e+03 7.58224198e+00 6.83972496e-03 1.39636587e-03
1.82029551e+03 7.58028223e+00 6.84238896e-03 1.38796868e-03
1.82179555e+03 7.57835812e+00 6.84498904e-03 1.37974982e-03
1.82329559e+03 7.57649331e+00 6.84749431e-03 1.37181244e-03
1.82479562e+03 7.57470711e+00 6.84988042e-03 1.36423840e-03
1.82629566e+03 7.57301830e+00 6.85212419e-03 1.35710498e-03
1.82779570e+03 7.57144154e+00 6.85420832e-03 1.35047001e-03
1.82929574e+03 7.56999013e+00 6.85611749e-03 1.34438435e-03
1.83079577e+03 7.56867431e+00 6.85784051e-03 1.33888531e-03
1.83229581e+03 7.56750312e+00 6.85936780e-03 1.33400490e-03
1.83379585e+03 7.56648135e+00 6.86069517e-03 1.32975788e-03
1.83529589e+03 7.56561340e+00 6.86181878e-03 1.32615779e-03
1.83679592e+03 7.56490059e+00 6.86273852e-03 1.32320630e-03
1.83829596e+03 7.56434391e+00 6.86345445e-03 1.32090440e-03
1.83979600e+03 7.56394229e+00 6.86396900e-03 1.31924532e-03
1.84129604e+03 7.56369357e+00 6.86428570e-03 1.31821852e-03
1.84279607e+03 7.56359403e+00 6.86440979e-03 1.31780772e-03
1.84429611e+03 7.56363825e+00 6.86434842e-03 1.31799023e-03
1.84579615e+03 7.56382095e+00 6.86410832e-03 1.31874431e-03
1.84729619e+03 7.56413655e+00 6.86369637e-03 1.32004762e-03
1.84879622e+03 7.56457981e+00 6.86311882e-03 1.32187952e-03
1.85029626e+03 7.56514386e+00 6.86238386e-03 1.32421312e-03
1.85179630e+03 7.56582306e+00 6.86149799e-03 1.32702681e-03
1.85329634e+03 7.56661070e+00 6.86046896e-03 1.33029498e-03
1.85479637e+03 7.56750005e+00 6.85930451e-03 1.33399213e-03
1.85629641e+03 7.56848630e+00 6.85800982e-03 1.33810095e-03
1.85779645e+03 7.56956372e+00 6.85659121e-03 1.34260044e-03
1.85929649e+03 7.57072783e+00 6.85505338e-03 1.34747487e-03
1.86079652e+03 7.57197377e+00 6.85340151e-03 1.35270688e-03
1.86229656e+03 7.57329706e+00 6.85164026e-03 1.35828052e-03
1.86379660e+03 7.57469298e+00 6.84977465e-03 1.36417859e-03
1.86529664e+03 7.57615645e+00 6.84781019e-03 1.37038182e-03
1.86679667e+03 7.57767953e+00 6.84575634e-03 1.37685807e-03
1.86829671e+03 7.57925450e+00 6.84362236e-03 1.38357528e-03
1.86979675e+03 7.58087157e+00 6.84142053e-03 1.39049132e-03
1.87129679e+03 7.58252147e+00 6.83916262e-03 1.39756527e-03
1.87279682e+03 7.58419102e+00 6.83686604e-03 1.40473814e-03
1.87429686e+03 7.58586588e+00 6.83455016e-03 1.41194496e-03
1.87579690e+03 7.58753185e+00 6.83223456e-03 1.41912055e-03
1.87729694e+03 7.58917367e+00 6.82994072e-03 1.42619484e-03
1.87879697e+03 7.59077749e+00 6.82768858e-03 1.43310387e-03
1.88029701e+03 7.59233161e+00 6.82549539e-03 1.43979359e-03
1.88179705e+03 7.59382910e+00 6.82337198e-03 1.44623112e-03
1.88329709e+03 7.59526687e+00 6.82132383e-03 1.45240114e-03
1.88479712e+03 7.59664703e+00 6.81934902e-03 1.45831133e-03
1.88629716e+03 7.59797860e+00 6.81743568e-03 1.46399943e-03
1.88779720e+03 7.59927700e+00 6.81556245e-03 1.46953057e-03
1.88929724e+03 7.60055992e+00 6.81370428e-03 1.47497931e-03
1.89079727e+03 7.60184939e+00 6.81182952e-03 1.48043768e-03
1.89229731e+03 7.60316625e+00 6.80990770e-03 1.48599168e-03
1.89379735e+03 7.60453145e+00 6.80790772e-03 1.49172647e-03
1.89529739e+03 7.60596052e+00 6.80580599e-03 1.49770293e-03
1.89679742e+03 7.60746254e+00 6.80358793e-03 1.50395389e-03
1.89829746e+03 7.60903783e+00 6.80125174e-03 1.51047499e-03
1.89979750e+03 7.61067915e+00 6.79880679e-03 1.51723074e-03
1.90129754e+03 7.61237014e+00 6.79627623e-03 1.52414946e-03
1.90279757e+03 7.61408740e+00 6.79369426e-03 1.53113296e-03
1.90429761e+03 7.61580361e+00 6.79110165e-03 1.53807022e-03
1.90579765e+03 7.61748848e+00 6.78854446e-03 1.54484169e-03
1.90729769e+03 7.61911070e+00 6.78607111e-03 1.55132682e-03
1.90879772e+03 7.62064276e+00 6.78372503e-03 1.55742259e-03
1.91029776e+03 7.62206243e+00 6.78154210e-03 1.56304821e-03
1.91179780e+03 7.62335313e+00 6.77954983e-03 1.56814541e-03
1.91329784e+03 7.62450622e+00 6.77776364e-03 1.57268661e-03
1.91479787e+03 7.62552397e+00 6.77618194e-03 1.57668602e-03
1.91629791e+03 7.62641699e+00 6.77478991e-03 1.58018930e-03
1.91779795e+03 7.62720624e+00 6.77355630e-03 1.58328129e-03
1.91929799e+03 7.62791922e+00 6.77243921e-03 1.58607151e-03
1.92079802e+03 7.62859049e+00 6.77138529e-03 1.58869626e-03
1.92229806e+03 7.62925775e+00 6.77033593e-03 1.59130341e-03
1.92379810e+03 7.62995698e+00 6.76923477e-03 1.59403370e-03
1.92529814e+03 7.63072079e+00 6.76803033e-03 1.59701452e-03
1.92679817e+03 7.63157461e+00 6.76668202e-03 1.60034500e-03
1.92829821e+03 7.63253244e+00 6.76516685e-03 1.60407983e-03
1.92979825e+03 7.63359705e+00 6.76347927e-03 1.60823023e-03
1.93129829e+03 7.63475821e+00 6.76163418e-03 1.61275720e-03
1.93279832e+03 7.63599320e+00 6.75966640e-03 1.61757361e-03
1.93429836e+03 7.63726893e+00 6.75762768e-03 1.62255205e-03
1.93579840e+03 7.63854914e+00 6.75557548e-03 1.62755259e-03
1.93729844e+03 7.63979609e+00 6.75357034e-03 1.63242888e-03
1.93879847e+03 7.64097486e+00 6.75166898e-03 1.63704456e-03
1.94029851e+03 7.64205682e+00 6.74991857e-03 1.64128700e-03
1.94179855e+03 7.64302748e+00 6.74834380e-03 1.64509809e-03
1.94329859e+03 7.64388494e+00 6.74694899e-03 1.64846899e-03
1.94479862e+03 7.64464289e+00 6.74571304e-03 1.65145209e-03
1.94629866e+03 7.64532747e+00 6.74459431e-03 1.65414920e-03
1.94779870e+03 7.64597164e+00 6.74353964e-03 1.65668959e-03
1.94929874e+03 7.64661320e+00 6.74248768e-03 1.65922198e-03
1.95079877e+03 7.64728900e+00 6.74137813e-03 1.66189212e-03
1.95229881e+03 7.64803016e+00 6.74015980e-03 1.66482340e-03
1.95379885e+03 7.64885520e+00 6.73880168e-03 1.66808997e-03
1.95529889e+03 7.64977280e+00 6.73728870e-03 1.67172721e-03
1.95679892e+03 7.65077764e+00 6.73562860e-03 1.67571511e-03
1.95829896e+03 7.65185238e+00 6.73384902e-03 1.67998548e-03
1.95979900e+03 7.65297125e+00 6.73199177e-03 1.68443620e-03
1.96129904e+03 7.65410320e+00 6.73010784e-03 1.68894332e-03
1.96279907e+03 7.65521491e+00 6.72825261e-03 1.69337314e-03
1.96429911e+03 7.65627830e+00 6.72647324e-03 1.69761252e-03
1.96579915e+03 7.65727435e+00 6.72480215e-03 1.70158447e-03
1.96729919e+03 7.65819681e+00 6.72325067e-03 1.70526301e-03
1.96879922e+03 7.65905079e+00 6.72181097e-03 1.70866789e-03
1.97029926e+03 7.65985340e+00 6.72045496e-03 1.71186682e-03
1.97179930e+03 7.66063469e+00 6.71913240e-03 1.71497923e-03
1.97329934e+03 7.66143375e+00 6.71777739e-03 1.71816031e-03
1.97479937e+03 7.66229019e+00 6.71632265e-03 1.72156682e-03
1.97629941e+03 7.66324010e+00 6.71470628e-03 1.72534063e-03
1.97779945e+03 7.66431154e+00 6.71287949e-03 1.72959035e-03
1.97929949e+03 7.66552061e+00 6.71081322e-03 1.73437549e-03
1.98079952e+03 7.66686515e+00 6.70850918e-03 1.73968125e-03
1.98229956e+03 7.66832586e+00 6.70599839e-03 1.74542362e-03
1.98379960e+03 7.66986203e+00 6.70334906e-03 1.75143425e-03
1.98529964e+03 7.67141607e+00 6.70065950e-03 1.75748100e-03
1.98679967e+03 7.67291555e+00 6.69805522e-03 1.76327937e-03
1.98829971e+03 7.67428126e+00 6.69567522e-03 1.76852668e-03
1.98979975e+03 7.67543473e+00 6.69365876e-03 1.77293153e-03
1.99129979e+03 7.67630708e+00 6.69212927e-03 1.77624556e-03
1.99279982e+03 7.67684937e+00 6.69117542e-03 1.77829790e-03
1.99429986e+03 7.67704692e+00 6.69082500e-03 1.77904405e-03
1.99579990e+03 7.67692005e+00 6.69104321e-03 1.77856494e-03
1.99729994e+03 7.67653180e+00 6.69171918e-03 1.77709676e-03
1.99879997e+03 7.67598222e+00 6.69267678e-03 1.77501319e-03
2.00030001e+03 7.67540527e+00 6.69368101e-03 1.77281932e-03
2.00180005e+03 7.67494817e+00 6.69447484e-03 1.77107658e-03
2.00330009e+03 7.67475340e+00 6.69481046e-03 1.77033273e-03
2.00480013e+03 7.67494663e+00 6.69446918e-03 1.77107070e-03
2.00630016e+03 7.67561742e+00 6.69329367e-03 1.77362679e-03
2.00780020e+03 7.67680590e+00 6.69120980e-03 1.77813361e-03
2.00930024e+03 7.67849618e+00 6.68823840e-03 1.78449250e-03
2.01080028e+03 7.68061976e+00 6.68449069e-03 1.79239264e-03
2.01230031e+03 7.68307052e+00 6.68014480e-03 1.80138105e-03
2.01380035e+03 7.68571596e+00 6.67542858e-03 1.81092367e-03
2.01530039e+03 7.68841734e+00 6.67058586e-03 1.82049582e-03
2.01680043e+03 7.69104710e+00 6.66584579e-03 1.82965050e-03
2.01830046e+03 7.69350148e+00 6.66139918e-03 1.83805586e-03
2.01980050e+03 7.69570539e+00 6.65738783e-03 1.84549718e-03
2.02130054e+03 7.69761794e+00 6.65389262e-03 1.85188014e-03
2.02280058e+03 7.69922034e+00 6.65095397e-03 1.85717959e-03
2.02430061e+03 7.70050167e+00 6.64859719e-03 1.86138837e-03
2.02580065e+03 7.70145375e+00 6.64684156e-03 1.86450055e-03
2.02730069e+03 7.70206493e+00 6.64571178e-03 1.86649205e-03
2.02880073e+03 7.70232146e+00 6.64523533e-03 1.86732654e-03
2.03030076e+03 7.70221901e+00 6.64542107e-03 1.86699337e-03
2.03180080e+03 7.70177057e+00 6.64624469e-03 1.86553349e-03
2.03330084e+03 7.70101648e+00 6.64763040e-03 1.86307272e-03
2.03480088e+03 7.70003145e+00 6.64943858e-03 1.85984665e-03
2.03630091e+03 7.69892359e+00 6.65146872e-03 1.85620130e-03
2.03780095e+03 7.69783919e+00 6.65345179e-03 1.85261437e-03
2.03930099e+03 7.69694464e+00 6.65508412e-03 1.84964054e-03
2.04080103e+03 7.69640736e+00 6.65606203e-03 1.84784761e-03
2.04230106e+03 7.69637938e+00 6.65611013e-03 1.84775411e-03
2.04380110e+03 7.69697763e+00 6.65501502e-03 1.84975044e-03
2.04530114e+03 7.69827146e+00 6.65264581e-03 1.85404653e-03
2.04680118e+03 7.70026181e+00 6.64899159e-03 1.86060234e-03
2.04830121e+03 7.70287648e+00 6.64417169e-03 1.86912931e-03
2.04980125e+03 7.70597371e+00 6.63843331e-03 1.87912943e-03
2.05130129e+03 7.70934941e+00 6.63214341e-03 1.88994018e-03
2.05280133e+03 7.71275945e+00 6.62575211e-03 1.90080525e-03
2.05430136e+03 7.71594287e+00 6.61975174e-03 1.91092684e-03
2.05580140e+03 7.71866038e+00 6.61460358e-03 1.91956583e-03
2.05730144e+03 7.72072200e+00 6.61068166e-03 1.92612363e-03
2.05880148e+03 7.72201426e+00 6.60821544e-03 1.93023646e-03
2.06030151e+03 7.72251660e+00 6.60725367e-03 1.93183571e-03
2.06180155e+03 7.72230410e+00 6.60765682e-03 1.93115915e-03
2.06330159e+03 7.72154304e+00 6.60910641e-03 1.92873652e-03
2.06480163e+03 7.72045802e+00 6.61117107e-03 1.92528368e-03
2.06630166e+03 7.71930452e+00 6.61336220e-03 1.92161431e-03
2.06780170e+03 7.71833345e+00 6.61520330e-03 1.91852626e-03
2.06930174e+03 7.71776263e+00 6.61628333e-03 1.91671143e-03
2.07080178e+03 7.71774707e+00 6.61631084e-03 1.91666194e-03
2.07230181e+03 7.71836916e+00 6.61512959e-03 1.91863983e-03
2.07380185e+03 7.71962535e+00 6.61274257e-03 1.92263475e-03
2.07530189e+03 7.72142428e+00 6.60931634e-03 1.92835853e-03
2.07680193e+03 7.72359782e+00 6.60516334e-03 1.93527859e-03
2.07830196e+03 7.72592862e+00 6.60069338e-03 1.94270235e-03
2.07980200e+03 7.72817054e+00 6.59637753e-03 1.94984115e-03
2.08130204e+03 7.73009227e+00 6.59266513e-03 1.95595346e-03
2.08280208e+03 7.73150634e+00 6.58992548e-03 1.96044344e-03
2.08430211e+03 7.73230689e+00 6.58837091e-03 1.96298137e-03
2.08580215e+03 7.73248400e+00 6.58802539e-03 1.96354238e-03
2.08730219e+03 7.73213141e+00 6.58870807e-03 1.96242533e-03
2.08880223e+03 7.73143054e+00 6.59006557e-03 1.96020299e-03
2.09030226e+03 7.73061580e+00 6.59164196e-03 1.95761670e-03
2.09180230e+03 7.72995050e+00 6.59292732e-03 1.95550289e-03
2.09330234e+03 7.72968819e+00 6.59343268e-03 1.95466908e-03
2.09480238e+03 7.73004046e+00 6.59274998e-03 1.95578881e-03
2.09630241e+03 7.73114976e+00 6.59060120e-03 1.95931203e-03
2.09780245e+03 7.73306992e+00 6.58687379e-03 1.96539700e-03
2.09930249e+03 7.73575624e+00 6.58164013e-03 1.97386842e-03
2.10080253e+03 7.73907242e+00 6.57514827e-03 1.98422766e-03
2.10230256e+03 7.74280237e+00 6.56780522e-03 1.99569397e-03
2.10380260e+03 7.74666663e+00 6.56015211e-03 2.00729512e-03
2.10530264e+03 7.75034753e+00 6.55281955e-03 2.01801775e-03
2.10680268e+03 7.75351901e+00 6.54646910e-03 2.02695878e-03
2.10830271e+03 7.75588794e+00 6.54170638e-03 2.03344127e-03
2.10980275e+03 7.75723594e+00 6.53898903e-03 2.03705200e-03
2.11130279e+03 7.75744305e+00 6.53857111e-03 2.03760166e-03
2.11280283e+03 7.75650636e+00 6.54046046e-03 2.03510488e-03
2.11430286e+03 7.75453571e+00 6.54442709e-03 2.02976207e-03
2.11580290e+03 7.75174774e+00 6.55001942e-03 2.02200108e-03
2.11730294e+03 7.74844218e+00 6.55661989e-03 2.01251098e-03
2.11880298e+03 7.74497375e+00 6.56350972e-03 2.00225233e-03
2.12030301e+03 7.74171925e+00 6.56994064e-03 1.99238836e-03
2.12180305e+03 7.73903967e+00 6.57521054e-03 1.98412601e-03
2.12330309e+03 7.73725113e+00 6.57871535e-03 1.97855410e-03
2.12480313e+03 7.73661020e+00 6.57996876e-03 1.97654803e-03
2.12630316e+03 7.73727794e+00 6.57866261e-03 1.97863790e-03
2.12780320e+03 7.73930757e+00 6.57468407e-03 1.98495700e-03
2.12930324e+03 7.74262364e+00 6.56815602e-03 1.99514996e-03
2.13080328e+03 7.74703254e+00 6.55942346e-03 2.00837636e-03
2.13230331e+03 7.75224081e+00 6.54903088e-03 2.02339042e-03
2.13380335e+03 7.75788295e+00 6.53768187e-03 2.03876463e-03
2.13530339e+03 7.76356068e+00 6.52617062e-03 2.05322066e-03
2.13680343e+03 7.76888443e+00 6.51529933e-03 2.06587040e-03
2.13830346e+03 7.77351755e+00 6.50578098e-03 2.07624519e-03
2.13980350e+03 7.77720464e+00 6.49817027e-03 2.08415182e-03
2.14130354e+03 7.77978748e+00 6.49282091e-03 2.08954161e-03
2.14280358e+03 7.78121156e+00 6.48986567e-03 2.09247008e-03
2.14430361e+03 7.78151435e+00 6.48923749e-03 2.09308926e-03
2.14580365e+03 7.78080181e+00 6.49071862e-03 2.09163032e-03
2.14730369e+03 7.77922668e+00 6.49398776e-03 2.08838042e-03
2.14880373e+03 7.77696396e+00 6.49867403e-03 2.08364383e-03
2.15030376e+03 7.77420926e+00 6.50436353e-03 2.07774996e-03
2.15180380e+03 7.77118131e+00 6.51059701e-03 2.07108106e-03
2.15330384e+03 7.76812131e+00 6.51687409e-03 2.06410776e-03
2.15480388e+03 7.76529424e+00 6.52265281e-03 2.05743236e-03
2.15630391e+03 7.76298099e+00 6.52736635e-03 2.05179159e-03
2.15780395e+03 7.76145712e+00 6.53046455e-03 2.04798442e-03
2.15930399e+03 7.76096853e+00 6.53145832e-03 2.04674818e-03
2.16080403e+03 7.76168813e+00 6.53000083e-03 2.04856631e-03
2.16230406e+03 7.76366707e+00 6.52598093e-03 2.05348182e-03
2.16380410e+03 7.76682345e+00 6.51954630e-03 2.06107218e-03
2.16530414e+03 7.77091376e+00 6.51116935e-03 2.07048117e-03
2.16680418e+03 7.77555032e+00 6.50162438e-03 2.08063818e-03
2.16830421e+03 7.78023028e+00 6.49194009e-03 2.09045520e-03
2.16980425e+03 7.78439548e+00 6.48328104e-03 2.09892777e-03
2.17130429e+03 7.78750848e+00 6.47678611e-03 2.10514992e-03
2.17280433e+03 7.78914739e+00 6.47335957e-03 2.10839936e-03
2.17430436e+03 7.78908933e+00 6.47348297e-03 2.10828449e-03
2.17580440e+03 7.78737903e+00 6.47706221e-03 2.10489258e-03
2.17730444e+03 7.78435531e+00 6.48337402e-03 2.09884695e-03
2.17880448e+03 7.78060928e+00 6.49116656e-03 2.09123496e-03
2.18030451e+03 7.77691800e+00 6.49881554e-03 2.08354670e-03
2.18180455e+03 7.77413027e+00 6.50457240e-03 2.07757866e-03
2.18330459e+03 7.77304094e+00 6.50681828e-03 2.07520212e-03
2.18480463e+03 7.77426739e+00 6.50429372e-03 2.07787595e-03
2.18630466e+03 7.77812155e+00 6.49633353e-03 2.08607776e-03
2.18780470e+03 7.78451525e+00 6.48305484e-03 2.09916863e-03
2.18930474e+03 7.79291319e+00 6.46548376e-03 2.11581844e-03
2.19080478e+03 7.80234919e+00 6.44557298e-03 2.13420953e-03
2.19230481e+03 7.81153873e+00 6.42601575e-03 2.15161927e-03
2.19380485e+03 7.81906753e+00 6.40987376e-03 2.16495101e-03
2.19530489e+03 7.82368251e+00 6.39992957e-03 2.17243705e-03
2.19680493e+03 7.82458623e+00 6.39798161e-03 2.17382796e-03
2.19830496e+03 7.82167485e+00 6.40427157e-03 2.16925617e-03
2.19980500e+03 7.81561008e+00 6.41732060e-03 2.15897496e-03
2.20130504e+03 7.80770491e+00 6.43422485e-03 2.14445805e-03
2.20280508e+03 7.79963075e+00 6.45136622e-03 2.12894158e-03
2.20430511e+03 7.79303333e+00 6.46527923e-03 2.11605427e-03
2.20580515e+03 7.78915633e+00 6.47341791e-03 2.10841705e-03
2.20730519e+03 7.78853847e+00 6.47471801e-03 2.10719382e-03
2.20880523e+03 7.79087292e+00 6.46983505e-03 2.11180588e-03
2.21030526e+03 7.79504183e+00 6.46108215e-03 2.11999070e-03
2.21180530e+03 7.79934605e+00 6.45200843e-03 2.12838815e-03
2.21330534e+03 7.80191290e+00 6.44658186e-03 2.13336630e-03
2.21480538e+03 7.80121429e+00 6.44806643e-03 2.13201418e-03
2.21630541e+03 7.79655187e+00 6.45792151e-03 2.12294278e-03
2.21780545e+03 7.78835855e+00 6.47513187e-03 2.10683723e-03
2.21930549e+03 7.77818517e+00 6.49630828e-03 2.08621087e-03
2.22080553e+03 7.76839047e+00 6.51647815e-03 2.06473132e-03
2.22230556e+03 7.76163981e+00 6.53024170e-03 2.04844473e-03
2.22380560e+03 7.76037235e+00 6.53281367e-03 2.04522937e-03
2.22530564e+03 7.76633115e+00 6.52069421e-03 2.05990797e-03
2.22680568e+03 7.78021942e+00 6.49210250e-03 2.09043283e-03
2.22830571e+03 7.80145492e+00 6.44758170e-03 2.13248016e-03
2.22980575e+03 7.82808189e+00 6.39052123e-03 2.17895262e-03
2.23130579e+03 7.85688943e+00 6.32756602e-03 2.20532267e-03
2.23280583e+03 7.88384360e+00 6.26810124e-03 2.21680123e-03
2.23430586e+03 7.90481906e+00 6.22163834e-03 2.21843324e-03
2.23580590e+03 7.91644116e+00 6.19588875e-03 2.21292386e-03
2.23730594e+03 7.91676778e+00 6.19517490e-03 2.21269735e-03
2.23880598e+03 7.90562229e+00 6.21988554e-03 2.21821732e-03
2.24030601e+03 7.88451100e+00 6.26667058e-03 2.21701219e-03
2.24180605e+03 7.85621460e+00 6.32911246e-03 2.20495779e-03
2.24330609e+03 7.82420444e+00 6.39898790e-03 2.17324352e-03
2.24480613e+03 7.79203225e+00 6.46753837e-03 2.11408769e-03
2.24630616e+03 7.76286287e+00 6.52786114e-03 2.05149909e-03
2.24780620e+03 7.73925878e+00 6.57504667e-03 1.98480574e-03
2.24930624e+03 7.72314294e+00 6.60627210e-03 1.93383000e-03
2.25080628e+03 7.71587311e+00 6.62009168e-03 1.91070510e-03
2.25230631e+03 7.71828675e+00 6.61553132e-03 1.91837780e-03
2.25380635e+03 7.73066310e+00 6.59182856e-03 1.95776695e-03
2.25530639e+03 7.75256837e+00 6.54868499e-03 2.02430949e-03
2.25680643e+03 7.78259014e+00 6.48732991e-03 2.09528001e-03
2.25830646e+03 7.81812472e+00 6.41216936e-03 2.16334971e-03
2.25980650e+03 7.85538553e+00 6.33103167e-03 2.20449976e-03
2.26130654e+03 7.88979919e+00 6.25507781e-03 2.21842020e-03
2.26280658e+03 7.91683932e+00 6.19515537e-03 2.21264725e-03
2.26430661e+03 7.93300257e+00 6.15945347e-03 2.19771636e-03
2.26580665e+03 7.93657131e+00 6.15160606e-03 2.19376376e-03
2.26730669e+03 7.92792298e+00 6.17066782e-03 2.20304394e-03
2.26880673e+03 7.90932456e+00 6.21183497e-03 2.21690353e-03
2.27030676e+03 7.88433973e+00 6.26720503e-03 2.21695866e-03
2.27180680e+03 7.85705646e+00 6.32741467e-03 2.20541193e-03
2.27330684e+03 7.83133547e+00 6.38369104e-03 2.18333612e-03
2.27480688e+03 7.81028254e+00 6.42905062e-03 2.14929400e-03
2.27630691e+03 7.79599096e+00 6.45937291e-03 2.12184695e-03
2.27780695e+03 7.78947429e+00 6.47307338e-03 2.10904578e-03
2.27930699e+03 7.79071199e+00 6.47049375e-03 2.11148871e-03
2.28080703e+03 7.79868811e+00 6.45372346e-03 2.12710811e-03
2.28230706e+03 7.81146167e+00 6.42659842e-03 2.15147729e-03
2.28380710e+03 7.82633039e+00 6.39463293e-03 2.17643686e-03
2.28530714e+03 7.84019608e+00 6.36449429e-03 2.19329683e-03
2.28680718e+03 7.85017282e+00 6.34266241e-03 2.20132575e-03
2.28830721e+03 7.85432484e+00 6.33355540e-03 2.20389694e-03
2.28980725e+03 7.85230112e+00 6.33801082e-03 2.20268887e-03
2.29130729e+03 7.84561196e+00 6.35269051e-03 2.19802453e-03
2.29280733e+03 7.83734630e+00 6.37076429e-03 2.19040743e-03
2.29430736e+03 7.83139758e+00 6.38372112e-03 2.18341604e-03
2.29580740e+03 7.83142653e+00 6.38367005e-03 2.18345325e-03
2.29730744e+03 7.83977734e+00 6.36549550e-03 2.19289039e-03
2.29880748e+03 7.85659828e+00 6.32863704e-03 2.20516609e-03
2.30030751e+03 7.87936429e+00 6.27844621e-03 2.21524375e-03
2.30180755e+03 7.90304338e+00 6.22602055e-03 2.21882447e-03
2.30330759e+03 7.92109755e+00 6.18602941e-03 2.20936490e-03
2.30480763e+03 7.92726709e+00 6.17240525e-03 2.20369854e-03
2.30630766e+03 7.91763964e+00 6.19370568e-03 2.21207499e-03
2.30780770e+03 7.89217351e+00 6.25015922e-03 2.21886500e-03
2.30930774e+03 7.85502705e+00 6.33217423e-03 2.20429821e-03
2.31080778e+03 7.81345958e+00 6.42253855e-03 2.15512710e-03
2.31230781e+03 7.77580261e+00 6.50175941e-03 2.08117743e-03
2.31380785e+03 7.74946389e+00 6.55525584e-03 2.01547597e-03
2.31530789e+03 7.73974043e+00 6.57450484e-03 1.98629746e-03
2.31680793e+03 7.74941587e+00 6.55537139e-03 2.01533724e-03
2.31830796e+03 7.77866059e+00 6.49589255e-03 2.08720337e-03
2.31980800e+03 7.82480489e+00 6.39820334e-03 2.17416053e-03
2.32130804e+03 7.88207998e+00 6.27260926e-03 2.21621514e-03
2.32280808e+03 7.94194673e+00 6.14024254e-03 2.18760825e-03
2.32430811e+03 7.99455958e+00 6.02660538e-03 2.10557742e-03
2.32580815e+03 8.03104977e+00 5.95087493e-03 2.01325406e-03
2.32730819e+03 8.04549223e+00 5.92184988e-03 1.97422994e-03
2.32880823e+03 8.03581960e+00 5.94125981e-03 2.00067099e-03
2.33030826e+03 8.00374782e+00 6.00730368e-03 2.08354584e-03
2.33180830e+03 7.95419513e+00 6.11357783e-03 2.17305052e-03
2.33330834e+03 7.89425064e+00 6.24582002e-03 2.21913779e-03
2.33480838e+03 7.83171415e+00 6.38341655e-03 2.18382120e-03
2.33630841e+03 7.77357807e+00 6.50659242e-03 2.07637728e-03
2.33780845e+03 7.72510198e+00 6.60313364e-03 1.94006935e-03
2.33930849e+03 7.68971747e+00 6.66893976e-03 1.82504161e-03
2.34080853e+03 7.66953912e+00 6.70448904e-03 1.75017340e-03
2.34230856e+03 7.66598795e+00 6.71058891e-03 1.73622167e-03
2.34380860e+03 7.68015156e+00 6.68601296e-03 1.79065958e-03
2.34530864e+03 7.71269557e+00 6.62672370e-03 1.90060199e-03
2.34680868e+03 7.76326832e+00 6.52777417e-03 2.05250123e-03
2.34830871e+03 7.82951086e+00 6.38831720e-03 2.18092504e-03
2.34980875e+03 7.90609486e+00 6.21971416e-03 2.21807884e-03
2.35130879e+03 7.98468380e+00 6.04789686e-03 2.12669716e-03
2.35280883e+03 8.05542264e+00 5.90242801e-03 1.94494871e-03
2.35430886e+03 8.10932965e+00 5.80132230e-03 1.75587931e-03
2.35580890e+03 8.14005872e+00 5.74833958e-03 1.63925139e-03
2.35730894e+03 8.14426858e+00 5.74137113e-03 1.62201466e-03
2.35880898e+03 8.12118872e+00 5.78050559e-03 1.71262588e-03
2.36030901e+03 8.07240397e+00 5.86958447e-03 1.88874481e-03
2.36180905e+03 8.00217477e+00 6.01092114e-03 2.08743782e-03
2.36330909e+03 7.91773222e+00 6.19409044e-03 2.21200741e-03
2.36480913e+03 7.82857630e+00 6.39054048e-03 2.17964332e-03
2.36630916e+03 7.74445851e+00 6.56571937e-03 2.00070489e-03
2.36780920e+03 7.67333796e+00 6.69816001e-03 1.76490593e-03
2.36930924e+03 7.62068057e+00 6.78414069e-03 1.55757271e-03
2.37080928e+03 7.59017292e+00 6.82884498e-03 1.43049991e-03
2.37230931e+03 7.58492238e+00 6.83614748e-03 1.40788400e-03
2.37380935e+03 7.60823525e+00 6.80288581e-03 1.50715713e-03
2.37530939e+03 7.66337493e+00 6.71533863e-03 1.72587585e-03
2.37680943e+03 7.75165377e+00 6.55153546e-03 2.02173549e-03
2.37830946e+03 7.86853907e+00 6.30317995e-03 2.21085288e-03
2.37980950e+03 7.99967846e+00 6.01638885e-03 2.09352419e-03
2.38130954e+03 8.12223823e+00 5.77889593e-03 1.70871584e-03
2.38280958e+03 8.21361420e+00 5.63701666e-03 1.33535417e-03
2.38430961e+03 8.25935147e+00 5.57899213e-03 1.14308168e-03
2.38580965e+03 8.25408081e+00 5.58523978e-03 1.16434119e-03
2.38730969e+03 8.19945951e+00 5.65679934e-03 1.39455221e-03
2.38880973e+03 8.10381746e+00 5.81153254e-03 1.77568537e-03
2.39030976e+03 7.98310676e+00 6.05173267e-03 2.12976770e-03
2.39180980e+03 7.85867997e+00 6.32505418e-03 2.20625936e-03
2.39330984e+03 7.75002804e+00 6.55495071e-03 2.01710121e-03
2.39480988e+03 7.66861241e+00 6.70656864e-03 1.74654714e-03
2.39630991e+03 7.61799468e+00 6.78844613e-03 1.54686886e-03
2.39780995e+03 7.59749857e+00 6.81867473e-03 1.46195058e-03
2.39930999e+03 7.60536787e+00 6.80729439e-03 1.49522782e-03
2.40081003e+03 7.64008575e+00 6.75399001e-03 1.63356250e-03
2.40231006e+03 7.70002645e+00 6.65079893e-03 1.85983025e-03
2.40381010e+03 7.78193282e+00 6.49002848e-03 2.09394307e-03
2.40531014e+03 7.87899864e+00 6.28038403e-03 2.21510755e-03
2.40681018e+03 7.98019344e+00 6.05815126e-03 2.13521010e-03
2.40831021e+03 8.07244638e+00 5.86998739e-03 1.88859618e-03
2.40981025e+03 8.14472414e+00 5.74107872e-03 1.62013474e-03
2.41131029e+03 8.19070049e+00 5.66960912e-03 1.43027765e-03
2.41281033e+03 8.20856168e+00 5.64418909e-03 1.35671779e-03
2.41431036e+03 8.19927981e+00 5.65725845e-03 1.39529090e-03
2.41581040e+03 8.16515103e+00 5.70829498e-03 1.53470532e-03
2.41731044e+03 8.10931835e+00 5.80195685e-03 1.75592001e-03
2.41881048e+03 8.03614093e+00 5.94155873e-03 1.99981543e-03
2.42031051e+03 7.95176905e+00 6.11988359e-03 2.17599446e-03
2.42181055e+03 7.86400611e+00 6.31369766e-03 2.20883297e-03
2.42331059e+03 7.78109047e+00 6.49202851e-03 2.09222214e-03
2.42481063e+03 7.71007750e+00 6.63245226e-03 1.89226347e-03
2.42631066e+03 7.65599650e+00 6.72822676e-03 1.69648896e-03
2.42781070e+03 7.62208050e+00 6.78250380e-03 1.56311970e-03
2.42931074e+03 7.61050379e+00 6.79998955e-03 1.51651086e-03
2.43081078e+03 7.62298557e+00 6.78113807e-03 1.56669544e-03
2.43231081e+03 7.66080994e+00 6.72021191e-03 1.71567710e-03
2.43381085e+03 7.72400678e+00 6.60622029e-03 1.93658101e-03
2.43531089e+03 7.80969243e+00 6.43197818e-03 2.14819408e-03
2.43681093e+03 7.91037081e+00 6.21129002e-03 2.21643704e-03
2.43831096e+03 8.01407192e+00 5.98692911e-03 2.05730228e-03
2.43981100e+03 8.10769553e+00 5.80505821e-03 1.76175717e-03
2.44131104e+03 8.18154170e+00 5.68339115e-03 1.46737031e-03
2.44281108e+03 8.23135533e+00 5.61385302e-03 1.25926693e-03
2.44431111e+03 8.25706250e+00 5.58205666e-03 1.15228703e-03
2.44581115e+03 8.26026397e+00 5.57830009e-03 1.13942192e-03
2.44731119e+03 8.24224119e+00 5.60007843e-03 1.21311226e-03
2.44881123e+03 8.20314953e+00 5.65203785e-03 1.37931612e-03
2.45031126e+03 8.14260247e+00 5.74496769e-03 1.62886699e-03
2.45181130e+03 8.06143679e+00 5.89173017e-03 1.92589605e-03
2.45331134e+03 7.96395068e+00 6.09378289e-03 2.16058938e-03
2.45481138e+03 7.85889643e+00 6.32536310e-03 2.20636974e-03
2.45631141e+03 7.75771717e+00 6.54026130e-03 2.03832709e-03
2.45781145e+03 7.67105095e+00 6.70300876e-03 1.75606359e-03
2.45931149e+03 7.60644749e+00 6.80624168e-03 1.49973306e-03
2.46081153e+03 7.56866076e+00 6.85865915e-03 1.33882875e-03
2.46231156e+03 7.56133083e+00 6.86814568e-03 1.30848881e-03
2.46381160e+03 7.58844312e+00 6.83201369e-03 1.42304696e-03
2.46531164e+03 7.65437937e+00 6.73131584e-03 1.69004349e-03
2.46681168e+03 7.76148406e+00 6.53280928e-03 2.04805236e-03
2.46831171e+03 7.90440716e+00 6.22498062e-03 2.21853450e-03
2.46981175e+03 8.06425871e+00 5.88648625e-03 1.91661232e-03
2.47131179e+03 8.21195135e+00 5.63999231e-03 1.34241168e-03
2.47281183e+03 8.32208311e+00 5.51375661e-03 8.94737489e-04
2.47431186e+03 8.38128024e+00 5.46538765e-03 6.86469436e-04
2.47581190e+03 8.38510937e+00 5.46268510e-03 6.73791750e-04
2.47731194e+03 8.33308560e+00 5.50382727e-03 8.54246094e-04
2.47881198e+03 8.22832692e+00 5.61807967e-03 1.27226025e-03
2.48031201e+03 8.08242171e+00 5.85186331e-03 1.85298002e-03
2.48181205e+03 7.92008394e+00 6.19036397e-03 2.21019776e-03
2.48331209e+03 7.77283805e+00 6.50977917e-03 2.07475651e-03
2.48481213e+03 7.66413507e+00 6.71508738e-03 1.72889099e-03
2.48631216e+03 7.60372115e+00 6.81042086e-03 1.48832554e-03
2.48781220e+03 7.59285453e+00 6.82599045e-03 1.44204265e-03
2.48931224e+03 7.62988406e+00 6.77094499e-03 1.59374905e-03
2.49081228e+03 7.71146462e+00 6.63054649e-03 1.89668397e-03
2.49231231e+03 7.82966964e+00 6.38971885e-03 2.18113968e-03
2.49381235e+03 7.96784553e+00 6.08584057e-03 2.15516553e-03
2.49531239e+03 8.10162943e+00 5.81656254e-03 1.78354390e-03
2.49681243e+03 8.20829112e+00 5.64523366e-03 1.35785477e-03
2.49831246e+03 8.27530888e+00 5.56150046e-03 1.07945612e-03
2.49981250e+03 8.30042775e+00 5.53485210e-03 9.78864063e-04
2.50131254e+03 8.28737610e+00 5.54840082e-03 1.03119683e-03
2.50281258e+03 8.24265321e+00 5.59998566e-03 1.21138841e-03
2.50431261e+03 8.17446304e+00 5.69468524e-03 1.49621606e-03
2.50581265e+03 8.09245329e+00 5.83347197e-03 1.81662902e-03
2.50731269e+03 8.00687462e+00 6.00280310e-03 2.07570374e-03
2.50881273e+03 7.92676431e+00 6.17595381e-03 2.20419433e-03
2.51031276e+03 7.85825927e+00 6.32748458e-03 2.20604313e-03
2.51181280e+03 7.80425785e+00 6.44449659e-03 2.13788591e-03
2.51331284e+03 7.76542028e+00 6.52532361e-03 2.05773500e-03
2.51481288e+03 7.74157918e+00 6.57307215e-03 1.99195935e-03
2.51631291e+03 7.73278301e+00 6.59025855e-03 1.96448910e-03
2.51781295e+03 7.73967036e+00 6.57685239e-03 1.98608063e-03
2.51931299e+03 7.76318362e+00 6.52993944e-03 2.05229231e-03
2.52081303e+03 7.80372687e+00 6.44572620e-03 2.13686537e-03
2.52231306e+03 7.85996410e+00 6.32387240e-03 2.20690604e-03
2.52381310e+03 7.92783014e+00 6.17376708e-03 2.20313712e-03
2.52531314e+03 8.00052504e+00 6.01633182e-03 2.09147353e-03
2.52681318e+03 8.07003690e+00 5.87590714e-03 1.89698887e-03
2.52831321e+03 8.12965853e+00 5.76752389e-03 1.68052382e-03
2.52981325e+03 8.17591724e+00 5.69265125e-03 1.49026488e-03
2.53131329e+03 8.20891584e+00 5.64461484e-03 1.35522841e-03
2.53281333e+03 8.23124639e+00 5.61465431e-03 1.25973359e-03
2.53431336e+03 8.24620625e+00 5.59577769e-03 1.19660344e-03
2.53581340e+03 8.25599662e+00 5.58394352e-03 1.15658730e-03
2.53731344e+03 8.26034636e+00 5.57882375e-03 1.13909174e-03
2.53881348e+03 8.25590473e+00 5.58409077e-03 1.15695847e-03
2.54031351e+03 8.23659790e+00 5.60787833e-03 1.23690578e-03
2.54181355e+03 8.19507785e+00 5.66436303e-03 1.41248681e-03
2.54331359e+03 8.12540332e+00 5.77504501e-03 1.69681310e-03
2.54481363e+03 8.02692640e+00 5.96179650e-03 2.02401219e-03
2.54631366e+03 7.90789921e+00 6.21826009e-03 2.21747156e-03
2.54781370e+03 7.78500206e+00 6.48546839e-03 2.10014628e-03
2.54931374e+03 7.67697927e+00 6.69369913e-03 1.77878860e-03
2.55081378e+03 7.59792964e+00 6.81939513e-03 1.46379056e-03
2.55231381e+03 7.55608561e+00 6.87548586e-03 1.28701726e-03
2.55381385e+03 7.55646431e+00 6.87502420e-03 1.28856294e-03
2.55531389e+03 7.60318227e+00 6.81187959e-03 1.48605912e-03
2.55681393e+03 7.69881581e+00 6.65476127e-03 1.85584564e-03
2.55831396e+03 7.83943485e+00 6.36944184e-03 2.19255337e-03
2.55981400e+03 8.00720950e+00 6.00280720e-03 2.07485682e-03
2.56131404e+03 8.17101222e+00 5.70053667e-03 1.51040144e-03
2.56281408e+03 8.30229035e+00 5.53336861e-03 9.71442942e-04
2.56431411e+03 8.38826718e+00 5.46085147e-03 6.63473517e-04
2.56581415e+03 8.42948938e+00 5.43503931e-03 5.39900794e-04
2.56731419e+03 8.43202937e+00 5.43361775e-03 5.32767351e-04
2.56881423e+03 8.40276831e+00 5.45117725e-03 6.17824577e-04
2.57031426e+03 8.34817044e+00 5.49136837e-03 8.00596577e-04
2.57181430e+03 8.27491820e+00 5.56243072e-03 1.08101258e-03
2.57331434e+03 8.19090391e+00 5.67072057e-03 1.42945286e-03
2.57481438e+03 8.10531987e+00 5.81080417e-03 1.77029096e-03
2.57631441e+03 8.02715988e+00 5.96172438e-03 2.02340484e-03
2.57781445e+03 7.96297737e+00 6.09756074e-03 2.16189579e-03
2.57931449e+03 7.91553155e+00 6.20180581e-03 2.21353524e-03
2.58081453e+03 7.88407955e+00 6.27152514e-03 2.21687653e-03
2.58231456e+03 7.86562941e+00 6.31229046e-03 2.20957035e-03
2.58381460e+03 7.85638004e+00 6.33267618e-03 2.20504788e-03
2.58531464e+03 7.85289165e+00 6.34036642e-03 2.20304973e-03
2.58681468e+03 7.85291455e+00 6.34034172e-03 2.20306358e-03
2.58831471e+03 7.85589798e+00 6.33381229e-03 2.20478417e-03
2.58981475e+03 7.86320110e+00 6.31776751e-03 2.20846041e-03
2.59131479e+03 7.87789153e+00 6.28538313e-03 2.21468845e-03
2.59281483e+03 7.90405834e+00 6.22747077e-03 2.21861527e-03
2.59431486e+03 7.94554795e+00 6.13585247e-03 2.18339784e-03
2.59581490e+03 8.00419430e+00 6.00964129e-03 2.08243411e-03
2.59731494e+03 8.07801053e+00 5.86161647e-03 1.86886158e-03
2.59881498e+03 8.16038904e+00 5.71758740e-03 1.55461739e-03
2.60031501e+03 8.24123837e+00 5.60253756e-03 1.21731581e-03
2.60181505e+03 8.30965797e+00 5.52632683e-03 9.42362908e-04
2.60331509e+03 8.35623597e+00 5.48497579e-03 7.72366139e-04
2.60481513e+03 8.37363984e+00 5.47153492e-03 7.12232691e-04
2.60631516e+03 8.35616332e+00 5.48504928e-03 7.72619585e-04
2.60781520e+03 8.29985881e+00 5.53612710e-03 9.81135051e-04
2.60931524e+03 8.20476270e+00 5.65117933e-03 1.37261238e-03
2.61081528e+03 8.07950175e+00 5.85892563e-03 1.86350970e-03
2.61231531e+03 7.94478256e+00 6.13774961e-03 2.18429728e-03
2.61381535e+03 7.82890332e+00 6.39308425e-03 2.18009537e-03
2.61531539e+03 7.75664783e+00 6.54441725e-03 2.03548375e-03
2.61681543e+03 7.74292019e+00 6.57175466e-03 1.99605224e-03
2.61831546e+03 7.79310215e+00 6.46951593e-03 2.11618936e-03
2.61981550e+03 7.90249772e+00 6.23134359e-03 2.21892120e-03
2.62131554e+03 8.05204425e+00 5.91232757e-03 1.95520382e-03
2.62281558e+03 8.20869352e+00 5.64585209e-03 1.35616349e-03
2.62431561e+03 8.33897884e+00 5.49951933e-03 8.33096870e-04
2.62581565e+03 8.42231865e+00 5.43943001e-03 5.60247614e-04
2.62731569e+03 8.45016480e+00 5.42421873e-03 4.83056769e-04
2.62881573e+03 8.41923275e+00 5.44127036e-03 5.69107523e-04
2.63031576e+03 8.32867651e+00 5.50867985e-03 8.70295722e-04
2.63181580e+03 8.18427714e+00 5.68118656e-03 1.45628522e-03
2.63331584e+03 8.00762375e+00 6.00305877e-03 2.07380752e-03
2.63481588e+03 7.83738589e+00 6.37510204e-03 2.19044958e-03
2.63631591e+03 7.71087271e+00 6.63353251e-03 1.89479847e-03
2.63781595e+03 7.64757185e+00 6.74435563e-03 1.66301041e-03
2.63931599e+03 7.65181917e+00 6.73741722e-03 1.67985348e-03
2.64081603e+03 7.71994376e+00 6.61651680e-03 1.92364762e-03
2.64231606e+03 7.84082962e+00 6.36767063e-03 2.19390015e-03
2.64381610e+03 7.99198069e+00 6.03620564e-03 2.11138856e-03
2.64531614e+03 8.14160407e+00 5.74875033e-03 1.63295452e-03
2.64681618e+03 8.26245708e+00 5.57727630e-03 1.13064557e-03
2.64831621e+03 8.34274812e+00 5.49641430e-03 8.19712169e-04
2.64981625e+03 8.38389384e+00 5.46433650e-03 6.77797193e-04
2.65131629e+03 8.39349843e+00 5.45769061e-03 6.46673267e-04
2.65281633e+03 8.38064692e+00 5.46666284e-03 6.88582658e-04
2.65431636e+03 8.35382823e+00 5.48721243e-03 7.80773190e-04
2.65581640e+03 8.32001833e+00 5.51677538e-03 9.02510011e-04
2.65731644e+03 8.28402523e+00 5.55310724e-03 1.04463400e-03
2.65881648e+03 8.24800555e+00 5.59466167e-03 1.18917155e-03
2.66031651e+03 8.21149766e+00 5.64231896e-03 1.34433291e-03
2.66181655e+03 8.17219488e+00 5.69980896e-03 1.50552953e-03
2.66331659e+03 8.12737734e+00 5.77309997e-03 1.68929900e-03
2.66481663e+03 8.07560372e+00 5.86713392e-03 1.87744964e-03
2.66631666e+03 8.01805680e+00 5.98180427e-03 2.04700993e-03
2.66781670e+03 7.95900718e+00 6.10762732e-03 2.16706009e-03
2.66931674e+03 7.90505043e+00 6.22650448e-03 2.21837355e-03
2.67081678e+03 7.86351557e+00 6.31836669e-03 2.20860653e-03
2.67231681e+03 7.84089865e+00 6.36799888e-03 2.19396505e-03
2.67381685e+03 7.84193166e+00 6.36577029e-03 2.19491683e-03
2.67531689e+03 7.86916974e+00 6.30598697e-03 2.21112511e-03
2.67681693e+03 7.92247326e+00 6.18802817e-03 2.20818669e-03
2.67831696e+03 7.99816081e+00 6.02365069e-03 2.09716261e-03
2.67981700e+03 8.08853137e+00 5.84298101e-03 1.83084089e-03
2.68131704e+03 8.18298871e+00 5.68363364e-03 1.46150386e-03
2.68281708e+03 8.27087484e+00 5.56790488e-03 1.09710808e-03
2.68431711e+03 8.34419574e+00 5.49541265e-03 8.14594741e-04
2.68581715e+03 8.39842934e+00 5.45457073e-03 6.31182837e-04
2.68731719e+03 8.43159407e+00 5.43434983e-03 5.33987196e-04
2.68881723e+03 8.44283493e+00 5.42823106e-03 5.02859794e-04
2.69031726e+03 8.43138102e+00 5.43448248e-03 5.34584655e-04
2.69181730e+03 8.39624248e+00 5.45605511e-03 6.38011454e-04
2.69331734e+03 8.33679620e+00 5.50184622e-03 8.40894338e-04
2.69481738e+03 8.25439257e+00 5.58725357e-03 1.16307714e-03
2.69631741e+03 8.15464659e+00 5.72795826e-03 1.57872704e-03
2.69781745e+03 8.04893103e+00 5.91963782e-03 1.96437893e-03
2.69931749e+03 7.95264151e+00 6.12202682e-03 2.17494036e-03
2.70081753e+03 7.88030777e+00 6.28182033e-03 2.21558961e-03
2.70231756e+03 7.84133980e+00 6.36752841e-03 2.19437594e-03
2.70381760e+03 7.83901889e+00 6.37261443e-03 2.19213847e-03
2.70531764e+03 7.87138004e+00 6.30160760e-03 2.21206447e-03
2.70681768e+03 7.93201813e+00 6.16743343e-03 2.19878016e-03
2.70831771e+03 8.01068855e+00 5.99778699e-03 2.06599646e-03
2.70981775e+03 8.09503974e+00 5.83135092e-03 1.80727719e-03
2.71131779e+03 8.17373273e+00 5.69803583e-03 1.49921059e-03
2.71281783e+03 8.23931146e+00 5.60603014e-03 1.22542368e-03
2.71431786e+03 8.28893570e+00 5.54832567e-03 1.02493624e-03
2.71581790e+03 8.32318586e+00 5.51426101e-03 8.90610024e-04
2.71731794e+03 8.34418960e+00 5.49562603e-03 8.14616432e-04
2.71881798e+03 8.35404115e+00 5.48744264e-03 7.80029090e-04
2.72031801e+03 8.35382190e+00 5.48762841e-03 7.80795337e-04
2.72181805e+03 8.34325156e+00 5.49644668e-03 8.17931181e-04
2.72331809e+03 8.32094912e+00 5.51638619e-03 8.98999031e-04
2.72481813e+03 8.28525988e+00 5.55232900e-03 1.03968567e-03
2.72631816e+03 8.23561323e+00 5.61084740e-03 1.24108930e-03
2.72781820e+03 8.17422452e+00 5.69744138e-03 1.49719364e-03
2.72931824e+03 8.10741810e+00 5.80907836e-03 1.76275429e-03
2.73081828e+03 8.04548107e+00 5.92698979e-03 1.97426147e-03
2.73231831e+03 8.00023220e+00 6.02010431e-03 2.09218451e-03
2.73381835e+03 7.98122883e+00 6.06063335e-03 2.13331003e-03
2.73531839e+03 7.99255061e+00 6.03645319e-03 2.11012100e-03
2.73681843e+03 8.03135015e+00 5.95561186e-03 2.01246695e-03
2.73831846e+03 8.08847845e+00 5.84389903e-03 1.83103283e-03
2.73981850e+03 8.15124610e+00 5.73402562e-03 1.59298944e-03
2.74131854e+03 8.20743785e+00 5.64884778e-03 1.36143548e-03
2.74281858e+03 8.24854504e+00 5.59481045e-03 1.18695043e-03
2.74431861e+03 8.27079632e+00 5.56853621e-03 1.09742051e-03
2.74581865e+03 8.27444929e+00 5.56442530e-03 1.08288028e-03
2.74731869e+03 8.26251862e+00 5.57810732e-03 1.13039964e-03
2.74881873e+03 8.23960339e+00 5.60601580e-03 1.22419279e-03
2.75031876e+03 8.21091444e+00 5.64410076e-03 1.34679980e-03
2.75181880e+03 8.18142983e+00 5.68679167e-03 1.46782412e-03
2.75331884e+03 8.15523680e+00 5.72771877e-03 1.57624842e-03
2.75481888e+03 8.13523384e+00 5.76087828e-03 1.65865110e-03
2.75631891e+03 8.12325632e+00 5.78147772e-03 1.70490583e-03
2.75781895e+03 8.12046484e+00 5.78637129e-03 1.71531285e-03
2.75931899e+03 8.12763024e+00 5.77394628e-03 1.68833105e-03
2.76081903e+03 8.14507047e+00 5.74446836e-03 1.61870382e-03
2.76231906e+03 8.17225418e+00 5.70093330e-03 1.50528552e-03
2.76381910e+03 8.20731834e+00 5.64927614e-03 1.36193641e-03
2.76531914e+03 8.24689024e+00 5.59707804e-03 1.19377388e-03
2.76681918e+03 8.28640463e+00 5.55148781e-03 1.03509473e-03
2.76831921e+03 8.32082158e+00 5.51687149e-03 8.99479435e-04
2.76981925e+03 8.34537451e+00 5.49499841e-03 8.10435816e-04
2.77131929e+03 8.35603670e+00 5.48619175e-03 7.73061321e-04
2.77281933e+03 8.34973618e+00 5.49136931e-03 7.95100089e-04
2.77431936e+03 8.32461396e+00 5.51340357e-03 8.85288903e-04
2.77581940e+03 8.28066303e+00 5.55783287e-03 1.05808987e-03
2.77731944e+03 8.22086319e+00 5.63084957e-03 1.30435404e-03
2.77881948e+03 8.15232013e+00 5.73286041e-03 1.58848937e-03
2.78031951e+03 8.08626110e+00 5.84877359e-03 1.83907455e-03
2.78181955e+03 8.03572688e+00 5.94757663e-03 2.00091765e-03
2.78331959e+03 8.01159352e+00 5.99724591e-03 2.06367683e-03
2.78481963e+03 8.01900909e+00 5.98186591e-03 2.04454569e-03
2.78631966e+03 8.05583792e+00 5.90745739e-03 1.94366601e-03
2.78781970e+03 8.11340049e+00 5.79936949e-03 1.74117985e-03
2.78931974e+03 8.17937982e+00 5.69044692e-03 1.47615021e-03
2.79081978e+03 8.24191367e+00 5.60360948e-03 1.21448392e-03
2.79231981e+03 8.29281034e+00 5.54495940e-03 1.00937664e-03
2.79381985e+03 8.32848496e+00 5.51003394e-03 8.70998033e-04
2.79531989e+03 8.34905208e+00 5.49212487e-03 7.97500535e-04
2.79681993e+03 8.35683396e+00 5.48575245e-03 7.70280658e-04
2.79831996e+03 8.35503021e+00 5.48722362e-03 7.76574247e-04
2.79982000e+03 8.34674239e+00 5.49409417e-03 8.05617904e-04
2.80132004e+03 8.33434029e+00 5.50483318e-03 8.49716774e-04
2.80282008e+03 8.31915483e+00 5.51876427e-03 9.05777695e-04
2.80432012e+03 8.30153619e+00 5.53605890e-03 9.74445085e-04
2.80582015e+03 8.28125871e+00 5.55750011e-03 1.05570807e-03
2.80732019e+03 8.25814596e+00 5.58394160e-03 1.14792505e-03
2.80882023e+03 8.23272990e+00 5.61556646e-03 1.25338492e-03
2.81032027e+03 8.20669214e+00 5.65081609e-03 1.36455864e-03
2.81182030e+03 8.18286421e+00 5.68552013e-03 1.46200834e-03
2.81332034e+03 8.16470412e+00 5.71354127e-03 1.53656858e-03
2.81482038e+03 8.15535921e+00 5.72851125e-03 1.57573430e-03
2.81632042e+03 8.15669184e+00 5.72638406e-03 1.57013673e-03
2.81782045e+03 8.16865466e+00 5.70740964e-03 1.52014607e-03
2.81932049e+03 8.18932865e+00 5.67600316e-03 1.43583669e-03
2.82082053e+03 8.21558211e+00 5.63862394e-03 1.32697215e-03
2.82232057e+03 8.24402435e+00 5.60136390e-03 1.20566564e-03
2.82382060e+03 8.27182839e+00 5.56824074e-03 1.09331372e-03
2.82532064e+03 8.29714465e+00 5.54079076e-03 9.91990791e-04
2.82682068e+03 8.31906520e+00 5.51909008e-03 9.06117428e-04
2.82832072e+03 8.33725780e+00 5.50250910e-03 8.39242069e-04
2.82982075e+03 8.35150913e+00 5.49037917e-03 7.88886380e-04
2.83132079e+03 8.36135284e+00 5.48242648e-03 7.54554747e-04
2.83282083e+03 8.36591803e+00 5.47886017e-03 7.38739407e-04
2.83432087e+03 8.36402679e+00 5.48034704e-03 7.45281122e-04
2.83582090e+03 8.35453699e+00 5.48794618e-03 7.78296773e-04
2.83732094e+03 8.33684235e+00 5.50296048e-03 8.40729067e-04
2.83882098e+03 8.31147706e+00 5.52651866e-03 9.35267857e-04
2.84032102e+03 8.28063130e+00 5.55859844e-03 1.05821669e-03
2.84182105e+03 8.24834656e+00 5.59626324e-03 1.18776721e-03
2.84332109e+03 8.22002832e+00 5.63290316e-03 1.30793887e-03
2.84482113e+03 8.20119399e+00 5.65915411e-03 1.38740705e-03
2.84632117e+03 8.19579524e+00 5.66696403e-03 1.40956056e-03
2.84782120e+03 8.20488688e+00 5.65394650e-03 1.37209523e-03
2.84932124e+03 8.22632801e+00 5.62455306e-03 1.28085352e-03
2.85082128e+03 8.25564122e+00 5.58750987e-03 1.15802325e-03
2.85232132e+03 8.28754222e+00 5.55123397e-03 1.03053013e-03
2.85382135e+03 8.31737802e+00 5.52098429e-03 9.12533360e-04
2.85532139e+03 8.34191591e+00 5.49872291e-03 8.22659462e-04
2.85682143e+03 8.35943780e+00 5.48418223e-03 7.61211603e-04
2.85832147e+03 8.36943901e+00 5.47637229e-03 7.26607258e-04
2.85982150e+03 8.37223201e+00 5.47426236e-03 7.17036161e-04
2.86132154e+03 8.36866074e+00 5.47699417e-03 7.29283096e-04
2.86282158e+03 8.35998629e+00 5.48379759e-03 7.59303821e-04
2.86432162e+03 8.34787579e+00 5.49373453e-03 8.01631979e-04
2.86582165e+03 8.33438245e+00 5.50542628e-03 8.49564867e-04
2.86732169e+03 8.32178917e+00 5.51695359e-03 8.95840456e-04
2.86882173e+03 8.31225103e+00 5.52609934e-03 9.32260955e-04
2.87032177e+03 8.30730456e+00 5.53099358e-03 9.51596142e-04
2.87182180e+03 8.30744606e+00 5.53087044e-03 9.51039375e-04
2.87332184e+03 8.31201175e+00 5.52638521e-03 9.33189803e-04
2.87482188e+03 8.31943861e+00 5.51925434e-03 9.04702685e-04
2.87632192e+03 8.32782072e+00 5.51146250e-03 8.73436909e-04
2.87782195e+03 8.33552226e+00 5.50454047e-03 8.45463911e-04
2.87932199e+03 8.34159975e+00 5.49923670e-03 8.23780243e-04
2.88082203e+03 8.34592282e+00 5.49555002e-03 8.08503588e-04
2.88232207e+03 8.34900787e+00 5.49296424e-03 7.97655721e-04
2.88382210e+03 8.35166601e+00 5.49076524e-03 7.88337035e-04
2.88532214e+03 8.35461210e+00 5.48835529e-03 7.78034419e-04
2.88682218e+03 8.35818325e+00 5.48547152e-03 7.65578683e-04
2.88832222e+03 8.36226795e+00 5.48222542e-03 7.51378052e-04
2.88982225e+03 8.36645607e+00 5.47895693e-03 7.36881328e-04
2.89132229e+03 8.37030817e+00 5.47600540e-03 7.23623301e-04
2.89282233e+03 8.37360932e+00 5.47351871e-03 7.12336672e-04
2.89432237e+03 8.37650018e+00 5.47137351e-03 7.02522949e-04
2.89582240e+03 8.37943588e+00 5.46922408e-03 6.92635700e-04
2.89732244e+03 8.38299742e+00 5.46665298e-03 6.80762604e-04
2.89882248e+03 8.38763146e+00 5.46336800e-03 6.65540350e-04
2.90032252e+03 8.39344017e+00 5.45934883e-03 6.46858294e-04
2.90182255e+03 8.40010601e+00 5.45487198e-03 6.25991341e-04
2.90332259e+03 8.40698956e+00 5.45039884e-03 6.05058792e-04
2.90482263e+03 8.41333962e+00 5.44640498e-03 5.86234819e-04
2.90632267e+03 8.41852575e+00 5.44323657e-03 5.71147220e-04
2.90782270e+03 8.42220307e+00 5.44104190e-03 5.60578255e-04
2.90932274e+03 8.42436686e+00 5.43977372e-03 5.54403105e-04
2.91082278e+03 8.42529472e+00 5.43924052e-03 5.51764405e-04
2.91232282e+03 8.42541225e+00 5.43918302e-03 5.51430524e-04
2.91382285e+03 8.42514695e+00 5.43934974e-03 5.52184265e-04
2.91532289e+03 8.42482811e+00 5.43954818e-03 5.53090706e-04
2.91682293e+03 8.42465373e+00 5.43966207e-03 5.53586706e-04
2.91832297e+03 8.42473122e+00 5.43962806e-03 5.53366254e-04
2.91982300e+03 8.42514565e+00 5.43939642e-03 5.52187969e-04
2.92132304e+03 8.42601004e+00 5.43890227e-03 5.49733782e-04
2.92282308e+03 8.42745275e+00 5.43807453e-03 5.45647781e-04
2.92432312e+03 8.42955227e+00 5.43687531e-03 5.39723722e-04
2.92582315e+03 8.43224818e+00 5.43535058e-03 5.32154575e-04
2.92732319e+03 8.43529315e+00 5.43365174e-03 5.23656502e-04
2.92882323e+03 8.43826927e+00 5.43201677e-03 5.15404926e-04
2.93032327e+03 8.44069679e+00 5.43070348e-03 5.08716759e-04
2.93182330e+03 8.44217501e+00 5.42991591e-03 5.04663970e-04
2.93332334e+03 8.44251139e+00 5.42974569e-03 5.03743920e-04
2.93482338e+03 8.44177376e+00 5.43015318e-03 5.05762513e-04
2.93632342e+03 8.44026591e+00 5.43097999e-03 5.09900963e-04
2.93782345e+03 8.43843894e+00 5.43198829e-03 5.14936183e-04
2.93932349e+03 8.43677805e+00 5.43291422e-03 5.19532569e-04
2.94082353e+03 8.43571596e+00 5.43351433e-03 5.22480863e-04
2.94232357e+03 8.43558870e+00 5.43359579e-03 5.22834606e-04
2.94382360e+03 8.43663395e+00 5.43302566e-03 5.19932153e-04
2.94532364e+03 8.43900833e+00 5.43172843e-03 5.13364530e-04
2.94682368e+03 8.44280055e+00 5.42968301e-03 5.02953692e-04
2.94832372e+03 8.44803487e+00 5.42692160e-03 4.88763509e-04
2.94982375e+03 8.45466997e+00 5.42352707e-03 4.71131485e-04
2.95132379e+03 8.46261001e+00 5.41962015e-03 4.50656633e-04
2.95282383e+03 8.47173286e+00 5.41533606e-03 4.28081715e-04
2.95432387e+03 8.48192579e+00 5.41079979e-03 4.04070517e-04
2.95582390e+03 8.49311585e+00 5.40610974e-03 3.78990268e-04
2.95732394e+03 8.50527762e+00 5.40133839e-03 3.52907652e-04
2.95882398e+03 8.51842017e+00 5.39654501e-03 3.25878041e-04
2.96032402e+03 8.53256251e+00 5.39178938e-03 2.98311820e-04
2.96182405e+03 8.54771303e+00 5.38713469e-03 2.70947910e-04
2.96332409e+03 8.56386173e+00 5.38263968e-03 2.44300396e-04
2.96482413e+03 8.58098491e+00 5.37835332e-03 2.18313737e-04
2.96632417e+03 8.59905954e+00 5.37431879e-03 1.92941386e-04
2.96782420e+03 8.61807461e+00 5.37057505e-03 1.68772782e-04
2.96932424e+03 8.63803960e+00 5.36714535e-03 1.46392697e-04
2.97082428e+03 8.65898700e+00 5.36403366e-03 1.25604545e-04
2.97232432e+03 8.68096786e+00 5.36124079e-03 1.06222738e-04
2.97382435e+03 8.70404840e+00 5.35876882e-03 8.87103382e-05
2.97532439e+03 8.72830308e+00 5.35660818e-03 7.31501003e-05
2.97682443e+03 8.75381263e+00 5.35474333e-03 5.92049282e-05
2.97832447e+03 8.78066098e+00 5.35316272e-03 4.70924548e-05
2.97982450e+03 8.80893408e+00 5.35184625e-03 3.68035837e-05
2.98132454e+03 8.83871873e+00 5.35076988e-03 2.80629059e-05
2.98282458e+03 8.87010023e+00 5.34991115e-03 2.09529058e-05
2.98432462e+03 8.90316046e+00 5.34924121e-03 1.52217566e-05
2.98582465e+03 8.93797418e+00 5.34873334e-03 1.07540552e-05
2.98732469e+03 8.97460502e+00 5.34835935e-03 7.37121268e-06
2.98882473e+03 9.01310270e+00 5.34809290e-03 4.88517258e-06
2.99032477e+03 9.05349777e+00 5.34790962e-03 3.12592986e-06
2.99182480e+03 9.09579963e+00 5.34778832e-03 1.92693075e-06
2.99332484e+03 9.13999471e+00 5.34771118e-03 1.13989441e-06
2.99482488e+03 9.18604765e+00 5.34766424e-03 6.48256272e-07
2.99632492e+03 9.23390417e+00 5.34763689e-03 3.52213277e-07
2.99782495e+03 9.28349433e+00 5.34762169e-03 1.83173872e-07
2.99932499e+03 9.33473569e+00 5.34761364e-03 9.10665229e-08
3.00082503e+03 9.38753609e+00 5.34760958e-03 4.31297062e-08
3.00232507e+03 9.44179580e+00 5.34760763e-03 1.94842586e-08
3.00382510e+03 9.49741031e+00 5.34760673e-03 8.39925882e-09
3.00532514e+03 9.55427275e+00 5.34760635e-03 3.44875927e-09
3.00682518e+03 9.61227555e+00 5.34760619e-03 1.34846957e-09
3.00832522e+03 9.67131092e+00 5.34760612e-03 5.02772834e-10
3.00982525e+03 9.73126787e+00 5.34760610e-03 1.78971136e-10
3.01132529e+03 9.79203018e+00 5.34760609e-03 6.09808338e-11
3.01282533e+03 9.85347562e+00 5.34760609e-03 2.03576280e-11
3.01432537e+03 9.91547741e+00 5.34760609e-03 8.20746336e-12
3.01582540e+03 9.97790847e+00 5.34760609e-03 8.71389273e-12
3.01732544e+03 1.00406453e+01 5.34760609e-03 2.28673355e-11
3.01882548e+03 1.01035697e+01 5.34760608e-03 7.05331959e-11
3.02032552e+03 1.01665686e+01 5.34760608e-03 2.14512059e-10
3.02182555e+03 1.02295317e+01 5.34760606e-03 6.30471958e-10
3.02332559e+03 1.02923493e+01 5.34760600e-03 1.78469823e-09
3.02482563e+03 1.03549099e+01 5.34760585e-03 4.85770549e-09
3.02632567e+03 1.04171015e+01 5.34760543e-03 1.26928872e-08
3.02782570e+03 1.04788100e+01 5.34760437e-03 3.17802491e-08
3.02932574e+03 1.05399193e+01 5.34760180e-03 7.61253488e-08
3.03082578e+03 1.06003102e+01 5.34759580e-03 1.74343382e-07
3.03232582e+03 1.06598605e+01 5.34758251e-03 3.81914929e-07
3.03382585e+03 1.07184451e+01 5.34755437e-03 8.00391258e-07
3.03532589e+03 1.07759372e+01 5.34749761e-03 1.60288164e-06
3.03682593e+03 1.08322090e+01 5.34738839e-03 3.06429891e-06
3.03832597e+03 1.08871342e+01 5.34718798e-03 5.60339961e-06
3.03982600e+03 1.09405893e+01 5.34683735e-03 9.82527711e-06
3.04132604e+03 1.09924574e+01 5.34625152e-03 1.64927847e-05
3.04282608e+03 1.10426297e+01 5.34531525e-03 2.65174308e-05
3.04432612e+03 1.10910077e+01 5.34388449e-03 4.10734179e-05
3.04582615e+03 1.11375051e+01 5.34178820e-03 6.11624209e-05
3.04732619e+03 1.11820515e+01 5.33883598e-03 8.77486764e-05
3.04882623e+03 1.12245981e+01 5.33484119e-03 1.21997564e-04
3.05032627e+03 1.12651220e+01 5.32961582e-03 1.63724923e-04
3.05182630e+03 1.13036290e+01 5.32301607e-03 2.14154915e-04
3.05332634e+03 1.13401501e+01 5.31491288e-03 2.71615392e-04
3.05482638e+03 1.13747361e+01 5.30525320e-03 3.37424887e-04
3.05632642e+03 1.14074512e+01 5.29399244e-03 4.08417338e-04
3.05782645e+03 1.14383661e+01 5.28118984e-03 4.85946464e-04
3.05932649e+03 1.14675565e+01 5.26688810e-03 5.67047908e-04
3.06082653e+03 1.14951002e+01 5.25121849e-03 6.50282366e-04
3.06232657e+03 1.15210776e+01 5.23433519e-03 7.37142836e-04
3.06382660e+03 1.15455733e+01 5.21635744e-03 8.22577579e-04
3.06532664e+03 1.15686753e+01 5.19748745e-03 9.07155072e-04
3.06682668e+03 1.15904735e+01 5.17789945e-03 9.92695065e-04
3.06832672e+03 1.16110534e+01 5.15770956e-03 1.07491188e-03
3.06982675e+03 1.16304883e+01 5.13709062e-03 1.15244940e-03
3.07132679e+03 1.16488320e+01 5.11624806e-03 1.22836299e-03
3.07282683e+03 1.16661199e+01 5.09534395e-03 1.30241083e-03
3.07432687e+03 1.16823747e+01 5.07452977e-03 1.37112534e-03
3.07582690e+03 1.16976138e+01 5.05399403e-03 1.43344436e-03
3.07732694e+03 1.17118553e+01 5.03393405e-03 1.49139979e-03
3.07882698e+03 1.17251237e+01 5.01450331e-03 1.54656900e-03
3.08032702e+03 1.17374480e+01 4.99580740e-03 1.59833355e-03
3.08182705e+03 1.17488566e+01 4.97793424e-03 1.64517454e-03
3.08332709e+03 1.17593688e+01 4.96098414e-03 1.68636688e-03
3.08482713e+03 1.17689819e+01 4.94509141e-03 1.72231845e-03
3.08632717e+03 1.17776584e+01 4.93043861e-03 1.75386859e-03
3.08782720e+03 1.17853229e+01 4.91726108e-03 1.78153507e-03
3.08932724e+03 1.17918653e+01 4.90584361e-03 1.80524233e-03
3.09082728e+03 1.17971614e+01 4.89648820e-03 1.82452645e-03
3.09232732e+03 1.18011084e+01 4.88945041e-03 1.83891526e-03
3.09382735e+03 1.18036746e+01 4.88484471e-03 1.84825251e-03
3.09532739e+03 1.18049443e+01 4.88255758e-03 1.85286082e-03
3.09682743e+03 1.18051412e+01 4.88220353e-03 1.85357456e-03
3.09832747e+03 1.18046126e+01 4.88315918e-03 1.85165785e-03
3.09982750e+03 1.18037647e+01 4.88468968e-03 1.84857996e-03
3.10132754e+03 1.18029656e+01 4.88613118e-03 1.84567564e-03
3.10282758e+03 1.18024400e+01 4.88708096e-03 1.84376373e-03
3.10432762e+03 1.18022146e+01 4.88749266e-03 1.84294330e-03
3.10582765e+03 1.18021174e+01 4.88767508e-03 1.84258974e-03
3.10732769e+03 1.18018298e+01 4.88819981e-03 1.84154243e-03
3.10882773e+03 1.18009660e+01 4.88975591e-03 1.83839660e-03
3.11032777e+03 1.17991691e+01 4.89297452e-03 1.83184712e-03
3.11182780e+03 1.17961997e+01 4.89826157e-03 1.82102043e-03
3.11332784e+03 1.17920281e+01 4.90563112e-03 1.80583402e-03
3.11482788e+03 1.17868912e+01 4.91461744e-03 1.78720559e-03
3.11632792e+03 1.17813195e+01 4.92425510e-03 1.76708231e-03
3.11782795e+03 1.17760937e+01 4.93319125e-03 1.74821221e-03
3.11932799e+03 1.17721150e+01 4.93992860e-03 1.73377478e-03
3.12082803e+03 1.17702038e+01 4.94314870e-03 1.72679800e-03
3.12232807e+03 1.17708761e+01 4.94203149e-03 1.72925596e-03
3.12382810e+03 1.17741476e+01 4.93653023e-03 1.74116277e-03
3.12532814e+03 1.17794508e+01 4.92752054e-03 1.76033964e-03
3.12682818e+03 1.17857038e+01 4.91676145e-03 1.78291148e-03
3.12832822e+03 1.17915734e+01 4.90653281e-03 1.80418140e-03
3.12982825e+03 1.17958649e+01 4.89897742e-03 1.81980022e-03
3.13132829e+03 1.17979077e+01 4.89536129e-03 1.82724759e-03
3.13282833e+03 1.17977753e+01 4.89560341e-03 1.82676480e-03
3.13432837e+03 1.17962509e+01 4.89831415e-03 1.82120723e-03
3.13582840e+03 1.17945769e+01 4.90128007e-03 1.81510788e-03
3.13732844e+03 1.17941214e+01 4.90208883e-03 1.81344932e-03
3.13882848e+03 1.17960825e+01 4.89862783e-03 1.82059330e-03
3.14032852e+03 1.18013048e+01 4.88933572e-03 1.83963079e-03
3.14182855e+03 1.18101951e+01 4.87328745e-03 1.87177443e-03
3.14332859e+03 1.18227149e+01 4.85019943e-03 1.91507543e-03
3.14482863e+03 1.18383840e+01 4.82052109e-03 1.96366954e-03
3.14632867e+03 1.18562853e+01 4.78564721e-03 2.01265016e-03
3.14782870e+03 1.18750676e+01 4.74808921e-03 2.06182043e-03
3.14932874e+03 1.18929685e+01 4.71143260e-03 2.10595705e-03
3.15082878e+03 1.19079302e+01 4.68017537e-03 2.13624586e-03
3.15232882e+03 1.19178459e+01 4.65918579e-03 2.15222943e-03
3.15382885e+03 1.19209478e+01 4.65258755e-03 2.15668570e-03
3.15532889e+03 1.19162583e+01 4.66258336e-03 2.14986026e-03
3.15682893e+03 1.19039594e+01 4.68856889e-03 2.12895713e-03
3.15832897e+03 1.18855159e+01 4.72686199e-03 2.08830488e-03
3.15982900e+03 1.18634640e+01 4.77149027e-03 2.03151785e-03
3.16132904e+03 1.18409008e+01 4.81578050e-03 1.97087678e-03
3.16282908e+03 1.18208615e+01 4.85377001e-03 1.90888406e-03
3.16432912e+03 1.18057988e+01 4.88138830e-03 1.85595594e-03
3.16582915e+03 1.17973064e+01 4.89659959e-03 1.82505516e-03
3.16732919e+03 1.17961096e+01 4.89872878e-03 1.82069213e-03
3.16882923e+03 1.18022572e+01 4.88778337e-03 1.84309838e-03
3.17032927e+03 1.18154090e+01 4.86389991e-03 1.89019347e-03
3.17182930e+03 1.18350672e+01 4.82703785e-03 1.95393938e-03
3.17332934e+03 1.18606078e+01 4.77725831e-03 2.02402477e-03
3.17482938e+03 1.18910262e+01 4.71562400e-03 2.10149374e-03
3.17632942e+03 1.19245171e+01 4.64512093e-03 2.16157380e-03
3.17782945e+03 1.19581720e+01 4.57232951e-03 2.20199640e-03
3.17932949e+03 1.19881210e+01 4.50644028e-03 2.21900346e-03
3.18082953e+03 1.20102232e+01 4.45747511e-03 2.21427916e-03
3.18232957e+03 1.20210686e+01 4.43346894e-03 2.21007303e-03
3.18382960e+03 1.20188332e+01 4.43843200e-03 2.21098930e-03
3.18532964e+03 1.20036636e+01 4.47206004e-03 2.21648238e-03
3.18682968e+03 1.19775420e+01 4.52988896e-03 2.21665921e-03
3.18832972e+03 1.19438460e+01 4.60360095e-03 2.18573806e-03
3.18982975e+03 1.19068038e+01 4.68284956e-03 2.13423349e-03
3.19132979e+03 1.18709847e+01 4.75665683e-03 2.05119920e-03
3.19282983e+03 1.18409015e+01 4.81601297e-03 1.97087863e-03
3.19432987e+03 1.18207151e+01 4.85427347e-03 1.90839145e-03
3.19582990e+03 1.18139670e+01 4.86675461e-03 1.88514580e-03
3.19732994e+03 1.18231689e+01 4.84973578e-03 1.91657854e-03
3.19882998e+03 1.18491032e+01 4.80016520e-03 1.99351672e-03
3.20033002e+03 1.18898124e+01 4.71839183e-03 2.09865202e-03
3.20183005e+03 1.19396598e+01 4.61283051e-03 2.18068488e-03
3.20333009e+03 1.19893782e+01 4.50393709e-03 2.21902308e-03
3.20483013e+03 1.20280397e+01 4.41831644e-03 2.20695212e-03
3.20633017e+03 1.20466959e+01 4.37716299e-03 2.19404251e-03
3.20783020e+03 1.20419127e+01 4.38772287e-03 2.19828007e-03
3.20933024e+03 1.20172768e+01 4.44218907e-03 2.21161057e-03
3.21083028e+03 1.19821671e+01 4.51998172e-03 2.21818823e-03
3.21233032e+03 1.19484007e+01 4.59402178e-03 2.19113399e-03
3.21383035e+03 1.19262850e+01 4.64176794e-03 2.16391739e-03
3.21533039e+03 1.19216908e+01 4.65161226e-03 2.15772261e-03
3.21683043e+03 1.19346177e+01 4.62390762e-03 2.17450166e-03
3.21833047e+03 1.19590837e+01 4.57082759e-03 2.20293062e-03
3.21983050e+03 1.19844990e+01 4.51495360e-03 2.21865597e-03
3.22133054e+03 1.19989895e+01 4.48288448e-03 2.21776127e-03
3.22283058e+03 1.19940734e+01 4.49379916e-03 2.21868797e-03
3.22433062e+03 1.19685484e+01 4.55016902e-03 2.21137286e-03
3.22583065e+03 1.19293975e+01 4.63525162e-03 2.16794584e-03
3.22733069e+03 1.18891794e+01 4.72003446e-03 2.09715496e-03
3.22883073e+03 1.18614980e+01 4.77609567e-03 2.02636134e-03
3.23033077e+03 1.18570727e+01 4.78488475e-03 2.01472688e-03
3.23183080e+03 1.18814214e+01 4.73600171e-03 2.07809988e-03
3.23333084e+03 1.19333807e+01 4.62679177e-03 2.17296545e-03
3.23483088e+03 1.20039418e+01 4.47209323e-03 2.21639705e-03
3.23633092e+03 1.20769038e+01 4.31142663e-03 2.14950947e-03
3.23783095e+03 1.21334637e+01 4.19154973e-03 2.02818570e-03
3.23933099e+03 1.21594194e+01 4.13891271e-03 1.94931708e-03
3.24083103e+03 1.21505258e+01 4.15676949e-03 1.97730486e-03
3.24233107e+03 1.21134657e+01 4.23330444e-03 2.07764028e-03
3.24383110e+03 1.20628719e+01 4.34216074e-03 2.17360021e-03
3.24533114e+03 1.20155851e+01 4.44646129e-03 2.21227221e-03
3.24683118e+03 1.19843926e+01 4.51559122e-03 2.21863892e-03
3.24833122e+03 1.19740936e+01 4.53833862e-03 2.21498740e-03
3.24983125e+03 1.19809485e+01 4.52324490e-03 2.21786403e-03
3.25133129e+03 1.19949952e+01 4.49218896e-03 2.21855428e-03
3.25283133e+03 1.20045616e+01 4.47100883e-03 2.21620382e-03
3.25433137e+03 1.20016973e+01 4.47738799e-03 2.21705849e-03
3.25583140e+03 1.19860877e+01 4.51199735e-03 2.21886336e-03
3.25733144e+03 1.19652360e+01 4.55796605e-03 2.20871105e-03
3.25883148e+03 1.19508894e+01 4.58933138e-03 2.19401572e-03
3.26033152e+03 1.19538568e+01 4.58290587e-03 2.19736356e-03
3.26183155e+03 1.19796694e+01 4.52631749e-03 2.21746354e-03
3.26333159e+03 1.20262415e+01 4.42322501e-03 2.20780595e-03
3.26483163e+03 1.20838120e+01 4.29698443e-03 2.13655145e-03
3.26633167e+03 1.21376302e+01 4.18348153e-03 2.01634723e-03
3.26783170e+03 1.21730081e+01 4.11261820e-03 1.90641481e-03
3.26933174e+03 1.21802738e+01 4.09855858e-03 1.88335982e-03
3.27083178e+03 1.21573140e+01 4.14366665e-03 1.95596750e-03
3.27233182e+03 1.21095271e+01 4.24217040e-03 2.08605778e-03
3.27383185e+03 1.20478619e+01 4.37571207e-03 2.19288854e-03
3.27533189e+03 1.19853718e+01 4.51398204e-03 2.21878081e-03
3.27683193e+03 1.19334264e+01 4.62746371e-03 2.17302243e-03
3.27833197e+03 1.18994165e+01 4.69965010e-03 2.11994347e-03
3.27983200e+03 1.18868179e+01 4.72574661e-03 2.09148434e-03
3.28133204e+03 1.18967810e+01 4.70518632e-03 2.11438926e-03
3.28283208e+03 1.19299026e+01 4.63514197e-03 2.16858976e-03
3.28433212e+03 1.19868569e+01 4.51086512e-03 2.21893254e-03
3.28583215e+03 1.20670946e+01 4.33372916e-03 2.16682010e-03
3.28733219e+03 1.21659612e+01 4.12678052e-03 1.92865087e-03
3.28883223e+03 1.22725290e+01 3.93583058e-03 1.53472993e-03
3.29033227e+03 1.23710007e+01 3.79911664e-03 1.12320751e-03
3.29183230e+03 1.24450408e+01 3.72257569e-03 8.35435440e-04
3.29333234e+03 1.24810010e+01 3.69296353e-03 7.09529564e-04
3.29483238e+03 1.24682759e+01 3.70292379e-03 7.52173489e-04
3.29633242e+03 1.23992673e+01 3.76738535e-03 1.00871194e-03
3.29783245e+03 1.22728121e+01 3.93555189e-03 1.53358008e-03
3.29933249e+03 1.21023168e+01 4.25805472e-03 2.10074411e-03
3.30083253e+03 1.19200484e+01 4.65671568e-03 2.15541555e-03
3.30233257e+03 1.17630861e+01 4.95686409e-03 1.70043954e-03
3.30383260e+03 1.16540674e+01 5.11141908e-03 1.25066283e-03
3.30533264e+03 1.16003054e+01 5.16957049e-03 1.03205856e-03
3.30683268e+03 1.16028968e+01 5.16704783e-03 1.04241653e-03
3.30833272e+03 1.16626119e+01 5.10116112e-03 1.28734711e-03
3.30983275e+03 1.17798678e+01 4.92887067e-03 1.76184467e-03
3.31133279e+03 1.19485765e+01 4.59554446e-03 2.19133931e-03
3.31283283e+03 1.21466072e+01 4.16610634e-03 1.98945528e-03
3.31433287e+03 1.23375569e+01 3.84136089e-03 1.26208965e-03
3.31583290e+03 1.24919235e+01 3.68503730e-03 6.74171156e-04
3.31733294e+03 1.25997457e+01 3.62473002e-03 3.78860178e-04
3.31883298e+03 1.26628976e+01 3.60293993e-03 2.56917898e-04
3.32033302e+03 1.26842659e+01 3.59728911e-03 2.22917853e-04
3.32183305e+03 1.26622678e+01 3.60312564e-03 2.57976421e-04
3.32333309e+03 1.25901635e+01 3.62882743e-03 4.00869461e-04
3.32483313e+03 1.24600306e+01 3.70991286e-03 7.80928241e-04
3.32633317e+03 1.22738087e+01 3.93438701e-03 1.52952138e-03
3.32783320e+03 1.20593484e+01 4.35165327e-03 2.17884447e-03
3.32933324e+03 1.18677396e+01 4.76551716e-03 2.04271747e-03
3.33083328e+03 1.17394735e+01 4.99491840e-03 1.60677187e-03
3.33233332e+03 1.16874857e+01 5.06965137e-03 1.39221076e-03
3.33383335e+03 1.17080744e+01 5.04139618e-03 1.47591902e-03
3.33533339e+03 1.17908067e+01 4.91035237e-03 1.80139687e-03
3.33683343e+03 1.19192963e+01 4.65901148e-03 2.15433999e-03
3.33833347e+03 1.20684643e+01 4.33188997e-03 2.16451902e-03
3.33983350e+03 1.22082628e+01 4.04710230e-03 1.78705691e-03
3.34133354e+03 1.23159243e+01 3.87129698e-03 1.35093481e-03
3.34283358e+03 1.23833531e+01 3.78538330e-03 1.07206353e-03
3.34433362e+03 1.24137418e+01 3.75280611e-03 9.53297386e-04
3.34583365e+03 1.24151203e+01 3.75142172e-03 9.48076279e-04
3.34733369e+03 1.23962109e+01 3.77115839e-03 1.02063966e-03
3.34883373e+03 1.23647293e+01 3.80727669e-03 1.14951851e-03
3.35033377e+03 1.23269603e+01 3.85600827e-03 1.30530969e-03
3.35183380e+03 1.22878094e+01 3.91284248e-03 1.47102098e-03
3.35333384e+03 1.22509741e+01 3.97202325e-03 1.61975549e-03
3.35483388e+03 1.22191343e+01 4.02746998e-03 1.74521338e-03
3.35633392e+03 1.21941486e+01 4.07359039e-03 1.83767283e-03
3.35783395e+03 1.21771997e+01 4.10603723e-03 1.89314921e-03
3.35933399e+03 1.21688602e+01 4.12235002e-03 1.91950345e-03
3.36083403e+03 1.21690953e+01 4.12191678e-03 1.91876168e-03
3.36233407e+03 1.21772025e+01 4.10611706e-03 1.89314036e-03
3.36383410e+03 1.21917953e+01 4.07817509e-03 1.84566204e-03
3.36533414e+03 1.22109052e+01 4.04260170e-03 1.77707534e-03
3.36683418e+03 1.22322025e+01 4.00444568e-03 1.69342650e-03
3.36833422e+03 1.22533275e+01 3.96832195e-03 1.61060591e-03
3.36983425e+03 1.22722202e+01 3.93750168e-03 1.53598321e-03
3.37133429e+03 1.22873972e+01 3.91375558e-03 1.47277734e-03
3.37283433e+03 1.22980993e+01 3.89757436e-03 1.42684302e-03
3.37433437e+03 1.23042892e+01 3.88844288e-03 1.40023848e-03
3.37583440e+03 1.23065641e+01 3.88514227e-03 1.39050903e-03
3.37733444e+03 1.23059958e+01 3.88599394e-03 1.39293630e-03
3.37883448e+03 1.23039410e+01 3.88902437e-03 1.40173064e-03
3.38033452e+03 1.23018420e+01 3.89213925e-03 1.41073972e-03
3.38183455e+03 1.23010397e+01 3.89335120e-03 1.41418837e-03
3.38333459e+03 1.23025988e+01 3.89107560e-03 1.40748897e-03
3.38483463e+03 1.23071858e+01 3.88438889e-03 1.38785633e-03
3.38633467e+03 1.23149816e+01 3.87321203e-03 1.35488297e-03
3.38783470e+03 1.23256665e+01 3.85830529e-03 1.31061108e-03
3.38933474e+03 1.23384692e+01 3.84107209e-03 1.25836944e-03
3.39083478e+03 1.23522569e+01 3.82326456e-03 1.20168179e-03
3.39233482e+03 1.23656671e+01 3.80668738e-03 1.14557984e-03
3.39383485e+03 1.23772454e+01 3.79297421e-03 1.09718506e-03
3.39533489e+03 1.23855893e+01 3.78344572e-03 1.06297087e-03
3.39683493e+03 1.23894761e+01 3.77912026e-03 1.04731471e-03
3.39833497e+03 1.23879881e+01 3.78080580e-03 1.05328583e-03
3.39983500e+03 1.23806469e+01 3.78915305e-03 1.08314548e-03
3.40133504e+03 1.23675608e+01 3.80457303e-03 1.13762900e-03
3.40283508e+03 1.23495712e+01 3.82691876e-03 1.21281059e-03
3.40433512e+03 1.23283648e+01 3.85495852e-03 1.29956481e-03
3.40583515e+03 1.23064815e+01 3.88587959e-03 1.39086132e-03
3.40733519e+03 1.22871434e+01 3.91490718e-03 1.47385819e-03
3.40883523e+03 1.22738777e+01 3.93571383e-03 1.52924012e-03
3.41033527e+03 1.22699620e+01 3.94201598e-03 1.54510602e-03
3.41183530e+03 1.22777833e+01 3.92960577e-03 1.51318854e-03
3.41333534e+03 1.22982946e+01 3.89814707e-03 1.42600226e-03
3.41483538e+03 1.23307146e+01 3.85199777e-03 1.28997192e-03
3.41633542e+03 1.23726269e+01 3.79882061e-03 1.11640685e-03
3.41783545e+03 1.24205056e+01 3.74692201e-03 9.27714362e-04
3.41933549e+03 1.24705089e+01 3.70222353e-03 7.44546986e-04
3.42083553e+03 1.25192509e+01 3.66724003e-03 5.88658898e-04
3.42233557e+03 1.25642698e+01 3.64156148e-03 4.63890958e-04
3.42383560e+03 1.26041117e+01 3.62343536e-03 3.69139084e-04
3.42533564e+03 1.26381149e+01 3.61092601e-03 3.00622355e-04
3.42683568e+03 1.26660550e+01 3.60240351e-03 2.51656117e-04
3.42833572e+03 1.26877695e+01 3.59674211e-03 2.17730176e-04
3.42983575e+03 1.27028077e+01 3.59327217e-03 1.96708255e-04
3.43133579e+03 1.27101073e+01 3.59171368e-03 1.87162878e-04
3.43283583e+03 1.27076903e+01 3.59223170e-03 1.90280688e-04
3.43433587e+03 1.26923867e+01 3.59567110e-03 2.11065470e-04
3.43583590e+03 1.26596747e+01 3.60428687e-03 2.62364444e-04
3.43733594e+03 1.26039566e+01 3.62362371e-03 3.69481006e-04
3.43883598e+03 1.25199435e+01 3.66704851e-03 5.86556351e-04
3.44033602e+03 1.24061868e+01 3.76197106e-03 9.82044706e-04
3.44183605e+03 1.22709751e+01 3.94139611e-03 1.54102255e-03
3.44333609e+03 1.21368230e+01 4.18961275e-03 2.01867754e-03
3.44483613e+03 1.20360851e+01 4.40642623e-03 2.20247630e-03
3.44633617e+03 1.19986815e+01 4.48932874e-03 2.21783353e-03
3.44783620e+03 1.20424079e+01 4.39260994e-03 2.19787684e-03
3.44933624e+03 1.21660694e+01 4.13072614e-03 1.92830937e-03
3.45083628e+03 1.23423690e+01 3.83742738e-03 1.24243639e-03
3.45233632e+03 1.25254757e+01 3.66372596e-03 5.69936366e-04
3.45383635e+03 1.26791495e+01 3.59903577e-03 2.30696676e-04
3.45533639e+03 1.27915072e+01 3.57877711e-03 1.03190200e-04
3.45683643e+03 1.28668425e+01 3.57208334e-03 5.61579308e-05
3.45833647e+03 1.29146558e+01 3.56953611e-03 3.70497446e-05
3.45983650e+03 1.29441346e+01 3.56841870e-03 2.84256713e-05
3.46133654e+03 1.29624972e+01 3.56785787e-03 2.39748824e-05
3.46283658e+03 1.29749441e+01 3.56752794e-03 2.13054203e-05
3.46433662e+03 1.29850687e+01 3.56728649e-03 1.93365214e-05
3.46583665e+03 1.29953157e+01 3.56706458e-03 1.75208141e-05
3.46733669e+03 1.30073536e+01 3.56683011e-03 1.55943939e-05
3.46883673e+03 1.30223502e+01 3.56657342e-03 1.34624809e-05
3.47033677e+03 1.30411543e+01 3.56630004e-03 1.11459107e-05
3.47183680e+03 1.30644091e+01 3.56602541e-03 8.77757230e-06
3.47333684e+03 1.30926154e+01 3.56576895e-03 6.54214051e-06
3.47483688e+03 1.31261613e+01 3.56554742e-03 4.55580796e-06
3.47633692e+03 1.31653331e+01 3.56537219e-03 2.95037210e-06
3.47783695e+03 1.32103223e+01 3.56524579e-03 1.75612565e-06
3.47933699e+03 1.32612250e+01 3.56516336e-03 9.56346631e-07
3.48083703e+03 1.33180405e+01 3.56511501e-03 4.70804586e-07
3.48233707e+03 1.33806716e+01 3.56508970e-03 2.07983626e-07
3.48383710e+03 1.34489412e+01 3.56507797e-03 8.19003899e-08
3.48533714e+03 1.35226340e+01 3.56507317e-03 2.85342715e-08
3.48683718e+03 1.36015377e+01 3.56507145e-03 8.72929960e-09
3.48833722e+03 1.36854516e+01 3.56507091e-03 2.32731722e-09
3.48983725e+03 1.37741606e+01 3.56507077e-03 5.36819108e-10
3.49133729e+03 1.38674042e+01 3.56507073e-03 1.06443295e-10
3.49283733e+03 1.39648783e+01 3.56507073e-03 1.80783422e-11
3.49433737e+03 1.40662558e+01 3.56507073e-03 2.62705256e-12
3.49583740e+03 1.41712061e+01 3.56507073e-03 3.25992227e-13
3.49733744e+03 1.42794141e+01 3.56507073e-03 3.46216717e-14
3.49883748e+03 1.43906026e+01 3.56507073e-03 3.15829947e-15
3.50033752e+03 1.45045481e+01 3.56507073e-03 2.48668212e-16
3.50183755e+03 1.46210722e+01 3.56507073e-03 1.70371358e-17
3.50333759e+03 1.47400176e+01 3.56507073e-03 1.02672992e-18
3.50483763e+03 1.48612321e+01 3.56507073e-03 5.52115071e-20
3.50633767e+03 1.49845616e+01 3.56507073e-03 2.69495528e-21
3.50783770e+03 1.51098585e+01 3.56507073e-03 1.21496218e-22
3.50933774e+03 1.52369957e+01 3.56507073e-03 5.13745537e-24
3.51083778e+03 1.53658730e+01 3.56507073e-03 2.06082943e-25
3.51233782e+03 1.54963998e+01 3.56507073e-03 7.90150623e-27
3.51383785e+03 1.56284799e+01 3.56507073e-03 2.91007175e-28
3.51533789e+03 1.57619969e+01 3.56507073e-03 1.03351061e-29
3.51683793e+03 1.58968076e+01 3.56507073e-03 3.55345647e-31
3.51833797e+03 1.60327407e+01 3.56507073e-03 1.22197954e-32
3.51983800e+03 1.61696180e+01 3.56507073e-03 1.08398393e-32
3.52133804e+03 1.63072744e+01 3.56507073e-03 3.26437563e-31
3.52283808e+03 1.64455507e+01 3.56507073e-03 1.03535330e-29
3.52433812e+03 1.65842745e+01 3.56507073e-03 3.32050763e-28
3.52583815e+03 1.67232591e+01 3.56507073e-03 1.07136652e-26
3.52733819e+03 1.68623213e+01 3.56507073e-03 3.45725952e-25
3.52883823e+03 1.70012928e+01 3.56507073e-03 1.10710528e-23
3.53033827e+03 1.71400093e+01 3.56507073e-03 3.47603061e-22
3.53183830e+03 1.72782898e+01 3.56507073e-03 1.05061202e-20
3.53333834e+03 1.74159357e+01 3.56507073e-03 2.98345630e-19
3.53483838e+03 1.75527507e+01 3.56507073e-03 7.74844235e-18
3.53633842e+03 1.76885533e+01 3.56507073e-03 1.79402960e-16
3.53783845e+03 1.78231712e+01 3.56507073e-03 3.62474543e-15
3.53933849e+03 1.79564183e+01 3.56507073e-03 6.28554570e-14
3.54083853e+03 1.80880741e+01 3.56507073e-03 9.23521775e-13
3.54233857e+03 1.82178860e+01 3.56507072e-03 1.13888717e-11
3.54383860e+03 1.83455831e+01 3.56507072e-03 1.17319501e-10
3.54533864e+03 1.84708802e+01 3.56507068e-03 1.00783750e-09
3.54683868e+03 1.85934744e+01 3.56507039e-03 7.20317590e-09
3.54833872e+03 1.87130393e+01 3.56506855e-03 4.29811452e-08
3.54983875e+03 1.88292155e+01 3.56505883e-03 2.14892396e-07
3.55133879e+03 1.89416175e+01 3.56501582e-03 9.02805137e-07
3.55283883e+03 1.90498537e+01 3.56485555e-03 3.21738524e-06
3.55433887e+03 1.91535384e+01 3.56434901e-03 9.78687239e-06
3.55583890e+03 1.92522958e+01 3.56298036e-03 2.56304632e-05
3.55733894e+03 1.93457746e+01 3.55979147e-03 5.86044618e-05
3.55883898e+03 1.94336820e+01 3.55331204e-03 1.18145515e-04
3.56033902e+03 1.95158184e+01 3.54169395e-03 2.12510761e-04
3.56183905e+03 1.95921034e+01 3.52307344e-03 3.45737383e-04
3.56333909e+03 1.96625790e+01 3.49603537e-03 5.15537921e-04
3.56483913e+03 1.97273846e+01 3.45998934e-03 7.13073889e-04
3.56633917e+03 1.97867268e+01 3.41532529e-03 9.25268337e-04
3.56783920e+03 1.98408875e+01 3.36331164e-03 1.14061935e-03
3.56933924e+03 1.98902509e+01 3.30569547e-03 1.34832598e-03
3.57083928e+03 1.99353200e+01 3.24416853e-03 1.53342925e-03
3.57233932e+03 1.99767493e+01 3.18021533e-03 1.70166014e-03
3.57383935e+03 2.00153859e+01 3.11435706e-03 1.84237328e-03
3.57533939e+03 2.00522615e+01 3.04640959e-03 1.96521981e-03
3.57683943e+03 2.00884816e+01 2.97529313e-03 2.06204910e-03
3.57833947e+03 2.01250436e+01 2.89992145e-03 2.14267097e-03
3.57983950e+03 2.01626944e+01 2.81928834e-03 2.19227269e-03
3.58133954e+03 2.02019255e+01 2.73326793e-03 2.21899396e-03
3.58283958e+03 2.02430458e+01 2.64212493e-03 2.20614433e-03
3.58433962e+03 2.02861756e+01 2.54714593e-03 2.15686056e-03
3.58583965e+03 2.03310731e+01 2.45072297e-03 2.06810021e-03
3.58733969e+03 2.03768921e+01 2.35660474e-03 1.93623434e-03
3.58883973e+03 2.04220423e+01 2.26981606e-03 1.78537026e-03
3.59033977e+03 2.04642892e+01 2.19490324e-03 1.61984242e-03
3.59183980e+03 2.05010984e+01 2.13529317e-03 1.47119603e-03
3.59333984e+03 2.05301081e+01 2.09215396e-03 1.34738347e-03
3.59483988e+03 2.05495940e+01 2.06518998e-03 1.26738775e-03
3.59633992e+03 2.05588892e+01 2.05289123e-03 1.22937300e-03
3.59783995e+03 2.05588007e+01 2.05301373e-03 1.22973678e-03
3.59933999e+03 2.05520009e+01 2.06199365e-03 1.25757423e-03
3.60084003e+03 2.05431763e+01 2.07393812e-03 1.29354318e-03
3.60234007e+03 2.05385708e+01 2.08032274e-03 1.31238328e-03
3.60384011e+03 2.05445264e+01 2.07216543e-03 1.28803634e-03
3.60534014e+03 2.05648924e+01 2.04529062e-03 1.20457872e-03
3.60684018e+03 2.05977872e+01 2.00544409e-03 1.06757419e-03
3.60834022e+03 2.06331061e+01 1.96763259e-03 9.30489840e-04
3.60984026e+03 2.06527052e+01 1.94877978e-03 8.56584783e-04
3.61134029e+03 2.06344612e+01 1.96636062e-03 9.25369178e-04
3.61284033e+03 2.05597081e+01 2.05223539e-03 1.22600385e-03
3.61434037e+03 2.04229569e+01 2.26870383e-03 1.78192185e-03
3.61584041e+03 2.02409273e+01 2.64741834e-03 2.20719206e-03
3.61734044e+03 2.00493138e+01 3.05234486e-03 1.95662988e-03
3.61884048e+03 1.98818324e+01 3.31633418e-03 1.31261035e-03
3.62034052e+03 1.97559065e+01 3.44006935e-03 8.11970393e-04
3.62184056e+03 1.96776560e+01 3.48872499e-03 5.57787467e-04
3.62334059e+03 1.96517848e+01 3.50094654e-03 4.86180233e-04
3.62484063e+03 1.96874104e+01 3.48369684e-03 5.85964951e-04
3.62634067e+03 1.97991361e+01 3.40461261e-03 9.74061440e-04
3.62784071e+03 2.00018938e+01 3.13867746e-03 1.79324728e-03
3.62934074e+03 2.02916100e+01 2.53663967e-03 2.14694491e-03
3.63084078e+03 2.06116493e+01 1.99058794e-03 1.01242128e-03
3.63234082e+03 2.08761021e+01 1.82164277e-03 2.57132004e-04
3.63384086e+03 2.10499243e+01 1.79196568e-03 7.20691364e-05
3.63534089e+03 2.11463564e+01 1.78635844e-03 3.14380000e-05
3.63684093e+03 2.11883620e+01 1.78505016e-03 2.12880228e-05
3.63834097e+03 2.11897469e+01 1.78501573e-03 2.10083094e-05
3.63984101e+03 2.11497706e+01 1.78623599e-03 3.04846736e-05
3.64134104e+03 2.10523740e+01 1.79177353e-03 7.06406312e-05
3.64284108e+03 2.08699755e+01 1.82352128e-03 2.67555094e-04
3.64434112e+03 2.05826642e+01 2.02422337e-03 1.13018976e-03
3.64584116e+03 2.02275853e+01 2.67842981e-03 2.21278284e-03
3.64734119e+03 1.99134543e+01 3.27609903e-03 1.44358551e-03
3.64884123e+03 1.97301960e+01 3.45859593e-03 7.22672806e-04
3.65034127e+03 1.97403331e+01 3.45179843e-03 7.57610800e-04
3.65184131e+03 2.00282298e+01 3.09308041e-03 1.88842441e-03
3.65334134e+03 2.06590437e+01 1.94383914e-03 8.32941344e-04
3.65484138e+03 2.13558383e+01 1.78294173e-03 3.80441790e-06
3.65634142e+03 2.18591579e+01 1.78253573e-03 4.38037586e-09
3.65784146e+03 2.21993952e+01 1.78253536e-03 1.31840685e-11
3.65934149e+03 2.24209764e+01 1.78253536e-03 6.72865170e-11
3.66084153e+03 2.25382656e+01 1.78253534e-03 5.21437825e-10
3.66234157e+03 2.25331100e+01 1.78253534e-03 4.77757015e-10
3.66384161e+03 2.23463635e+01 1.78253536e-03 1.78314200e-11
3.66534164e+03 2.18653148e+01 1.78253570e-03 3.97314984e-09
3.66684168e+03 2.09508052e+01 1.80459743e-03 1.54367794e-04
3.66834172e+03 1.99293201e+01 3.25503301e-03 1.50844152e-03
3.66984176e+03 1.94498276e+01 3.55170351e-03 1.33259427e-04
3.67134179e+03 1.92899959e+01 3.56204512e-03 3.61918490e-05
3.67284183e+03 1.92901612e+01 3.56204099e-03 3.62452940e-05
3.67434187e+03 1.93854204e+01 3.55752819e-03 8.11095442e-05
3.67584191e+03 1.95923157e+01 3.52348503e-03 3.46177791e-04
3.67734194e+03 2.00341555e+01 3.08377145e-03 1.90876410e-03
3.67884198e+03 2.09320311e+01 1.80823945e-03 1.76394269e-04
3.68034202e+03 2.19534385e+01 1.78253544e-03 9.49956023e-10
3.68184206e+03 2.27138609e+01 1.78253496e-03 8.89846508e-09
3.68334209e+03 2.32181576e+01 1.78210047e-03 6.31254709e-06
3.68484213e+03 2.35035190e+01 1.77424150e-03 8.89096323e-05
3.68634217e+03 2.36073495e+01 1.76225511e-03 1.91417280e-04
3.68784221e+03 2.35609029e+01 1.76878652e-03 1.37516363e-04
3.68934224e+03 2.33728451e+01 1.78018605e-03 2.91664686e-05
3.69084228e+03 2.30182306e+01 1.78249971e-03 6.21987702e-07
3.69234232e+03 2.24460559e+01 1.78253536e-03 1.05256309e-10
3.69384236e+03 2.16238568e+01 1.78254852e-03 1.39226949e-07
3.69534239e+03 2.06811579e+01 1.92572053e-03 7.53725289e-04
3.69684243e+03 2.00891610e+01 2.97865980e-03 2.06380804e-03
3.69834247e+03 1.98779109e+01 3.32370192e-03 1.29580609e-03
3.69984251e+03 1.98623538e+01 3.34195712e-03 1.22917255e-03
3.70134254e+03 1.98942659e+01 3.30334657e-03 1.36512451e-03
3.70284258e+03 1.98858460e+01 3.31397707e-03 1.32971315e-03
3.70434262e+03 1.98475162e+01 3.35856238e-03 1.16743540e-03
3.70584266e+03 1.98740063e+01 3.32851288e-03 1.27902726e-03
3.70734269e+03 2.01129280e+01 2.93047796e-03 2.12031641e-03
3.70884273e+03 2.07003592e+01 1.91062250e-03 6.89926606e-04
3.71034277e+03 2.13833933e+01 1.78283390e-03 2.79731788e-06
3.71184281e+03 2.17541313e+01 1.78253733e-03 2.18512789e-08
3.71334284e+03 2.18694580e+01 1.78253568e-03 3.72003885e-09
3.71484288e+03 2.18661195e+01 1.78253570e-03 3.92271434e-09
3.71634292e+03 2.18052514e+01 1.78253626e-03 1.01143322e-08
3.71784296e+03 2.16918689e+01 1.78254034e-03 5.40102716e-08
3.71934299e+03 2.15482519e+01 1.78257257e-03 3.79238457e-07
3.72084303e+03 2.14094432e+01 1.78275362e-03 2.07391949e-06
3.72234307e+03 2.12775086e+01 1.78353481e-03 8.79881132e-06
3.72384311e+03 2.11385564e+01 1.78673128e-03 3.37167306e-05
3.72534314e+03 2.10130287e+01 1.79577690e-03 9.68767767e-05
3.72684318e+03 2.09338798e+01 1.80799017e-03 1.74135729e-04
3.72834322e+03 2.08953112e+01 1.81684956e-03 2.26365221e-04
3.72984326e+03 2.08838668e+01 1.81993871e-03 2.44322860e-04
3.73134329e+03 2.09162489e+01 1.81175038e-03 1.96566271e-04
3.73284333e+03 2.09889737e+01 1.79876851e-03 1.16350241e-04
3.73434337e+03 2.10857988e+01 1.78944728e-03 5.35612250e-05
3.73584341e+03 2.12118035e+01 1.78454494e-03 1.69956238e-05
3.73734344e+03 2.13675499e+01 1.78289448e-03 3.34088052e-06
3.73884348e+03 2.15623098e+01 1.78256607e-03 3.15835325e-07
3.74034352e+03 2.18093084e+01 1.78253620e-03 9.50592380e-09
3.74184356e+03 2.21244988e+01 1.78253537e-03 4.87432726e-11
3.74334359e+03 2.25212800e+01 1.78253535e-03 3.90405052e-10
3.74484363e+03 2.30093527e+01 1.78250368e-03 5.56468659e-07
3.74634367e+03 2.35915893e+01 1.76473215e-03 1.71691449e-04
3.74784371e+03 2.42379538e+01 1.11002143e-03 2.15120776e-03
3.74934374e+03 2.48246620e+01 1.15351559e-04 6.32535730e-04
3.75084378e+03 2.52545544e+01 3.84141651e-06 3.10036041e-05
3.75234382e+03 2.55931394e+01 8.37899410e-08 8.26017250e-07
3.75384386e+03 2.59185629e+01 8.06930154e-10 9.14399115e-09
3.75534389e+03 2.62722561e+01 1.80780700e-12 2.28586926e-11
3.75684393e+03 2.66708387e+01 5.46516448e-16 7.51237077e-15
3.75834397e+03 2.71195039e+01 1.70445365e-20 2.46243711e-19
3.75984401e+03 2.76187298e+01 7.52408607e-26 1.10162755e-24
3.76134404e+03 2.81671693e+01 8.38946684e-32 1.22906770e-30
3.76284408e+03 2.87628765e+01 2.85751308e-38 4.18573081e-37
3.76434412e+03 2.94038121e+01 3.14231609e-45 4.60152269e-44
3.76584416e+03 3.00880388e+01 1.17098689e-52 1.71397540e-51
3.76734419e+03 3.08137827e+01 1.54578834e-60 2.26120528e-59
3.76884423e+03 3.15794423e+01 7.52364163e-69 1.09975494e-67
3.77034427e+03 3.23835750e+01 1.39973768e-77 2.04426036e-76
3.77184431e+03 3.32248792e+01 1.02833510e-86 1.50035088e-85
3.77334434e+03 3.41021760e+01 3.07246250e-96 4.47778205e-95
3.77484438e+03 3.50143929e+01 3.83484078e-106 5.58205108e-105
3.77634442e+03 3.59605492e+01 2.04909481e-116 2.97874049e-115
3.77784446e+03 3.69397436e+01 4.79417576e-127 6.95928534e-126
3.77934449e+03 3.79511450e+01 5.01446838e-138 7.26797296e-137
3.78084453e+03 3.89939840e+01 2.39027022e-149 3.45885462e-148
3.78234457e+03 4.00675448e+01 5.28629271e-161 7.63649397e-160
3.78384461e+03 4.11711607e+01 5.51536993e-173 7.95310725e-172
3.78534464e+03 4.23042075e+01 2.75736104e-185 3.96860875e-184
3.78684468e+03 4.34661001e+01 6.70281814e-198 9.62828005e-197
3.78834472e+03 4.46562885e+01 8.03229033e-211 1.15144309e-209
3.78984476e+03 4.58742540e+01 4.80694716e-224 6.87622927e-223
3.79134479e+03 4.71195071e+01 1.45432314e-237 2.07580629e-236
3.79284483e+03 4.83915843e+01 2.25032399e-251 3.20467263e-250
3.79434487e+03 4.96900465e+01 1.80048549e-265 2.55805293e-264
3.79584491e+03 5.10144764e+01 7.52704853e-280 1.06682989e-278
3.79734494e+03 5.23644770e+01 1.66057433e-294 2.34773619e-293
3.79884498e+03 5.37396705e+01 1.95160910e-309 2.75216778e-308
3.80034502e+03 5.51396961e+01 0.00000000e+00 0.00000000e+00
3.80184506e+03 5.65642094e+01 0.00000000e+00 0.00000000e+00
3.80334509e+03 5.80128808e+01 0.00000000e+00 0.00000000e+00
3.80484513e+03 5.94853947e+01 0.00000000e+00 0.00000000e+00
3.80634517e+03 6.09814487e+01 0.00000000e+00 0.00000000e+00
3.80784521e+03 6.25007524e+01 0.00000000e+00 0.00000000e+00
3.80934524e+03 6.40430272e+01 0.00000000e+00 0.00000000e+00
3.81084528e+03 6.56080045e+01 0.00000000e+00 0.00000000e+00
3.81234532e+03 6.71954267e+01 0.00000000e+00 0.00000000e+00
3.81384536e+03 6.88050448e+01 0.00000000e+00 0.00000000e+00
3.81534539e+03 7.04366195e+01 0.00000000e+00 0.00000000e+00
3.81684543e+03 7.20899194e+01 0.00000000e+00 0.00000000e+00
3.81834547e+03 7.37647216e+01 0.00000000e+00 0.00000000e+00
3.81984551e+03 7.54608101e+01 0.00000000e+00 0.00000000e+00
3.82134554e+03 7.71779765e+01 0.00000000e+00 0.00000000e+00
3.82284558e+03 7.89160189e+01 0.00000000e+00 0.00000000e+00
3.82434562e+03 8.06747422e+01 0.00000000e+00 0.00000000e+00
3.82584566e+03 8.24539574e+01 0.00000000e+00 0.00000000e+00
3.82734569e+03 8.42534807e+01 0.00000000e+00 0.00000000e+00
3.82884573e+03 8.60731345e+01 0.00000000e+00 0.00000000e+00
3.83034577e+03 8.79127463e+01 0.00000000e+00 0.00000000e+00
3.83184581e+03 8.97721485e+01 0.00000000e+00 0.00000000e+00
3.83334584e+03 9.16511785e+01 0.00000000e+00 0.00000000e+00
3.83484588e+03 9.35496781e+01 0.00000000e+00 0.00000000e+00
3.83634592e+03 9.54674939e+01 0.00000000e+00 0.00000000e+00
3.83784596e+03 9.74044761e+01 0.00000000e+00 0.00000000e+00
3.83934599e+03 9.93604796e+01 0.00000000e+00 0.00000000e+00
3.84084603e+03 1.01335363e+02 0.00000000e+00 0.00000000e+00
3.84234607e+03 1.03328987e+02 0.00000000e+00 0.00000000e+00
3.84384611e+03 1.05341219e+02 0.00000000e+00 0.00000000e+00
3.84534614e+03 1.07371928e+02 0.00000000e+00 0.00000000e+00
3.84684618e+03 1.09420985e+02 0.00000000e+00 0.00000000e+00
3.84834622e+03 1.11488267e+02 0.00000000e+00 0.00000000e+00
3.84984626e+03 1.13573652e+02 0.00000000e+00 0.00000000e+00
3.85134629e+03 1.15677021e+02 0.00000000e+00 0.00000000e+00
3.85284633e+03 1.17798259e+02 0.00000000e+00 0.00000000e+00
3.85434637e+03 1.19937254e+02 0.00000000e+00 0.00000000e+00
3.85584641e+03 1.22093893e+02 0.00000000e+00 0.00000000e+00
3.85734644e+03 1.24268071e+02 0.00000000e+00 0.00000000e+00
3.85884648e+03 1.26459681e+02 0.00000000e+00 0.00000000e+00
3.86034652e+03 1.28668621e+02 0.00000000e+00 0.00000000e+00
3.86184656e+03 1.30894789e+02 0.00000000e+00 0.00000000e+00
3.86334659e+03 1.33138088e+02 0.00000000e+00 0.00000000e+00
3.86484663e+03 1.35398420e+02 0.00000000e+00 0.00000000e+00
3.86634667e+03 1.37675692e+02 0.00000000e+00 0.00000000e+00
3.86784671e+03 1.39969811e+02 0.00000000e+00 0.00000000e+00
3.86934674e+03 1.42280686e+02 0.00000000e+00 0.00000000e+00
3.87084678e+03 1.44608230e+02 0.00000000e+00 0.00000000e+00
3.87234682e+03 1.46952355e+02 0.00000000e+00 0.00000000e+00
3.87384686e+03 1.49312977e+02 0.00000000e+00 0.00000000e+00
3.87534689e+03 1.51690012e+02 0.00000000e+00 0.00000000e+00
3.87684693e+03 1.54083378e+02 0.00000000e+00 0.00000000e+00
3.87834697e+03 1.56492996e+02 0.00000000e+00 0.00000000e+00
3.87984701e+03 1.58918787e+02 0.00000000e+00 0.00000000e+00
3.88134704e+03 1.61360674e+02 0.00000000e+00 0.00000000e+00
3.88284708e+03 1.63818582e+02 0.00000000e+00 0.00000000e+00
3.88434712e+03 1.66292436e+02 0.00000000e+00 0.00000000e+00
3.88584716e+03 1.68782164e+02 0.00000000e+00 0.00000000e+00
3.88734719e+03 1.71287695e+02 0.00000000e+00 0.00000000e+00
3.88884723e+03 1.73808958e+02 0.00000000e+00 0.00000000e+00
3.89034727e+03 1.76345885e+02 0.00000000e+00 0.00000000e+00
3.89184731e+03 1.78898409e+02 0.00000000e+00 0.00000000e+00
3.89334734e+03 1.81466462e+02 0.00000000e+00 0.00000000e+00
3.89484738e+03 1.84049981e+02 0.00000000e+00 0.00000000e+00
3.89634742e+03 1.86648900e+02 0.00000000e+00 0.00000000e+00
3.89784746e+03 1.89263158e+02 0.00000000e+00 0.00000000e+00
3.89934749e+03 1.91892692e+02 0.00000000e+00 0.00000000e+00
3.90084753e+03 1.94537442e+02 0.00000000e+00 0.00000000e+00
3.90234757e+03 1.97197349e+02 0.00000000e+00 0.00000000e+00
3.90384761e+03 1.99872352e+02 0.00000000e+00 0.00000000e+00
3.90534764e+03 2.02562396e+02 0.00000000e+00 0.00000000e+00
3.90684768e+03 2.05267423e+02 0.00000000e+00 0.00000000e+00
3.90834772e+03 2.07987377e+02 0.00000000e+00 0.00000000e+00
3.90984776e+03 2.10722204e+02 0.00000000e+00 0.00000000e+00
3.91134779e+03 2.13471849e+02 0.00000000e+00 0.00000000e+00
3.91284783e+03 2.16236261e+02 0.00000000e+00 0.00000000e+00
3.91434787e+03 2.19015386e+02 0.00000000e+00 0.00000000e+00
3.91584791e+03 2.21809173e+02 0.00000000e+00 0.00000000e+00
3.91734794e+03 2.24617571e+02 0.00000000e+00 0.00000000e+00
3.91884798e+03 2.27440531e+02 0.00000000e+00 0.00000000e+00
3.92034802e+03 2.30278004e+02 0.00000000e+00 0.00000000e+00
3.92184806e+03 2.33129942e+02 0.00000000e+00 0.00000000e+00
3.92334809e+03 2.35996298e+02 0.00000000e+00 0.00000000e+00
3.92484813e+03 2.38877023e+02 0.00000000e+00 0.00000000e+00
3.92634817e+03 2.41772073e+02 0.00000000e+00 0.00000000e+00
3.92784821e+03 2.44681403e+02 0.00000000e+00 0.00000000e+00
3.92934824e+03 2.47604967e+02 0.00000000e+00 0.00000000e+00
3.93084828e+03 2.50542721e+02 0.00000000e+00 0.00000000e+00
3.93234832e+03 2.53494623e+02 0.00000000e+00 0.00000000e+00
3.93384836e+03 2.56460630e+02 0.00000000e+00 0.00000000e+00
3.93534839e+03 2.59440699e+02 0.00000000e+00 0.00000000e+00
3.93684843e+03 2.62434789e+02 0.00000000e+00 0.00000000e+00
3.93834847e+03 2.65442860e+02 0.00000000e+00 0.00000000e+00
3.93984851e+03 2.68464872e+02 0.00000000e+00 0.00000000e+00
3.94134854e+03 2.71500784e+02 0.00000000e+00 0.00000000e+00
3.94284858e+03 2.74550557e+02 0.00000000e+00 0.00000000e+00
3.94434862e+03 2.77614154e+02 0.00000000e+00 0.00000000e+00
3.94584866e+03 2.80691536e+02 0.00000000e+00 0.00000000e+00
3.94734869e+03 2.83782665e+02 0.00000000e+00 0.00000000e+00
3.94884873e+03 2.86887506e+02 0.00000000e+00 0.00000000e+00
3.95034877e+03 2.90006021e+02 0.00000000e+00 0.00000000e+00
3.95184881e+03 2.93138175e+02 0.00000000e+00 0.00000000e+00
3.95334884e+03 2.96283932e+02 0.00000000e+00 0.00000000e+00
3.95484888e+03 2.99443257e+02 0.00000000e+00 0.00000000e+00
3.95634892e+03 3.02616117e+02 0.00000000e+00 0.00000000e+00
3.95784896e+03 3.05802477e+02 0.00000000e+00 0.00000000e+00
3.95934899e+03 3.09002304e+02 0.00000000e+00 0.00000000e+00
3.96084903e+03 3.12215565e+02 0.00000000e+00 0.00000000e+00
3.96234907e+03 3.15442227e+02 0.00000000e+00 0.00000000e+00
3.96384911e+03 3.18682258e+02 0.00000000e+00 0.00000000e+00
3.96534914e+03 3.21935626e+02 0.00000000e+00 0.00000000e+00
3.96684918e+03 3.25202301e+02 0.00000000e+00 0.00000000e+00
3.96834922e+03 3.28482251e+02 0.00000000e+00 0.00000000e+00
3.96984926e+03 3.31775446e+02 0.00000000e+00 0.00000000e+00
3.97134929e+03 3.35081857e+02 0.00000000e+00 0.00000000e+00
3.97284933e+03 3.38401452e+02 0.00000000e+00 0.00000000e+00
3.97434937e+03 3.41734204e+02 0.00000000e+00 0.00000000e+00
3.97584941e+03 3.45080084e+02 0.00000000e+00 0.00000000e+00
3.97734944e+03 3.48439062e+02 0.00000000e+00 0.00000000e+00
3.97884948e+03 3.51811111e+02 0.00000000e+00 0.00000000e+00
3.98034952e+03 3.55196203e+02 0.00000000e+00 0.00000000e+00
3.98184956e+03 3.58594310e+02 0.00000000e+00 0.00000000e+00
3.98334959e+03 3.62005407e+02 0.00000000e+00 0.00000000e+00
3.98484963e+03 3.65429465e+02 0.00000000e+00 0.00000000e+00
3.98634967e+03 3.68866459e+02 0.00000000e+00 0.00000000e+00
3.98784971e+03 3.72316363e+02 0.00000000e+00 0.00000000e+00
3.98934974e+03 3.75779151e+02 0.00000000e+00 0.00000000e+00
3.99084978e+03 3.79254798e+02 0.00000000e+00 0.00000000e+00
3.99234982e+03 3.82743279e+02 0.00000000e+00 0.00000000e+00
3.99384986e+03 3.86244568e+02 0.00000000e+00 0.00000000e+00
3.99534989e+03 3.89758643e+02 0.00000000e+00 0.00000000e+00
3.99684993e+03 3.93285478e+02 0.00000000e+00 0.00000000e+00
3.99834997e+03 3.96825050e+02 0.00000000e+00 0.00000000e+00
3.99985001e+03 4.00377335e+02 0.00000000e+00 0.00000000e+00
4.00135004e+03 4.03942311e+02 0.00000000e+00 0.00000000e+00
4.00285008e+03 4.07519954e+02 0.00000000e+00 0.00000000e+00
4.00435012e+03 4.11110241e+02 0.00000000e+00 0.00000000e+00
4.00585016e+03 4.14713152e+02 0.00000000e+00 0.00000000e+00
4.00735019e+03 4.18328662e+02 0.00000000e+00 0.00000000e+00
4.00885023e+03 4.21956752e+02 0.00000000e+00 0.00000000e+00
4.01035027e+03 4.25597398e+02 0.00000000e+00 0.00000000e+00
4.01185031e+03 4.29250581e+02 0.00000000e+00 0.00000000e+00
4.01335034e+03 4.32916278e+02 0.00000000e+00 0.00000000e+00
4.01485038e+03 4.36594470e+02 0.00000000e+00 0.00000000e+00
4.01635042e+03 4.40285136e+02 0.00000000e+00 0.00000000e+00
4.01785046e+03 4.43988255e+02 0.00000000e+00 0.00000000e+00
4.01935049e+03 4.47703809e+02 0.00000000e+00 0.00000000e+00
4.02085053e+03 4.51431776e+02 0.00000000e+00 0.00000000e+00
4.02235057e+03 4.55172138e+02 0.00000000e+00 0.00000000e+00
4.02385061e+03 4.58924875e+02 0.00000000e+00 0.00000000e+00
4.02535064e+03 4.62689968e+02 0.00000000e+00 0.00000000e+00
4.02685068e+03 4.66467399e+02 0.00000000e+00 0.00000000e+00
4.02835072e+03 4.70257149e+02 0.00000000e+00 0.00000000e+00
4.02985076e+03 4.74059200e+02 0.00000000e+00 0.00000000e+00
4.03135079e+03 4.77873534e+02 0.00000000e+00 0.00000000e+00
4.03285083e+03 4.81700132e+02 0.00000000e+00 0.00000000e+00
4.03435087e+03 4.85538978e+02 0.00000000e+00 0.00000000e+00
4.03585091e+03 4.89390054e+02 0.00000000e+00 0.00000000e+00
4.03735094e+03 4.93253342e+02 0.00000000e+00 0.00000000e+00
4.03885098e+03 4.97128826e+02 0.00000000e+00 0.00000000e+00
4.04035102e+03 5.01016488e+02 0.00000000e+00 0.00000000e+00
4.04185106e+03 5.04916313e+02 0.00000000e+00 0.00000000e+00
4.04335109e+03 5.08828284e+02 0.00000000e+00 0.00000000e+00
4.04485113e+03 5.12752384e+02 0.00000000e+00 0.00000000e+00
4.04635117e+03 5.16688598e+02 0.00000000e+00 0.00000000e+00
4.04785121e+03 5.20636910e+02 0.00000000e+00 0.00000000e+00
4.04935124e+03 5.24597304e+02 0.00000000e+00 0.00000000e+00
4.05085128e+03 5.28569765e+02 0.00000000e+00 0.00000000e+00
4.05235132e+03 5.32554278e+02 0.00000000e+00 0.00000000e+00
4.05385136e+03 5.36550827e+02 0.00000000e+00 0.00000000e+00
4.05535139e+03 5.40559398e+02 0.00000000e+00 0.00000000e+00
4.05685143e+03 5.44579976e+02 0.00000000e+00 0.00000000e+00
4.05835147e+03 5.48612546e+02 0.00000000e+00 0.00000000e+00
4.05985151e+03 5.52657095e+02 0.00000000e+00 0.00000000e+00
4.06135154e+03 5.56713608e+02 0.00000000e+00 0.00000000e+00
4.06285158e+03 5.60782072e+02 0.00000000e+00 0.00000000e+00
4.06435162e+03 5.64862471e+02 0.00000000e+00 0.00000000e+00
4.06585166e+03 5.68954794e+02 0.00000000e+00 0.00000000e+00
4.06735169e+03 5.73059025e+02 0.00000000e+00 0.00000000e+00
4.06885173e+03 5.77175153e+02 0.00000000e+00 0.00000000e+00
4.07035177e+03 5.81303164e+02 0.00000000e+00 0.00000000e+00
4.07185181e+03 5.85443044e+02 0.00000000e+00 0.00000000e+00
4.07335184e+03 5.89594782e+02 0.00000000e+00 0.00000000e+00
4.07485188e+03 5.93758364e+02 0.00000000e+00 0.00000000e+00
4.07635192e+03 5.97933778e+02 0.00000000e+00 0.00000000e+00
4.07785196e+03 6.02121012e+02 0.00000000e+00 0.00000000e+00
4.07935199e+03 6.06320053e+02 0.00000000e+00 0.00000000e+00
4.08085203e+03 6.10530890e+02 0.00000000e+00 0.00000000e+00
4.08235207e+03 6.14753510e+02 0.00000000e+00 0.00000000e+00
4.08385211e+03 6.18987903e+02 0.00000000e+00 0.00000000e+00
4.08535214e+03 6.23234055e+02 0.00000000e+00 0.00000000e+00
4.08685218e+03 6.27491956e+02 0.00000000e+00 0.00000000e+00
4.08835222e+03 6.31761595e+02 0.00000000e+00 0.00000000e+00
4.08985226e+03 6.36042960e+02 0.00000000e+00 0.00000000e+00
4.09135229e+03 6.40336041e+02 0.00000000e+00 0.00000000e+00
4.09285233e+03 6.44640827e+02 0.00000000e+00 0.00000000e+00
4.09435237e+03 6.48957306e+02 0.00000000e+00 0.00000000e+00
4.09585241e+03 6.53285468e+02 0.00000000e+00 0.00000000e+00
4.09735244e+03 6.57625303e+02 0.00000000e+00 0.00000000e+00
4.09885248e+03 6.61976801e+02 0.00000000e+00 0.00000000e+00
4.10035252e+03 6.66339951e+02 0.00000000e+00 0.00000000e+00
4.10185256e+03 6.70714743e+02 0.00000000e+00 0.00000000e+00
4.10335259e+03 6.75101168e+02 0.00000000e+00 0.00000000e+00
4.10485263e+03 6.79499215e+02 0.00000000e+00 0.00000000e+00
4.10635267e+03 6.83908875e+02 0.00000000e+00 0.00000000e+00
4.10785271e+03 6.88330139e+02 0.00000000e+00 0.00000000e+00
4.10935274e+03 6.92762996e+02 0.00000000e+00 0.00000000e+00
4.11085278e+03 6.97207438e+02 0.00000000e+00 0.00000000e+00
4.11235282e+03 7.01663456e+02 0.00000000e+00 0.00000000e+00
4.11385286e+03 7.06131040e+02 0.00000000e+00 0.00000000e+00
4.11535289e+03 7.10610182e+02 0.00000000e+00 0.00000000e+00
4.11685293e+03 7.15100873e+02 0.00000000e+00 0.00000000e+00
4.11835297e+03 7.19603104e+02 0.00000000e+00 0.00000000e+00
4.11985301e+03 7.24116866e+02 0.00000000e+00 0.00000000e+00
4.12135304e+03 7.28642152e+02 0.00000000e+00 0.00000000e+00
4.12285308e+03 7.33178952e+02 0.00000000e+00 0.00000000e+00
4.12435312e+03 7.37727259e+02 0.00000000e+00 0.00000000e+00
4.12585316e+03 7.42287065e+02 0.00000000e+00 0.00000000e+00
4.12735319e+03 7.46858361e+02 0.00000000e+00 0.00000000e+00
4.12885323e+03 7.51441140e+02 0.00000000e+00 0.00000000e+00
4.13035327e+03 7.56035394e+02 0.00000000e+00 0.00000000e+00
4.13185331e+03 7.60641115e+02 0.00000000e+00 0.00000000e+00
4.13335334e+03 7.65258297e+02 0.00000000e+00 0.00000000e+00
4.13485338e+03 7.69886930e+02 0.00000000e+00 0.00000000e+00
4.13635342e+03 7.74527009e+02 0.00000000e+00 0.00000000e+00
4.13785346e+03 7.79178525e+02 0.00000000e+00 0.00000000e+00
4.13935349e+03 7.83841473e+02 0.00000000e+00 0.00000000e+00
4.14085353e+03 7.88515844e+02 0.00000000e+00 0.00000000e+00
4.14235357e+03 7.93201632e+02 0.00000000e+00 0.00000000e+00
4.14385361e+03 7.97898830e+02 0.00000000e+00 0.00000000e+00
4.14535364e+03 8.02607432e+02 0.00000000e+00 0.00000000e+00
4.14685368e+03 8.07327430e+02 0.00000000e+00 0.00000000e+00
4.14835372e+03 8.12058819e+02 0.00000000e+00 0.00000000e+00
4.14985376e+03 8.16801592e+02 0.00000000e+00 0.00000000e+00
4.15135379e+03 8.21555742e+02 0.00000000e+00 0.00000000e+00
4.15285383e+03 8.26321265e+02 0.00000000e+00 0.00000000e+00
4.15435387e+03 8.31098152e+02 0.00000000e+00 0.00000000e+00
4.15585391e+03 8.35886399e+02 0.00000000e+00 0.00000000e+00
4.15735394e+03 8.40686000e+02 0.00000000e+00 0.00000000e+00
4.15885398e+03 8.45496949e+02 0.00000000e+00 0.00000000e+00
4.16035402e+03 8.50319239e+02 0.00000000e+00 0.00000000e+00
4.16185406e+03 8.55152867e+02 0.00000000e+00 0.00000000e+00
4.16335409e+03 8.59997825e+02 0.00000000e+00 0.00000000e+00
4.16485413e+03 8.64854109e+02 0.00000000e+00 0.00000000e+00
4.16635417e+03 8.69721713e+02 0.00000000e+00 0.00000000e+00
4.16785421e+03 8.74600632e+02 0.00000000e+00 0.00000000e+00
4.16935424e+03 8.79490861e+02 0.00000000e+00 0.00000000e+00
4.17085428e+03 8.84392395e+02 0.00000000e+00 0.00000000e+00
4.17235432e+03 8.89305229e+02 0.00000000e+00 0.00000000e+00
4.17385436e+03 8.94229358e+02 0.00000000e+00 0.00000000e+00
4.17535439e+03 8.99164777e+02 0.00000000e+00 0.00000000e+00
4.17685443e+03 9.04111482e+02 0.00000000e+00 0.00000000e+00
4.17835447e+03 9.09069468e+02 0.00000000e+00 0.00000000e+00
4.17985451e+03 9.14038730e+02 0.00000000e+00 0.00000000e+00
4.18135454e+03 9.19019265e+02 0.00000000e+00 0.00000000e+00
4.18285458e+03 9.24011067e+02 0.00000000e+00 0.00000000e+00
4.18435462e+03 9.29014132e+02 0.00000000e+00 0.00000000e+00
4.18585466e+03 9.34028457e+02 0.00000000e+00 0.00000000e+00
4.18735469e+03 9.39054037e+02 0.00000000e+00 0.00000000e+00
4.18885473e+03 9.44090868e+02 0.00000000e+00 0.00000000e+00
4.19035477e+03 9.49138947e+02 0.00000000e+00 0.00000000e+00
4.19185481e+03 9.54198268e+02 0.00000000e+00 0.00000000e+00
4.19335484e+03 9.59268830e+02 0.00000000e+00 0.00000000e+00
4.19485488e+03 9.64350627e+02 0.00000000e+00 0.00000000e+00
4.19635492e+03 9.69443657e+02 0.00000000e+00 0.00000000e+00
4.19785496e+03 9.74547916e+02 0.00000000e+00 0.00000000e+00
4.19935499e+03 9.79663400e+02 0.00000000e+00 0.00000000e+00
4.20085503e+03 9.84790106e+02 0.00000000e+00 0.00000000e+00
4.20235507e+03 9.89928031e+02 0.00000000e+00 0.00000000e+00
4.20385511e+03 9.95077171e+02 0.00000000e+00 0.00000000e+00
4.20535514e+03 1.00023752e+03 0.00000000e+00 0.00000000e+00
4.20685518e+03 1.00540909e+03 0.00000000e+00 0.00000000e+00
4.20835522e+03 1.01059186e+03 0.00000000e+00 0.00000000e+00
4.20985526e+03 1.01578583e+03 0.00000000e+00 0.00000000e+00
4.21135529e+03 1.02099100e+03 0.00000000e+00 0.00000000e+00
4.21285533e+03 1.02620737e+03 0.00000000e+00 0.00000000e+00
4.21435537e+03 1.03143494e+03 0.00000000e+00 0.00000000e+00
4.21585541e+03 1.03667370e+03 0.00000000e+00 0.00000000e+00
4.21735544e+03 1.04192365e+03 0.00000000e+00 0.00000000e+00
4.21885548e+03 1.04718479e+03 0.00000000e+00 0.00000000e+00
4.22035552e+03 1.05245711e+03 0.00000000e+00 0.00000000e+00
4.22185556e+03 1.05774062e+03 0.00000000e+00 0.00000000e+00
4.22335559e+03 1.06303531e+03 0.00000000e+00 0.00000000e+00
4.22485563e+03 1.06834117e+03 0.00000000e+00 0.00000000e+00
4.22635567e+03 1.07365821e+03 0.00000000e+00 0.00000000e+00
4.22785571e+03 1.07898643e+03 0.00000000e+00 0.00000000e+00
4.22935574e+03 1.08432582e+03 0.00000000e+00 0.00000000e+00
4.23085578e+03 1.08967639e+03 0.00000000e+00 0.00000000e+00
4.23235582e+03 1.09503812e+03 0.00000000e+00 0.00000000e+00
4.23385586e+03 1.10041102e+03 0.00000000e+00 0.00000000e+00
4.23535589e+03 1.10579508e+03 0.00000000e+00 0.00000000e+00
4.23685593e+03 1.11119031e+03 0.00000000e+00 0.00000000e+00
4.23835597e+03 1.11659670e+03 0.00000000e+00 0.00000000e+00
4.23985601e+03 1.12201425e+03 0.00000000e+00 0.00000000e+00
4.24135604e+03 1.12744297e+03 0.00000000e+00 0.00000000e+00
4.24285608e+03 1.13288284e+03 0.00000000e+00 0.00000000e+00
4.24435612e+03 1.13833387e+03 0.00000000e+00 0.00000000e+00
4.24585616e+03 1.14379605e+03 0.00000000e+00 0.00000000e+00
4.24735619e+03 1.14926939e+03 0.00000000e+00 0.00000000e+00
4.24885623e+03 1.15475389e+03 0.00000000e+00 0.00000000e+00
4.25035627e+03 1.16024953e+03 0.00000000e+00 0.00000000e+00
4.25185631e+03 1.16575633e+03 0.00000000e+00 0.00000000e+00
4.25335634e+03 1.17127429e+03 0.00000000e+00 0.00000000e+00
4.25485638e+03 1.17680339e+03 0.00000000e+00 0.00000000e+00
4.25635642e+03 1.18234364e+03 0.00000000e+00 0.00000000e+00
4.25785646e+03 1.18789504e+03 0.00000000e+00 0.00000000e+00
4.25935649e+03 1.19345759e+03 0.00000000e+00 0.00000000e+00
4.26085653e+03 1.19903129e+03 0.00000000e+00 0.00000000e+00
4.26235657e+03 1.20461614e+03 0.00000000e+00 0.00000000e+00
4.26385661e+03 1.21021213e+03 0.00000000e+00 0.00000000e+00
4.26535664e+03 1.21581928e+03 0.00000000e+00 0.00000000e+00
4.26685668e+03 1.22143756e+03 0.00000000e+00 0.00000000e+00
4.26835672e+03 1.22706700e+03 0.00000000e+00 0.00000000e+00
4.26985676e+03 1.23270758e+03 0.00000000e+00 0.00000000e+00
4.27135679e+03 1.23835931e+03 0.00000000e+00 0.00000000e+00
4.27285683e+03 1.24402219e+03 0.00000000e+00 0.00000000e+00
4.27435687e+03 1.24969621e+03 0.00000000e+00 0.00000000e+00
4.27585691e+03 1.25538138e+03 0.00000000e+00 0.00000000e+00
4.27735694e+03 1.26107769e+03 0.00000000e+00 0.00000000e+00
4.27885698e+03 1.26678516e+03 0.00000000e+00 0.00000000e+00
4.28035702e+03 1.27250377e+03 0.00000000e+00 0.00000000e+00
4.28185706e+03 1.27823353e+03 0.00000000e+00 0.00000000e+00
4.28335709e+03 1.28397443e+03 0.00000000e+00 0.00000000e+00
4.28485713e+03 1.28972649e+03 0.00000000e+00 0.00000000e+00
4.28635717e+03 1.29548969e+03 0.00000000e+00 0.00000000e+00
4.28785721e+03 1.30126405e+03 0.00000000e+00 0.00000000e+00
4.28935724e+03 1.30704956e+03 0.00000000e+00 0.00000000e+00
4.29085728e+03 1.31284621e+03 0.00000000e+00 0.00000000e+00
4.29235732e+03 1.31865402e+03 0.00000000e+00 0.00000000e+00
4.29385736e+03 1.32447299e+03 0.00000000e+00 0.00000000e+00
4.29535739e+03 1.33030310e+03 0.00000000e+00 0.00000000e+00
4.29685743e+03 1.33614438e+03 0.00000000e+00 0.00000000e+00
4.29835747e+03 1.34199681e+03 0.00000000e+00 0.00000000e+00
4.29985751e+03 1.34786039e+03 0.00000000e+00 0.00000000e+00
4.30135754e+03 1.35373514e+03 0.00000000e+00 0.00000000e+00
4.30285758e+03 1.35962104e+03 0.00000000e+00 0.00000000e+00
4.30435762e+03 1.36551811e+03 0.00000000e+00 0.00000000e+00
4.30585766e+03 1.37142633e+03 0.00000000e+00 0.00000000e+00
4.30735769e+03 1.37734572e+03 0.00000000e+00 0.00000000e+00
4.30885773e+03 1.38327628e+03 0.00000000e+00 0.00000000e+00
4.31035777e+03 1.38921800e+03 0.00000000e+00 0.00000000e+00
4.31185781e+03 1.39517089e+03 0.00000000e+00 0.00000000e+00
4.31335784e+03 1.40113495e+03 0.00000000e+00 0.00000000e+00
4.31485788e+03 1.40711018e+03 0.00000000e+00 0.00000000e+00
4.31635792e+03 1.41309659e+03 0.00000000e+00 0.00000000e+00
4.31785796e+03 1.41909417e+03 0.00000000e+00 0.00000000e+00
4.31935799e+03 1.42510292e+03 0.00000000e+00 0.00000000e+00
4.32085803e+03 1.43112286e+03 0.00000000e+00 0.00000000e+00
4.32235807e+03 1.43715397e+03 0.00000000e+00 0.00000000e+00
4.32385811e+03 1.44319627e+03 0.00000000e+00 0.00000000e+00
4.32535814e+03 1.44924975e+03 0.00000000e+00 0.00000000e+00
4.32685818e+03 1.45531442e+03 0.00000000e+00 0.00000000e+00
4.32835822e+03 1.46139028e+03 0.00000000e+00 0.00000000e+00
4.32985826e+03 1.46747733e+03 0.00000000e+00 0.00000000e+00
4.33135829e+03 1.47357558e+03 0.00000000e+00 0.00000000e+00
4.33285833e+03 1.47968502e+03 0.00000000e+00 0.00000000e+00
4.33435837e+03 1.48580566e+03 0.00000000e+00 0.00000000e+00
4.33585841e+03 1.49193749e+03 0.00000000e+00 0.00000000e+00
4.33735844e+03 1.49808054e+03 0.00000000e+00 0.00000000e+00
4.33885848e+03 1.50423478e+03 0.00000000e+00 0.00000000e+00
4.34035852e+03 1.51040024e+03 0.00000000e+00 0.00000000e+00
4.34185856e+03 1.51657691e+03 0.00000000e+00 0.00000000e+00
4.34335859e+03 1.52276479e+03 0.00000000e+00 0.00000000e+00
4.34485863e+03 1.52896389e+03 0.00000000e+00 0.00000000e+00
4.34635867e+03 1.53517421e+03 0.00000000e+00 0.00000000e+00
4.34785871e+03 1.54139575e+03 0.00000000e+00 0.00000000e+00
4.34935874e+03 1.54762851e+03 0.00000000e+00 0.00000000e+00
4.35085878e+03 1.55387251e+03 0.00000000e+00 0.00000000e+00
4.35235882e+03 1.56012773e+03 0.00000000e+00 0.00000000e+00
4.35385886e+03 1.56639419e+03 0.00000000e+00 0.00000000e+00
4.35535889e+03 1.57267189e+03 0.00000000e+00 0.00000000e+00
4.35685893e+03 1.57896083e+03 0.00000000e+00 0.00000000e+00
4.35835897e+03 1.58526102e+03 0.00000000e+00 0.00000000e+00
4.35985901e+03 1.59157245e+03 0.00000000e+00 0.00000000e+00
4.36135904e+03 1.59789513e+03 0.00000000e+00 0.00000000e+00
4.36285908e+03 1.60422907e+03 0.00000000e+00 0.00000000e+00
4.36435912e+03 1.61057426e+03 0.00000000e+00 0.00000000e+00
4.36585916e+03 1.61693072e+03 0.00000000e+00 0.00000000e+00
4.36735919e+03 1.62329844e+03 0.00000000e+00 0.00000000e+00
4.36885923e+03 1.62967743e+03 0.00000000e+00 0.00000000e+00
4.37035927e+03 1.63606769e+03 0.00000000e+00 0.00000000e+00
4.37185931e+03 1.64246923e+03 0.00000000e+00 0.00000000e+00
4.37335934e+03 1.64888204e+03 0.00000000e+00 0.00000000e+00
4.37485938e+03 1.65530615e+03 0.00000000e+00 0.00000000e+00
4.37635942e+03 1.66174154e+03 0.00000000e+00 0.00000000e+00
4.37785946e+03 1.66818822e+03 0.00000000e+00 0.00000000e+00
4.37935949e+03 1.67464619e+03 0.00000000e+00 0.00000000e+00
4.38085953e+03 1.68111547e+03 0.00000000e+00 0.00000000e+00
4.38235957e+03 1.68759605e+03 0.00000000e+00 0.00000000e+00
4.38385961e+03 1.69408794e+03 0.00000000e+00 0.00000000e+00
4.38535964e+03 1.70059114e+03 0.00000000e+00 0.00000000e+00
4.38685968e+03 1.70710566e+03 0.00000000e+00 0.00000000e+00
4.38835972e+03 1.71363150e+03 0.00000000e+00 0.00000000e+00
4.38985976e+03 1.72016866e+03 0.00000000e+00 0.00000000e+00
4.39135979e+03 1.72671715e+03 0.00000000e+00 0.00000000e+00
4.39285983e+03 1.73327698e+03 0.00000000e+00 0.00000000e+00
4.39435987e+03 1.73984815e+03 0.00000000e+00 0.00000000e+00
4.39585991e+03 1.74643066e+03 0.00000000e+00 0.00000000e+00
4.39735994e+03 1.75302452e+03 0.00000000e+00 0.00000000e+00
4.39885998e+03 1.75962973e+03 0.00000000e+00 0.00000000e+00
4.40036002e+03 1.76624629e+03 0.00000000e+00 0.00000000e+00
4.40186006e+03 1.77287422e+03 0.00000000e+00 0.00000000e+00
4.40336010e+03 1.77951352e+03 0.00000000e+00 0.00000000e+00
4.40486013e+03 1.78616419e+03 0.00000000e+00 0.00000000e+00
4.40636017e+03 1.79282623e+03 0.00000000e+00 0.00000000e+00
4.40786021e+03 1.79949966e+03 0.00000000e+00 0.00000000e+00
4.40936025e+03 1.80618448e+03 0.00000000e+00 0.00000000e+00
4.41086028e+03 1.81288068e+03 0.00000000e+00 0.00000000e+00
4.41236032e+03 1.81958829e+03 0.00000000e+00 0.00000000e+00
4.41386036e+03 1.82630729e+03 0.00000000e+00 0.00000000e+00
4.41536040e+03 1.83303771e+03 0.00000000e+00 0.00000000e+00
4.41686043e+03 1.83977953e+03 0.00000000e+00 0.00000000e+00
4.41836047e+03 1.84653278e+03 0.00000000e+00 0.00000000e+00
4.41986051e+03 1.85329745e+03 0.00000000e+00 0.00000000e+00
4.42136055e+03 1.86007354e+03 0.00000000e+00 0.00000000e+00
4.42286058e+03 1.86686108e+03 0.00000000e+00 0.00000000e+00
4.42436062e+03 1.87366005e+03 0.00000000e+00 0.00000000e+00
4.42586066e+03 1.88047047e+03 0.00000000e+00 0.00000000e+00
4.42736070e+03 1.88729234e+03 0.00000000e+00 0.00000000e+00
4.42886073e+03 1.89412567e+03 0.00000000e+00 0.00000000e+00
4.43036077e+03 1.90097046e+03 0.00000000e+00 0.00000000e+00
4.43186081e+03 1.90782672e+03 0.00000000e+00 0.00000000e+00
4.43336085e+03 1.91469445e+03 0.00000000e+00 0.00000000e+00
4.43486088e+03 1.92157367e+03 0.00000000e+00 0.00000000e+00
4.43636092e+03 1.92846437e+03 0.00000000e+00 0.00000000e+00
4.43786096e+03 1.93536656e+03 0.00000000e+00 0.00000000e+00
4.43936100e+03 1.94228025e+03 0.00000000e+00 0.00000000e+00
4.44086103e+03 1.94920545e+03 0.00000000e+00 0.00000000e+00
4.44236107e+03 1.95614216e+03 0.00000000e+00 0.00000000e+00
4.44386111e+03 1.96309039e+03 0.00000000e+00 0.00000000e+00
4.44536115e+03 1.97005014e+03 0.00000000e+00 0.00000000e+00
4.44686118e+03 1.97702142e+03 0.00000000e+00 0.00000000e+00
4.44836122e+03 1.98400423e+03 0.00000000e+00 0.00000000e+00
4.44986126e+03 1.99099859e+03 0.00000000e+00 0.00000000e+00
4.45136130e+03 1.99800450e+03 0.00000000e+00 0.00000000e+00
4.45286133e+03 2.00502196e+03 0.00000000e+00 0.00000000e+00
4.45436137e+03 2.01205099e+03 0.00000000e+00 0.00000000e+00
4.45586141e+03 2.01909158e+03 0.00000000e+00 0.00000000e+00
4.45736145e+03 2.02614376e+03 0.00000000e+00 0.00000000e+00
4.45886148e+03 2.03320751e+03 0.00000000e+00 0.00000000e+00
4.46036152e+03 2.04028285e+03 0.00000000e+00 0.00000000e+00
4.46186156e+03 2.04736979e+03 0.00000000e+00 0.00000000e+00
4.46336160e+03 2.05446833e+03 0.00000000e+00 0.00000000e+00
4.46486163e+03 2.06157848e+03 0.00000000e+00 0.00000000e+00
4.46636167e+03 2.06870025e+03 0.00000000e+00 0.00000000e+00
4.46786171e+03 2.07583364e+03 0.00000000e+00 0.00000000e+00
4.46936175e+03 2.08297867e+03 0.00000000e+00 0.00000000e+00
4.47086178e+03 2.09013533e+03 0.00000000e+00 0.00000000e+00
4.47236182e+03 2.09730363e+03 0.00000000e+00 0.00000000e+00
4.47386186e+03 2.10448359e+03 0.00000000e+00 0.00000000e+00
4.47536190e+03 2.11167521e+03 0.00000000e+00 0.00000000e+00
4.47686193e+03 2.11887850e+03 0.00000000e+00 0.00000000e+00
4.47836197e+03 2.12609346e+03 0.00000000e+00 0.00000000e+00
4.47986201e+03 2.13332011e+03 0.00000000e+00 0.00000000e+00
4.48136205e+03 2.14055844e+03 0.00000000e+00 0.00000000e+00
4.48286208e+03 2.14780847e+03 0.00000000e+00 0.00000000e+00
4.48436212e+03 2.15507021e+03 0.00000000e+00 0.00000000e+00
4.48586216e+03 2.16234366e+03 0.00000000e+00 0.00000000e+00
4.48736220e+03 2.16962882e+03 0.00000000e+00 0.00000000e+00
4.48886223e+03 2.17692572e+03 0.00000000e+00 0.00000000e+00
4.49036227e+03 2.18423435e+03 0.00000000e+00 0.00000000e+00
4.49186231e+03 2.19155473e+03 0.00000000e+00 0.00000000e+00
4.49336235e+03 2.19888686e+03 0.00000000e+00 0.00000000e+00
4.49486238e+03 2.20623075e+03 0.00000000e+00 0.00000000e+00
4.49636242e+03 2.21358640e+03 0.00000000e+00 0.00000000e+00
4.49786246e+03 2.22095384e+03 0.00000000e+00 0.00000000e+00
4.49936250e+03 2.22833305e+03 0.00000000e+00 0.00000000e+00
4.50086253e+03 2.23572406e+03 0.00000000e+00 0.00000000e+00
4.50236257e+03 2.24312687e+03 0.00000000e+00 0.00000000e+00
4.50386261e+03 2.25054149e+03 0.00000000e+00 0.00000000e+00
4.50536265e+03 2.25796792e+03 0.00000000e+00 0.00000000e+00
4.50686268e+03 2.26540618e+03 0.00000000e+00 0.00000000e+00
4.50836272e+03 2.27285627e+03 0.00000000e+00 0.00000000e+00
4.50986276e+03 2.28031821e+03 0.00000000e+00 0.00000000e+00
4.51136280e+03 2.28779200e+03 0.00000000e+00 0.00000000e+00
4.51286283e+03 2.29527764e+03 0.00000000e+00 0.00000000e+00
4.51436287e+03 2.30277516e+03 0.00000000e+00 0.00000000e+00
4.51586291e+03 2.31028455e+03 0.00000000e+00 0.00000000e+00
4.51736295e+03 2.31780583e+03 0.00000000e+00 0.00000000e+00
4.51886298e+03 2.32533900e+03 0.00000000e+00 0.00000000e+00
4.52036302e+03 2.33288408e+03 0.00000000e+00 0.00000000e+00
4.52186306e+03 2.34044106e+03 0.00000000e+00 0.00000000e+00
4.52336310e+03 2.34800997e+03 0.00000000e+00 0.00000000e+00
4.52486313e+03 2.35559081e+03 0.00000000e+00 0.00000000e+00
4.52636317e+03 2.36318359e+03 0.00000000e+00 0.00000000e+00
4.52786321e+03 2.37078832e+03 0.00000000e+00 0.00000000e+00
4.52936325e+03 2.37840501e+03 0.00000000e+00 0.00000000e+00
4.53086328e+03 2.38603366e+03 0.00000000e+00 0.00000000e+00
4.53236332e+03 2.39367429e+03 0.00000000e+00 0.00000000e+00
4.53386336e+03 2.40132691e+03 0.00000000e+00 0.00000000e+00
4.53536340e+03 2.40899152e+03 0.00000000e+00 0.00000000e+00
4.53686343e+03 2.41666813e+03 0.00000000e+00 0.00000000e+00
4.53836347e+03 2.42435676e+03 0.00000000e+00 0.00000000e+00
4.53986351e+03 2.43205742e+03 0.00000000e+00 0.00000000e+00
4.54136355e+03 2.43977010e+03 0.00000000e+00 0.00000000e+00
4.54286358e+03 2.44749483e+03 0.00000000e+00 0.00000000e+00
4.54436362e+03 2.45523161e+03 0.00000000e+00 0.00000000e+00
4.54586366e+03 2.46298046e+03 0.00000000e+00 0.00000000e+00
4.54736370e+03 2.47074138e+03 0.00000000e+00 0.00000000e+00
4.54886373e+03 2.47851438e+03 0.00000000e+00 0.00000000e+00
4.55036377e+03 2.48629947e+03 0.00000000e+00 0.00000000e+00
4.55186381e+03 2.49409667e+03 0.00000000e+00 0.00000000e+00
4.55336385e+03 2.50190597e+03 0.00000000e+00 0.00000000e+00
4.55486388e+03 2.50972740e+03 0.00000000e+00 0.00000000e+00
4.55636392e+03 2.51756097e+03 0.00000000e+00 0.00000000e+00
4.55786396e+03 2.52540667e+03 0.00000000e+00 0.00000000e+00
4.55936400e+03 2.53326453e+03 0.00000000e+00 0.00000000e+00
4.56086403e+03 2.54113456e+03 0.00000000e+00 0.00000000e+00
4.56236407e+03 2.54901675e+03 0.00000000e+00 0.00000000e+00
4.56386411e+03 2.55691113e+03 0.00000000e+00 0.00000000e+00
4.56536415e+03 2.56481771e+03 0.00000000e+00 0.00000000e+00
4.56686418e+03 2.57273649e+03 0.00000000e+00 0.00000000e+00
4.56836422e+03 2.58066749e+03 0.00000000e+00 0.00000000e+00
4.56986426e+03 2.58861072e+03 0.00000000e+00 0.00000000e+00
4.57136430e+03 2.59656618e+03 0.00000000e+00 0.00000000e+00
4.57286433e+03 2.60453389e+03 0.00000000e+00 0.00000000e+00
4.57436437e+03 2.61251386e+03 0.00000000e+00 0.00000000e+00
4.57586441e+03 2.62050610e+03 0.00000000e+00 0.00000000e+00
4.57736445e+03 2.62851062e+03 0.00000000e+00 0.00000000e+00
4.57886448e+03 2.63652744e+03 0.00000000e+00 0.00000000e+00
4.58036452e+03 2.64455656e+03 0.00000000e+00 0.00000000e+00
4.58186456e+03 2.65259799e+03 0.00000000e+00 0.00000000e+00
4.58336460e+03 2.66065175e+03 0.00000000e+00 0.00000000e+00
4.58486463e+03 2.66871784e+03 0.00000000e+00 0.00000000e+00
4.58636467e+03 2.67679628e+03 0.00000000e+00 0.00000000e+00
4.58786471e+03 2.68488709e+03 0.00000000e+00 0.00000000e+00
4.58936475e+03 2.69299026e+03 0.00000000e+00 0.00000000e+00
4.59086478e+03 2.70110582e+03 0.00000000e+00 0.00000000e+00
4.59236482e+03 2.70923377e+03 0.00000000e+00 0.00000000e+00
4.59386486e+03 2.71737412e+03 0.00000000e+00 0.00000000e+00
4.59536490e+03 2.72552690e+03 0.00000000e+00 0.00000000e+00
4.59686493e+03 2.73369210e+03 0.00000000e+00 0.00000000e+00
4.59836497e+03 2.74186974e+03 0.00000000e+00 0.00000000e+00
4.59986501e+03 2.75005984e+03 0.00000000e+00 0.00000000e+00
4.60136505e+03 2.75826240e+03 0.00000000e+00 0.00000000e+00
4.60286508e+03 2.76647744e+03 0.00000000e+00 0.00000000e+00
4.60436512e+03 2.77470496e+03 0.00000000e+00 0.00000000e+00
4.60586516e+03 2.78294499e+03 0.00000000e+00 0.00000000e+00
4.60736520e+03 2.79119753e+03 0.00000000e+00 0.00000000e+00
4.60886523e+03 2.79946259e+03 0.00000000e+00 0.00000000e+00
4.61036527e+03 2.80774020e+03 0.00000000e+00 0.00000000e+00
4.61186531e+03 2.81603035e+03 0.00000000e+00 0.00000000e+00
4.61336535e+03 2.82433306e+03 0.00000000e+00 0.00000000e+00
4.61486538e+03 2.83264835e+03 0.00000000e+00 0.00000000e+00
4.61636542e+03 2.84097622e+03 0.00000000e+00 0.00000000e+00
4.61786546e+03 2.84931670e+03 0.00000000e+00 0.00000000e+00
4.61936550e+03 2.85766978e+03 0.00000000e+00 0.00000000e+00
4.62086553e+03 2.86603549e+03 0.00000000e+00 0.00000000e+00
4.62236557e+03 2.87441384e+03 0.00000000e+00 0.00000000e+00
4.62386561e+03 2.88280484e+03 0.00000000e+00 0.00000000e+00
4.62536565e+03 2.89120850e+03 0.00000000e+00 0.00000000e+00
4.62686568e+03 2.89962484e+03 0.00000000e+00 0.00000000e+00
4.62836572e+03 2.90805387e+03 0.00000000e+00 0.00000000e+00
4.62986576e+03 2.91649560e+03 0.00000000e+00 0.00000000e+00
4.63136580e+03 2.92495005e+03 0.00000000e+00 0.00000000e+00
4.63286583e+03 2.93341722e+03 0.00000000e+00 0.00000000e+00
4.63436587e+03 2.94189714e+03 0.00000000e+00 0.00000000e+00
4.63586591e+03 2.95038981e+03 0.00000000e+00 0.00000000e+00
4.63736595e+03 2.95889525e+03 0.00000000e+00 0.00000000e+00
4.63886598e+03 2.96741347e+03 0.00000000e+00 0.00000000e+00
4.64036602e+03 2.97594448e+03 0.00000000e+00 0.00000000e+00
4.64186606e+03 2.98448831e+03 0.00000000e+00 0.00000000e+00
4.64336610e+03 2.99304496e+03 0.00000000e+00 0.00000000e+00
4.64486613e+03 3.00161444e+03 0.00000000e+00 0.00000000e+00
4.64636617e+03 3.01019678e+03 0.00000000e+00 0.00000000e+00
4.64786621e+03 3.01879197e+03 0.00000000e+00 0.00000000e+00
4.64936625e+03 3.02740005e+03 0.00000000e+00 0.00000000e+00
4.65086628e+03 3.03602102e+03 0.00000000e+00 0.00000000e+00
4.65236632e+03 3.04465489e+03 0.00000000e+00 0.00000000e+00
4.65386636e+03 3.05330169e+03 0.00000000e+00 0.00000000e+00
4.65536640e+03 3.06196141e+03 0.00000000e+00 0.00000000e+00
4.65686643e+03 3.07063409e+03 0.00000000e+00 0.00000000e+00
4.65836647e+03 3.07931973e+03 0.00000000e+00 0.00000000e+00
4.65986651e+03 3.08801834e+03 0.00000000e+00 0.00000000e+00
4.66136655e+03 3.09672995e+03 0.00000000e+00 0.00000000e+00
4.66286658e+03 3.10545456e+03 0.00000000e+00 0.00000000e+00
4.66436662e+03 3.11419219e+03 0.00000000e+00 0.00000000e+00
4.66586666e+03 3.12294286e+03 0.00000000e+00 0.00000000e+00
4.66736670e+03 3.13170658e+03 0.00000000e+00 0.00000000e+00
4.66886673e+03 3.14048336e+03 0.00000000e+00 0.00000000e+00
4.67036677e+03 3.14927322e+03 0.00000000e+00 0.00000000e+00
4.67186681e+03 3.15807618e+03 0.00000000e+00 0.00000000e+00
4.67336685e+03 3.16689224e+03 0.00000000e+00 0.00000000e+00
4.67486688e+03 3.17572143e+03 0.00000000e+00 0.00000000e+00
4.67636692e+03 3.18456375e+03 0.00000000e+00 0.00000000e+00
4.67786696e+03 3.19341923e+03 0.00000000e+00 0.00000000e+00
4.67936700e+03 3.20228788e+03 0.00000000e+00 0.00000000e+00
4.68086703e+03 3.21116972e+03 0.00000000e+00 0.00000000e+00
4.68236707e+03 3.22006476e+03 0.00000000e+00 0.00000000e+00
4.68386711e+03 3.22897301e+03 0.00000000e+00 0.00000000e+00
4.68536715e+03 3.23789449e+03 0.00000000e+00 0.00000000e+00
4.68686718e+03 3.24682922e+03 0.00000000e+00 0.00000000e+00
4.68836722e+03 3.25577721e+03 0.00000000e+00 0.00000000e+00
4.68986726e+03 3.26473848e+03 0.00000000e+00 0.00000000e+00
4.69136730e+03 3.27371304e+03 0.00000000e+00 0.00000000e+00
4.69286733e+03 3.28270091e+03 0.00000000e+00 0.00000000e+00
4.69436737e+03 3.29170211e+03 0.00000000e+00 0.00000000e+00
4.69586741e+03 3.30071665e+03 0.00000000e+00 0.00000000e+00
4.69736745e+03 3.30974455e+03 0.00000000e+00 0.00000000e+00
4.69886748e+03 3.31878582e+03 0.00000000e+00 0.00000000e+00
4.70036752e+03 3.32784049e+03 0.00000000e+00 0.00000000e+00
4.70186756e+03 3.33690856e+03 0.00000000e+00 0.00000000e+00
4.70336760e+03 3.34599005e+03 0.00000000e+00 0.00000000e+00
4.70486763e+03 3.35508498e+03 0.00000000e+00 0.00000000e+00
4.70636767e+03 3.36419336e+03 0.00000000e+00 0.00000000e+00
4.70786771e+03 3.37331522e+03 0.00000000e+00 0.00000000e+00
4.70936775e+03 3.38245057e+03 0.00000000e+00 0.00000000e+00
4.71086778e+03 3.39159943e+03 0.00000000e+00 0.00000000e+00
4.71236782e+03 3.40076180e+03 0.00000000e+00 0.00000000e+00
4.71386786e+03 3.40993772e+03 0.00000000e+00 0.00000000e+00
4.71536790e+03 3.41912719e+03 0.00000000e+00 0.00000000e+00
4.71686793e+03 3.42833024e+03 0.00000000e+00 0.00000000e+00
4.71836797e+03 3.43754688e+03 0.00000000e+00 0.00000000e+00
4.71986801e+03 3.44677712e+03 0.00000000e+00 0.00000000e+00
4.72136805e+03 3.45602099e+03 0.00000000e+00 0.00000000e+00
4.72286808e+03 3.46527850e+03 0.00000000e+00 0.00000000e+00
4.72436812e+03 3.47454967e+03 0.00000000e+00 0.00000000e+00
4.72586816e+03 3.48383452e+03 0.00000000e+00 0.00000000e+00
4.72736820e+03 3.49313307e+03 0.00000000e+00 0.00000000e+00
4.72886823e+03 3.50244533e+03 0.00000000e+00 0.00000000e+00
4.73036827e+03 3.51177131e+03 0.00000000e+00 0.00000000e+00
4.73186831e+03 3.52111105e+03 0.00000000e+00 0.00000000e+00
4.73336835e+03 3.53046455e+03 0.00000000e+00 0.00000000e+00
4.73486838e+03 3.53983184e+03 0.00000000e+00 0.00000000e+00
4.73636842e+03 3.54921293e+03 0.00000000e+00 0.00000000e+00
4.73786846e+03 3.55860784e+03 0.00000000e+00 0.00000000e+00
4.73936850e+03 3.56801658e+03 0.00000000e+00 0.00000000e+00
4.74086853e+03 3.57743919e+03 0.00000000e+00 0.00000000e+00
4.74236857e+03 3.58687567e+03 0.00000000e+00 0.00000000e+00
4.74386861e+03 3.59632604e+03 0.00000000e+00 0.00000000e+00
4.74536865e+03 3.60579033e+03 0.00000000e+00 0.00000000e+00
4.74686868e+03 3.61526854e+03 0.00000000e+00 0.00000000e+00
4.74836872e+03 3.62476071e+03 0.00000000e+00 0.00000000e+00
4.74986876e+03 3.63426684e+03 0.00000000e+00 0.00000000e+00
4.75136880e+03 3.64378696e+03 0.00000000e+00 0.00000000e+00
4.75286883e+03 3.65332109e+03 0.00000000e+00 0.00000000e+00
4.75436887e+03 3.66286924e+03 0.00000000e+00 0.00000000e+00
4.75586891e+03 3.67243144e+03 0.00000000e+00 0.00000000e+00
4.75736895e+03 3.68200770e+03 0.00000000e+00 0.00000000e+00
4.75886898e+03 3.69159805e+03 0.00000000e+00 0.00000000e+00
4.76036902e+03 3.70120249e+03 0.00000000e+00 0.00000000e+00
4.76186906e+03 3.71082106e+03 0.00000000e+00 0.00000000e+00
4.76336910e+03 3.72045377e+03 0.00000000e+00 0.00000000e+00
4.76486913e+03 3.73010064e+03 0.00000000e+00 0.00000000e+00
4.76636917e+03 3.73976169e+03 0.00000000e+00 0.00000000e+00
4.76786921e+03 3.74943694e+03 0.00000000e+00 0.00000000e+00
4.76936925e+03 3.75912641e+03 0.00000000e+00 0.00000000e+00
4.77086928e+03 3.76883012e+03 0.00000000e+00 0.00000000e+00
4.77236932e+03 3.77854809e+03 0.00000000e+00 0.00000000e+00
4.77386936e+03 3.78828034e+03 0.00000000e+00 0.00000000e+00
4.77536940e+03 3.79802690e+03 0.00000000e+00 0.00000000e+00
4.77686943e+03 3.80778777e+03 0.00000000e+00 0.00000000e+00
4.77836947e+03 3.81756299e+03 0.00000000e+00 0.00000000e+00
4.77986951e+03 3.82735256e+03 0.00000000e+00 0.00000000e+00
4.78136955e+03 3.83715652e+03 0.00000000e+00 0.00000000e+00
4.78286958e+03 3.84697489e+03 0.00000000e+00 0.00000000e+00
4.78436962e+03 3.85680768e+03 0.00000000e+00 0.00000000e+00
4.78586966e+03 3.86665491e+03 0.00000000e+00 0.00000000e+00
4.78736970e+03 3.87651661e+03 0.00000000e+00 0.00000000e+00
4.78886973e+03 3.88639279e+03 0.00000000e+00 0.00000000e+00
4.79036977e+03 3.89628349e+03 0.00000000e+00 0.00000000e+00
4.79186981e+03 3.90618871e+03 0.00000000e+00 0.00000000e+00
4.79336985e+03 3.91610849e+03 0.00000000e+00 0.00000000e+00
4.79486988e+03 3.92604283e+03 0.00000000e+00 0.00000000e+00
4.79636992e+03 3.93599177e+03 0.00000000e+00 0.00000000e+00
4.79786996e+03 3.94595533e+03 0.00000000e+00 0.00000000e+00
4.79937000e+03 3.95593352e+03 0.00000000e+00 0.00000000e+00
4.80087003e+03 3.96592638e+03 0.00000000e+00 0.00000000e+00
4.80237007e+03 3.97593391e+03 0.00000000e+00 0.00000000e+00
4.80387011e+03 3.98595614e+03 0.00000000e+00 0.00000000e+00
4.80537015e+03 3.99599311e+03 0.00000000e+00 0.00000000e+00
4.80687018e+03 4.00604481e+03 0.00000000e+00 0.00000000e+00
4.80837022e+03 4.01611129e+03 0.00000000e+00 0.00000000e+00
4.80987026e+03 4.02619256e+03 0.00000000e+00 0.00000000e+00
4.81137030e+03 4.03628865e+03 0.00000000e+00 0.00000000e+00
4.81287033e+03 4.04639957e+03 0.00000000e+00 0.00000000e+00
4.81437037e+03 4.05652535e+03 0.00000000e+00 0.00000000e+00
4.81587041e+03 4.06666601e+03 0.00000000e+00 0.00000000e+00
4.81737045e+03 4.07682158e+03 0.00000000e+00 0.00000000e+00
4.81887048e+03 4.08699208e+03 0.00000000e+00 0.00000000e+00
4.82037052e+03 4.09717753e+03 0.00000000e+00 0.00000000e+00
4.82187056e+03 4.10737796e+03 0.00000000e+00 0.00000000e+00
4.82337060e+03 4.11759338e+03 0.00000000e+00 0.00000000e+00
4.82487063e+03 4.12782382e+03 0.00000000e+00 0.00000000e+00
4.82637067e+03 4.13806931e+03 0.00000000e+00 0.00000000e+00
4.82787071e+03 4.14832987e+03 0.00000000e+00 0.00000000e+00
4.82937075e+03 4.15860552e+03 0.00000000e+00 0.00000000e+00
4.83087078e+03 4.16889628e+03 0.00000000e+00 0.00000000e+00
4.83237082e+03 4.17920219e+03 0.00000000e+00 0.00000000e+00
4.83387086e+03 4.18952326e+03 0.00000000e+00 0.00000000e+00
4.83537090e+03 4.19985952e+03 0.00000000e+00 0.00000000e+00
4.83687093e+03 4.21021099e+03 0.00000000e+00 0.00000000e+00
4.83837097e+03 4.22057770e+03 0.00000000e+00 0.00000000e+00
4.83987101e+03 4.23095967e+03 0.00000000e+00 0.00000000e+00
4.84137105e+03 4.24135693e+03 0.00000000e+00 0.00000000e+00
4.84287108e+03 4.25176949e+03 0.00000000e+00 0.00000000e+00
4.84437112e+03 4.26219739e+03 0.00000000e+00 0.00000000e+00
4.84587116e+03 4.27264066e+03 0.00000000e+00 0.00000000e+00
4.84737120e+03 4.28309931e+03 0.00000000e+00 0.00000000e+00
4.84887123e+03 4.29357336e+03 0.00000000e+00 0.00000000e+00
4.85037127e+03 4.30406286e+03 0.00000000e+00 0.00000000e+00
4.85187131e+03 4.31456781e+03 0.00000000e+00 0.00000000e+00
4.85337135e+03 4.32508826e+03 0.00000000e+00 0.00000000e+00
4.85487138e+03 4.33562421e+03 0.00000000e+00 0.00000000e+00
4.85637142e+03 4.34617570e+03 0.00000000e+00 0.00000000e+00
4.85787146e+03 4.35674276e+03 0.00000000e+00 0.00000000e+00
4.85937150e+03 4.36732541e+03 0.00000000e+00 0.00000000e+00
4.86087153e+03 4.37792367e+03 0.00000000e+00 0.00000000e+00
4.86237157e+03 4.38853757e+03 0.00000000e+00 0.00000000e+00
4.86387161e+03 4.39916714e+03 0.00000000e+00 0.00000000e+00
4.86537165e+03 4.40981241e+03 0.00000000e+00 0.00000000e+00
4.86687168e+03 4.42047340e+03 0.00000000e+00 0.00000000e+00
4.86837172e+03 4.43115013e+03 0.00000000e+00 0.00000000e+00
4.86987176e+03 4.44184264e+03 0.00000000e+00 0.00000000e+00
4.87137180e+03 4.45255095e+03 0.00000000e+00 0.00000000e+00
4.87287183e+03 4.46327509e+03 0.00000000e+00 0.00000000e+00
4.87437187e+03 4.47401508e+03 0.00000000e+00 0.00000000e+00
4.87587191e+03 4.48477096e+03 0.00000000e+00 0.00000000e+00
4.87737195e+03 4.49554275e+03 0.00000000e+00 0.00000000e+00
4.87887198e+03 4.50633047e+03 0.00000000e+00 0.00000000e+00
4.88037202e+03 4.51713416e+03 0.00000000e+00 0.00000000e+00
4.88187206e+03 4.52795385e+03 0.00000000e+00 0.00000000e+00
4.88337210e+03 4.53878955e+03 0.00000000e+00 0.00000000e+00
4.88487213e+03 4.54964130e+03 0.00000000e+00 0.00000000e+00
4.88637217e+03 4.56050913e+03 0.00000000e+00 0.00000000e+00
4.88787221e+03 4.57139306e+03 0.00000000e+00 0.00000000e+00
4.88937225e+03 4.58229313e+03 0.00000000e+00 0.00000000e+00
4.89087228e+03 4.59320936e+03 0.00000000e+00 0.00000000e+00
4.89237232e+03 4.60414178e+03 0.00000000e+00 0.00000000e+00
4.89387236e+03 4.61509042e+03 0.00000000e+00 0.00000000e+00
4.89537240e+03 4.62605531e+03 0.00000000e+00 0.00000000e+00
4.89687243e+03 4.63703647e+03 0.00000000e+00 0.00000000e+00
4.89837247e+03 4.64803394e+03 0.00000000e+00 0.00000000e+00
4.89987251e+03 4.65904775e+03 0.00000000e+00 0.00000000e+00
4.90137255e+03 4.67007792e+03 0.00000000e+00 0.00000000e+00
4.90287258e+03 4.68112448e+03 0.00000000e+00 0.00000000e+00
4.90437262e+03 4.69218747e+03 0.00000000e+00 0.00000000e+00
4.90587266e+03 4.70326692e+03 0.00000000e+00 0.00000000e+00
4.90737270e+03 4.71436284e+03 0.00000000e+00 0.00000000e+00
4.90887273e+03 4.72547528e+03 0.00000000e+00 0.00000000e+00
4.91037277e+03 4.73660427e+03 0.00000000e+00 0.00000000e+00
4.91187281e+03 4.74774983e+03 0.00000000e+00 0.00000000e+00
4.91337285e+03 4.75891200e+03 0.00000000e+00 0.00000000e+00
4.91487288e+03 4.77009080e+03 0.00000000e+00 0.00000000e+00
4.91637292e+03 4.78128627e+03 0.00000000e+00 0.00000000e+00
4.91787296e+03 4.79249843e+03 0.00000000e+00 0.00000000e+00
4.91937300e+03 4.80372732e+03 0.00000000e+00 0.00000000e+00
4.92087303e+03 4.81497298e+03 0.00000000e+00 0.00000000e+00
4.92237307e+03 4.82623542e+03 0.00000000e+00 0.00000000e+00
4.92387311e+03 4.83751469e+03 0.00000000e+00 0.00000000e+00
4.92537315e+03 4.84881081e+03 0.00000000e+00 0.00000000e+00
4.92687318e+03 4.86012382e+03 0.00000000e+00 0.00000000e+00
4.92837322e+03 4.87145374e+03 0.00000000e+00 0.00000000e+00
4.92987326e+03 4.88280062e+03 0.00000000e+00 0.00000000e+00
4.93137330e+03 4.89416448e+03 0.00000000e+00 0.00000000e+00
4.93287333e+03 4.90554535e+03 0.00000000e+00 0.00000000e+00
4.93437337e+03 4.91694327e+03 0.00000000e+00 0.00000000e+00
4.93587341e+03 4.92835827e+03 0.00000000e+00 0.00000000e+00
4.93737345e+03 4.93979038e+03 0.00000000e+00 0.00000000e+00
4.93887348e+03 4.95123964e+03 0.00000000e+00 0.00000000e+00
4.94037352e+03 4.96270608e+03 0.00000000e+00 0.00000000e+00
4.94187356e+03 4.97418973e+03 0.00000000e+00 0.00000000e+00
4.94337360e+03 4.98569062e+03 0.00000000e+00 0.00000000e+00
4.94487363e+03 4.99720880e+03 0.00000000e+00 0.00000000e+00
4.94637367e+03 5.00874428e+03 0.00000000e+00 0.00000000e+00
4.94787371e+03 5.02029712e+03 0.00000000e+00 0.00000000e+00
4.94937375e+03 5.03186733e+03 0.00000000e+00 0.00000000e+00
4.95087378e+03 5.04345496e+03 0.00000000e+00 0.00000000e+00
4.95237382e+03 5.05506004e+03 0.00000000e+00 0.00000000e+00
4.95387386e+03 5.06668261e+03 0.00000000e+00 0.00000000e+00
4.95537390e+03 5.07832269e+03 0.00000000e+00 0.00000000e+00
4.95687393e+03 5.08998033e+03 0.00000000e+00 0.00000000e+00
4.95837397e+03 5.10165555e+03 0.00000000e+00 0.00000000e+00
4.95987401e+03 5.11334840e+03 0.00000000e+00 0.00000000e+00
4.96137405e+03 5.12505891e+03 0.00000000e+00 0.00000000e+00
4.96287408e+03 5.13678712e+03 0.00000000e+00 0.00000000e+00
4.96437412e+03 5.14853306e+03 0.00000000e+00 0.00000000e+00
4.96587416e+03 5.16029676e+03 0.00000000e+00 0.00000000e+00
4.96737420e+03 5.17207826e+03 0.00000000e+00 0.00000000e+00
4.96887423e+03 5.18387761e+03 0.00000000e+00 0.00000000e+00
4.97037427e+03 5.19569483e+03 0.00000000e+00 0.00000000e+00
4.97187431e+03 5.20752996e+03 0.00000000e+00 0.00000000e+00
4.97337435e+03 5.21938304e+03 0.00000000e+00 0.00000000e+00
4.97487438e+03 5.23125411e+03 0.00000000e+00 0.00000000e+00
4.97637442e+03 5.24314320e+03 0.00000000e+00 0.00000000e+00
4.97787446e+03 5.25505035e+03 0.00000000e+00 0.00000000e+00
4.97937450e+03 5.26697559e+03 0.00000000e+00 0.00000000e+00
4.98087453e+03 5.27891898e+03 0.00000000e+00 0.00000000e+00
4.98237457e+03 5.29088053e+03 0.00000000e+00 0.00000000e+00
4.98387461e+03 5.30286030e+03 0.00000000e+00 0.00000000e+00
4.98537465e+03 5.31485832e+03 0.00000000e+00 0.00000000e+00
4.98687468e+03 5.32687462e+03 0.00000000e+00 0.00000000e+00
4.98837472e+03 5.33890925e+03 0.00000000e+00 0.00000000e+00
4.98987476e+03 5.35096225e+03 0.00000000e+00 0.00000000e+00
4.99137480e+03 5.36303365e+03 0.00000000e+00 0.00000000e+00
4.99287483e+03 5.37512349e+03 0.00000000e+00 0.00000000e+00
4.99437487e+03 5.38723182e+03 0.00000000e+00 0.00000000e+00
4.99587491e+03 5.39935867e+03 0.00000000e+00 0.00000000e+00
4.99737495e+03 5.41150408e+03 0.00000000e+00 0.00000000e+00
4.99887498e+03 5.42366809e+03 0.00000000e+00 0.00000000e+00
5.00037502e+03 5.43585074e+03 0.00000000e+00 0.00000000e+00
5.00187506e+03 5.44805208e+03 0.00000000e+00 0.00000000e+00
5.00337510e+03 5.46027213e+03 0.00000000e+00 0.00000000e+00
5.00487513e+03 5.47251096e+03 0.00000000e+00 0.00000000e+00
5.00637517e+03 5.48476858e+03 0.00000000e+00 0.00000000e+00
5.00787521e+03 5.49704505e+03 0.00000000e+00 0.00000000e+00
5.00937525e+03 5.50934041e+03 0.00000000e+00 0.00000000e+00
5.01087528e+03 5.52165469e+03 0.00000000e+00 0.00000000e+00
5.01237532e+03 5.53398795e+03 0.00000000e+00 0.00000000e+00
5.01387536e+03 5.54634022e+03 0.00000000e+00 0.00000000e+00
5.01537540e+03 5.55871154e+03 0.00000000e+00 0.00000000e+00
5.01687543e+03 5.57110195e+03 0.00000000e+00 0.00000000e+00
5.01837547e+03 5.58351151e+03 0.00000000e+00 0.00000000e+00
5.01987551e+03 5.59594024e+03 0.00000000e+00 0.00000000e+00
5.02137555e+03 5.60838821e+03 0.00000000e+00 0.00000000e+00
5.02287558e+03 5.62085543e+03 0.00000000e+00 0.00000000e+00
5.02437562e+03 5.63334197e+03 0.00000000e+00 0.00000000e+00
5.02587566e+03 5.64584787e+03 0.00000000e+00 0.00000000e+00
5.02737570e+03 5.65837316e+03 0.00000000e+00 0.00000000e+00
5.02887573e+03 5.67091790e+03 0.00000000e+00 0.00000000e+00
5.03037577e+03 5.68348212e+03 0.00000000e+00 0.00000000e+00
5.03187581e+03 5.69606587e+03 0.00000000e+00 0.00000000e+00
5.03337585e+03 5.70866920e+03 0.00000000e+00 0.00000000e+00
5.03487588e+03 5.72129215e+03 0.00000000e+00 0.00000000e+00
5.03637592e+03 5.73393477e+03 0.00000000e+00 0.00000000e+00
5.03787596e+03 5.74659709e+03 0.00000000e+00 0.00000000e+00
5.03937600e+03 5.75927918e+03 0.00000000e+00 0.00000000e+00
5.04087603e+03 5.77198107e+03 0.00000000e+00 0.00000000e+00
5.04237607e+03 5.78470280e+03 0.00000000e+00 0.00000000e+00
5.04387611e+03 5.79744443e+03 0.00000000e+00 0.00000000e+00
5.04537615e+03 5.81020601e+03 0.00000000e+00 0.00000000e+00
5.04687618e+03 5.82298757e+03 0.00000000e+00 0.00000000e+00
5.04837622e+03 5.83578917e+03 0.00000000e+00 0.00000000e+00
5.04987626e+03 5.84861085e+03 0.00000000e+00 0.00000000e+00
5.05137630e+03 5.86145266e+03 0.00000000e+00 0.00000000e+00
5.05287633e+03 5.87431466e+03 0.00000000e+00 0.00000000e+00
5.05437637e+03 5.88719687e+03 0.00000000e+00 0.00000000e+00
5.05587641e+03 5.90009936e+03 0.00000000e+00 0.00000000e+00
5.05737645e+03 5.91302218e+03 0.00000000e+00 0.00000000e+00
5.05887648e+03 5.92596537e+03 0.00000000e+00 0.00000000e+00
5.06037652e+03 5.93892898e+03 0.00000000e+00 0.00000000e+00
5.06187656e+03 5.95191305e+03 0.00000000e+00 0.00000000e+00
5.06337660e+03 5.96491765e+03 0.00000000e+00 0.00000000e+00
5.06487663e+03 5.97794282e+03 0.00000000e+00 0.00000000e+00
5.06637667e+03 5.99098861e+03 0.00000000e+00 0.00000000e+00
5.06787671e+03 6.00405507e+03 0.00000000e+00 0.00000000e+00
5.06937675e+03 6.01714224e+03 0.00000000e+00 0.00000000e+00
5.07087678e+03 6.03025019e+03 0.00000000e+00 0.00000000e+00
5.07237682e+03 6.04337897e+03 0.00000000e+00 0.00000000e+00
5.07387686e+03 6.05652861e+03 0.00000000e+00 0.00000000e+00
5.07537690e+03 6.06969918e+03 0.00000000e+00 0.00000000e+00
5.07687693e+03 6.08289073e+03 0.00000000e+00 0.00000000e+00
5.07837697e+03 6.09610331e+03 0.00000000e+00 0.00000000e+00
5.07987701e+03 6.10933697e+03 0.00000000e+00 0.00000000e+00
5.08137705e+03 6.12259177e+03 0.00000000e+00 0.00000000e+00
5.08287708e+03 6.13586775e+03 0.00000000e+00 0.00000000e+00
5.08437712e+03 6.14916497e+03 0.00000000e+00 0.00000000e+00
5.08587716e+03 6.16248349e+03 0.00000000e+00 0.00000000e+00
5.08737720e+03 6.17582336e+03 0.00000000e+00 0.00000000e+00
5.08887723e+03 6.18918463e+03 0.00000000e+00 0.00000000e+00
5.09037727e+03 6.20256736e+03 0.00000000e+00 0.00000000e+00
5.09187731e+03 6.21597160e+03 0.00000000e+00 0.00000000e+00
5.09337735e+03 6.22939741e+03 0.00000000e+00 0.00000000e+00
5.09487738e+03 6.24284484e+03 0.00000000e+00 0.00000000e+00
5.09637742e+03 6.25631394e+03 0.00000000e+00 0.00000000e+00
5.09787746e+03 6.26980478e+03 0.00000000e+00 0.00000000e+00
5.09937750e+03 6.28331742e+03 0.00000000e+00 0.00000000e+00
5.10087753e+03 6.29685189e+03 0.00000000e+00 0.00000000e+00
5.10237757e+03 6.31040828e+03 0.00000000e+00 0.00000000e+00
5.10387761e+03 6.32398662e+03 0.00000000e+00 0.00000000e+00
5.10537765e+03 6.33758698e+03 0.00000000e+00 0.00000000e+00
5.10687768e+03 6.35120942e+03 0.00000000e+00 0.00000000e+00
5.10837772e+03 6.36485399e+03 0.00000000e+00 0.00000000e+00
5.10987776e+03 6.37852075e+03 0.00000000e+00 0.00000000e+00
5.11137780e+03 6.39220976e+03 0.00000000e+00 0.00000000e+00
5.11287783e+03 6.40592109e+03 0.00000000e+00 0.00000000e+00
5.11437787e+03 6.41965478e+03 0.00000000e+00 0.00000000e+00
5.11587791e+03 6.43341091e+03 0.00000000e+00 0.00000000e+00
5.11737795e+03 6.44718952e+03 0.00000000e+00 0.00000000e+00
5.11887798e+03 6.46099069e+03 0.00000000e+00 0.00000000e+00
5.12037802e+03 6.47481446e+03 0.00000000e+00 0.00000000e+00
5.12187806e+03 6.48866090e+03 0.00000000e+00 0.00000000e+00
5.12337810e+03 6.50253008e+03 0.00000000e+00 0.00000000e+00
5.12487813e+03 6.51642206e+03 0.00000000e+00 0.00000000e+00
5.12637817e+03 6.53033689e+03 0.00000000e+00 0.00000000e+00
5.12787821e+03 6.54427464e+03 0.00000000e+00 0.00000000e+00
5.12937825e+03 6.55823537e+03 0.00000000e+00 0.00000000e+00
5.13087828e+03 6.57221914e+03 0.00000000e+00 0.00000000e+00
5.13237832e+03 6.58622603e+03 0.00000000e+00 0.00000000e+00
5.13387836e+03 6.60025609e+03 0.00000000e+00 0.00000000e+00
5.13537840e+03 6.61430938e+03 0.00000000e+00 0.00000000e+00
5.13687843e+03 6.62838598e+03 0.00000000e+00 0.00000000e+00
5.13837847e+03 6.64248594e+03 0.00000000e+00 0.00000000e+00
5.13987851e+03 6.65660933e+03 0.00000000e+00 0.00000000e+00
5.14137855e+03 6.67075622e+03 0.00000000e+00 0.00000000e+00
5.14287858e+03 6.68492668e+03 0.00000000e+00 0.00000000e+00
5.14437862e+03 6.69912076e+03 0.00000000e+00 0.00000000e+00
5.14587866e+03 6.71333854e+03 0.00000000e+00 0.00000000e+00
5.14737870e+03 6.72758008e+03 0.00000000e+00 0.00000000e+00
5.14887873e+03 6.74184546e+03 0.00000000e+00 0.00000000e+00
5.15037877e+03 6.75613473e+03 0.00000000e+00 0.00000000e+00
5.15187881e+03 6.77044797e+03 0.00000000e+00 0.00000000e+00
5.15337885e+03 6.78478525e+03 0.00000000e+00 0.00000000e+00
5.15487888e+03 6.79914663e+03 0.00000000e+00 0.00000000e+00
5.15637892e+03 6.81353219e+03 0.00000000e+00 0.00000000e+00
5.15787896e+03 6.82794199e+03 0.00000000e+00 0.00000000e+00
5.15937900e+03 6.84237611e+03 0.00000000e+00 0.00000000e+00
5.16087903e+03 6.85683461e+03 0.00000000e+00 0.00000000e+00
5.16237907e+03 6.87131757e+03 0.00000000e+00 0.00000000e+00
5.16387911e+03 6.88582506e+03 0.00000000e+00 0.00000000e+00
5.16537915e+03 6.90035716e+03 0.00000000e+00 0.00000000e+00
5.16687918e+03 6.91491392e+03 0.00000000e+00 0.00000000e+00
5.16837922e+03 6.92949543e+03 0.00000000e+00 0.00000000e+00
5.16987926e+03 6.94410176e+03 0.00000000e+00 0.00000000e+00
5.17137930e+03 6.95873298e+03 0.00000000e+00 0.00000000e+00
5.17287933e+03 6.97338917e+03 0.00000000e+00 0.00000000e+00
5.17437937e+03 6.98807041e+03 0.00000000e+00 0.00000000e+00
5.17587941e+03 7.00277676e+03 0.00000000e+00 0.00000000e+00
5.17737945e+03 7.01750830e+03 0.00000000e+00 0.00000000e+00
5.17887948e+03 7.03226511e+03 0.00000000e+00 0.00000000e+00
5.18037952e+03 7.04704727e+03 0.00000000e+00 0.00000000e+00
5.18187956e+03 7.06185484e+03 0.00000000e+00 0.00000000e+00
5.18337960e+03 7.07668792e+03 0.00000000e+00 0.00000000e+00
5.18487963e+03 7.09154657e+03 0.00000000e+00 0.00000000e+00
5.18637967e+03 7.10643088e+03 0.00000000e+00 0.00000000e+00
5.18787971e+03 7.12134093e+03 0.00000000e+00 0.00000000e+00
5.18937975e+03 7.13627678e+03 0.00000000e+00 0.00000000e+00
5.19087978e+03 7.15123853e+03 0.00000000e+00 0.00000000e+00
5.19237982e+03 7.16622626e+03 0.00000000e+00 0.00000000e+00
5.19387986e+03 7.18124003e+03 0.00000000e+00 0.00000000e+00
5.19537990e+03 7.19627995e+03 0.00000000e+00 0.00000000e+00
5.19687993e+03 7.21134608e+03 0.00000000e+00 0.00000000e+00
5.19837997e+03 7.22643850e+03 0.00000000e+00 0.00000000e+00
5.19988001e+03 7.24155731e+03 0.00000000e+00 0.00000000e+00
5.20138005e+03 7.25670259e+03 0.00000000e+00 0.00000000e+00
5.20288009e+03 7.27187441e+03 0.00000000e+00 0.00000000e+00
5.20438012e+03 7.28707287e+03 0.00000000e+00 0.00000000e+00
5.20588016e+03 7.30229804e+03 0.00000000e+00 0.00000000e+00
5.20738020e+03 7.31755002e+03 0.00000000e+00 0.00000000e+00
5.20888024e+03 7.33282888e+03 0.00000000e+00 0.00000000e+00
5.21038027e+03 7.34813472e+03 0.00000000e+00 0.00000000e+00
5.21188031e+03 7.36346762e+03 0.00000000e+00 0.00000000e+00
5.21338035e+03 7.37882768e+03 0.00000000e+00 0.00000000e+00
5.21488039e+03 7.39421497e+03 0.00000000e+00 0.00000000e+00
5.21638042e+03 7.40962958e+03 0.00000000e+00 0.00000000e+00
5.21788046e+03 7.42507161e+03 0.00000000e+00 0.00000000e+00
5.21938050e+03 7.44054115e+03 0.00000000e+00 0.00000000e+00
5.22088054e+03 7.45603827e+03 0.00000000e+00 0.00000000e+00
5.22238057e+03 7.47156309e+03 0.00000000e+00 0.00000000e+00
5.22388061e+03 7.48711568e+03 0.00000000e+00 0.00000000e+00
5.22538065e+03 7.50269615e+03 0.00000000e+00 0.00000000e+00
5.22688069e+03 7.51830457e+03 0.00000000e+00 0.00000000e+00
5.22838072e+03 7.53394105e+03 0.00000000e+00 0.00000000e+00
5.22988076e+03 7.54960568e+03 0.00000000e+00 0.00000000e+00
5.23138080e+03 7.56529855e+03 0.00000000e+00 0.00000000e+00
5.23288084e+03 7.58101976e+03 0.00000000e+00 0.00000000e+00
5.23438087e+03 7.59676940e+03 0.00000000e+00 0.00000000e+00
5.23588091e+03 7.61254757e+03 0.00000000e+00 0.00000000e+00
5.23738095e+03 7.62835437e+03 0.00000000e+00 0.00000000e+00
5.23888099e+03 7.64418989e+03 0.00000000e+00 0.00000000e+00
5.24038102e+03 7.66005424e+03 0.00000000e+00 0.00000000e+00
5.24188106e+03 7.67594751e+03 0.00000000e+00 0.00000000e+00
5.24338110e+03 7.69186979e+03 0.00000000e+00 0.00000000e+00
5.24488114e+03 7.70782120e+03 0.00000000e+00 0.00000000e+00
5.24638117e+03 7.72380183e+03 0.00000000e+00 0.00000000e+00
5.24788121e+03 7.73981179e+03 0.00000000e+00 0.00000000e+00
5.24938125e+03 7.75585116e+03 0.00000000e+00 0.00000000e+00
5.25088129e+03 7.77192007e+03 0.00000000e+00 0.00000000e+00
5.25238132e+03 7.78801860e+03 0.00000000e+00 0.00000000e+00
5.25388136e+03 7.80414688e+03 0.00000000e+00 0.00000000e+00
5.25538140e+03 7.82030499e+03 0.00000000e+00 0.00000000e+00
5.25688144e+03 7.83649304e+03 0.00000000e+00 0.00000000e+00
5.25838147e+03 7.85271115e+03 0.00000000e+00 0.00000000e+00
5.25988151e+03 7.86895942e+03 0.00000000e+00 0.00000000e+00
5.26138155e+03 7.88523795e+03 0.00000000e+00 0.00000000e+00
5.26288159e+03 7.90154686e+03 0.00000000e+00 0.00000000e+00
5.26438162e+03 7.91788626e+03 0.00000000e+00 0.00000000e+00
5.26588166e+03 7.93425624e+03 0.00000000e+00 0.00000000e+00
5.26738170e+03 7.95065693e+03 0.00000000e+00 0.00000000e+00
5.26888174e+03 7.96708844e+03 0.00000000e+00 0.00000000e+00
5.27038177e+03 7.98355088e+03 0.00000000e+00 0.00000000e+00
5.27188181e+03 8.00004435e+03 0.00000000e+00 0.00000000e+00
5.27338185e+03 8.01656898e+03 0.00000000e+00 0.00000000e+00
5.27488189e+03 8.03312488e+03 0.00000000e+00 0.00000000e+00
5.27638192e+03 8.04971217e+03 0.00000000e+00 0.00000000e+00
5.27788196e+03 8.06633096e+03 0.00000000e+00 0.00000000e+00
5.27938200e+03 8.08298136e+03 0.00000000e+00 0.00000000e+00
5.28088204e+03 8.09966350e+03 0.00000000e+00 0.00000000e+00
5.28238207e+03 8.11637749e+03 0.00000000e+00 0.00000000e+00
5.28388211e+03 8.13312346e+03 0.00000000e+00 0.00000000e+00
5.28538215e+03 8.14990152e+03 0.00000000e+00 0.00000000e+00
5.28688219e+03 8.16671179e+03 0.00000000e+00 0.00000000e+00
5.28838222e+03 8.18355440e+03 0.00000000e+00 0.00000000e+00
5.28988226e+03 8.20042947e+03 0.00000000e+00 0.00000000e+00
5.29138230e+03 8.21733712e+03 0.00000000e+00 0.00000000e+00
5.29288234e+03 8.23427748e+03 0.00000000e+00 0.00000000e+00
5.29438237e+03 8.25125068e+03 0.00000000e+00 0.00000000e+00
5.29588241e+03 8.26825683e+03 0.00000000e+00 0.00000000e+00
5.29738245e+03 8.28529607e+03 0.00000000e+00 0.00000000e+00
5.29888249e+03 8.30236852e+03 0.00000000e+00 0.00000000e+00
5.30038252e+03 8.31947432e+03 0.00000000e+00 0.00000000e+00
5.30188256e+03 8.33661359e+03 0.00000000e+00 0.00000000e+00
5.30338260e+03 8.35378647e+03 0.00000000e+00 0.00000000e+00
5.30488264e+03 8.37099308e+03 0.00000000e+00 0.00000000e+00
5.30638267e+03 8.38823357e+03 0.00000000e+00 0.00000000e+00
5.30788271e+03 8.40550805e+03 0.00000000e+00 0.00000000e+00
5.30938275e+03 8.42281668e+03 0.00000000e+00 0.00000000e+00
5.31088279e+03 8.44015958e+03 0.00000000e+00 0.00000000e+00
5.31238282e+03 8.45753689e+03 0.00000000e+00 0.00000000e+00
5.31388286e+03 8.47494875e+03 0.00000000e+00 0.00000000e+00
5.31538290e+03 8.49239529e+03 0.00000000e+00 0.00000000e+00
5.31688294e+03 8.50987667e+03 0.00000000e+00 0.00000000e+00
5.31838297e+03 8.52739301e+03 0.00000000e+00 0.00000000e+00
5.31988301e+03 8.54494446e+03 0.00000000e+00 0.00000000e+00
5.32138305e+03 8.56253117e+03 0.00000000e+00 0.00000000e+00
5.32288309e+03 8.58015327e+03 0.00000000e+00 0.00000000e+00
5.32438312e+03 8.59781092e+03 0.00000000e+00 0.00000000e+00
5.32588316e+03 8.61550426e+03 0.00000000e+00 0.00000000e+00
5.32738320e+03 8.63323343e+03 0.00000000e+00 0.00000000e+00
5.32888324e+03 8.65099859e+03 0.00000000e+00 0.00000000e+00
5.33038327e+03 8.66879988e+03 0.00000000e+00 0.00000000e+00
5.33188331e+03 8.68663746e+03 0.00000000e+00 0.00000000e+00
5.33338335e+03 8.70451148e+03 0.00000000e+00 0.00000000e+00
5.33488339e+03 8.72242209e+03 0.00000000e+00 0.00000000e+00
5.33638342e+03 8.74036944e+03 0.00000000e+00 0.00000000e+00
5.33788346e+03 8.75835370e+03 0.00000000e+00 0.00000000e+00
5.33938350e+03 8.77637501e+03 0.00000000e+00 0.00000000e+00
5.34088354e+03 8.79443353e+03 0.00000000e+00 0.00000000e+00
5.34238357e+03 8.81252944e+03 0.00000000e+00 0.00000000e+00
5.34388361e+03 8.83066287e+03 0.00000000e+00 0.00000000e+00
5.34538365e+03 8.84883401e+03 0.00000000e+00 0.00000000e+00
5.34688369e+03 8.86704300e+03 0.00000000e+00 0.00000000e+00
5.34838372e+03 8.88529001e+03 0.00000000e+00 0.00000000e+00
5.34988376e+03 8.90357522e+03 0.00000000e+00 0.00000000e+00
5.35138380e+03 8.92189878e+03 0.00000000e+00 0.00000000e+00
5.35288384e+03 8.94026087e+03 0.00000000e+00 0.00000000e+00
5.35438387e+03 8.95866164e+03 0.00000000e+00 0.00000000e+00
5.35588391e+03 8.97710129e+03 0.00000000e+00 0.00000000e+00
5.35738395e+03 8.99557997e+03 0.00000000e+00 0.00000000e+00
5.35888399e+03 9.01409786e+03 0.00000000e+00 0.00000000e+00
5.36038402e+03 9.03265514e+03 0.00000000e+00 0.00000000e+00
5.36188406e+03 9.05125197e+03 0.00000000e+00 0.00000000e+00
5.36338410e+03 9.06988855e+03 0.00000000e+00 0.00000000e+00
5.36488414e+03 9.08856505e+03 0.00000000e+00 0.00000000e+00
5.36638417e+03 9.10728164e+03 0.00000000e+00 0.00000000e+00
5.36788421e+03 9.12603852e+03 0.00000000e+00 0.00000000e+00
5.36938425e+03 9.14483587e+03 0.00000000e+00 0.00000000e+00
5.37088429e+03 9.16367386e+03 0.00000000e+00 0.00000000e+00
5.37238432e+03 9.18255269e+03 0.00000000e+00 0.00000000e+00
5.37388436e+03 9.20147255e+03 0.00000000e+00 0.00000000e+00
5.37538440e+03 9.22043362e+03 0.00000000e+00 0.00000000e+00
5.37688444e+03 9.23943610e+03 0.00000000e+00 0.00000000e+00
5.37838447e+03 9.25848018e+03 0.00000000e+00 0.00000000e+00
5.37988451e+03 9.27756606e+03 0.00000000e+00 0.00000000e+00
5.38138455e+03 9.29669393e+03 0.00000000e+00 0.00000000e+00
5.38288459e+03 9.31586398e+03 0.00000000e+00 0.00000000e+00
5.38438462e+03 9.33507643e+03 0.00000000e+00 0.00000000e+00
5.38588466e+03 9.35433146e+03 0.00000000e+00 0.00000000e+00
5.38738470e+03 9.37362929e+03 0.00000000e+00 0.00000000e+00
5.38888474e+03 9.39297011e+03 0.00000000e+00 0.00000000e+00
5.39038477e+03 9.41235414e+03 0.00000000e+00 0.00000000e+00
5.39188481e+03 9.43178159e+03 0.00000000e+00 0.00000000e+00
5.39338485e+03 9.45125265e+03 0.00000000e+00 0.00000000e+00
5.39488489e+03 9.47076755e+03 0.00000000e+00 0.00000000e+00
5.39638492e+03 9.49032650e+03 0.00000000e+00 0.00000000e+00
5.39788496e+03 9.50992971e+03 0.00000000e+00 0.00000000e+00
5.39938500e+03 9.52957740e+03 0.00000000e+00 0.00000000e+00
5.40088504e+03 9.54926979e+03 0.00000000e+00 0.00000000e+00
5.40238507e+03 9.56900711e+03 0.00000000e+00 0.00000000e+00
5.40388511e+03 9.58878957e+03 0.00000000e+00 0.00000000e+00
5.40538515e+03 9.60861740e+03 0.00000000e+00 0.00000000e+00
5.40688519e+03 9.62849083e+03 0.00000000e+00 0.00000000e+00
5.40838522e+03 9.64841008e+03 0.00000000e+00 0.00000000e+00
5.40988526e+03 9.66837539e+03 0.00000000e+00 0.00000000e+00
5.41138530e+03 9.68838700e+03 0.00000000e+00 0.00000000e+00
5.41288534e+03 9.70844512e+03 0.00000000e+00 0.00000000e+00
5.41438537e+03 9.72855002e+03 0.00000000e+00 0.00000000e+00
5.41588541e+03 9.74870192e+03 0.00000000e+00 0.00000000e+00
5.41738545e+03 9.76890106e+03 0.00000000e+00 0.00000000e+00
5.41888549e+03 9.78914769e+03 0.00000000e+00 0.00000000e+00
5.42038552e+03 9.80944206e+03 0.00000000e+00 0.00000000e+00
5.42188556e+03 9.82978441e+03 0.00000000e+00 0.00000000e+00
5.42338560e+03 9.85017500e+03 0.00000000e+00 0.00000000e+00
5.42488564e+03 9.87061407e+03 0.00000000e+00 0.00000000e+00
5.42638567e+03 9.89110189e+03 0.00000000e+00 0.00000000e+00
5.42788571e+03 9.91163871e+03 0.00000000e+00 0.00000000e+00
5.42938575e+03 9.93222479e+03 0.00000000e+00 0.00000000e+00
5.43088579e+03 9.95286039e+03 0.00000000e+00 0.00000000e+00
5.43238582e+03 9.97354579e+03 0.00000000e+00 0.00000000e+00
5.43388586e+03 9.99428124e+03 0.00000000e+00 0.00000000e+00
5.43538590e+03 1.00150670e+04 0.00000000e+00 0.00000000e+00
5.43688594e+03 1.00359034e+04 0.00000000e+00 0.00000000e+00
5.43838597e+03 1.00567906e+04 0.00000000e+00 0.00000000e+00
5.43988601e+03 1.00777290e+04 0.00000000e+00 0.00000000e+00
5.44138605e+03 1.00987189e+04 0.00000000e+00 0.00000000e+00
5.44288609e+03 1.01197604e+04 0.00000000e+00 0.00000000e+00
5.44438612e+03 1.01408540e+04 0.00000000e+00 0.00000000e+00
5.44588616e+03 1.01619998e+04 0.00000000e+00 0.00000000e+00
5.44738620e+03 1.01831982e+04 0.00000000e+00 0.00000000e+00
5.44888624e+03 1.02044495e+04 0.00000000e+00 0.00000000e+00
5.45038627e+03 1.02257540e+04 0.00000000e+00 0.00000000e+00
5.45188631e+03 1.02471120e+04 0.00000000e+00 0.00000000e+00
5.45338635e+03 1.02685237e+04 0.00000000e+00 0.00000000e+00
5.45488639e+03 1.02899895e+04 0.00000000e+00 0.00000000e+00
5.45638642e+03 1.03115097e+04 0.00000000e+00 0.00000000e+00
5.45788646e+03 1.03330846e+04 0.00000000e+00 0.00000000e+00
5.45938650e+03 1.03547145e+04 0.00000000e+00 0.00000000e+00
5.46088654e+03 1.03763997e+04 0.00000000e+00 0.00000000e+00
5.46238657e+03 1.03981406e+04 0.00000000e+00 0.00000000e+00
5.46388661e+03 1.04199375e+04 0.00000000e+00 0.00000000e+00
5.46538665e+03 1.04417907e+04 0.00000000e+00 0.00000000e+00
5.46688669e+03 1.04637005e+04 0.00000000e+00 0.00000000e+00
5.46838672e+03 1.04856674e+04 0.00000000e+00 0.00000000e+00
5.46988676e+03 1.05076915e+04 0.00000000e+00 0.00000000e+00
5.47138680e+03 1.05297733e+04 0.00000000e+00 0.00000000e+00
5.47288684e+03 1.05519130e+04 0.00000000e+00 0.00000000e+00
5.47438687e+03 1.05741112e+04 0.00000000e+00 0.00000000e+00
5.47588691e+03 1.05963680e+04 0.00000000e+00 0.00000000e+00
5.47738695e+03 1.06186839e+04 0.00000000e+00 0.00000000e+00
5.47888699e+03 1.06410592e+04 0.00000000e+00 0.00000000e+00
5.48038702e+03 1.06634943e+04 0.00000000e+00 0.00000000e+00
5.48188706e+03 1.06859895e+04 0.00000000e+00 0.00000000e+00
5.48338710e+03 1.07085452e+04 0.00000000e+00 0.00000000e+00
5.48488714e+03 1.07311618e+04 0.00000000e+00 0.00000000e+00
5.48638717e+03 1.07538397e+04 0.00000000e+00 0.00000000e+00
5.48788721e+03 1.07765793e+04 0.00000000e+00 0.00000000e+00
5.48938725e+03 1.07993809e+04 0.00000000e+00 0.00000000e+00
5.49088729e+03 1.08222449e+04 0.00000000e+00 0.00000000e+00
5.49238732e+03 1.08451718e+04 0.00000000e+00 0.00000000e+00
5.49388736e+03 1.08681619e+04 0.00000000e+00 0.00000000e+00
5.49538740e+03 1.08912156e+04 0.00000000e+00 0.00000000e+00
5.49688744e+03 1.09143333e+04 0.00000000e+00 0.00000000e+00
5.49838747e+03 1.09375155e+04 0.00000000e+00 0.00000000e+00
5.49988751e+03 1.09607626e+04 0.00000000e+00 0.00000000e+00
5.50138755e+03 1.09840749e+04 0.00000000e+00 0.00000000e+00
5.50288759e+03 1.10074530e+04 0.00000000e+00 0.00000000e+00
5.50438762e+03 1.10308972e+04 0.00000000e+00 0.00000000e+00
5.50588766e+03 1.10544080e+04 0.00000000e+00 0.00000000e+00
5.50738770e+03 1.10779858e+04 0.00000000e+00 0.00000000e+00
5.50888774e+03 1.11016311e+04 0.00000000e+00 0.00000000e+00
5.51038777e+03 1.11253443e+04 0.00000000e+00 0.00000000e+00
5.51188781e+03 1.11491259e+04 0.00000000e+00 0.00000000e+00
5.51338785e+03 1.11729764e+04 0.00000000e+00 0.00000000e+00
5.51488789e+03 1.11968961e+04 0.00000000e+00 0.00000000e+00
5.51638792e+03 1.12208856e+04 0.00000000e+00 0.00000000e+00
5.51788796e+03 1.12449454e+04 0.00000000e+00 0.00000000e+00
5.51938800e+03 1.12690759e+04 0.00000000e+00 0.00000000e+00
5.52088804e+03 1.12932776e+04 0.00000000e+00 0.00000000e+00
5.52238807e+03 1.13175510e+04 0.00000000e+00 0.00000000e+00
5.52388811e+03 1.13418967e+04 0.00000000e+00 0.00000000e+00
5.52538815e+03 1.13663151e+04 0.00000000e+00 0.00000000e+00
5.52688819e+03 1.13908067e+04 0.00000000e+00 0.00000000e+00
5.52838822e+03 1.14153721e+04 0.00000000e+00 0.00000000e+00
5.52988826e+03 1.14400117e+04 0.00000000e+00 0.00000000e+00
5.53138830e+03 1.14647262e+04 0.00000000e+00 0.00000000e+00
5.53288834e+03 1.14895159e+04 0.00000000e+00 0.00000000e+00
5.53438837e+03 1.15143816e+04 0.00000000e+00 0.00000000e+00
5.53588841e+03 1.15393237e+04 0.00000000e+00 0.00000000e+00
5.53738845e+03 1.15643428e+04 0.00000000e+00 0.00000000e+00
5.53888849e+03 1.15894395e+04 0.00000000e+00 0.00000000e+00
5.54038852e+03 1.16146143e+04 0.00000000e+00 0.00000000e+00
5.54188856e+03 1.16398677e+04 0.00000000e+00 0.00000000e+00
5.54338860e+03 1.16652005e+04 0.00000000e+00 0.00000000e+00
5.54488864e+03 1.16906131e+04 0.00000000e+00 0.00000000e+00
5.54638867e+03 1.17161062e+04 0.00000000e+00 0.00000000e+00
5.54788871e+03 1.17416804e+04 0.00000000e+00 0.00000000e+00
5.54938875e+03 1.17673363e+04 0.00000000e+00 0.00000000e+00
5.55088879e+03 1.17930744e+04 0.00000000e+00 0.00000000e+00
5.55238882e+03 1.18188955e+04 0.00000000e+00 0.00000000e+00
5.55388886e+03 1.18448002e+04 0.00000000e+00 0.00000000e+00
5.55538890e+03 1.18707891e+04 0.00000000e+00 0.00000000e+00
5.55688894e+03 1.18968629e+04 0.00000000e+00 0.00000000e+00
5.55838897e+03 1.19230222e+04 0.00000000e+00 0.00000000e+00
5.55988901e+03 1.19492678e+04 0.00000000e+00 0.00000000e+00
5.56138905e+03 1.19756002e+04 0.00000000e+00 0.00000000e+00
5.56288909e+03 1.20020201e+04 0.00000000e+00 0.00000000e+00
5.56438912e+03 1.20285284e+04 0.00000000e+00 0.00000000e+00
5.56588916e+03 1.20551256e+04 0.00000000e+00 0.00000000e+00
5.56738920e+03 1.20818125e+04 0.00000000e+00 0.00000000e+00
5.56888924e+03 1.21085898e+04 0.00000000e+00 0.00000000e+00
5.57038927e+03 1.21354583e+04 0.00000000e+00 0.00000000e+00
5.57188931e+03 1.21624186e+04 0.00000000e+00 0.00000000e+00
5.57338935e+03 1.21894716e+04 0.00000000e+00 0.00000000e+00
5.57488939e+03 1.22166180e+04 0.00000000e+00 0.00000000e+00
5.57638942e+03 1.22438586e+04 0.00000000e+00 0.00000000e+00
5.57788946e+03 1.22711942e+04 0.00000000e+00 0.00000000e+00
5.57938950e+03 1.22986255e+04 0.00000000e+00 0.00000000e+00
5.58088954e+03 1.23261534e+04 0.00000000e+00 0.00000000e+00
5.58238957e+03 1.23537786e+04 0.00000000e+00 0.00000000e+00
5.58388961e+03 1.23815021e+04 0.00000000e+00 0.00000000e+00
5.58538965e+03 1.24093247e+04 0.00000000e+00 0.00000000e+00
5.58688969e+03 1.24372471e+04 0.00000000e+00 0.00000000e+00
5.58838972e+03 1.24652704e+04 0.00000000e+00 0.00000000e+00
5.58988976e+03 1.24933952e+04 0.00000000e+00 0.00000000e+00
5.59138980e+03 1.25216226e+04 0.00000000e+00 0.00000000e+00
5.59288984e+03 1.25499535e+04 0.00000000e+00 0.00000000e+00
5.59438987e+03 1.25783887e+04 0.00000000e+00 0.00000000e+00
5.59588991e+03 1.26069292e+04 0.00000000e+00 0.00000000e+00
5.59738995e+03 1.26355759e+04 0.00000000e+00 0.00000000e+00
5.59888999e+03 1.26643298e+04 0.00000000e+00 0.00000000e+00
5.60039002e+03 1.26931918e+04 0.00000000e+00 0.00000000e+00
5.60189006e+03 1.27221629e+04 0.00000000e+00 0.00000000e+00
5.60339010e+03 1.27512442e+04 0.00000000e+00 0.00000000e+00
5.60489014e+03 1.27804366e+04 0.00000000e+00 0.00000000e+00
5.60639017e+03 1.28097412e+04 0.00000000e+00 0.00000000e+00
5.60789021e+03 1.28391590e+04 0.00000000e+00 0.00000000e+00
5.60939025e+03 1.28686911e+04 0.00000000e+00 0.00000000e+00
5.61089029e+03 1.28983385e+04 0.00000000e+00 0.00000000e+00
5.61239032e+03 1.29281023e+04 0.00000000e+00 0.00000000e+00
5.61389036e+03 1.29579837e+04 0.00000000e+00 0.00000000e+00
5.61539040e+03 1.29879837e+04 0.00000000e+00 0.00000000e+00
5.61689044e+03 1.30181035e+04 0.00000000e+00 0.00000000e+00
5.61839047e+03 1.30483443e+04 0.00000000e+00 0.00000000e+00
5.61989051e+03 1.30787072e+04 0.00000000e+00 0.00000000e+00
5.62139055e+03 1.31091935e+04 0.00000000e+00 0.00000000e+00
5.62289059e+03 1.31398043e+04 0.00000000e+00 0.00000000e+00
5.62439062e+03 1.31705409e+04 0.00000000e+00 0.00000000e+00
5.62589066e+03 1.32014046e+04 0.00000000e+00 0.00000000e+00
5.62739070e+03 1.32323965e+04 0.00000000e+00 0.00000000e+00
5.62889074e+03 1.32635180e+04 0.00000000e+00 0.00000000e+00
5.63039077e+03 1.32947705e+04 0.00000000e+00 0.00000000e+00
5.63189081e+03 1.33261552e+04 0.00000000e+00 0.00000000e+00
5.63339085e+03 1.33576735e+04 0.00000000e+00 0.00000000e+00
5.63489089e+03 1.33893268e+04 0.00000000e+00 0.00000000e+00
5.63639092e+03 1.34211166e+04 0.00000000e+00 0.00000000e+00
5.63789096e+03 1.34530441e+04 0.00000000e+00 0.00000000e+00
5.63939100e+03 1.34851109e+04 0.00000000e+00 0.00000000e+00
5.64089104e+03 1.35173184e+04 0.00000000e+00 0.00000000e+00
5.64239107e+03 1.35496682e+04 0.00000000e+00 0.00000000e+00
5.64389111e+03 1.35821617e+04 0.00000000e+00 0.00000000e+00
5.64539115e+03 1.36148006e+04 0.00000000e+00 0.00000000e+00
5.64689119e+03 1.36475863e+04 0.00000000e+00 0.00000000e+00
5.64839122e+03 1.36805205e+04 0.00000000e+00 0.00000000e+00
5.64989126e+03 1.37136049e+04 0.00000000e+00 0.00000000e+00
5.65139130e+03 1.37468410e+04 0.00000000e+00 0.00000000e+00
5.65289134e+03 1.37802307e+04 0.00000000e+00 0.00000000e+00
5.65439137e+03 1.38137755e+04 0.00000000e+00 0.00000000e+00
5.65589141e+03 1.38474772e+04 0.00000000e+00 0.00000000e+00
5.65739145e+03 1.38813377e+04 0.00000000e+00 0.00000000e+00
5.65889149e+03 1.39153587e+04 0.00000000e+00 0.00000000e+00
5.66039152e+03 1.39495421e+04 0.00000000e+00 0.00000000e+00
5.66189156e+03 1.39838898e+04 0.00000000e+00 0.00000000e+00
5.66339160e+03 1.40184036e+04 0.00000000e+00 0.00000000e+00
5.66489164e+03 1.40530855e+04 0.00000000e+00 0.00000000e+00
5.66639167e+03 1.40879376e+04 0.00000000e+00 0.00000000e+00
5.66789171e+03 1.41229617e+04 0.00000000e+00 0.00000000e+00
5.66939175e+03 1.41581601e+04 0.00000000e+00 0.00000000e+00
5.67089179e+03 1.41935347e+04 0.00000000e+00 0.00000000e+00
5.67239182e+03 1.42290877e+04 0.00000000e+00 0.00000000e+00
5.67389186e+03 1.42648213e+04 0.00000000e+00 0.00000000e+00
5.67539190e+03 1.43007377e+04 0.00000000e+00 0.00000000e+00
5.67689194e+03 1.43368392e+04 0.00000000e+00 0.00000000e+00
5.67839197e+03 1.43731280e+04 0.00000000e+00 0.00000000e+00
5.67989201e+03 1.44096066e+04 0.00000000e+00 0.00000000e+00
5.68139205e+03 1.44462773e+04 0.00000000e+00 0.00000000e+00
5.68289209e+03 1.44831425e+04 0.00000000e+00 0.00000000e+00
5.68439212e+03 1.45202047e+04 0.00000000e+00 0.00000000e+00
5.68589216e+03 1.45574666e+04 0.00000000e+00 0.00000000e+00
5.68739220e+03 1.45949306e+04 0.00000000e+00 0.00000000e+00
5.68889224e+03 1.46325995e+04 0.00000000e+00 0.00000000e+00
5.69039227e+03 1.46704758e+04 0.00000000e+00 0.00000000e+00
5.69189231e+03 1.47085625e+04 0.00000000e+00 0.00000000e+00
5.69339235e+03 1.47468622e+04 0.00000000e+00 0.00000000e+00
5.69489239e+03 1.47853778e+04 0.00000000e+00 0.00000000e+00
5.69639242e+03 1.48241123e+04 0.00000000e+00 0.00000000e+00
5.69789246e+03 1.48630687e+04 0.00000000e+00 0.00000000e+00
5.69939250e+03 1.49022500e+04 0.00000000e+00 0.00000000e+00
5.70089254e+03 1.49416593e+04 0.00000000e+00 0.00000000e+00
5.70239257e+03 1.49812998e+04 0.00000000e+00 0.00000000e+00
5.70389261e+03 1.50211748e+04 0.00000000e+00 0.00000000e+00
5.70539265e+03 1.50612876e+04 0.00000000e+00 0.00000000e+00
5.70689269e+03 1.51016415e+04 0.00000000e+00 0.00000000e+00
5.70839272e+03 1.51422401e+04 0.00000000e+00 0.00000000e+00
5.70989276e+03 1.51830869e+04 0.00000000e+00 0.00000000e+00
5.71139280e+03 1.52241855e+04 0.00000000e+00 0.00000000e+00
5.71289284e+03 1.52655396e+04 0.00000000e+00 0.00000000e+00
5.71439287e+03 1.53071530e+04 0.00000000e+00 0.00000000e+00
5.71589291e+03 1.53490296e+04 0.00000000e+00 0.00000000e+00
5.71739295e+03 1.53911734e+04 0.00000000e+00 0.00000000e+00
5.71889299e+03 1.54335884e+04 0.00000000e+00 0.00000000e+00
5.72039302e+03 1.54762787e+04 0.00000000e+00 0.00000000e+00
5.72189306e+03 1.55192486e+04 0.00000000e+00 0.00000000e+00
5.72339310e+03 1.55625025e+04 0.00000000e+00 0.00000000e+00
5.72489314e+03 1.56060448e+04 0.00000000e+00 0.00000000e+00
5.72639317e+03 1.56498800e+04 0.00000000e+00 0.00000000e+00
5.72789321e+03 1.56940129e+04 0.00000000e+00 0.00000000e+00
5.72939325e+03 1.57384482e+04 0.00000000e+00 0.00000000e+00
5.73089329e+03 1.57831908e+04 0.00000000e+00 0.00000000e+00
5.73239332e+03 1.58282457e+04 0.00000000e+00 0.00000000e+00
5.73389336e+03 1.58736181e+04 0.00000000e+00 0.00000000e+00
5.73539340e+03 1.59193132e+04 0.00000000e+00 0.00000000e+00
5.73689344e+03 1.59653365e+04 0.00000000e+00 0.00000000e+00
5.73839347e+03 1.60116934e+04 0.00000000e+00 0.00000000e+00
5.73989351e+03 1.60583897e+04 0.00000000e+00 0.00000000e+00
5.74139355e+03 1.61054312e+04 0.00000000e+00 0.00000000e+00
5.74289359e+03 1.61528239e+04 0.00000000e+00 0.00000000e+00
5.74439362e+03 1.62005739e+04 0.00000000e+00 0.00000000e+00
5.74589366e+03 1.62486875e+04 0.00000000e+00 0.00000000e+00
5.74739370e+03 1.62971712e+04 0.00000000e+00 0.00000000e+00
5.74889374e+03 1.63460316e+04 0.00000000e+00 0.00000000e+00
5.75039377e+03 1.63952755e+04 0.00000000e+00 0.00000000e+00
5.75189381e+03 1.64449100e+04 0.00000000e+00 0.00000000e+00
5.75339385e+03 1.64949423e+04 0.00000000e+00 0.00000000e+00
5.75489389e+03 1.65453797e+04 0.00000000e+00 0.00000000e+00
5.75639392e+03 1.65962299e+04 0.00000000e+00 0.00000000e+00
5.75789396e+03 1.66475006e+04 0.00000000e+00 0.00000000e+00
5.75939400e+03 1.66991999e+04 0.00000000e+00 0.00000000e+00
5.76089404e+03 1.67513362e+04 0.00000000e+00 0.00000000e+00
5.76239407e+03 1.68039178e+04 0.00000000e+00 0.00000000e+00
5.76389411e+03 1.68569537e+04 0.00000000e+00 0.00000000e+00
5.76539415e+03 1.69104527e+04 0.00000000e+00 0.00000000e+00
5.76689419e+03 1.69644242e+04 0.00000000e+00 0.00000000e+00
5.76839422e+03 1.70188777e+04 0.00000000e+00 0.00000000e+00
5.76989426e+03 1.70738231e+04 0.00000000e+00 0.00000000e+00
5.77139430e+03 1.71292706e+04 0.00000000e+00 0.00000000e+00
5.77289434e+03 1.71852307e+04 0.00000000e+00 0.00000000e+00
5.77439437e+03 1.72417140e+04 0.00000000e+00 0.00000000e+00
5.77589441e+03 1.72987318e+04 0.00000000e+00 0.00000000e+00
5.77739445e+03 1.73562955e+04 0.00000000e+00 0.00000000e+00
5.77889449e+03 1.74144171e+04 0.00000000e+00 0.00000000e+00
5.78039452e+03 1.74731086e+04 0.00000000e+00 0.00000000e+00
5.78189456e+03 1.75323829e+04 0.00000000e+00 0.00000000e+00
5.78339460e+03 1.75922528e+04 0.00000000e+00 0.00000000e+00
5.78489464e+03 1.76527320e+04 0.00000000e+00 0.00000000e+00
5.78639467e+03 1.77138342e+04 0.00000000e+00 0.00000000e+00
5.78789471e+03 1.77755741e+04 0.00000000e+00 0.00000000e+00
5.78939475e+03 1.78379664e+04 0.00000000e+00 0.00000000e+00
5.79089479e+03 1.79010265e+04 0.00000000e+00 0.00000000e+00
5.79239482e+03 1.79647705e+04 0.00000000e+00 0.00000000e+00
5.79389486e+03 1.80292148e+04 0.00000000e+00 0.00000000e+00
5.79539490e+03 1.80943766e+04 0.00000000e+00 0.00000000e+00
5.79689494e+03 1.81602736e+04 0.00000000e+00 0.00000000e+00
5.79839497e+03 1.82269241e+04 0.00000000e+00 0.00000000e+00
5.79989501e+03 1.82943473e+04 0.00000000e+00 0.00000000e+00
5.80139505e+03 1.83625628e+04 0.00000000e+00 0.00000000e+00
5.80289509e+03 1.84315912e+04 0.00000000e+00 0.00000000e+00
5.80439512e+03 1.85014537e+04 0.00000000e+00 0.00000000e+00
5.80589516e+03 1.85721726e+04 0.00000000e+00 0.00000000e+00
5.80739520e+03 1.86437706e+04 0.00000000e+00 0.00000000e+00
5.80889524e+03 1.87162718e+04 0.00000000e+00 0.00000000e+00
5.81039527e+03 1.87897009e+04 0.00000000e+00 0.00000000e+00
5.81189531e+03 1.88640837e+04 0.00000000e+00 0.00000000e+00
5.81339535e+03 1.89394472e+04 0.00000000e+00 0.00000000e+00
5.81489539e+03 1.90158193e+04 0.00000000e+00 0.00000000e+00
5.81639542e+03 1.90932291e+04 0.00000000e+00 0.00000000e+00
5.81789546e+03 1.91717072e+04 0.00000000e+00 0.00000000e+00
5.81939550e+03 1.92512851e+04 0.00000000e+00 0.00000000e+00
5.82089554e+03 1.93319959e+04 0.00000000e+00 0.00000000e+00
5.82239557e+03 1.94138743e+04 0.00000000e+00 0.00000000e+00
5.82389561e+03 1.94969562e+04 0.00000000e+00 0.00000000e+00
5.82539565e+03 1.95812793e+04 0.00000000e+00 0.00000000e+00
5.82689569e+03 1.96668830e+04 0.00000000e+00 0.00000000e+00
5.82839572e+03 1.97538086e+04 0.00000000e+00 0.00000000e+00
5.82989576e+03 1.98420994e+04 0.00000000e+00 0.00000000e+00
5.83139580e+03 1.99318004e+04 0.00000000e+00 0.00000000e+00
5.83289584e+03 2.00229592e+04 0.00000000e+00 0.00000000e+00
5.83439587e+03 2.01156254e+04 0.00000000e+00 0.00000000e+00
5.83589591e+03 2.02098514e+04 0.00000000e+00 0.00000000e+00
5.83739595e+03 2.03056920e+04 0.00000000e+00 0.00000000e+00
5.83889599e+03 2.04032047e+04 0.00000000e+00 0.00000000e+00
5.84039602e+03 2.05024504e+04 0.00000000e+00 0.00000000e+00
5.84189606e+03 2.06034929e+04 0.00000000e+00 0.00000000e+00
5.84339610e+03 2.07063994e+04 0.00000000e+00 0.00000000e+00
5.84489614e+03 2.08112410e+04 0.00000000e+00 0.00000000e+00
5.84639617e+03 2.09180924e+04 0.00000000e+00 0.00000000e+00
5.84789621e+03 2.10270329e+04 0.00000000e+00 0.00000000e+00
5.84939625e+03 2.11381460e+04 0.00000000e+00 0.00000000e+00
5.85089629e+03 2.12515202e+04 0.00000000e+00 0.00000000e+00
5.85239632e+03 2.13672492e+04 0.00000000e+00 0.00000000e+00
5.85389636e+03 2.14854324e+04 0.00000000e+00 0.00000000e+00
5.85539640e+03 2.16061751e+04 0.00000000e+00 0.00000000e+00
5.85689644e+03 2.17295892e+04 0.00000000e+00 0.00000000e+00
5.85839647e+03 2.18557938e+04 0.00000000e+00 0.00000000e+00
5.85989651e+03 2.19849154e+04 0.00000000e+00 0.00000000e+00
5.86139655e+03 2.21170888e+04 0.00000000e+00 0.00000000e+00
5.86289659e+03 2.22524579e+04 0.00000000e+00 0.00000000e+00
5.86439662e+03 2.23911762e+04 0.00000000e+00 0.00000000e+00
5.86589666e+03 2.25334079e+04 0.00000000e+00 0.00000000e+00
5.86739670e+03 2.26793288e+04 0.00000000e+00 0.00000000e+00
5.86889674e+03 2.28291277e+04 0.00000000e+00 0.00000000e+00
5.87039677e+03 2.29830075e+04 0.00000000e+00 0.00000000e+00
5.87189681e+03 2.31411872e+04 0.00000000e+00 0.00000000e+00
5.87339685e+03 2.33039036e+04 0.00000000e+00 0.00000000e+00
5.87489689e+03 2.34714141e+04 0.00000000e+00 0.00000000e+00
5.87639692e+03 2.36439988e+04 0.00000000e+00 0.00000000e+00
5.87789696e+03 2.38219648e+04 0.00000000e+00 0.00000000e+00
5.87939700e+03 2.40056490e+04 0.00000000e+00 0.00000000e+00
5.88089704e+03 2.41954229e+04 0.00000000e+00 0.00000000e+00
5.88239707e+03 2.43916966e+04 0.00000000e+00 0.00000000e+00
5.88389711e+03 2.45949230e+04 0.00000000e+00 0.00000000e+00
5.88539715e+03 2.48056015e+04 0.00000000e+00 0.00000000e+00
5.88689719e+03 2.50242794e+04 0.00000000e+00 0.00000000e+00
5.88839722e+03 2.52515515e+04 0.00000000e+00 0.00000000e+00
5.88989726e+03 2.54880546e+04 0.00000000e+00 0.00000000e+00
5.89139730e+03 2.57344571e+04 0.00000000e+00 0.00000000e+00
5.89289734e+03 2.59914400e+04 0.00000000e+00 0.00000000e+00
5.89439737e+03 2.62596699e+04 0.00000000e+00 0.00000000e+00
5.89589741e+03 2.65397616e+04 0.00000000e+00 0.00000000e+00
5.89739745e+03 2.68322341e+04 0.00000000e+00 0.00000000e+00
5.89889749e+03 2.71374620e+04 0.00000000e+00 0.00000000e+00
5.90039752e+03 2.74556346e+04 0.00000000e+00 0.00000000e+00
5.90189756e+03 2.77867404e+04 0.00000000e+00 0.00000000e+00
5.90339760e+03 2.81306029e+04 0.00000000e+00 0.00000000e+00
5.90489764e+03 2.84870126e+04 0.00000000e+00 0.00000000e+00
5.90639767e+03 2.88560110e+04 0.00000000e+00 0.00000000e+00
5.90789771e+03 2.92384028e+04 0.00000000e+00 0.00000000e+00
5.90939775e+03 2.96365899e+04 0.00000000e+00 0.00000000e+00
5.91089779e+03 3.00558285e+04 0.00000000e+00 0.00000000e+00
5.91239782e+03 3.05060126e+04 0.00000000e+00 0.00000000e+00
5.91389786e+03 3.10040567e+04 0.00000000e+00 0.00000000e+00
5.91539790e+03 3.15768902e+04 0.00000000e+00 0.00000000e+00
5.91689794e+03 3.22649482e+04 0.00000000e+00 0.00000000e+00
5.91839797e+03 3.31258404e+04 0.00000000e+00 0.00000000e+00
5.91989801e+03 3.42375680e+04 0.00000000e+00 0.00000000e+00
5.92139805e+03 3.57002105e+04 0.00000000e+00 0.00000000e+00
5.92289809e+03 3.76344182e+04 0.00000000e+00 0.00000000e+00
5.92439812e+03 4.01743072e+04 0.00000000e+00 0.00000000e+00
5.92589816e+03 4.34515209e+04 0.00000000e+00 0.00000000e+00
5.92739820e+03 4.75663720e+04 0.00000000e+00 0.00000000e+00
5.92889824e+03 5.25413277e+04 0.00000000e+00 0.00000000e+00
5.93039827e+03 5.82519933e+04 0.00000000e+00 0.00000000e+00
5.93189831e+03 6.43320943e+04 0.00000000e+00 0.00000000e+00
5.93339835e+03 7.00548588e+04 0.00000000e+00 0.00000000e+00
5.93489839e+03 7.42174599e+04 0.00000000e+00 0.00000000e+00
5.93639842e+03 7.51584281e+04 0.00000000e+00 0.00000000e+00
5.93789846e+03 7.14224643e+04 0.00000000e+00 0.00000000e+00
5.93939850e+03 6.41690726e+04 0.00000000e+00 0.00000000e+00
5.94089854e+03 5.86007127e+04 0.00000000e+00 0.00000000e+00
5.94239857e+03 5.73773431e+04 0.00000000e+00 0.00000000e+00
5.94389861e+03 5.92152187e+04 0.00000000e+00 0.00000000e+00
5.94539865e+03 6.25526046e+04 0.00000000e+00 0.00000000e+00
5.94689869e+03 6.64837846e+04 0.00000000e+00 0.00000000e+00
5.94839872e+03 7.05762921e+04 0.00000000e+00 0.00000000e+00
5.94989876e+03 7.46451147e+04 0.00000000e+00 0.00000000e+00
5.95139880e+03 7.86214106e+04 0.00000000e+00 0.00000000e+00
5.95289884e+03 8.24875215e+04 0.00000000e+00 0.00000000e+00
5.95439887e+03 8.62468757e+04 0.00000000e+00 0.00000000e+00
5.95589891e+03 8.99106265e+04 0.00000000e+00 0.00000000e+00
5.95739895e+03 9.34919773e+04 0.00000000e+00 0.00000000e+00
5.95889899e+03 9.70039362e+04 0.00000000e+00 0.00000000e+00
5.96039902e+03 1.00458559e+05 0.00000000e+00 0.00000000e+00
5.96189906e+03 1.03866809e+05 0.00000000e+00 0.00000000e+00
5.96339910e+03 1.07238663e+05 0.00000000e+00 0.00000000e+00
5.96489914e+03 1.10583284e+05 0.00000000e+00 0.00000000e+00
5.96639917e+03 1.13909222e+05 0.00000000e+00 0.00000000e+00
5.96789921e+03 1.17224593e+05 0.00000000e+00 0.00000000e+00
5.96939925e+03 1.20537256e+05 0.00000000e+00 0.00000000e+00
5.97089929e+03 1.23854977e+05 0.00000000e+00 0.00000000e+00
5.97239932e+03 1.27185591e+05 0.00000000e+00 0.00000000e+00
5.97389936e+03 1.30537170e+05 0.00000000e+00 0.00000000e+00
5.97539940e+03 1.33918202e+05 0.00000000e+00 0.00000000e+00
5.97689944e+03 1.37337802e+05 0.00000000e+00 0.00000000e+00
5.97839947e+03 1.40805958e+05 0.00000000e+00 0.00000000e+00
5.97989951e+03 1.44333843e+05 0.00000000e+00 0.00000000e+00
5.98139955e+03 1.47934215e+05 0.00000000e+00 0.00000000e+00
5.98289959e+03 1.51621949e+05 0.00000000e+00 0.00000000e+00
5.98439962e+03 1.55414786e+05 0.00000000e+00 0.00000000e+00
5.98589966e+03 1.59334386e+05 0.00000000e+00 0.00000000e+00
5.98739970e+03 1.63407903e+05 0.00000000e+00 0.00000000e+00
5.98889974e+03 1.67670418e+05 0.00000000e+00 0.00000000e+00
5.99039977e+03 1.72168899e+05 0.00000000e+00 0.00000000e+00
5.99189981e+03 1.76969080e+05 0.00000000e+00 0.00000000e+00
5.99339985e+03 1.82168421e+05 0.00000000e+00 0.00000000e+00
5.99489989e+03 1.87923533e+05 0.00000000e+00 0.00000000e+00
5.99639992e+03 1.94518828e+05 0.00000000e+00 0.00000000e+00
5.99789996e+03 2.02593970e+05 0.00000000e+00 0.00000000e+00
5.99940000e+03 2.14570839e+05 0.00000000e+00 0.00000000e+00
